ISO-10303-21;
HEADER;
/* Generated by software containing ST-Developer
 * from STEP Tools, Inc. (www.steptools.com) 
 */

FILE_DESCRIPTION(
/* description */ ('',
'CAx-IF Rec.Pracs.---Representation and Presentation of Product Manufa
cturing Information (PMI)---4.0---2014-10-13'),
/* implementation_level */ '2;1');

FILE_NAME(
/* name */ 'base v5.step',
/* time_stamp */ '2024-11-25T21:53:41-05:00',
/* author */ (''),
/* organization */ (''),
/* preprocessor_version */ 'ST-DEVELOPER v20',
/* originating_system */ 'Autodesk Translation Framework v13.20.0.188',

/* authorisation */ '');

FILE_SCHEMA (('AP242_MANAGED_MODEL_BASED_3D_ENGINEERING_MIM_LF { 1 0 10303 442 1 1 4 }'));
ENDSEC;

DATA;
#10=MECHANICAL_DESIGN_GEOMETRIC_PRESENTATION_REPRESENTATION('',(#14,#15),
#18951);
#11=SHAPE_REPRESENTATION_RELATIONSHIP('SRR','None',#18958,#12);
#12=ADVANCED_BREP_SHAPE_REPRESENTATION('',(#13),#18950);
#13=MANIFOLD_SOLID_BREP('Body1',#11932);
#14=STYLED_ITEM('',(#18967),#11776);
#15=STYLED_ITEM('',(#18968),#13);
#16=CYLINDRICAL_SURFACE('',#12207,0.5);
#17=CYLINDRICAL_SURFACE('',#12210,0.5);
#18=CYLINDRICAL_SURFACE('',#12213,0.5);
#19=CYLINDRICAL_SURFACE('',#12216,0.5);
#20=CYLINDRICAL_SURFACE('',#12219,0.5);
#21=CYLINDRICAL_SURFACE('',#12222,0.5);
#22=CYLINDRICAL_SURFACE('',#12225,0.5);
#23=CYLINDRICAL_SURFACE('',#12228,0.5);
#24=CYLINDRICAL_SURFACE('',#12231,0.5);
#25=CYLINDRICAL_SURFACE('',#12234,0.5);
#26=CYLINDRICAL_SURFACE('',#12240,1.75000000000001);
#27=CYLINDRICAL_SURFACE('',#12273,0.5);
#28=CYLINDRICAL_SURFACE('',#12275,0.5);
#29=CYLINDRICAL_SURFACE('',#12276,13.);
#30=CONICAL_SURFACE('',#12149,0.749999999999999,0.785398163397447);
#31=CONICAL_SURFACE('',#12155,0.75,0.785398163397448);
#32=CONICAL_SURFACE('',#12161,0.75,0.785398163397447);
#33=CONICAL_SURFACE('',#12167,0.749999999999999,0.785398163397447);
#34=CONICAL_SURFACE('',#12190,0.499999999999996,0.785398163397444);
#35=CONICAL_SURFACE('',#12192,0.499999999999996,0.785398163397444);
#36=CONICAL_SURFACE('',#12194,0.5,0.785398163397448);
#37=CONICAL_SURFACE('',#12196,0.5,0.785398163397448);
#38=CONICAL_SURFACE('',#12198,0.5,0.785398163397448);
#39=CONICAL_SURFACE('',#12200,0.5,0.785398163397448);
#40=CONICAL_SURFACE('',#12202,0.499999999999998,0.785398163397446);
#41=CONICAL_SURFACE('',#12204,0.499999999999998,0.785398163397446);
#42=CONICAL_SURFACE('',#12237,2.00000000000001,0.785398163397455);
#43=CONICAL_SURFACE('',#12243,0.75,0.785398163397448);
#44=CONICAL_SURFACE('',#12246,0.5,0.785398163397449);
#45=CONICAL_SURFACE('',#12248,0.749999999999999,0.785398163397447);
#46=CONICAL_SURFACE('',#12251,0.499999999999998,0.785398163397446);
#47=CONICAL_SURFACE('',#12253,0.499999999999998,0.785398163397446);
#48=CONICAL_SURFACE('',#12256,0.749999999999999,0.785398163397447);
#49=CONICAL_SURFACE('',#12258,0.499999999999996,0.785398163397444);
#50=CONICAL_SURFACE('',#12260,0.499999999999996,0.785398163397444);
#51=CONICAL_SURFACE('',#12262,0.75,0.785398163397448);
#52=CONICAL_SURFACE('',#12264,0.5,0.785398163397449);
#53=CONICAL_SURFACE('',#12266,0.5,0.785398163397449);
#54=CONICAL_SURFACE('',#12267,0.5,0.785398163397448);
#55=CIRCLE('',#12140,0.999999999999999);
#56=CIRCLE('',#12141,0.999999999999999);
#57=CIRCLE('',#12142,0.999999999999999);
#58=CIRCLE('',#12143,1.);
#59=CIRCLE('',#12144,2.25000000000001);
#60=CIRCLE('',#12150,0.5);
#61=CIRCLE('',#12151,0.999999999999999);
#62=CIRCLE('',#12156,0.5);
#63=CIRCLE('',#12157,1.);
#64=CIRCLE('',#12162,0.5);
#65=CIRCLE('',#12163,1.);
#66=CIRCLE('',#12168,0.5);
#67=CIRCLE('',#12169,0.999999999999999);
#68=CIRCLE('',#12191,0.499999999999996);
#69=CIRCLE('',#12193,0.499999999999996);
#70=CIRCLE('',#12195,0.5);
#71=CIRCLE('',#12197,0.5);
#72=CIRCLE('',#12199,0.5);
#73=CIRCLE('',#12201,0.5);
#74=CIRCLE('',#12203,0.499999999999998);
#75=CIRCLE('',#12205,0.499999999999998);
#76=CIRCLE('',#12208,0.499999999999998);
#77=CIRCLE('',#12211,0.5);
#78=CIRCLE('',#12214,0.5);
#79=CIRCLE('',#12217,0.5);
#80=CIRCLE('',#12220,0.5);
#81=CIRCLE('',#12223,0.5);
#82=CIRCLE('',#12226,0.5);
#83=CIRCLE('',#12229,0.499999999999996);
#84=CIRCLE('',#12232,0.5);
#85=CIRCLE('',#12235,0.499999999999996);
#86=CIRCLE('',#12238,1.75000000000001);
#87=CIRCLE('',#12241,1.75000000000001);
#88=CIRCLE('',#12249,0.5);
#89=CIRCLE('',#12254,0.499999999999998);
#90=CIRCLE('',#12277,13.);
#91=CIRCLE('',#12278,13.);
#92=FACE_BOUND('',#803,.T.);
#93=FACE_BOUND('',#876,.T.);
#94=FACE_BOUND('',#905,.T.);
#95=FACE_BOUND('',#923,.T.);
#96=FACE_BOUND('',#982,.T.);
#97=FACE_BOUND('',#983,.T.);
#98=FACE_BOUND('',#984,.T.);
#99=FACE_BOUND('',#985,.T.);
#100=FACE_BOUND('',#986,.T.);
#101=FACE_BOUND('',#987,.T.);
#102=FACE_BOUND('',#988,.T.);
#103=FACE_BOUND('',#989,.T.);
#104=FACE_BOUND('',#990,.T.);
#105=FACE_BOUND('',#991,.T.);
#106=FACE_BOUND('',#992,.T.);
#107=FACE_BOUND('',#993,.T.);
#108=FACE_BOUND('',#994,.T.);
#109=FACE_BOUND('',#1099,.T.);
#110=FACE_BOUND('',#1293,.T.);
#111=FACE_BOUND('',#1294,.T.);
#112=FACE_BOUND('',#1295,.T.);
#113=FACE_BOUND('',#1296,.T.);
#114=FACE_BOUND('',#1297,.T.);
#115=FACE_BOUND('',#1311,.T.);
#116=FACE_BOUND('',#1312,.T.);
#117=FACE_BOUND('',#1313,.T.);
#118=FACE_BOUND('',#1314,.T.);
#119=FACE_BOUND('',#1315,.T.);
#120=FACE_BOUND('',#1316,.T.);
#121=FACE_BOUND('',#1317,.T.);
#122=FACE_BOUND('',#1318,.T.);
#123=FACE_BOUND('',#1319,.T.);
#124=FACE_BOUND('',#1320,.T.);
#125=FACE_OUTER_BOUND('',#784,.T.);
#126=FACE_OUTER_BOUND('',#785,.T.);
#127=FACE_OUTER_BOUND('',#786,.T.);
#128=FACE_OUTER_BOUND('',#787,.T.);
#129=FACE_OUTER_BOUND('',#788,.T.);
#130=FACE_OUTER_BOUND('',#789,.T.);
#131=FACE_OUTER_BOUND('',#790,.T.);
#132=FACE_OUTER_BOUND('',#791,.T.);
#133=FACE_OUTER_BOUND('',#792,.T.);
#134=FACE_OUTER_BOUND('',#793,.T.);
#135=FACE_OUTER_BOUND('',#794,.T.);
#136=FACE_OUTER_BOUND('',#795,.T.);
#137=FACE_OUTER_BOUND('',#796,.T.);
#138=FACE_OUTER_BOUND('',#797,.T.);
#139=FACE_OUTER_BOUND('',#798,.T.);
#140=FACE_OUTER_BOUND('',#799,.T.);
#141=FACE_OUTER_BOUND('',#800,.T.);
#142=FACE_OUTER_BOUND('',#801,.T.);
#143=FACE_OUTER_BOUND('',#802,.T.);
#144=FACE_OUTER_BOUND('',#804,.T.);
#145=FACE_OUTER_BOUND('',#805,.T.);
#146=FACE_OUTER_BOUND('',#806,.T.);
#147=FACE_OUTER_BOUND('',#807,.T.);
#148=FACE_OUTER_BOUND('',#808,.T.);
#149=FACE_OUTER_BOUND('',#809,.T.);
#150=FACE_OUTER_BOUND('',#810,.T.);
#151=FACE_OUTER_BOUND('',#811,.T.);
#152=FACE_OUTER_BOUND('',#812,.T.);
#153=FACE_OUTER_BOUND('',#813,.T.);
#154=FACE_OUTER_BOUND('',#814,.T.);
#155=FACE_OUTER_BOUND('',#815,.T.);
#156=FACE_OUTER_BOUND('',#816,.T.);
#157=FACE_OUTER_BOUND('',#817,.T.);
#158=FACE_OUTER_BOUND('',#818,.T.);
#159=FACE_OUTER_BOUND('',#819,.T.);
#160=FACE_OUTER_BOUND('',#820,.T.);
#161=FACE_OUTER_BOUND('',#821,.T.);
#162=FACE_OUTER_BOUND('',#822,.T.);
#163=FACE_OUTER_BOUND('',#823,.T.);
#164=FACE_OUTER_BOUND('',#824,.T.);
#165=FACE_OUTER_BOUND('',#825,.T.);
#166=FACE_OUTER_BOUND('',#826,.T.);
#167=FACE_OUTER_BOUND('',#827,.T.);
#168=FACE_OUTER_BOUND('',#828,.T.);
#169=FACE_OUTER_BOUND('',#829,.T.);
#170=FACE_OUTER_BOUND('',#830,.T.);
#171=FACE_OUTER_BOUND('',#831,.T.);
#172=FACE_OUTER_BOUND('',#832,.T.);
#173=FACE_OUTER_BOUND('',#833,.T.);
#174=FACE_OUTER_BOUND('',#834,.T.);
#175=FACE_OUTER_BOUND('',#835,.T.);
#176=FACE_OUTER_BOUND('',#836,.T.);
#177=FACE_OUTER_BOUND('',#837,.T.);
#178=FACE_OUTER_BOUND('',#838,.T.);
#179=FACE_OUTER_BOUND('',#839,.T.);
#180=FACE_OUTER_BOUND('',#840,.T.);
#181=FACE_OUTER_BOUND('',#841,.T.);
#182=FACE_OUTER_BOUND('',#842,.T.);
#183=FACE_OUTER_BOUND('',#843,.T.);
#184=FACE_OUTER_BOUND('',#844,.T.);
#185=FACE_OUTER_BOUND('',#845,.T.);
#186=FACE_OUTER_BOUND('',#846,.T.);
#187=FACE_OUTER_BOUND('',#847,.T.);
#188=FACE_OUTER_BOUND('',#848,.T.);
#189=FACE_OUTER_BOUND('',#849,.T.);
#190=FACE_OUTER_BOUND('',#850,.T.);
#191=FACE_OUTER_BOUND('',#851,.T.);
#192=FACE_OUTER_BOUND('',#852,.T.);
#193=FACE_OUTER_BOUND('',#853,.T.);
#194=FACE_OUTER_BOUND('',#854,.T.);
#195=FACE_OUTER_BOUND('',#855,.T.);
#196=FACE_OUTER_BOUND('',#856,.T.);
#197=FACE_OUTER_BOUND('',#857,.T.);
#198=FACE_OUTER_BOUND('',#858,.T.);
#199=FACE_OUTER_BOUND('',#859,.T.);
#200=FACE_OUTER_BOUND('',#860,.T.);
#201=FACE_OUTER_BOUND('',#861,.T.);
#202=FACE_OUTER_BOUND('',#862,.T.);
#203=FACE_OUTER_BOUND('',#863,.T.);
#204=FACE_OUTER_BOUND('',#864,.T.);
#205=FACE_OUTER_BOUND('',#865,.T.);
#206=FACE_OUTER_BOUND('',#866,.T.);
#207=FACE_OUTER_BOUND('',#867,.T.);
#208=FACE_OUTER_BOUND('',#868,.T.);
#209=FACE_OUTER_BOUND('',#869,.T.);
#210=FACE_OUTER_BOUND('',#870,.T.);
#211=FACE_OUTER_BOUND('',#871,.T.);
#212=FACE_OUTER_BOUND('',#872,.T.);
#213=FACE_OUTER_BOUND('',#873,.T.);
#214=FACE_OUTER_BOUND('',#874,.T.);
#215=FACE_OUTER_BOUND('',#875,.T.);
#216=FACE_OUTER_BOUND('',#877,.T.);
#217=FACE_OUTER_BOUND('',#878,.T.);
#218=FACE_OUTER_BOUND('',#879,.T.);
#219=FACE_OUTER_BOUND('',#880,.T.);
#220=FACE_OUTER_BOUND('',#881,.T.);
#221=FACE_OUTER_BOUND('',#882,.T.);
#222=FACE_OUTER_BOUND('',#883,.T.);
#223=FACE_OUTER_BOUND('',#884,.T.);
#224=FACE_OUTER_BOUND('',#885,.T.);
#225=FACE_OUTER_BOUND('',#886,.T.);
#226=FACE_OUTER_BOUND('',#887,.T.);
#227=FACE_OUTER_BOUND('',#888,.T.);
#228=FACE_OUTER_BOUND('',#889,.T.);
#229=FACE_OUTER_BOUND('',#890,.T.);
#230=FACE_OUTER_BOUND('',#891,.T.);
#231=FACE_OUTER_BOUND('',#892,.T.);
#232=FACE_OUTER_BOUND('',#893,.T.);
#233=FACE_OUTER_BOUND('',#894,.T.);
#234=FACE_OUTER_BOUND('',#895,.T.);
#235=FACE_OUTER_BOUND('',#896,.T.);
#236=FACE_OUTER_BOUND('',#897,.T.);
#237=FACE_OUTER_BOUND('',#898,.T.);
#238=FACE_OUTER_BOUND('',#899,.T.);
#239=FACE_OUTER_BOUND('',#900,.T.);
#240=FACE_OUTER_BOUND('',#901,.T.);
#241=FACE_OUTER_BOUND('',#902,.T.);
#242=FACE_OUTER_BOUND('',#903,.T.);
#243=FACE_OUTER_BOUND('',#904,.T.);
#244=FACE_OUTER_BOUND('',#906,.T.);
#245=FACE_OUTER_BOUND('',#907,.T.);
#246=FACE_OUTER_BOUND('',#908,.T.);
#247=FACE_OUTER_BOUND('',#909,.T.);
#248=FACE_OUTER_BOUND('',#910,.T.);
#249=FACE_OUTER_BOUND('',#911,.T.);
#250=FACE_OUTER_BOUND('',#912,.T.);
#251=FACE_OUTER_BOUND('',#913,.T.);
#252=FACE_OUTER_BOUND('',#914,.T.);
#253=FACE_OUTER_BOUND('',#915,.T.);
#254=FACE_OUTER_BOUND('',#916,.T.);
#255=FACE_OUTER_BOUND('',#917,.T.);
#256=FACE_OUTER_BOUND('',#918,.T.);
#257=FACE_OUTER_BOUND('',#919,.T.);
#258=FACE_OUTER_BOUND('',#920,.T.);
#259=FACE_OUTER_BOUND('',#921,.T.);
#260=FACE_OUTER_BOUND('',#922,.T.);
#261=FACE_OUTER_BOUND('',#924,.T.);
#262=FACE_OUTER_BOUND('',#925,.T.);
#263=FACE_OUTER_BOUND('',#926,.T.);
#264=FACE_OUTER_BOUND('',#927,.T.);
#265=FACE_OUTER_BOUND('',#928,.T.);
#266=FACE_OUTER_BOUND('',#929,.T.);
#267=FACE_OUTER_BOUND('',#930,.T.);
#268=FACE_OUTER_BOUND('',#931,.T.);
#269=FACE_OUTER_BOUND('',#932,.T.);
#270=FACE_OUTER_BOUND('',#933,.T.);
#271=FACE_OUTER_BOUND('',#934,.T.);
#272=FACE_OUTER_BOUND('',#935,.T.);
#273=FACE_OUTER_BOUND('',#936,.T.);
#274=FACE_OUTER_BOUND('',#937,.T.);
#275=FACE_OUTER_BOUND('',#938,.T.);
#276=FACE_OUTER_BOUND('',#939,.T.);
#277=FACE_OUTER_BOUND('',#940,.T.);
#278=FACE_OUTER_BOUND('',#941,.T.);
#279=FACE_OUTER_BOUND('',#942,.T.);
#280=FACE_OUTER_BOUND('',#943,.T.);
#281=FACE_OUTER_BOUND('',#944,.T.);
#282=FACE_OUTER_BOUND('',#945,.T.);
#283=FACE_OUTER_BOUND('',#946,.T.);
#284=FACE_OUTER_BOUND('',#947,.T.);
#285=FACE_OUTER_BOUND('',#948,.T.);
#286=FACE_OUTER_BOUND('',#949,.T.);
#287=FACE_OUTER_BOUND('',#950,.T.);
#288=FACE_OUTER_BOUND('',#951,.T.);
#289=FACE_OUTER_BOUND('',#952,.T.);
#290=FACE_OUTER_BOUND('',#953,.T.);
#291=FACE_OUTER_BOUND('',#954,.T.);
#292=FACE_OUTER_BOUND('',#955,.T.);
#293=FACE_OUTER_BOUND('',#956,.T.);
#294=FACE_OUTER_BOUND('',#957,.T.);
#295=FACE_OUTER_BOUND('',#958,.T.);
#296=FACE_OUTER_BOUND('',#959,.T.);
#297=FACE_OUTER_BOUND('',#960,.T.);
#298=FACE_OUTER_BOUND('',#961,.T.);
#299=FACE_OUTER_BOUND('',#962,.T.);
#300=FACE_OUTER_BOUND('',#963,.T.);
#301=FACE_OUTER_BOUND('',#964,.T.);
#302=FACE_OUTER_BOUND('',#965,.T.);
#303=FACE_OUTER_BOUND('',#966,.T.);
#304=FACE_OUTER_BOUND('',#967,.T.);
#305=FACE_OUTER_BOUND('',#968,.T.);
#306=FACE_OUTER_BOUND('',#969,.T.);
#307=FACE_OUTER_BOUND('',#970,.T.);
#308=FACE_OUTER_BOUND('',#971,.T.);
#309=FACE_OUTER_BOUND('',#972,.T.);
#310=FACE_OUTER_BOUND('',#973,.T.);
#311=FACE_OUTER_BOUND('',#974,.T.);
#312=FACE_OUTER_BOUND('',#975,.T.);
#313=FACE_OUTER_BOUND('',#976,.T.);
#314=FACE_OUTER_BOUND('',#977,.T.);
#315=FACE_OUTER_BOUND('',#978,.T.);
#316=FACE_OUTER_BOUND('',#979,.T.);
#317=FACE_OUTER_BOUND('',#980,.T.);
#318=FACE_OUTER_BOUND('',#981,.T.);
#319=FACE_OUTER_BOUND('',#995,.T.);
#320=FACE_OUTER_BOUND('',#996,.T.);
#321=FACE_OUTER_BOUND('',#997,.T.);
#322=FACE_OUTER_BOUND('',#998,.T.);
#323=FACE_OUTER_BOUND('',#999,.T.);
#324=FACE_OUTER_BOUND('',#1000,.T.);
#325=FACE_OUTER_BOUND('',#1001,.T.);
#326=FACE_OUTER_BOUND('',#1002,.T.);
#327=FACE_OUTER_BOUND('',#1003,.T.);
#328=FACE_OUTER_BOUND('',#1004,.T.);
#329=FACE_OUTER_BOUND('',#1005,.T.);
#330=FACE_OUTER_BOUND('',#1006,.T.);
#331=FACE_OUTER_BOUND('',#1007,.T.);
#332=FACE_OUTER_BOUND('',#1008,.T.);
#333=FACE_OUTER_BOUND('',#1009,.T.);
#334=FACE_OUTER_BOUND('',#1010,.T.);
#335=FACE_OUTER_BOUND('',#1011,.T.);
#336=FACE_OUTER_BOUND('',#1012,.T.);
#337=FACE_OUTER_BOUND('',#1013,.T.);
#338=FACE_OUTER_BOUND('',#1014,.T.);
#339=FACE_OUTER_BOUND('',#1015,.T.);
#340=FACE_OUTER_BOUND('',#1016,.T.);
#341=FACE_OUTER_BOUND('',#1017,.T.);
#342=FACE_OUTER_BOUND('',#1018,.T.);
#343=FACE_OUTER_BOUND('',#1019,.T.);
#344=FACE_OUTER_BOUND('',#1020,.T.);
#345=FACE_OUTER_BOUND('',#1021,.T.);
#346=FACE_OUTER_BOUND('',#1022,.T.);
#347=FACE_OUTER_BOUND('',#1023,.T.);
#348=FACE_OUTER_BOUND('',#1024,.T.);
#349=FACE_OUTER_BOUND('',#1025,.T.);
#350=FACE_OUTER_BOUND('',#1026,.T.);
#351=FACE_OUTER_BOUND('',#1027,.T.);
#352=FACE_OUTER_BOUND('',#1028,.T.);
#353=FACE_OUTER_BOUND('',#1029,.T.);
#354=FACE_OUTER_BOUND('',#1030,.T.);
#355=FACE_OUTER_BOUND('',#1031,.T.);
#356=FACE_OUTER_BOUND('',#1032,.T.);
#357=FACE_OUTER_BOUND('',#1033,.T.);
#358=FACE_OUTER_BOUND('',#1034,.T.);
#359=FACE_OUTER_BOUND('',#1035,.T.);
#360=FACE_OUTER_BOUND('',#1036,.T.);
#361=FACE_OUTER_BOUND('',#1037,.T.);
#362=FACE_OUTER_BOUND('',#1038,.T.);
#363=FACE_OUTER_BOUND('',#1039,.T.);
#364=FACE_OUTER_BOUND('',#1040,.T.);
#365=FACE_OUTER_BOUND('',#1041,.T.);
#366=FACE_OUTER_BOUND('',#1042,.T.);
#367=FACE_OUTER_BOUND('',#1043,.T.);
#368=FACE_OUTER_BOUND('',#1044,.T.);
#369=FACE_OUTER_BOUND('',#1045,.T.);
#370=FACE_OUTER_BOUND('',#1046,.T.);
#371=FACE_OUTER_BOUND('',#1047,.T.);
#372=FACE_OUTER_BOUND('',#1048,.T.);
#373=FACE_OUTER_BOUND('',#1049,.T.);
#374=FACE_OUTER_BOUND('',#1050,.T.);
#375=FACE_OUTER_BOUND('',#1051,.T.);
#376=FACE_OUTER_BOUND('',#1052,.T.);
#377=FACE_OUTER_BOUND('',#1053,.T.);
#378=FACE_OUTER_BOUND('',#1054,.T.);
#379=FACE_OUTER_BOUND('',#1055,.T.);
#380=FACE_OUTER_BOUND('',#1056,.T.);
#381=FACE_OUTER_BOUND('',#1057,.T.);
#382=FACE_OUTER_BOUND('',#1058,.T.);
#383=FACE_OUTER_BOUND('',#1059,.T.);
#384=FACE_OUTER_BOUND('',#1060,.T.);
#385=FACE_OUTER_BOUND('',#1061,.T.);
#386=FACE_OUTER_BOUND('',#1062,.T.);
#387=FACE_OUTER_BOUND('',#1063,.T.);
#388=FACE_OUTER_BOUND('',#1064,.T.);
#389=FACE_OUTER_BOUND('',#1065,.T.);
#390=FACE_OUTER_BOUND('',#1066,.T.);
#391=FACE_OUTER_BOUND('',#1067,.T.);
#392=FACE_OUTER_BOUND('',#1068,.T.);
#393=FACE_OUTER_BOUND('',#1069,.T.);
#394=FACE_OUTER_BOUND('',#1070,.T.);
#395=FACE_OUTER_BOUND('',#1071,.T.);
#396=FACE_OUTER_BOUND('',#1072,.T.);
#397=FACE_OUTER_BOUND('',#1073,.T.);
#398=FACE_OUTER_BOUND('',#1074,.T.);
#399=FACE_OUTER_BOUND('',#1075,.T.);
#400=FACE_OUTER_BOUND('',#1076,.T.);
#401=FACE_OUTER_BOUND('',#1077,.T.);
#402=FACE_OUTER_BOUND('',#1078,.T.);
#403=FACE_OUTER_BOUND('',#1079,.T.);
#404=FACE_OUTER_BOUND('',#1080,.T.);
#405=FACE_OUTER_BOUND('',#1081,.T.);
#406=FACE_OUTER_BOUND('',#1082,.T.);
#407=FACE_OUTER_BOUND('',#1083,.T.);
#408=FACE_OUTER_BOUND('',#1084,.T.);
#409=FACE_OUTER_BOUND('',#1085,.T.);
#410=FACE_OUTER_BOUND('',#1086,.T.);
#411=FACE_OUTER_BOUND('',#1087,.T.);
#412=FACE_OUTER_BOUND('',#1088,.T.);
#413=FACE_OUTER_BOUND('',#1089,.T.);
#414=FACE_OUTER_BOUND('',#1090,.T.);
#415=FACE_OUTER_BOUND('',#1091,.T.);
#416=FACE_OUTER_BOUND('',#1092,.T.);
#417=FACE_OUTER_BOUND('',#1093,.T.);
#418=FACE_OUTER_BOUND('',#1094,.T.);
#419=FACE_OUTER_BOUND('',#1095,.T.);
#420=FACE_OUTER_BOUND('',#1096,.T.);
#421=FACE_OUTER_BOUND('',#1097,.T.);
#422=FACE_OUTER_BOUND('',#1098,.T.);
#423=FACE_OUTER_BOUND('',#1100,.T.);
#424=FACE_OUTER_BOUND('',#1101,.T.);
#425=FACE_OUTER_BOUND('',#1102,.T.);
#426=FACE_OUTER_BOUND('',#1103,.T.);
#427=FACE_OUTER_BOUND('',#1104,.T.);
#428=FACE_OUTER_BOUND('',#1105,.T.);
#429=FACE_OUTER_BOUND('',#1106,.T.);
#430=FACE_OUTER_BOUND('',#1107,.T.);
#431=FACE_OUTER_BOUND('',#1108,.T.);
#432=FACE_OUTER_BOUND('',#1109,.T.);
#433=FACE_OUTER_BOUND('',#1110,.T.);
#434=FACE_OUTER_BOUND('',#1111,.T.);
#435=FACE_OUTER_BOUND('',#1112,.T.);
#436=FACE_OUTER_BOUND('',#1113,.T.);
#437=FACE_OUTER_BOUND('',#1114,.T.);
#438=FACE_OUTER_BOUND('',#1115,.T.);
#439=FACE_OUTER_BOUND('',#1116,.T.);
#440=FACE_OUTER_BOUND('',#1117,.T.);
#441=FACE_OUTER_BOUND('',#1118,.T.);
#442=FACE_OUTER_BOUND('',#1119,.T.);
#443=FACE_OUTER_BOUND('',#1120,.T.);
#444=FACE_OUTER_BOUND('',#1121,.T.);
#445=FACE_OUTER_BOUND('',#1122,.T.);
#446=FACE_OUTER_BOUND('',#1123,.T.);
#447=FACE_OUTER_BOUND('',#1124,.T.);
#448=FACE_OUTER_BOUND('',#1125,.T.);
#449=FACE_OUTER_BOUND('',#1126,.T.);
#450=FACE_OUTER_BOUND('',#1127,.T.);
#451=FACE_OUTER_BOUND('',#1128,.T.);
#452=FACE_OUTER_BOUND('',#1129,.T.);
#453=FACE_OUTER_BOUND('',#1130,.T.);
#454=FACE_OUTER_BOUND('',#1131,.T.);
#455=FACE_OUTER_BOUND('',#1132,.T.);
#456=FACE_OUTER_BOUND('',#1133,.T.);
#457=FACE_OUTER_BOUND('',#1134,.T.);
#458=FACE_OUTER_BOUND('',#1135,.T.);
#459=FACE_OUTER_BOUND('',#1136,.T.);
#460=FACE_OUTER_BOUND('',#1137,.T.);
#461=FACE_OUTER_BOUND('',#1138,.T.);
#462=FACE_OUTER_BOUND('',#1139,.T.);
#463=FACE_OUTER_BOUND('',#1140,.T.);
#464=FACE_OUTER_BOUND('',#1141,.T.);
#465=FACE_OUTER_BOUND('',#1142,.T.);
#466=FACE_OUTER_BOUND('',#1143,.T.);
#467=FACE_OUTER_BOUND('',#1144,.T.);
#468=FACE_OUTER_BOUND('',#1145,.T.);
#469=FACE_OUTER_BOUND('',#1146,.T.);
#470=FACE_OUTER_BOUND('',#1147,.T.);
#471=FACE_OUTER_BOUND('',#1148,.T.);
#472=FACE_OUTER_BOUND('',#1149,.T.);
#473=FACE_OUTER_BOUND('',#1150,.T.);
#474=FACE_OUTER_BOUND('',#1151,.T.);
#475=FACE_OUTER_BOUND('',#1152,.T.);
#476=FACE_OUTER_BOUND('',#1153,.T.);
#477=FACE_OUTER_BOUND('',#1154,.T.);
#478=FACE_OUTER_BOUND('',#1155,.T.);
#479=FACE_OUTER_BOUND('',#1156,.T.);
#480=FACE_OUTER_BOUND('',#1157,.T.);
#481=FACE_OUTER_BOUND('',#1158,.T.);
#482=FACE_OUTER_BOUND('',#1159,.T.);
#483=FACE_OUTER_BOUND('',#1160,.T.);
#484=FACE_OUTER_BOUND('',#1161,.T.);
#485=FACE_OUTER_BOUND('',#1162,.T.);
#486=FACE_OUTER_BOUND('',#1163,.T.);
#487=FACE_OUTER_BOUND('',#1164,.T.);
#488=FACE_OUTER_BOUND('',#1165,.T.);
#489=FACE_OUTER_BOUND('',#1166,.T.);
#490=FACE_OUTER_BOUND('',#1167,.T.);
#491=FACE_OUTER_BOUND('',#1168,.T.);
#492=FACE_OUTER_BOUND('',#1169,.T.);
#493=FACE_OUTER_BOUND('',#1170,.T.);
#494=FACE_OUTER_BOUND('',#1171,.T.);
#495=FACE_OUTER_BOUND('',#1172,.T.);
#496=FACE_OUTER_BOUND('',#1173,.T.);
#497=FACE_OUTER_BOUND('',#1174,.T.);
#498=FACE_OUTER_BOUND('',#1175,.T.);
#499=FACE_OUTER_BOUND('',#1176,.T.);
#500=FACE_OUTER_BOUND('',#1177,.T.);
#501=FACE_OUTER_BOUND('',#1178,.T.);
#502=FACE_OUTER_BOUND('',#1179,.T.);
#503=FACE_OUTER_BOUND('',#1180,.T.);
#504=FACE_OUTER_BOUND('',#1181,.T.);
#505=FACE_OUTER_BOUND('',#1182,.T.);
#506=FACE_OUTER_BOUND('',#1183,.T.);
#507=FACE_OUTER_BOUND('',#1184,.T.);
#508=FACE_OUTER_BOUND('',#1185,.T.);
#509=FACE_OUTER_BOUND('',#1186,.T.);
#510=FACE_OUTER_BOUND('',#1187,.T.);
#511=FACE_OUTER_BOUND('',#1188,.T.);
#512=FACE_OUTER_BOUND('',#1189,.T.);
#513=FACE_OUTER_BOUND('',#1190,.T.);
#514=FACE_OUTER_BOUND('',#1191,.T.);
#515=FACE_OUTER_BOUND('',#1192,.T.);
#516=FACE_OUTER_BOUND('',#1193,.T.);
#517=FACE_OUTER_BOUND('',#1194,.T.);
#518=FACE_OUTER_BOUND('',#1195,.T.);
#519=FACE_OUTER_BOUND('',#1196,.T.);
#520=FACE_OUTER_BOUND('',#1197,.T.);
#521=FACE_OUTER_BOUND('',#1198,.T.);
#522=FACE_OUTER_BOUND('',#1199,.T.);
#523=FACE_OUTER_BOUND('',#1200,.T.);
#524=FACE_OUTER_BOUND('',#1201,.T.);
#525=FACE_OUTER_BOUND('',#1202,.T.);
#526=FACE_OUTER_BOUND('',#1203,.T.);
#527=FACE_OUTER_BOUND('',#1204,.T.);
#528=FACE_OUTER_BOUND('',#1205,.T.);
#529=FACE_OUTER_BOUND('',#1206,.T.);
#530=FACE_OUTER_BOUND('',#1207,.T.);
#531=FACE_OUTER_BOUND('',#1208,.T.);
#532=FACE_OUTER_BOUND('',#1209,.T.);
#533=FACE_OUTER_BOUND('',#1210,.T.);
#534=FACE_OUTER_BOUND('',#1211,.T.);
#535=FACE_OUTER_BOUND('',#1212,.T.);
#536=FACE_OUTER_BOUND('',#1213,.T.);
#537=FACE_OUTER_BOUND('',#1214,.T.);
#538=FACE_OUTER_BOUND('',#1215,.T.);
#539=FACE_OUTER_BOUND('',#1216,.T.);
#540=FACE_OUTER_BOUND('',#1217,.T.);
#541=FACE_OUTER_BOUND('',#1218,.T.);
#542=FACE_OUTER_BOUND('',#1219,.T.);
#543=FACE_OUTER_BOUND('',#1220,.T.);
#544=FACE_OUTER_BOUND('',#1221,.T.);
#545=FACE_OUTER_BOUND('',#1222,.T.);
#546=FACE_OUTER_BOUND('',#1223,.T.);
#547=FACE_OUTER_BOUND('',#1224,.T.);
#548=FACE_OUTER_BOUND('',#1225,.T.);
#549=FACE_OUTER_BOUND('',#1226,.T.);
#550=FACE_OUTER_BOUND('',#1227,.T.);
#551=FACE_OUTER_BOUND('',#1228,.T.);
#552=FACE_OUTER_BOUND('',#1229,.T.);
#553=FACE_OUTER_BOUND('',#1230,.T.);
#554=FACE_OUTER_BOUND('',#1231,.T.);
#555=FACE_OUTER_BOUND('',#1232,.T.);
#556=FACE_OUTER_BOUND('',#1233,.T.);
#557=FACE_OUTER_BOUND('',#1234,.T.);
#558=FACE_OUTER_BOUND('',#1235,.T.);
#559=FACE_OUTER_BOUND('',#1236,.T.);
#560=FACE_OUTER_BOUND('',#1237,.T.);
#561=FACE_OUTER_BOUND('',#1238,.T.);
#562=FACE_OUTER_BOUND('',#1239,.T.);
#563=FACE_OUTER_BOUND('',#1240,.T.);
#564=FACE_OUTER_BOUND('',#1241,.T.);
#565=FACE_OUTER_BOUND('',#1242,.T.);
#566=FACE_OUTER_BOUND('',#1243,.T.);
#567=FACE_OUTER_BOUND('',#1244,.T.);
#568=FACE_OUTER_BOUND('',#1245,.T.);
#569=FACE_OUTER_BOUND('',#1246,.T.);
#570=FACE_OUTER_BOUND('',#1247,.T.);
#571=FACE_OUTER_BOUND('',#1248,.T.);
#572=FACE_OUTER_BOUND('',#1249,.T.);
#573=FACE_OUTER_BOUND('',#1250,.T.);
#574=FACE_OUTER_BOUND('',#1251,.T.);
#575=FACE_OUTER_BOUND('',#1252,.T.);
#576=FACE_OUTER_BOUND('',#1253,.T.);
#577=FACE_OUTER_BOUND('',#1254,.T.);
#578=FACE_OUTER_BOUND('',#1255,.T.);
#579=FACE_OUTER_BOUND('',#1256,.T.);
#580=FACE_OUTER_BOUND('',#1257,.T.);
#581=FACE_OUTER_BOUND('',#1258,.T.);
#582=FACE_OUTER_BOUND('',#1259,.T.);
#583=FACE_OUTER_BOUND('',#1260,.T.);
#584=FACE_OUTER_BOUND('',#1261,.T.);
#585=FACE_OUTER_BOUND('',#1262,.T.);
#586=FACE_OUTER_BOUND('',#1263,.T.);
#587=FACE_OUTER_BOUND('',#1264,.T.);
#588=FACE_OUTER_BOUND('',#1265,.T.);
#589=FACE_OUTER_BOUND('',#1266,.T.);
#590=FACE_OUTER_BOUND('',#1267,.T.);
#591=FACE_OUTER_BOUND('',#1268,.T.);
#592=FACE_OUTER_BOUND('',#1269,.T.);
#593=FACE_OUTER_BOUND('',#1270,.T.);
#594=FACE_OUTER_BOUND('',#1271,.T.);
#595=FACE_OUTER_BOUND('',#1272,.T.);
#596=FACE_OUTER_BOUND('',#1273,.T.);
#597=FACE_OUTER_BOUND('',#1274,.T.);
#598=FACE_OUTER_BOUND('',#1275,.T.);
#599=FACE_OUTER_BOUND('',#1276,.T.);
#600=FACE_OUTER_BOUND('',#1277,.T.);
#601=FACE_OUTER_BOUND('',#1278,.T.);
#602=FACE_OUTER_BOUND('',#1279,.T.);
#603=FACE_OUTER_BOUND('',#1280,.T.);
#604=FACE_OUTER_BOUND('',#1281,.T.);
#605=FACE_OUTER_BOUND('',#1282,.T.);
#606=FACE_OUTER_BOUND('',#1283,.T.);
#607=FACE_OUTER_BOUND('',#1284,.T.);
#608=FACE_OUTER_BOUND('',#1285,.T.);
#609=FACE_OUTER_BOUND('',#1286,.T.);
#610=FACE_OUTER_BOUND('',#1287,.T.);
#611=FACE_OUTER_BOUND('',#1288,.T.);
#612=FACE_OUTER_BOUND('',#1289,.T.);
#613=FACE_OUTER_BOUND('',#1290,.T.);
#614=FACE_OUTER_BOUND('',#1291,.T.);
#615=FACE_OUTER_BOUND('',#1292,.T.);
#616=FACE_OUTER_BOUND('',#1298,.T.);
#617=FACE_OUTER_BOUND('',#1299,.T.);
#618=FACE_OUTER_BOUND('',#1300,.T.);
#619=FACE_OUTER_BOUND('',#1301,.T.);
#620=FACE_OUTER_BOUND('',#1302,.T.);
#621=FACE_OUTER_BOUND('',#1303,.T.);
#622=FACE_OUTER_BOUND('',#1304,.T.);
#623=FACE_OUTER_BOUND('',#1305,.T.);
#624=FACE_OUTER_BOUND('',#1306,.T.);
#625=FACE_OUTER_BOUND('',#1307,.T.);
#626=FACE_OUTER_BOUND('',#1308,.T.);
#627=FACE_OUTER_BOUND('',#1309,.T.);
#628=FACE_OUTER_BOUND('',#1310,.T.);
#629=FACE_OUTER_BOUND('',#1321,.T.);
#630=FACE_OUTER_BOUND('',#1322,.T.);
#631=FACE_OUTER_BOUND('',#1323,.T.);
#632=FACE_OUTER_BOUND('',#1324,.T.);
#633=FACE_OUTER_BOUND('',#1325,.T.);
#634=FACE_OUTER_BOUND('',#1326,.T.);
#635=FACE_OUTER_BOUND('',#1327,.T.);
#636=FACE_OUTER_BOUND('',#1328,.T.);
#637=FACE_OUTER_BOUND('',#1329,.T.);
#638=FACE_OUTER_BOUND('',#1330,.T.);
#639=FACE_OUTER_BOUND('',#1331,.T.);
#640=FACE_OUTER_BOUND('',#1332,.T.);
#641=FACE_OUTER_BOUND('',#1333,.T.);
#642=FACE_OUTER_BOUND('',#1334,.T.);
#643=FACE_OUTER_BOUND('',#1335,.T.);
#644=FACE_OUTER_BOUND('',#1336,.T.);
#645=FACE_OUTER_BOUND('',#1337,.T.);
#646=FACE_OUTER_BOUND('',#1338,.T.);
#647=FACE_OUTER_BOUND('',#1339,.T.);
#648=FACE_OUTER_BOUND('',#1340,.T.);
#649=FACE_OUTER_BOUND('',#1341,.T.);
#650=FACE_OUTER_BOUND('',#1342,.T.);
#651=FACE_OUTER_BOUND('',#1343,.T.);
#652=FACE_OUTER_BOUND('',#1344,.T.);
#653=FACE_OUTER_BOUND('',#1345,.T.);
#654=FACE_OUTER_BOUND('',#1346,.T.);
#655=FACE_OUTER_BOUND('',#1347,.T.);
#656=FACE_OUTER_BOUND('',#1348,.T.);
#657=FACE_OUTER_BOUND('',#1349,.T.);
#658=FACE_OUTER_BOUND('',#1350,.T.);
#659=FACE_OUTER_BOUND('',#1351,.T.);
#660=FACE_OUTER_BOUND('',#1352,.T.);
#661=FACE_OUTER_BOUND('',#1353,.T.);
#662=FACE_OUTER_BOUND('',#1354,.T.);
#663=FACE_OUTER_BOUND('',#1355,.T.);
#664=FACE_OUTER_BOUND('',#1356,.T.);
#665=FACE_OUTER_BOUND('',#1357,.T.);
#666=FACE_OUTER_BOUND('',#1358,.T.);
#667=FACE_OUTER_BOUND('',#1359,.T.);
#668=FACE_OUTER_BOUND('',#1360,.T.);
#669=FACE_OUTER_BOUND('',#1361,.T.);
#670=FACE_OUTER_BOUND('',#1362,.T.);
#671=FACE_OUTER_BOUND('',#1363,.T.);
#672=FACE_OUTER_BOUND('',#1364,.T.);
#673=FACE_OUTER_BOUND('',#1365,.T.);
#674=FACE_OUTER_BOUND('',#1366,.T.);
#675=FACE_OUTER_BOUND('',#1367,.T.);
#676=FACE_OUTER_BOUND('',#1368,.T.);
#677=FACE_OUTER_BOUND('',#1369,.T.);
#678=FACE_OUTER_BOUND('',#1370,.T.);
#679=FACE_OUTER_BOUND('',#1371,.T.);
#680=FACE_OUTER_BOUND('',#1372,.T.);
#681=FACE_OUTER_BOUND('',#1373,.T.);
#682=FACE_OUTER_BOUND('',#1374,.T.);
#683=FACE_OUTER_BOUND('',#1375,.T.);
#684=FACE_OUTER_BOUND('',#1376,.T.);
#685=FACE_OUTER_BOUND('',#1377,.T.);
#686=FACE_OUTER_BOUND('',#1378,.T.);
#687=FACE_OUTER_BOUND('',#1379,.T.);
#688=FACE_OUTER_BOUND('',#1380,.T.);
#689=FACE_OUTER_BOUND('',#1381,.T.);
#690=FACE_OUTER_BOUND('',#1382,.T.);
#691=FACE_OUTER_BOUND('',#1383,.T.);
#692=FACE_OUTER_BOUND('',#1384,.T.);
#693=FACE_OUTER_BOUND('',#1385,.T.);
#694=FACE_OUTER_BOUND('',#1386,.T.);
#695=FACE_OUTER_BOUND('',#1387,.T.);
#696=FACE_OUTER_BOUND('',#1388,.T.);
#697=FACE_OUTER_BOUND('',#1389,.T.);
#698=FACE_OUTER_BOUND('',#1390,.T.);
#699=FACE_OUTER_BOUND('',#1391,.T.);
#700=FACE_OUTER_BOUND('',#1392,.T.);
#701=FACE_OUTER_BOUND('',#1393,.T.);
#702=FACE_OUTER_BOUND('',#1394,.T.);
#703=FACE_OUTER_BOUND('',#1395,.T.);
#704=FACE_OUTER_BOUND('',#1396,.T.);
#705=FACE_OUTER_BOUND('',#1397,.T.);
#706=FACE_OUTER_BOUND('',#1398,.T.);
#707=FACE_OUTER_BOUND('',#1399,.T.);
#708=FACE_OUTER_BOUND('',#1400,.T.);
#709=FACE_OUTER_BOUND('',#1401,.T.);
#710=FACE_OUTER_BOUND('',#1402,.T.);
#711=FACE_OUTER_BOUND('',#1403,.T.);
#712=FACE_OUTER_BOUND('',#1404,.T.);
#713=FACE_OUTER_BOUND('',#1405,.T.);
#714=FACE_OUTER_BOUND('',#1406,.T.);
#715=FACE_OUTER_BOUND('',#1407,.T.);
#716=FACE_OUTER_BOUND('',#1408,.T.);
#717=FACE_OUTER_BOUND('',#1409,.T.);
#718=FACE_OUTER_BOUND('',#1410,.T.);
#719=FACE_OUTER_BOUND('',#1411,.T.);
#720=FACE_OUTER_BOUND('',#1412,.T.);
#721=FACE_OUTER_BOUND('',#1413,.T.);
#722=FACE_OUTER_BOUND('',#1414,.T.);
#723=FACE_OUTER_BOUND('',#1415,.T.);
#724=FACE_OUTER_BOUND('',#1416,.T.);
#725=FACE_OUTER_BOUND('',#1417,.T.);
#726=FACE_OUTER_BOUND('',#1418,.T.);
#727=FACE_OUTER_BOUND('',#1419,.T.);
#728=FACE_OUTER_BOUND('',#1420,.T.);
#729=FACE_OUTER_BOUND('',#1421,.T.);
#730=FACE_OUTER_BOUND('',#1422,.T.);
#731=FACE_OUTER_BOUND('',#1423,.T.);
#732=FACE_OUTER_BOUND('',#1424,.T.);
#733=FACE_OUTER_BOUND('',#1425,.T.);
#734=FACE_OUTER_BOUND('',#1426,.T.);
#735=FACE_OUTER_BOUND('',#1427,.T.);
#736=FACE_OUTER_BOUND('',#1428,.T.);
#737=FACE_OUTER_BOUND('',#1429,.T.);
#738=FACE_OUTER_BOUND('',#1430,.T.);
#739=FACE_OUTER_BOUND('',#1431,.T.);
#740=FACE_OUTER_BOUND('',#1432,.T.);
#741=FACE_OUTER_BOUND('',#1433,.T.);
#742=FACE_OUTER_BOUND('',#1434,.T.);
#743=FACE_OUTER_BOUND('',#1435,.T.);
#744=FACE_OUTER_BOUND('',#1436,.T.);
#745=FACE_OUTER_BOUND('',#1437,.T.);
#746=FACE_OUTER_BOUND('',#1438,.T.);
#747=FACE_OUTER_BOUND('',#1439,.T.);
#748=FACE_OUTER_BOUND('',#1440,.T.);
#749=FACE_OUTER_BOUND('',#1441,.T.);
#750=FACE_OUTER_BOUND('',#1442,.T.);
#751=FACE_OUTER_BOUND('',#1443,.T.);
#752=FACE_OUTER_BOUND('',#1444,.T.);
#753=FACE_OUTER_BOUND('',#1445,.T.);
#754=FACE_OUTER_BOUND('',#1446,.T.);
#755=FACE_OUTER_BOUND('',#1447,.T.);
#756=FACE_OUTER_BOUND('',#1448,.T.);
#757=FACE_OUTER_BOUND('',#1449,.T.);
#758=FACE_OUTER_BOUND('',#1450,.T.);
#759=FACE_OUTER_BOUND('',#1451,.T.);
#760=FACE_OUTER_BOUND('',#1452,.T.);
#761=FACE_OUTER_BOUND('',#1453,.T.);
#762=FACE_OUTER_BOUND('',#1454,.T.);
#763=FACE_OUTER_BOUND('',#1455,.T.);
#764=FACE_OUTER_BOUND('',#1456,.T.);
#765=FACE_OUTER_BOUND('',#1457,.T.);
#766=FACE_OUTER_BOUND('',#1458,.T.);
#767=FACE_OUTER_BOUND('',#1459,.T.);
#768=FACE_OUTER_BOUND('',#1460,.T.);
#769=FACE_OUTER_BOUND('',#1461,.T.);
#770=FACE_OUTER_BOUND('',#1462,.T.);
#771=FACE_OUTER_BOUND('',#1463,.T.);
#772=FACE_OUTER_BOUND('',#1464,.T.);
#773=FACE_OUTER_BOUND('',#1465,.T.);
#774=FACE_OUTER_BOUND('',#1466,.T.);
#775=FACE_OUTER_BOUND('',#1467,.T.);
#776=FACE_OUTER_BOUND('',#1468,.T.);
#777=FACE_OUTER_BOUND('',#1469,.T.);
#778=FACE_OUTER_BOUND('',#1470,.T.);
#779=FACE_OUTER_BOUND('',#1471,.T.);
#780=FACE_OUTER_BOUND('',#1472,.T.);
#781=FACE_OUTER_BOUND('',#1473,.T.);
#782=FACE_OUTER_BOUND('',#1474,.T.);
#783=FACE_OUTER_BOUND('',#1475,.T.);
#784=EDGE_LOOP('',(#7345,#7346,#7347,#7348));
#785=EDGE_LOOP('',(#7349,#7350,#7351,#7352));
#786=EDGE_LOOP('',(#7353,#7354,#7355,#7356));
#787=EDGE_LOOP('',(#7357,#7358,#7359,#7360));
#788=EDGE_LOOP('',(#7361,#7362,#7363,#7364));
#789=EDGE_LOOP('',(#7365,#7366,#7367,#7368));
#790=EDGE_LOOP('',(#7369,#7370,#7371,#7372));
#791=EDGE_LOOP('',(#7373,#7374,#7375,#7376));
#792=EDGE_LOOP('',(#7377,#7378,#7379,#7380));
#793=EDGE_LOOP('',(#7381,#7382,#7383,#7384));
#794=EDGE_LOOP('',(#7385,#7386,#7387,#7388));
#795=EDGE_LOOP('',(#7389,#7390,#7391,#7392));
#796=EDGE_LOOP('',(#7393,#7394,#7395,#7396));
#797=EDGE_LOOP('',(#7397,#7398,#7399,#7400));
#798=EDGE_LOOP('',(#7401,#7402,#7403,#7404));
#799=EDGE_LOOP('',(#7405,#7406,#7407,#7408));
#800=EDGE_LOOP('',(#7409,#7410,#7411,#7412));
#801=EDGE_LOOP('',(#7413,#7414,#7415,#7416));
#802=EDGE_LOOP('',(#7417,#7418,#7419,#7420,#7421,#7422,#7423,#7424,#7425,
#7426,#7427,#7428,#7429,#7430));
#803=EDGE_LOOP('',(#7431,#7432,#7433,#7434));
#804=EDGE_LOOP('',(#7435,#7436,#7437,#7438));
#805=EDGE_LOOP('',(#7439,#7440,#7441,#7442));
#806=EDGE_LOOP('',(#7443,#7444,#7445,#7446));
#807=EDGE_LOOP('',(#7447,#7448,#7449,#7450));
#808=EDGE_LOOP('',(#7451,#7452,#7453,#7454));
#809=EDGE_LOOP('',(#7455,#7456,#7457,#7458));
#810=EDGE_LOOP('',(#7459,#7460,#7461,#7462));
#811=EDGE_LOOP('',(#7463,#7464,#7465,#7466));
#812=EDGE_LOOP('',(#7467,#7468,#7469,#7470));
#813=EDGE_LOOP('',(#7471,#7472,#7473,#7474));
#814=EDGE_LOOP('',(#7475,#7476,#7477,#7478));
#815=EDGE_LOOP('',(#7479,#7480,#7481,#7482));
#816=EDGE_LOOP('',(#7483,#7484,#7485,#7486));
#817=EDGE_LOOP('',(#7487,#7488,#7489,#7490));
#818=EDGE_LOOP('',(#7491,#7492,#7493,#7494));
#819=EDGE_LOOP('',(#7495,#7496,#7497,#7498));
#820=EDGE_LOOP('',(#7499,#7500,#7501,#7502,#7503,#7504,#7505,#7506,#7507,
#7508,#7509,#7510,#7511,#7512,#7513,#7514));
#821=EDGE_LOOP('',(#7515,#7516,#7517,#7518));
#822=EDGE_LOOP('',(#7519,#7520,#7521,#7522));
#823=EDGE_LOOP('',(#7523,#7524,#7525,#7526));
#824=EDGE_LOOP('',(#7527,#7528,#7529,#7530));
#825=EDGE_LOOP('',(#7531,#7532,#7533,#7534));
#826=EDGE_LOOP('',(#7535,#7536,#7537,#7538));
#827=EDGE_LOOP('',(#7539,#7540,#7541,#7542));
#828=EDGE_LOOP('',(#7543,#7544,#7545,#7546));
#829=EDGE_LOOP('',(#7547,#7548,#7549,#7550));
#830=EDGE_LOOP('',(#7551,#7552,#7553,#7554));
#831=EDGE_LOOP('',(#7555,#7556,#7557,#7558));
#832=EDGE_LOOP('',(#7559,#7560,#7561,#7562));
#833=EDGE_LOOP('',(#7563,#7564,#7565,#7566));
#834=EDGE_LOOP('',(#7567,#7568,#7569,#7570));
#835=EDGE_LOOP('',(#7571,#7572,#7573,#7574));
#836=EDGE_LOOP('',(#7575,#7576,#7577,#7578));
#837=EDGE_LOOP('',(#7579,#7580,#7581,#7582));
#838=EDGE_LOOP('',(#7583,#7584,#7585,#7586));
#839=EDGE_LOOP('',(#7587,#7588,#7589,#7590));
#840=EDGE_LOOP('',(#7591,#7592,#7593,#7594));
#841=EDGE_LOOP('',(#7595,#7596,#7597,#7598));
#842=EDGE_LOOP('',(#7599,#7600,#7601,#7602));
#843=EDGE_LOOP('',(#7603,#7604,#7605,#7606));
#844=EDGE_LOOP('',(#7607,#7608,#7609,#7610));
#845=EDGE_LOOP('',(#7611,#7612,#7613,#7614));
#846=EDGE_LOOP('',(#7615,#7616,#7617,#7618));
#847=EDGE_LOOP('',(#7619,#7620,#7621,#7622));
#848=EDGE_LOOP('',(#7623,#7624,#7625,#7626));
#849=EDGE_LOOP('',(#7627,#7628,#7629,#7630,#7631,#7632,#7633,#7634,#7635,
#7636,#7637,#7638,#7639,#7640,#7641,#7642,#7643,#7644,#7645,#7646,#7647,
#7648,#7649,#7650,#7651,#7652,#7653,#7654));
#850=EDGE_LOOP('',(#7655,#7656,#7657,#7658));
#851=EDGE_LOOP('',(#7659,#7660,#7661,#7662));
#852=EDGE_LOOP('',(#7663,#7664,#7665,#7666));
#853=EDGE_LOOP('',(#7667,#7668,#7669,#7670));
#854=EDGE_LOOP('',(#7671,#7672,#7673,#7674));
#855=EDGE_LOOP('',(#7675,#7676,#7677,#7678));
#856=EDGE_LOOP('',(#7679,#7680,#7681,#7682));
#857=EDGE_LOOP('',(#7683,#7684,#7685,#7686));
#858=EDGE_LOOP('',(#7687,#7688,#7689,#7690));
#859=EDGE_LOOP('',(#7691,#7692,#7693,#7694));
#860=EDGE_LOOP('',(#7695,#7696,#7697,#7698,#7699,#7700,#7701,#7702,#7703,
#7704));
#861=EDGE_LOOP('',(#7705,#7706,#7707,#7708));
#862=EDGE_LOOP('',(#7709,#7710,#7711,#7712));
#863=EDGE_LOOP('',(#7713,#7714,#7715,#7716));
#864=EDGE_LOOP('',(#7717,#7718,#7719,#7720));
#865=EDGE_LOOP('',(#7721,#7722,#7723,#7724));
#866=EDGE_LOOP('',(#7725,#7726,#7727,#7728));
#867=EDGE_LOOP('',(#7729,#7730,#7731,#7732));
#868=EDGE_LOOP('',(#7733,#7734,#7735,#7736));
#869=EDGE_LOOP('',(#7737,#7738,#7739,#7740));
#870=EDGE_LOOP('',(#7741,#7742,#7743,#7744));
#871=EDGE_LOOP('',(#7745,#7746,#7747,#7748));
#872=EDGE_LOOP('',(#7749,#7750,#7751,#7752));
#873=EDGE_LOOP('',(#7753,#7754,#7755,#7756));
#874=EDGE_LOOP('',(#7757,#7758,#7759,#7760));
#875=EDGE_LOOP('',(#7761,#7762,#7763,#7764,#7765,#7766,#7767,#7768,#7769,
#7770));
#876=EDGE_LOOP('',(#7771,#7772,#7773,#7774));
#877=EDGE_LOOP('',(#7775,#7776,#7777,#7778));
#878=EDGE_LOOP('',(#7779,#7780,#7781,#7782));
#879=EDGE_LOOP('',(#7783,#7784,#7785,#7786));
#880=EDGE_LOOP('',(#7787,#7788,#7789,#7790));
#881=EDGE_LOOP('',(#7791,#7792,#7793,#7794));
#882=EDGE_LOOP('',(#7795,#7796,#7797,#7798));
#883=EDGE_LOOP('',(#7799,#7800,#7801,#7802));
#884=EDGE_LOOP('',(#7803,#7804,#7805,#7806));
#885=EDGE_LOOP('',(#7807,#7808,#7809,#7810,#7811,#7812,#7813,#7814));
#886=EDGE_LOOP('',(#7815,#7816,#7817,#7818));
#887=EDGE_LOOP('',(#7819,#7820,#7821,#7822));
#888=EDGE_LOOP('',(#7823,#7824,#7825,#7826));
#889=EDGE_LOOP('',(#7827,#7828,#7829,#7830));
#890=EDGE_LOOP('',(#7831,#7832,#7833,#7834));
#891=EDGE_LOOP('',(#7835,#7836,#7837,#7838));
#892=EDGE_LOOP('',(#7839,#7840,#7841,#7842));
#893=EDGE_LOOP('',(#7843,#7844,#7845,#7846));
#894=EDGE_LOOP('',(#7847,#7848,#7849,#7850));
#895=EDGE_LOOP('',(#7851,#7852,#7853,#7854));
#896=EDGE_LOOP('',(#7855,#7856,#7857,#7858));
#897=EDGE_LOOP('',(#7859,#7860,#7861,#7862));
#898=EDGE_LOOP('',(#7863,#7864,#7865,#7866));
#899=EDGE_LOOP('',(#7867,#7868,#7869,#7870));
#900=EDGE_LOOP('',(#7871,#7872,#7873,#7874));
#901=EDGE_LOOP('',(#7875,#7876,#7877,#7878));
#902=EDGE_LOOP('',(#7879,#7880,#7881,#7882));
#903=EDGE_LOOP('',(#7883,#7884,#7885,#7886));
#904=EDGE_LOOP('',(#7887,#7888,#7889,#7890,#7891,#7892,#7893,#7894,#7895,
#7896,#7897,#7898,#7899,#7900));
#905=EDGE_LOOP('',(#7901,#7902,#7903,#7904));
#906=EDGE_LOOP('',(#7905,#7906,#7907,#7908));
#907=EDGE_LOOP('',(#7909,#7910,#7911,#7912));
#908=EDGE_LOOP('',(#7913,#7914,#7915,#7916));
#909=EDGE_LOOP('',(#7917,#7918,#7919,#7920));
#910=EDGE_LOOP('',(#7921,#7922,#7923,#7924));
#911=EDGE_LOOP('',(#7925,#7926,#7927,#7928));
#912=EDGE_LOOP('',(#7929,#7930,#7931,#7932));
#913=EDGE_LOOP('',(#7933,#7934,#7935,#7936));
#914=EDGE_LOOP('',(#7937,#7938,#7939,#7940));
#915=EDGE_LOOP('',(#7941,#7942,#7943,#7944));
#916=EDGE_LOOP('',(#7945,#7946,#7947,#7948));
#917=EDGE_LOOP('',(#7949,#7950,#7951,#7952));
#918=EDGE_LOOP('',(#7953,#7954,#7955,#7956));
#919=EDGE_LOOP('',(#7957,#7958,#7959,#7960));
#920=EDGE_LOOP('',(#7961,#7962,#7963,#7964));
#921=EDGE_LOOP('',(#7965,#7966,#7967,#7968));
#922=EDGE_LOOP('',(#7969,#7970,#7971,#7972,#7973,#7974,#7975,#7976,#7977,
#7978,#7979,#7980));
#923=EDGE_LOOP('',(#7981,#7982,#7983,#7984));
#924=EDGE_LOOP('',(#7985,#7986,#7987,#7988));
#925=EDGE_LOOP('',(#7989,#7990,#7991,#7992));
#926=EDGE_LOOP('',(#7993,#7994,#7995,#7996));
#927=EDGE_LOOP('',(#7997,#7998,#7999,#8000));
#928=EDGE_LOOP('',(#8001,#8002,#8003,#8004));
#929=EDGE_LOOP('',(#8005,#8006,#8007,#8008));
#930=EDGE_LOOP('',(#8009,#8010,#8011,#8012));
#931=EDGE_LOOP('',(#8013,#8014,#8015,#8016));
#932=EDGE_LOOP('',(#8017,#8018,#8019,#8020));
#933=EDGE_LOOP('',(#8021,#8022,#8023,#8024));
#934=EDGE_LOOP('',(#8025,#8026,#8027,#8028));
#935=EDGE_LOOP('',(#8029,#8030,#8031,#8032));
#936=EDGE_LOOP('',(#8033,#8034,#8035,#8036,#8037,#8038,#8039,#8040,#8041,
#8042,#8043,#8044));
#937=EDGE_LOOP('',(#8045,#8046,#8047,#8048));
#938=EDGE_LOOP('',(#8049,#8050,#8051,#8052));
#939=EDGE_LOOP('',(#8053,#8054,#8055,#8056));
#940=EDGE_LOOP('',(#8057,#8058,#8059,#8060));
#941=EDGE_LOOP('',(#8061,#8062,#8063,#8064));
#942=EDGE_LOOP('',(#8065,#8066,#8067,#8068));
#943=EDGE_LOOP('',(#8069,#8070,#8071,#8072));
#944=EDGE_LOOP('',(#8073,#8074,#8075,#8076));
#945=EDGE_LOOP('',(#8077,#8078,#8079,#8080));
#946=EDGE_LOOP('',(#8081,#8082,#8083,#8084));
#947=EDGE_LOOP('',(#8085,#8086,#8087,#8088));
#948=EDGE_LOOP('',(#8089,#8090,#8091,#8092));
#949=EDGE_LOOP('',(#8093,#8094,#8095,#8096));
#950=EDGE_LOOP('',(#8097,#8098,#8099,#8100,#8101,#8102,#8103,#8104));
#951=EDGE_LOOP('',(#8105,#8106,#8107,#8108));
#952=EDGE_LOOP('',(#8109,#8110,#8111,#8112));
#953=EDGE_LOOP('',(#8113,#8114,#8115,#8116));
#954=EDGE_LOOP('',(#8117,#8118,#8119,#8120));
#955=EDGE_LOOP('',(#8121,#8122,#8123,#8124));
#956=EDGE_LOOP('',(#8125,#8126,#8127,#8128));
#957=EDGE_LOOP('',(#8129,#8130,#8131,#8132));
#958=EDGE_LOOP('',(#8133,#8134,#8135,#8136));
#959=EDGE_LOOP('',(#8137,#8138,#8139,#8140));
#960=EDGE_LOOP('',(#8141,#8142,#8143,#8144));
#961=EDGE_LOOP('',(#8145,#8146,#8147,#8148));
#962=EDGE_LOOP('',(#8149,#8150,#8151,#8152));
#963=EDGE_LOOP('',(#8153,#8154,#8155,#8156));
#964=EDGE_LOOP('',(#8157,#8158,#8159,#8160));
#965=EDGE_LOOP('',(#8161,#8162,#8163,#8164));
#966=EDGE_LOOP('',(#8165,#8166,#8167,#8168));
#967=EDGE_LOOP('',(#8169,#8170,#8171,#8172));
#968=EDGE_LOOP('',(#8173,#8174,#8175,#8176));
#969=EDGE_LOOP('',(#8177,#8178,#8179,#8180));
#970=EDGE_LOOP('',(#8181,#8182,#8183,#8184));
#971=EDGE_LOOP('',(#8185,#8186,#8187,#8188,#8189,#8190,#8191,#8192,#8193,
#8194,#8195,#8196,#8197,#8198,#8199,#8200,#8201,#8202,#8203,#8204));
#972=EDGE_LOOP('',(#8205,#8206,#8207,#8208));
#973=EDGE_LOOP('',(#8209,#8210,#8211,#8212));
#974=EDGE_LOOP('',(#8213,#8214,#8215,#8216));
#975=EDGE_LOOP('',(#8217,#8218,#8219,#8220));
#976=EDGE_LOOP('',(#8221,#8222,#8223,#8224));
#977=EDGE_LOOP('',(#8225,#8226,#8227,#8228));
#978=EDGE_LOOP('',(#8229,#8230,#8231,#8232));
#979=EDGE_LOOP('',(#8233,#8234,#8235,#8236));
#980=EDGE_LOOP('',(#8237,#8238,#8239,#8240,#8241,#8242,#8243,#8244));
#981=EDGE_LOOP('',(#8245,#8246,#8247,#8248,#8249,#8250,#8251,#8252,#8253,
#8254,#8255,#8256,#8257,#8258,#8259,#8260));
#982=EDGE_LOOP('',(#8261,#8262,#8263,#8264,#8265,#8266,#8267,#8268,#8269,
#8270,#8271,#8272,#8273,#8274));
#983=EDGE_LOOP('',(#8275,#8276,#8277,#8278,#8279,#8280,#8281,#8282,#8283,
#8284,#8285,#8286,#8287,#8288,#8289,#8290));
#984=EDGE_LOOP('',(#8291,#8292,#8293,#8294,#8295,#8296,#8297,#8298,#8299,
#8300,#8301,#8302,#8303,#8304,#8305,#8306,#8307,#8308,#8309,#8310,#8311,
#8312,#8313,#8314,#8315,#8316,#8317,#8318));
#985=EDGE_LOOP('',(#8319,#8320,#8321,#8322,#8323,#8324,#8325,#8326,#8327,
#8328));
#986=EDGE_LOOP('',(#8329,#8330,#8331,#8332,#8333,#8334,#8335,#8336,#8337,
#8338));
#987=EDGE_LOOP('',(#8339,#8340,#8341,#8342,#8343,#8344,#8345,#8346));
#988=EDGE_LOOP('',(#8347,#8348,#8349,#8350,#8351,#8352,#8353,#8354,#8355,
#8356,#8357,#8358,#8359,#8360));
#989=EDGE_LOOP('',(#8361,#8362,#8363,#8364,#8365,#8366,#8367,#8368,#8369,
#8370,#8371,#8372));
#990=EDGE_LOOP('',(#8373,#8374,#8375,#8376,#8377,#8378,#8379,#8380,#8381,
#8382,#8383,#8384));
#991=EDGE_LOOP('',(#8385,#8386,#8387,#8388,#8389,#8390,#8391,#8392,#8393,
#8394,#8395,#8396));
#992=EDGE_LOOP('',(#8397,#8398,#8399,#8400,#8401,#8402,#8403,#8404,#8405,
#8406,#8407,#8408,#8409,#8410,#8411,#8412,#8413,#8414,#8415,#8416));
#993=EDGE_LOOP('',(#8417,#8418,#8419,#8420,#8421,#8422,#8423,#8424));
#994=EDGE_LOOP('',(#8425));
#995=EDGE_LOOP('',(#8426,#8427,#8428,#8429));
#996=EDGE_LOOP('',(#8430,#8431,#8432,#8433));
#997=EDGE_LOOP('',(#8434,#8435,#8436,#8437));
#998=EDGE_LOOP('',(#8438,#8439,#8440,#8441));
#999=EDGE_LOOP('',(#8442,#8443,#8444,#8445));
#1000=EDGE_LOOP('',(#8446,#8447,#8448,#8449));
#1001=EDGE_LOOP('',(#8450,#8451,#8452,#8453));
#1002=EDGE_LOOP('',(#8454,#8455,#8456,#8457));
#1003=EDGE_LOOP('',(#8458,#8459,#8460,#8461));
#1004=EDGE_LOOP('',(#8462,#8463,#8464,#8465));
#1005=EDGE_LOOP('',(#8466,#8467,#8468,#8469));
#1006=EDGE_LOOP('',(#8470,#8471,#8472,#8473));
#1007=EDGE_LOOP('',(#8474,#8475,#8476,#8477));
#1008=EDGE_LOOP('',(#8478,#8479,#8480,#8481));
#1009=EDGE_LOOP('',(#8482,#8483,#8484,#8485));
#1010=EDGE_LOOP('',(#8486,#8487,#8488,#8489));
#1011=EDGE_LOOP('',(#8490,#8491,#8492,#8493));
#1012=EDGE_LOOP('',(#8494,#8495,#8496,#8497));
#1013=EDGE_LOOP('',(#8498,#8499,#8500,#8501));
#1014=EDGE_LOOP('',(#8502,#8503,#8504,#8505));
#1015=EDGE_LOOP('',(#8506,#8507,#8508,#8509));
#1016=EDGE_LOOP('',(#8510,#8511,#8512,#8513));
#1017=EDGE_LOOP('',(#8514,#8515,#8516,#8517));
#1018=EDGE_LOOP('',(#8518,#8519,#8520,#8521));
#1019=EDGE_LOOP('',(#8522,#8523,#8524,#8525));
#1020=EDGE_LOOP('',(#8526,#8527,#8528,#8529));
#1021=EDGE_LOOP('',(#8530,#8531,#8532,#8533));
#1022=EDGE_LOOP('',(#8534,#8535,#8536,#8537));
#1023=EDGE_LOOP('',(#8538,#8539,#8540,#8541));
#1024=EDGE_LOOP('',(#8542,#8543,#8544,#8545));
#1025=EDGE_LOOP('',(#8546,#8547,#8548,#8549));
#1026=EDGE_LOOP('',(#8550,#8551,#8552,#8553));
#1027=EDGE_LOOP('',(#8554,#8555,#8556,#8557));
#1028=EDGE_LOOP('',(#8558,#8559,#8560,#8561));
#1029=EDGE_LOOP('',(#8562,#8563,#8564,#8565));
#1030=EDGE_LOOP('',(#8566,#8567,#8568,#8569));
#1031=EDGE_LOOP('',(#8570,#8571,#8572,#8573));
#1032=EDGE_LOOP('',(#8574,#8575,#8576));
#1033=EDGE_LOOP('',(#8577,#8578,#8579));
#1034=EDGE_LOOP('',(#8580,#8581,#8582));
#1035=EDGE_LOOP('',(#8583,#8584,#8585));
#1036=EDGE_LOOP('',(#8586,#8587,#8588));
#1037=EDGE_LOOP('',(#8589,#8590,#8591));
#1038=EDGE_LOOP('',(#8592,#8593,#8594));
#1039=EDGE_LOOP('',(#8595,#8596,#8597));
#1040=EDGE_LOOP('',(#8598,#8599,#8600,#8601));
#1041=EDGE_LOOP('',(#8602,#8603,#8604,#8605));
#1042=EDGE_LOOP('',(#8606,#8607,#8608,#8609));
#1043=EDGE_LOOP('',(#8610,#8611,#8612,#8613));
#1044=EDGE_LOOP('',(#8614,#8615,#8616,#8617));
#1045=EDGE_LOOP('',(#8618,#8619,#8620,#8621));
#1046=EDGE_LOOP('',(#8622,#8623,#8624,#8625));
#1047=EDGE_LOOP('',(#8626,#8627,#8628,#8629));
#1048=EDGE_LOOP('',(#8630,#8631,#8632,#8633));
#1049=EDGE_LOOP('',(#8634,#8635,#8636,#8637));
#1050=EDGE_LOOP('',(#8638,#8639,#8640,#8641));
#1051=EDGE_LOOP('',(#8642,#8643,#8644,#8645));
#1052=EDGE_LOOP('',(#8646,#8647,#8648,#8649));
#1053=EDGE_LOOP('',(#8650,#8651,#8652,#8653));
#1054=EDGE_LOOP('',(#8654,#8655,#8656,#8657));
#1055=EDGE_LOOP('',(#8658,#8659,#8660,#8661));
#1056=EDGE_LOOP('',(#8662,#8663,#8664,#8665));
#1057=EDGE_LOOP('',(#8666,#8667,#8668,#8669));
#1058=EDGE_LOOP('',(#8670,#8671,#8672,#8673));
#1059=EDGE_LOOP('',(#8674,#8675,#8676,#8677));
#1060=EDGE_LOOP('',(#8678,#8679,#8680,#8681,#8682,#8683,#8684,#8685,#8686,
#8687,#8688,#8689,#8690,#8691,#8692,#8693,#8694,#8695,#8696,#8697,#8698,
#8699,#8700,#8701,#8702,#8703,#8704,#8705,#8706,#8707,#8708,#8709,#8710,
#8711));
#1061=EDGE_LOOP('',(#8712,#8713,#8714,#8715));
#1062=EDGE_LOOP('',(#8716,#8717,#8718,#8719));
#1063=EDGE_LOOP('',(#8720,#8721,#8722,#8723));
#1064=EDGE_LOOP('',(#8724,#8725,#8726,#8727));
#1065=EDGE_LOOP('',(#8728,#8729,#8730,#8731));
#1066=EDGE_LOOP('',(#8732,#8733,#8734,#8735));
#1067=EDGE_LOOP('',(#8736,#8737,#8738,#8739));
#1068=EDGE_LOOP('',(#8740,#8741,#8742));
#1069=EDGE_LOOP('',(#8743,#8744,#8745,#8746));
#1070=EDGE_LOOP('',(#8747,#8748,#8749,#8750));
#1071=EDGE_LOOP('',(#8751,#8752,#8753,#8754));
#1072=EDGE_LOOP('',(#8755,#8756,#8757));
#1073=EDGE_LOOP('',(#8758,#8759,#8760,#8761));
#1074=EDGE_LOOP('',(#8762,#8763,#8764));
#1075=EDGE_LOOP('',(#8765,#8766,#8767,#8768));
#1076=EDGE_LOOP('',(#8769,#8770,#8771,#8772));
#1077=EDGE_LOOP('',(#8773,#8774,#8775,#8776));
#1078=EDGE_LOOP('',(#8777,#8778,#8779));
#1079=EDGE_LOOP('',(#8780,#8781,#8782,#8783));
#1080=EDGE_LOOP('',(#8784,#8785,#8786));
#1081=EDGE_LOOP('',(#8787,#8788,#8789,#8790));
#1082=EDGE_LOOP('',(#8791,#8792,#8793,#8794));
#1083=EDGE_LOOP('',(#8795,#8796,#8797,#8798));
#1084=EDGE_LOOP('',(#8799,#8800,#8801));
#1085=EDGE_LOOP('',(#8802,#8803,#8804,#8805));
#1086=EDGE_LOOP('',(#8806,#8807,#8808));
#1087=EDGE_LOOP('',(#8809,#8810,#8811));
#1088=EDGE_LOOP('',(#8812,#8813,#8814,#8815));
#1089=EDGE_LOOP('',(#8816,#8817,#8818,#8819));
#1090=EDGE_LOOP('',(#8820,#8821,#8822,#8823));
#1091=EDGE_LOOP('',(#8824,#8825,#8826,#8827));
#1092=EDGE_LOOP('',(#8828,#8829,#8830,#8831,#8832,#8833,#8834,#8835));
#1093=EDGE_LOOP('',(#8836,#8837,#8838,#8839));
#1094=EDGE_LOOP('',(#8840,#8841,#8842,#8843));
#1095=EDGE_LOOP('',(#8844,#8845,#8846,#8847));
#1096=EDGE_LOOP('',(#8848,#8849,#8850,#8851));
#1097=EDGE_LOOP('',(#8852));
#1098=EDGE_LOOP('',(#8853,#8854,#8855,#8856));
#1099=EDGE_LOOP('',(#8857));
#1100=EDGE_LOOP('',(#8858,#8859,#8860,#8861));
#1101=EDGE_LOOP('',(#8862,#8863,#8864,#8865));
#1102=EDGE_LOOP('',(#8866,#8867,#8868,#8869));
#1103=EDGE_LOOP('',(#8870,#8871,#8872,#8873));
#1104=EDGE_LOOP('',(#8874,#8875,#8876,#8877));
#1105=EDGE_LOOP('',(#8878,#8879,#8880,#8881));
#1106=EDGE_LOOP('',(#8882,#8883,#8884,#8885));
#1107=EDGE_LOOP('',(#8886,#8887,#8888,#8889));
#1108=EDGE_LOOP('',(#8890,#8891,#8892,#8893));
#1109=EDGE_LOOP('',(#8894,#8895,#8896,#8897));
#1110=EDGE_LOOP('',(#8898,#8899,#8900,#8901));
#1111=EDGE_LOOP('',(#8902,#8903,#8904,#8905));
#1112=EDGE_LOOP('',(#8906,#8907,#8908,#8909));
#1113=EDGE_LOOP('',(#8910,#8911,#8912,#8913));
#1114=EDGE_LOOP('',(#8914,#8915,#8916,#8917));
#1115=EDGE_LOOP('',(#8918,#8919,#8920,#8921));
#1116=EDGE_LOOP('',(#8922,#8923,#8924,#8925));
#1117=EDGE_LOOP('',(#8926,#8927,#8928,#8929));
#1118=EDGE_LOOP('',(#8930,#8931,#8932,#8933));
#1119=EDGE_LOOP('',(#8934,#8935,#8936,#8937));
#1120=EDGE_LOOP('',(#8938,#8939,#8940,#8941));
#1121=EDGE_LOOP('',(#8942,#8943,#8944,#8945));
#1122=EDGE_LOOP('',(#8946,#8947,#8948,#8949));
#1123=EDGE_LOOP('',(#8950,#8951,#8952,#8953));
#1124=EDGE_LOOP('',(#8954,#8955,#8956,#8957));
#1125=EDGE_LOOP('',(#8958,#8959,#8960,#8961));
#1126=EDGE_LOOP('',(#8962,#8963,#8964,#8965));
#1127=EDGE_LOOP('',(#8966,#8967,#8968,#8969));
#1128=EDGE_LOOP('',(#8970,#8971,#8972,#8973));
#1129=EDGE_LOOP('',(#8974,#8975,#8976,#8977));
#1130=EDGE_LOOP('',(#8978,#8979,#8980,#8981));
#1131=EDGE_LOOP('',(#8982,#8983,#8984,#8985));
#1132=EDGE_LOOP('',(#8986,#8987,#8988,#8989));
#1133=EDGE_LOOP('',(#8990,#8991,#8992,#8993));
#1134=EDGE_LOOP('',(#8994,#8995,#8996,#8997));
#1135=EDGE_LOOP('',(#8998,#8999,#9000,#9001,#9002,#9003,#9004,#9005,#9006,
#9007,#9008,#9009,#9010,#9011,#9012,#9013,#9014,#9015,#9016,#9017,#9018,
#9019,#9020,#9021,#9022,#9023,#9024,#9025));
#1136=EDGE_LOOP('',(#9026,#9027,#9028,#9029));
#1137=EDGE_LOOP('',(#9030,#9031,#9032,#9033));
#1138=EDGE_LOOP('',(#9034,#9035,#9036,#9037));
#1139=EDGE_LOOP('',(#9038,#9039,#9040,#9041));
#1140=EDGE_LOOP('',(#9042,#9043,#9044,#9045));
#1141=EDGE_LOOP('',(#9046,#9047,#9048,#9049));
#1142=EDGE_LOOP('',(#9050,#9051,#9052,#9053,#9054,#9055));
#1143=EDGE_LOOP('',(#9056,#9057,#9058,#9059));
#1144=EDGE_LOOP('',(#9060,#9061,#9062,#9063));
#1145=EDGE_LOOP('',(#9064,#9065,#9066,#9067));
#1146=EDGE_LOOP('',(#9068,#9069,#9070,#9071));
#1147=EDGE_LOOP('',(#9072,#9073,#9074,#9075));
#1148=EDGE_LOOP('',(#9076,#9077,#9078,#9079));
#1149=EDGE_LOOP('',(#9080,#9081,#9082,#9083));
#1150=EDGE_LOOP('',(#9084,#9085,#9086,#9087));
#1151=EDGE_LOOP('',(#9088,#9089,#9090,#9091));
#1152=EDGE_LOOP('',(#9092,#9093,#9094,#9095));
#1153=EDGE_LOOP('',(#9096,#9097,#9098,#9099));
#1154=EDGE_LOOP('',(#9100,#9101,#9102,#9103));
#1155=EDGE_LOOP('',(#9104,#9105,#9106,#9107));
#1156=EDGE_LOOP('',(#9108,#9109,#9110,#9111,#9112,#9113,#9114,#9115));
#1157=EDGE_LOOP('',(#9116,#9117,#9118,#9119));
#1158=EDGE_LOOP('',(#9120,#9121,#9122,#9123));
#1159=EDGE_LOOP('',(#9124,#9125,#9126,#9127));
#1160=EDGE_LOOP('',(#9128,#9129,#9130,#9131));
#1161=EDGE_LOOP('',(#9132,#9133,#9134,#9135));
#1162=EDGE_LOOP('',(#9136,#9137,#9138,#9139));
#1163=EDGE_LOOP('',(#9140,#9141,#9142,#9143));
#1164=EDGE_LOOP('',(#9144,#9145,#9146,#9147));
#1165=EDGE_LOOP('',(#9148,#9149,#9150,#9151));
#1166=EDGE_LOOP('',(#9152,#9153,#9154,#9155));
#1167=EDGE_LOOP('',(#9156,#9157,#9158,#9159));
#1168=EDGE_LOOP('',(#9160,#9161,#9162,#9163));
#1169=EDGE_LOOP('',(#9164,#9165,#9166,#9167));
#1170=EDGE_LOOP('',(#9168,#9169,#9170,#9171));
#1171=EDGE_LOOP('',(#9172,#9173,#9174,#9175));
#1172=EDGE_LOOP('',(#9176,#9177,#9178,#9179));
#1173=EDGE_LOOP('',(#9180,#9181,#9182,#9183));
#1174=EDGE_LOOP('',(#9184,#9185,#9186,#9187));
#1175=EDGE_LOOP('',(#9188,#9189,#9190,#9191));
#1176=EDGE_LOOP('',(#9192,#9193,#9194,#9195));
#1177=EDGE_LOOP('',(#9196,#9197,#9198,#9199));
#1178=EDGE_LOOP('',(#9200,#9201,#9202,#9203));
#1179=EDGE_LOOP('',(#9204,#9205,#9206,#9207));
#1180=EDGE_LOOP('',(#9208,#9209,#9210,#9211));
#1181=EDGE_LOOP('',(#9212,#9213,#9214,#9215));
#1182=EDGE_LOOP('',(#9216,#9217,#9218,#9219));
#1183=EDGE_LOOP('',(#9220,#9221,#9222,#9223));
#1184=EDGE_LOOP('',(#9224,#9225,#9226,#9227,#9228,#9229,#9230,#9231,#9232,
#9233,#9234,#9235,#9236,#9237,#9238,#9239,#9240,#9241,#9242,#9243,#9244,
#9245));
#1185=EDGE_LOOP('',(#9246,#9247,#9248,#9249));
#1186=EDGE_LOOP('',(#9250,#9251,#9252,#9253));
#1187=EDGE_LOOP('',(#9254,#9255,#9256,#9257));
#1188=EDGE_LOOP('',(#9258,#9259,#9260,#9261));
#1189=EDGE_LOOP('',(#9262,#9263,#9264,#9265));
#1190=EDGE_LOOP('',(#9266,#9267,#9268,#9269));
#1191=EDGE_LOOP('',(#9270,#9271,#9272,#9273));
#1192=EDGE_LOOP('',(#9274,#9275,#9276,#9277));
#1193=EDGE_LOOP('',(#9278,#9279,#9280,#9281));
#1194=EDGE_LOOP('',(#9282,#9283,#9284,#9285));
#1195=EDGE_LOOP('',(#9286,#9287,#9288,#9289));
#1196=EDGE_LOOP('',(#9290,#9291,#9292,#9293));
#1197=EDGE_LOOP('',(#9294,#9295,#9296,#9297));
#1198=EDGE_LOOP('',(#9298,#9299,#9300,#9301));
#1199=EDGE_LOOP('',(#9302,#9303,#9304,#9305));
#1200=EDGE_LOOP('',(#9306,#9307,#9308,#9309));
#1201=EDGE_LOOP('',(#9310,#9311,#9312,#9313,#9314,#9315,#9316,#9317,#9318,
#9319,#9320,#9321,#9322,#9323,#9324,#9325));
#1202=EDGE_LOOP('',(#9326,#9327,#9328,#9329));
#1203=EDGE_LOOP('',(#9330,#9331,#9332,#9333));
#1204=EDGE_LOOP('',(#9334,#9335,#9336,#9337));
#1205=EDGE_LOOP('',(#9338,#9339,#9340,#9341));
#1206=EDGE_LOOP('',(#9342,#9343,#9344,#9345));
#1207=EDGE_LOOP('',(#9346,#9347,#9348,#9349));
#1208=EDGE_LOOP('',(#9350,#9351,#9352,#9353));
#1209=EDGE_LOOP('',(#9354,#9355,#9356,#9357));
#1210=EDGE_LOOP('',(#9358,#9359,#9360,#9361));
#1211=EDGE_LOOP('',(#9362,#9363,#9364,#9365));
#1212=EDGE_LOOP('',(#9366,#9367,#9368,#9369));
#1213=EDGE_LOOP('',(#9370,#9371,#9372,#9373));
#1214=EDGE_LOOP('',(#9374,#9375,#9376,#9377));
#1215=EDGE_LOOP('',(#9378,#9379,#9380,#9381));
#1216=EDGE_LOOP('',(#9382,#9383,#9384,#9385));
#1217=EDGE_LOOP('',(#9386,#9387,#9388,#9389));
#1218=EDGE_LOOP('',(#9390,#9391,#9392,#9393));
#1219=EDGE_LOOP('',(#9394,#9395,#9396,#9397));
#1220=EDGE_LOOP('',(#9398,#9399,#9400,#9401,#9402,#9403,#9404,#9405));
#1221=EDGE_LOOP('',(#9406,#9407,#9408,#9409));
#1222=EDGE_LOOP('',(#9410,#9411,#9412,#9413));
#1223=EDGE_LOOP('',(#9414,#9415,#9416,#9417));
#1224=EDGE_LOOP('',(#9418,#9419,#9420,#9421));
#1225=EDGE_LOOP('',(#9422,#9423,#9424,#9425));
#1226=EDGE_LOOP('',(#9426,#9427,#9428,#9429));
#1227=EDGE_LOOP('',(#9430,#9431,#9432,#9433));
#1228=EDGE_LOOP('',(#9434,#9435,#9436,#9437));
#1229=EDGE_LOOP('',(#9438,#9439,#9440,#9441));
#1230=EDGE_LOOP('',(#9442,#9443,#9444,#9445));
#1231=EDGE_LOOP('',(#9446,#9447,#9448,#9449));
#1232=EDGE_LOOP('',(#9450,#9451,#9452,#9453));
#1233=EDGE_LOOP('',(#9454,#9455,#9456,#9457));
#1234=EDGE_LOOP('',(#9458,#9459,#9460,#9461));
#1235=EDGE_LOOP('',(#9462,#9463,#9464,#9465));
#1236=EDGE_LOOP('',(#9466,#9467,#9468,#9469));
#1237=EDGE_LOOP('',(#9470,#9471,#9472,#9473));
#1238=EDGE_LOOP('',(#9474,#9475,#9476,#9477));
#1239=EDGE_LOOP('',(#9478,#9479,#9480,#9481));
#1240=EDGE_LOOP('',(#9482,#9483,#9484,#9485));
#1241=EDGE_LOOP('',(#9486,#9487,#9488,#9489));
#1242=EDGE_LOOP('',(#9490,#9491,#9492,#9493));
#1243=EDGE_LOOP('',(#9494,#9495,#9496,#9497,#9498,#9499,#9500,#9501,#9502,
#9503,#9504,#9505));
#1244=EDGE_LOOP('',(#9506,#9507,#9508,#9509));
#1245=EDGE_LOOP('',(#9510,#9511,#9512,#9513));
#1246=EDGE_LOOP('',(#9514,#9515,#9516,#9517));
#1247=EDGE_LOOP('',(#9518,#9519,#9520,#9521));
#1248=EDGE_LOOP('',(#9522,#9523,#9524,#9525));
#1249=EDGE_LOOP('',(#9526,#9527,#9528,#9529));
#1250=EDGE_LOOP('',(#9530,#9531,#9532,#9533));
#1251=EDGE_LOOP('',(#9534,#9535,#9536,#9537));
#1252=EDGE_LOOP('',(#9538,#9539,#9540,#9541));
#1253=EDGE_LOOP('',(#9542,#9543,#9544,#9545));
#1254=EDGE_LOOP('',(#9546,#9547,#9548,#9549));
#1255=EDGE_LOOP('',(#9550,#9551,#9552,#9553));
#1256=EDGE_LOOP('',(#9554,#9555,#9556,#9557));
#1257=EDGE_LOOP('',(#9558,#9559,#9560,#9561));
#1258=EDGE_LOOP('',(#9562,#9563,#9564,#9565));
#1259=EDGE_LOOP('',(#9566,#9567,#9568,#9569));
#1260=EDGE_LOOP('',(#9570,#9571,#9572,#9573));
#1261=EDGE_LOOP('',(#9574,#9575,#9576,#9577));
#1262=EDGE_LOOP('',(#9578,#9579,#9580,#9581));
#1263=EDGE_LOOP('',(#9582,#9583,#9584,#9585));
#1264=EDGE_LOOP('',(#9586,#9587,#9588,#9589));
#1265=EDGE_LOOP('',(#9590,#9591,#9592,#9593));
#1266=EDGE_LOOP('',(#9594,#9595,#9596,#9597));
#1267=EDGE_LOOP('',(#9598,#9599,#9600,#9601));
#1268=EDGE_LOOP('',(#9602,#9603,#9604,#9605));
#1269=EDGE_LOOP('',(#9606,#9607,#9608,#9609));
#1270=EDGE_LOOP('',(#9610,#9611,#9612,#9613));
#1271=EDGE_LOOP('',(#9614,#9615,#9616,#9617));
#1272=EDGE_LOOP('',(#9618,#9619,#9620,#9621));
#1273=EDGE_LOOP('',(#9622,#9623,#9624,#9625));
#1274=EDGE_LOOP('',(#9626,#9627,#9628,#9629));
#1275=EDGE_LOOP('',(#9630,#9631,#9632,#9633));
#1276=EDGE_LOOP('',(#9634,#9635,#9636,#9637));
#1277=EDGE_LOOP('',(#9638,#9639,#9640,#9641));
#1278=EDGE_LOOP('',(#9642,#9643,#9644,#9645));
#1279=EDGE_LOOP('',(#9646,#9647,#9648,#9649));
#1280=EDGE_LOOP('',(#9650,#9651,#9652,#9653));
#1281=EDGE_LOOP('',(#9654,#9655,#9656,#9657));
#1282=EDGE_LOOP('',(#9658,#9659,#9660,#9661,#9662,#9663,#9664,#9665,#9666,
#9667,#9668,#9669,#9670,#9671,#9672,#9673,#9674,#9675,#9676,#9677,#9678,
#9679,#9680,#9681,#9682,#9683,#9684,#9685,#9686,#9687,#9688,#9689));
#1283=EDGE_LOOP('',(#9690,#9691,#9692,#9693,#9694,#9695));
#1284=EDGE_LOOP('',(#9696,#9697,#9698,#9699));
#1285=EDGE_LOOP('',(#9700,#9701,#9702,#9703,#9704,#9705));
#1286=EDGE_LOOP('',(#9706,#9707,#9708,#9709));
#1287=EDGE_LOOP('',(#9710,#9711,#9712,#9713));
#1288=EDGE_LOOP('',(#9714,#9715,#9716,#9717));
#1289=EDGE_LOOP('',(#9718,#9719,#9720,#9721));
#1290=EDGE_LOOP('',(#9722,#9723,#9724,#9725));
#1291=EDGE_LOOP('',(#9726,#9727,#9728,#9729));
#1292=EDGE_LOOP('',(#9730,#9731,#9732,#9733,#9734,#9735,#9736,#9737,#9738,
#9739,#9740,#9741,#9742,#9743,#9744,#9745,#9746,#9747,#9748,#9749,#9750,
#9751,#9752,#9753,#9754,#9755,#9756,#9757,#9758,#9759,#9760,#9761,#9762,
#9763,#9764,#9765,#9766,#9767,#9768,#9769,#9770,#9771,#9772,#9773));
#1293=EDGE_LOOP('',(#9774,#9775,#9776,#9777));
#1294=EDGE_LOOP('',(#9778,#9779,#9780,#9781));
#1295=EDGE_LOOP('',(#9782,#9783,#9784,#9785,#9786,#9787,#9788,#9789,#9790,
#9791,#9792,#9793));
#1296=EDGE_LOOP('',(#9794,#9795,#9796,#9797,#9798,#9799,#9800,#9801));
#1297=EDGE_LOOP('',(#9802,#9803,#9804,#9805));
#1298=EDGE_LOOP('',(#9806,#9807,#9808,#9809));
#1299=EDGE_LOOP('',(#9810,#9811,#9812,#9813));
#1300=EDGE_LOOP('',(#9814,#9815,#9816,#9817));
#1301=EDGE_LOOP('',(#9818,#9819,#9820,#9821));
#1302=EDGE_LOOP('',(#9822,#9823,#9824,#9825));
#1303=EDGE_LOOP('',(#9826,#9827,#9828,#9829));
#1304=EDGE_LOOP('',(#9830,#9831,#9832,#9833));
#1305=EDGE_LOOP('',(#9834,#9835,#9836,#9837));
#1306=EDGE_LOOP('',(#9838,#9839,#9840,#9841));
#1307=EDGE_LOOP('',(#9842,#9843,#9844,#9845));
#1308=EDGE_LOOP('',(#9846,#9847,#9848,#9849));
#1309=EDGE_LOOP('',(#9850,#9851,#9852,#9853));
#1310=EDGE_LOOP('',(#9854,#9855,#9856,#9857,#9858,#9859,#9860,#9861,#9862,
#9863,#9864,#9865,#9866,#9867,#9868,#9869,#9870,#9871));
#1311=EDGE_LOOP('',(#9872));
#1312=EDGE_LOOP('',(#9873,#9874,#9875,#9876));
#1313=EDGE_LOOP('',(#9877,#9878,#9879,#9880));
#1314=EDGE_LOOP('',(#9881,#9882,#9883,#9884,#9885,#9886,#9887,#9888,#9889,
#9890,#9891,#9892,#9893,#9894,#9895,#9896,#9897,#9898,#9899,#9900,#9901,
#9902,#9903,#9904,#9905,#9906,#9907,#9908,#9909,#9910,#9911,#9912,#9913,
#9914,#9915,#9916,#9917,#9918,#9919,#9920,#9921,#9922,#9923,#9924,#9925,
#9926,#9927,#9928,#9929,#9930,#9931,#9932,#9933,#9934,#9935,#9936,#9937,
#9938,#9939,#9940,#9941,#9942,#9943,#9944,#9945,#9946,#9947,#9948,#9949,
#9950,#9951,#9952,#9953,#9954,#9955,#9956,#9957,#9958,#9959,#9960,#9961,
#9962,#9963,#9964,#9965,#9966,#9967,#9968,#9969,#9970,#9971,#9972));
#1315=EDGE_LOOP('',(#9973,#9974,#9975,#9976,#9977,#9978,#9979,#9980,#9981,
#9982,#9983,#9984));
#1316=EDGE_LOOP('',(#9985,#9986,#9987,#9988,#9989,#9990,#9991,#9992));
#1317=EDGE_LOOP('',(#9993,#9994,#9995,#9996,#9997,#9998,#9999,#10000));
#1318=EDGE_LOOP('',(#10001,#10002,#10003,#10004,#10005,#10006,#10007,#10008,
#10009,#10010,#10011,#10012,#10013,#10014,#10015,#10016));
#1319=EDGE_LOOP('',(#10017,#10018,#10019,#10020));
#1320=EDGE_LOOP('',(#10021,#10022,#10023,#10024));
#1321=EDGE_LOOP('',(#10025,#10026,#10027,#10028,#10029,#10030));
#1322=EDGE_LOOP('',(#10031,#10032,#10033,#10034));
#1323=EDGE_LOOP('',(#10035,#10036,#10037,#10038));
#1324=EDGE_LOOP('',(#10039,#10040,#10041,#10042));
#1325=EDGE_LOOP('',(#10043,#10044,#10045,#10046));
#1326=EDGE_LOOP('',(#10047,#10048,#10049,#10050));
#1327=EDGE_LOOP('',(#10051,#10052,#10053,#10054,#10055,#10056));
#1328=EDGE_LOOP('',(#10057,#10058,#10059,#10060));
#1329=EDGE_LOOP('',(#10061,#10062,#10063,#10064));
#1330=EDGE_LOOP('',(#10065,#10066,#10067,#10068));
#1331=EDGE_LOOP('',(#10069,#10070,#10071,#10072));
#1332=EDGE_LOOP('',(#10073,#10074,#10075,#10076));
#1333=EDGE_LOOP('',(#10077,#10078,#10079,#10080));
#1334=EDGE_LOOP('',(#10081,#10082,#10083,#10084));
#1335=EDGE_LOOP('',(#10085,#10086,#10087,#10088));
#1336=EDGE_LOOP('',(#10089,#10090,#10091,#10092));
#1337=EDGE_LOOP('',(#10093,#10094,#10095,#10096));
#1338=EDGE_LOOP('',(#10097,#10098,#10099,#10100));
#1339=EDGE_LOOP('',(#10101,#10102,#10103,#10104));
#1340=EDGE_LOOP('',(#10105,#10106,#10107,#10108));
#1341=EDGE_LOOP('',(#10109,#10110,#10111,#10112));
#1342=EDGE_LOOP('',(#10113,#10114,#10115,#10116));
#1343=EDGE_LOOP('',(#10117,#10118,#10119,#10120));
#1344=EDGE_LOOP('',(#10121,#10122,#10123,#10124));
#1345=EDGE_LOOP('',(#10125,#10126,#10127,#10128));
#1346=EDGE_LOOP('',(#10129,#10130,#10131,#10132));
#1347=EDGE_LOOP('',(#10133,#10134,#10135,#10136));
#1348=EDGE_LOOP('',(#10137,#10138,#10139,#10140));
#1349=EDGE_LOOP('',(#10141,#10142,#10143,#10144));
#1350=EDGE_LOOP('',(#10145,#10146,#10147,#10148));
#1351=EDGE_LOOP('',(#10149,#10150,#10151,#10152));
#1352=EDGE_LOOP('',(#10153,#10154,#10155,#10156));
#1353=EDGE_LOOP('',(#10157,#10158,#10159,#10160));
#1354=EDGE_LOOP('',(#10161,#10162,#10163,#10164));
#1355=EDGE_LOOP('',(#10165,#10166,#10167,#10168));
#1356=EDGE_LOOP('',(#10169,#10170,#10171,#10172));
#1357=EDGE_LOOP('',(#10173,#10174,#10175,#10176));
#1358=EDGE_LOOP('',(#10177,#10178,#10179,#10180));
#1359=EDGE_LOOP('',(#10181,#10182,#10183,#10184));
#1360=EDGE_LOOP('',(#10185,#10186,#10187,#10188));
#1361=EDGE_LOOP('',(#10189,#10190,#10191,#10192));
#1362=EDGE_LOOP('',(#10193,#10194,#10195,#10196));
#1363=EDGE_LOOP('',(#10197,#10198,#10199,#10200));
#1364=EDGE_LOOP('',(#10201,#10202,#10203,#10204));
#1365=EDGE_LOOP('',(#10205,#10206,#10207,#10208));
#1366=EDGE_LOOP('',(#10209,#10210,#10211,#10212));
#1367=EDGE_LOOP('',(#10213,#10214,#10215,#10216));
#1368=EDGE_LOOP('',(#10217,#10218,#10219,#10220));
#1369=EDGE_LOOP('',(#10221,#10222,#10223,#10224));
#1370=EDGE_LOOP('',(#10225,#10226,#10227,#10228));
#1371=EDGE_LOOP('',(#10229,#10230,#10231,#10232));
#1372=EDGE_LOOP('',(#10233,#10234,#10235,#10236));
#1373=EDGE_LOOP('',(#10237,#10238,#10239,#10240));
#1374=EDGE_LOOP('',(#10241,#10242,#10243,#10244));
#1375=EDGE_LOOP('',(#10245,#10246,#10247,#10248));
#1376=EDGE_LOOP('',(#10249,#10250,#10251,#10252));
#1377=EDGE_LOOP('',(#10253,#10254,#10255,#10256));
#1378=EDGE_LOOP('',(#10257,#10258,#10259,#10260));
#1379=EDGE_LOOP('',(#10261,#10262,#10263,#10264));
#1380=EDGE_LOOP('',(#10265,#10266,#10267,#10268));
#1381=EDGE_LOOP('',(#10269,#10270,#10271,#10272));
#1382=EDGE_LOOP('',(#10273,#10274,#10275,#10276));
#1383=EDGE_LOOP('',(#10277,#10278,#10279,#10280));
#1384=EDGE_LOOP('',(#10281,#10282,#10283,#10284));
#1385=EDGE_LOOP('',(#10285,#10286,#10287,#10288));
#1386=EDGE_LOOP('',(#10289,#10290,#10291,#10292));
#1387=EDGE_LOOP('',(#10293,#10294,#10295,#10296));
#1388=EDGE_LOOP('',(#10297,#10298,#10299,#10300));
#1389=EDGE_LOOP('',(#10301,#10302,#10303,#10304));
#1390=EDGE_LOOP('',(#10305,#10306,#10307,#10308));
#1391=EDGE_LOOP('',(#10309,#10310,#10311,#10312));
#1392=EDGE_LOOP('',(#10313,#10314,#10315,#10316));
#1393=EDGE_LOOP('',(#10317,#10318,#10319,#10320));
#1394=EDGE_LOOP('',(#10321,#10322,#10323,#10324));
#1395=EDGE_LOOP('',(#10325,#10326,#10327,#10328));
#1396=EDGE_LOOP('',(#10329,#10330,#10331,#10332));
#1397=EDGE_LOOP('',(#10333,#10334,#10335,#10336));
#1398=EDGE_LOOP('',(#10337,#10338,#10339,#10340));
#1399=EDGE_LOOP('',(#10341,#10342,#10343,#10344));
#1400=EDGE_LOOP('',(#10345,#10346,#10347,#10348));
#1401=EDGE_LOOP('',(#10349,#10350,#10351,#10352));
#1402=EDGE_LOOP('',(#10353,#10354,#10355,#10356,#10357,#10358));
#1403=EDGE_LOOP('',(#10359,#10360,#10361,#10362));
#1404=EDGE_LOOP('',(#10363,#10364,#10365,#10366));
#1405=EDGE_LOOP('',(#10367,#10368,#10369,#10370));
#1406=EDGE_LOOP('',(#10371,#10372,#10373,#10374));
#1407=EDGE_LOOP('',(#10375,#10376,#10377,#10378));
#1408=EDGE_LOOP('',(#10379,#10380,#10381,#10382));
#1409=EDGE_LOOP('',(#10383,#10384,#10385,#10386));
#1410=EDGE_LOOP('',(#10387,#10388,#10389,#10390));
#1411=EDGE_LOOP('',(#10391,#10392,#10393,#10394));
#1412=EDGE_LOOP('',(#10395,#10396,#10397,#10398));
#1413=EDGE_LOOP('',(#10399,#10400,#10401,#10402));
#1414=EDGE_LOOP('',(#10403,#10404,#10405,#10406));
#1415=EDGE_LOOP('',(#10407,#10408,#10409,#10410));
#1416=EDGE_LOOP('',(#10411,#10412,#10413,#10414));
#1417=EDGE_LOOP('',(#10415,#10416,#10417,#10418));
#1418=EDGE_LOOP('',(#10419,#10420,#10421,#10422));
#1419=EDGE_LOOP('',(#10423,#10424,#10425,#10426));
#1420=EDGE_LOOP('',(#10427,#10428,#10429,#10430));
#1421=EDGE_LOOP('',(#10431,#10432,#10433,#10434));
#1422=EDGE_LOOP('',(#10435,#10436,#10437,#10438));
#1423=EDGE_LOOP('',(#10439,#10440,#10441,#10442));
#1424=EDGE_LOOP('',(#10443,#10444,#10445,#10446));
#1425=EDGE_LOOP('',(#10447,#10448,#10449,#10450));
#1426=EDGE_LOOP('',(#10451,#10452,#10453,#10454));
#1427=EDGE_LOOP('',(#10455,#10456,#10457,#10458,#10459,#10460));
#1428=EDGE_LOOP('',(#10461,#10462,#10463,#10464));
#1429=EDGE_LOOP('',(#10465,#10466,#10467,#10468));
#1430=EDGE_LOOP('',(#10469,#10470,#10471,#10472));
#1431=EDGE_LOOP('',(#10473,#10474,#10475,#10476));
#1432=EDGE_LOOP('',(#10477,#10478,#10479,#10480));
#1433=EDGE_LOOP('',(#10481,#10482,#10483,#10484));
#1434=EDGE_LOOP('',(#10485,#10486,#10487,#10488));
#1435=EDGE_LOOP('',(#10489,#10490,#10491,#10492));
#1436=EDGE_LOOP('',(#10493,#10494,#10495,#10496));
#1437=EDGE_LOOP('',(#10497,#10498,#10499,#10500));
#1438=EDGE_LOOP('',(#10501,#10502,#10503,#10504));
#1439=EDGE_LOOP('',(#10505,#10506,#10507,#10508));
#1440=EDGE_LOOP('',(#10509,#10510,#10511,#10512));
#1441=EDGE_LOOP('',(#10513,#10514,#10515,#10516));
#1442=EDGE_LOOP('',(#10517,#10518,#10519,#10520));
#1443=EDGE_LOOP('',(#10521,#10522,#10523,#10524));
#1444=EDGE_LOOP('',(#10525,#10526,#10527,#10528));
#1445=EDGE_LOOP('',(#10529,#10530,#10531,#10532));
#1446=EDGE_LOOP('',(#10533,#10534,#10535,#10536));
#1447=EDGE_LOOP('',(#10537,#10538,#10539,#10540));
#1448=EDGE_LOOP('',(#10541,#10542,#10543,#10544));
#1449=EDGE_LOOP('',(#10545,#10546,#10547,#10548));
#1450=EDGE_LOOP('',(#10549,#10550,#10551,#10552));
#1451=EDGE_LOOP('',(#10553,#10554,#10555,#10556));
#1452=EDGE_LOOP('',(#10557,#10558,#10559,#10560));
#1453=EDGE_LOOP('',(#10561,#10562,#10563,#10564));
#1454=EDGE_LOOP('',(#10565,#10566,#10567,#10568));
#1455=EDGE_LOOP('',(#10569,#10570,#10571,#10572));
#1456=EDGE_LOOP('',(#10573,#10574,#10575,#10576));
#1457=EDGE_LOOP('',(#10577,#10578,#10579,#10580));
#1458=EDGE_LOOP('',(#10581,#10582,#10583,#10584));
#1459=EDGE_LOOP('',(#10585,#10586,#10587,#10588));
#1460=EDGE_LOOP('',(#10589,#10590,#10591,#10592));
#1461=EDGE_LOOP('',(#10593,#10594,#10595,#10596));
#1462=EDGE_LOOP('',(#10597,#10598,#10599,#10600));
#1463=EDGE_LOOP('',(#10601,#10602,#10603,#10604));
#1464=EDGE_LOOP('',(#10605,#10606,#10607,#10608));
#1465=EDGE_LOOP('',(#10609,#10610,#10611,#10612));
#1466=EDGE_LOOP('',(#10613,#10614,#10615,#10616));
#1467=EDGE_LOOP('',(#10617,#10618,#10619,#10620));
#1468=EDGE_LOOP('',(#10621,#10622,#10623,#10624));
#1469=EDGE_LOOP('',(#10625,#10626,#10627,#10628));
#1470=EDGE_LOOP('',(#10629,#10630,#10631,#10632));
#1471=EDGE_LOOP('',(#10633,#10634,#10635,#10636));
#1472=EDGE_LOOP('',(#10637,#10638,#10639,#10640));
#1473=EDGE_LOOP('',(#10641,#10642,#10643,#10644));
#1474=EDGE_LOOP('',(#10645,#10646,#10647,#10648));
#1475=EDGE_LOOP('',(#10649,#10650,#10651,#10652));
#1476=LINE('',#15657,#3093);
#1477=LINE('',#15659,#3094);
#1478=LINE('',#15661,#3095);
#1479=LINE('',#15662,#3096);
#1480=LINE('',#15665,#3097);
#1481=LINE('',#15667,#3098);
#1482=LINE('',#15668,#3099);
#1483=LINE('',#15671,#3100);
#1484=LINE('',#15673,#3101);
#1485=LINE('',#15674,#3102);
#1486=LINE('',#15676,#3103);
#1487=LINE('',#15677,#3104);
#1488=LINE('',#15681,#3105);
#1489=LINE('',#15683,#3106);
#1490=LINE('',#15685,#3107);
#1491=LINE('',#15686,#3108);
#1492=LINE('',#15689,#3109);
#1493=LINE('',#15691,#3110);
#1494=LINE('',#15692,#3111);
#1495=LINE('',#15695,#3112);
#1496=LINE('',#15697,#3113);
#1497=LINE('',#15698,#3114);
#1498=LINE('',#15701,#3115);
#1499=LINE('',#15703,#3116);
#1500=LINE('',#15704,#3117);
#1501=LINE('',#15707,#3118);
#1502=LINE('',#15709,#3119);
#1503=LINE('',#15710,#3120);
#1504=LINE('',#15713,#3121);
#1505=LINE('',#15715,#3122);
#1506=LINE('',#15716,#3123);
#1507=LINE('',#15719,#3124);
#1508=LINE('',#15721,#3125);
#1509=LINE('',#15722,#3126);
#1510=LINE('',#15725,#3127);
#1511=LINE('',#15727,#3128);
#1512=LINE('',#15728,#3129);
#1513=LINE('',#15731,#3130);
#1514=LINE('',#15733,#3131);
#1515=LINE('',#15734,#3132);
#1516=LINE('',#15737,#3133);
#1517=LINE('',#15739,#3134);
#1518=LINE('',#15740,#3135);
#1519=LINE('',#15743,#3136);
#1520=LINE('',#15745,#3137);
#1521=LINE('',#15746,#3138);
#1522=LINE('',#15749,#3139);
#1523=LINE('',#15751,#3140);
#1524=LINE('',#15752,#3141);
#1525=LINE('',#15755,#3142);
#1526=LINE('',#15757,#3143);
#1527=LINE('',#15758,#3144);
#1528=LINE('',#15760,#3145);
#1529=LINE('',#15761,#3146);
#1530=LINE('',#15766,#3147);
#1531=LINE('',#15768,#3148);
#1532=LINE('',#15770,#3149);
#1533=LINE('',#15771,#3150);
#1534=LINE('',#15774,#3151);
#1535=LINE('',#15776,#3152);
#1536=LINE('',#15777,#3153);
#1537=LINE('',#15780,#3154);
#1538=LINE('',#15782,#3155);
#1539=LINE('',#15783,#3156);
#1540=LINE('',#15786,#3157);
#1541=LINE('',#15788,#3158);
#1542=LINE('',#15789,#3159);
#1543=LINE('',#15792,#3160);
#1544=LINE('',#15794,#3161);
#1545=LINE('',#15795,#3162);
#1546=LINE('',#15798,#3163);
#1547=LINE('',#15800,#3164);
#1548=LINE('',#15801,#3165);
#1549=LINE('',#15804,#3166);
#1550=LINE('',#15806,#3167);
#1551=LINE('',#15807,#3168);
#1552=LINE('',#15810,#3169);
#1553=LINE('',#15812,#3170);
#1554=LINE('',#15813,#3171);
#1555=LINE('',#15816,#3172);
#1556=LINE('',#15818,#3173);
#1557=LINE('',#15819,#3174);
#1558=LINE('',#15822,#3175);
#1559=LINE('',#15824,#3176);
#1560=LINE('',#15825,#3177);
#1561=LINE('',#15828,#3178);
#1562=LINE('',#15830,#3179);
#1563=LINE('',#15831,#3180);
#1564=LINE('',#15834,#3181);
#1565=LINE('',#15836,#3182);
#1566=LINE('',#15837,#3183);
#1567=LINE('',#15840,#3184);
#1568=LINE('',#15842,#3185);
#1569=LINE('',#15843,#3186);
#1570=LINE('',#15846,#3187);
#1571=LINE('',#15848,#3188);
#1572=LINE('',#15849,#3189);
#1573=LINE('',#15852,#3190);
#1574=LINE('',#15854,#3191);
#1575=LINE('',#15855,#3192);
#1576=LINE('',#15857,#3193);
#1577=LINE('',#15858,#3194);
#1578=LINE('',#15863,#3195);
#1579=LINE('',#15865,#3196);
#1580=LINE('',#15867,#3197);
#1581=LINE('',#15868,#3198);
#1582=LINE('',#15871,#3199);
#1583=LINE('',#15873,#3200);
#1584=LINE('',#15874,#3201);
#1585=LINE('',#15877,#3202);
#1586=LINE('',#15879,#3203);
#1587=LINE('',#15880,#3204);
#1588=LINE('',#15883,#3205);
#1589=LINE('',#15885,#3206);
#1590=LINE('',#15886,#3207);
#1591=LINE('',#15889,#3208);
#1592=LINE('',#15891,#3209);
#1593=LINE('',#15892,#3210);
#1594=LINE('',#15895,#3211);
#1595=LINE('',#15897,#3212);
#1596=LINE('',#15898,#3213);
#1597=LINE('',#15901,#3214);
#1598=LINE('',#15903,#3215);
#1599=LINE('',#15904,#3216);
#1600=LINE('',#15907,#3217);
#1601=LINE('',#15909,#3218);
#1602=LINE('',#15910,#3219);
#1603=LINE('',#15913,#3220);
#1604=LINE('',#15915,#3221);
#1605=LINE('',#15916,#3222);
#1606=LINE('',#15919,#3223);
#1607=LINE('',#15921,#3224);
#1608=LINE('',#15922,#3225);
#1609=LINE('',#15925,#3226);
#1610=LINE('',#15927,#3227);
#1611=LINE('',#15928,#3228);
#1612=LINE('',#15931,#3229);
#1613=LINE('',#15933,#3230);
#1614=LINE('',#15934,#3231);
#1615=LINE('',#15937,#3232);
#1616=LINE('',#15939,#3233);
#1617=LINE('',#15940,#3234);
#1618=LINE('',#15943,#3235);
#1619=LINE('',#15945,#3236);
#1620=LINE('',#15946,#3237);
#1621=LINE('',#15949,#3238);
#1622=LINE('',#15951,#3239);
#1623=LINE('',#15952,#3240);
#1624=LINE('',#15955,#3241);
#1625=LINE('',#15957,#3242);
#1626=LINE('',#15958,#3243);
#1627=LINE('',#15961,#3244);
#1628=LINE('',#15963,#3245);
#1629=LINE('',#15964,#3246);
#1630=LINE('',#15967,#3247);
#1631=LINE('',#15969,#3248);
#1632=LINE('',#15970,#3249);
#1633=LINE('',#15973,#3250);
#1634=LINE('',#15975,#3251);
#1635=LINE('',#15976,#3252);
#1636=LINE('',#15979,#3253);
#1637=LINE('',#15981,#3254);
#1638=LINE('',#15982,#3255);
#1639=LINE('',#15985,#3256);
#1640=LINE('',#15987,#3257);
#1641=LINE('',#15988,#3258);
#1642=LINE('',#15991,#3259);
#1643=LINE('',#15993,#3260);
#1644=LINE('',#15994,#3261);
#1645=LINE('',#15997,#3262);
#1646=LINE('',#15999,#3263);
#1647=LINE('',#16000,#3264);
#1648=LINE('',#16003,#3265);
#1649=LINE('',#16005,#3266);
#1650=LINE('',#16006,#3267);
#1651=LINE('',#16009,#3268);
#1652=LINE('',#16011,#3269);
#1653=LINE('',#16012,#3270);
#1654=LINE('',#16015,#3271);
#1655=LINE('',#16017,#3272);
#1656=LINE('',#16018,#3273);
#1657=LINE('',#16021,#3274);
#1658=LINE('',#16023,#3275);
#1659=LINE('',#16024,#3276);
#1660=LINE('',#16026,#3277);
#1661=LINE('',#16027,#3278);
#1662=LINE('',#16032,#3279);
#1663=LINE('',#16034,#3280);
#1664=LINE('',#16036,#3281);
#1665=LINE('',#16037,#3282);
#1666=LINE('',#16040,#3283);
#1667=LINE('',#16042,#3284);
#1668=LINE('',#16043,#3285);
#1669=LINE('',#16046,#3286);
#1670=LINE('',#16048,#3287);
#1671=LINE('',#16049,#3288);
#1672=LINE('',#16052,#3289);
#1673=LINE('',#16054,#3290);
#1674=LINE('',#16055,#3291);
#1675=LINE('',#16058,#3292);
#1676=LINE('',#16060,#3293);
#1677=LINE('',#16061,#3294);
#1678=LINE('',#16064,#3295);
#1679=LINE('',#16066,#3296);
#1680=LINE('',#16067,#3297);
#1681=LINE('',#16070,#3298);
#1682=LINE('',#16072,#3299);
#1683=LINE('',#16073,#3300);
#1684=LINE('',#16076,#3301);
#1685=LINE('',#16078,#3302);
#1686=LINE('',#16079,#3303);
#1687=LINE('',#16082,#3304);
#1688=LINE('',#16084,#3305);
#1689=LINE('',#16085,#3306);
#1690=LINE('',#16087,#3307);
#1691=LINE('',#16088,#3308);
#1692=LINE('',#16093,#3309);
#1693=LINE('',#16095,#3310);
#1694=LINE('',#16097,#3311);
#1695=LINE('',#16098,#3312);
#1696=LINE('',#16101,#3313);
#1697=LINE('',#16103,#3314);
#1698=LINE('',#16104,#3315);
#1699=LINE('',#16107,#3316);
#1700=LINE('',#16109,#3317);
#1701=LINE('',#16110,#3318);
#1702=LINE('',#16112,#3319);
#1703=LINE('',#16113,#3320);
#1704=LINE('',#16117,#3321);
#1705=LINE('',#16119,#3322);
#1706=LINE('',#16121,#3323);
#1707=LINE('',#16122,#3324);
#1708=LINE('',#16125,#3325);
#1709=LINE('',#16127,#3326);
#1710=LINE('',#16128,#3327);
#1711=LINE('',#16131,#3328);
#1712=LINE('',#16133,#3329);
#1713=LINE('',#16134,#3330);
#1714=LINE('',#16137,#3331);
#1715=LINE('',#16139,#3332);
#1716=LINE('',#16140,#3333);
#1717=LINE('',#16143,#3334);
#1718=LINE('',#16145,#3335);
#1719=LINE('',#16146,#3336);
#1720=LINE('',#16149,#3337);
#1721=LINE('',#16151,#3338);
#1722=LINE('',#16152,#3339);
#1723=LINE('',#16155,#3340);
#1724=LINE('',#16157,#3341);
#1725=LINE('',#16158,#3342);
#1726=LINE('',#16161,#3343);
#1727=LINE('',#16163,#3344);
#1728=LINE('',#16164,#3345);
#1729=LINE('',#16167,#3346);
#1730=LINE('',#16169,#3347);
#1731=LINE('',#16170,#3348);
#1732=LINE('',#16172,#3349);
#1733=LINE('',#16173,#3350);
#1734=LINE('',#16178,#3351);
#1735=LINE('',#16180,#3352);
#1736=LINE('',#16182,#3353);
#1737=LINE('',#16183,#3354);
#1738=LINE('',#16186,#3355);
#1739=LINE('',#16188,#3356);
#1740=LINE('',#16189,#3357);
#1741=LINE('',#16192,#3358);
#1742=LINE('',#16194,#3359);
#1743=LINE('',#16195,#3360);
#1744=LINE('',#16198,#3361);
#1745=LINE('',#16200,#3362);
#1746=LINE('',#16201,#3363);
#1747=LINE('',#16204,#3364);
#1748=LINE('',#16206,#3365);
#1749=LINE('',#16207,#3366);
#1750=LINE('',#16210,#3367);
#1751=LINE('',#16212,#3368);
#1752=LINE('',#16213,#3369);
#1753=LINE('',#16216,#3370);
#1754=LINE('',#16218,#3371);
#1755=LINE('',#16219,#3372);
#1756=LINE('',#16221,#3373);
#1757=LINE('',#16222,#3374);
#1758=LINE('',#16227,#3375);
#1759=LINE('',#16229,#3376);
#1760=LINE('',#16231,#3377);
#1761=LINE('',#16232,#3378);
#1762=LINE('',#16235,#3379);
#1763=LINE('',#16237,#3380);
#1764=LINE('',#16238,#3381);
#1765=LINE('',#16241,#3382);
#1766=LINE('',#16243,#3383);
#1767=LINE('',#16244,#3384);
#1768=LINE('',#16246,#3385);
#1769=LINE('',#16247,#3386);
#1770=LINE('',#16251,#3387);
#1771=LINE('',#16253,#3388);
#1772=LINE('',#16255,#3389);
#1773=LINE('',#16256,#3390);
#1774=LINE('',#16259,#3391);
#1775=LINE('',#16261,#3392);
#1776=LINE('',#16262,#3393);
#1777=LINE('',#16265,#3394);
#1778=LINE('',#16267,#3395);
#1779=LINE('',#16268,#3396);
#1780=LINE('',#16271,#3397);
#1781=LINE('',#16273,#3398);
#1782=LINE('',#16274,#3399);
#1783=LINE('',#16277,#3400);
#1784=LINE('',#16279,#3401);
#1785=LINE('',#16280,#3402);
#1786=LINE('',#16283,#3403);
#1787=LINE('',#16285,#3404);
#1788=LINE('',#16286,#3405);
#1789=LINE('',#16289,#3406);
#1790=LINE('',#16291,#3407);
#1791=LINE('',#16292,#3408);
#1792=LINE('',#16295,#3409);
#1793=LINE('',#16297,#3410);
#1794=LINE('',#16298,#3411);
#1795=LINE('',#16301,#3412);
#1796=LINE('',#16303,#3413);
#1797=LINE('',#16304,#3414);
#1798=LINE('',#16307,#3415);
#1799=LINE('',#16309,#3416);
#1800=LINE('',#16310,#3417);
#1801=LINE('',#16313,#3418);
#1802=LINE('',#16315,#3419);
#1803=LINE('',#16316,#3420);
#1804=LINE('',#16319,#3421);
#1805=LINE('',#16321,#3422);
#1806=LINE('',#16322,#3423);
#1807=LINE('',#16325,#3424);
#1808=LINE('',#16327,#3425);
#1809=LINE('',#16328,#3426);
#1810=LINE('',#16330,#3427);
#1811=LINE('',#16331,#3428);
#1812=LINE('',#16336,#3429);
#1813=LINE('',#16338,#3430);
#1814=LINE('',#16340,#3431);
#1815=LINE('',#16341,#3432);
#1816=LINE('',#16344,#3433);
#1817=LINE('',#16346,#3434);
#1818=LINE('',#16347,#3435);
#1819=LINE('',#16350,#3436);
#1820=LINE('',#16352,#3437);
#1821=LINE('',#16353,#3438);
#1822=LINE('',#16355,#3439);
#1823=LINE('',#16356,#3440);
#1824=LINE('',#16360,#3441);
#1825=LINE('',#16362,#3442);
#1826=LINE('',#16364,#3443);
#1827=LINE('',#16365,#3444);
#1828=LINE('',#16368,#3445);
#1829=LINE('',#16370,#3446);
#1830=LINE('',#16371,#3447);
#1831=LINE('',#16374,#3448);
#1832=LINE('',#16376,#3449);
#1833=LINE('',#16377,#3450);
#1834=LINE('',#16380,#3451);
#1835=LINE('',#16382,#3452);
#1836=LINE('',#16383,#3453);
#1837=LINE('',#16386,#3454);
#1838=LINE('',#16388,#3455);
#1839=LINE('',#16389,#3456);
#1840=LINE('',#16392,#3457);
#1841=LINE('',#16394,#3458);
#1842=LINE('',#16395,#3459);
#1843=LINE('',#16398,#3460);
#1844=LINE('',#16400,#3461);
#1845=LINE('',#16401,#3462);
#1846=LINE('',#16404,#3463);
#1847=LINE('',#16406,#3464);
#1848=LINE('',#16407,#3465);
#1849=LINE('',#16410,#3466);
#1850=LINE('',#16412,#3467);
#1851=LINE('',#16413,#3468);
#1852=LINE('',#16416,#3469);
#1853=LINE('',#16418,#3470);
#1854=LINE('',#16419,#3471);
#1855=LINE('',#16422,#3472);
#1856=LINE('',#16424,#3473);
#1857=LINE('',#16425,#3474);
#1858=LINE('',#16427,#3475);
#1859=LINE('',#16428,#3476);
#1860=LINE('',#16433,#3477);
#1861=LINE('',#16435,#3478);
#1862=LINE('',#16437,#3479);
#1863=LINE('',#16438,#3480);
#1864=LINE('',#16441,#3481);
#1865=LINE('',#16443,#3482);
#1866=LINE('',#16444,#3483);
#1867=LINE('',#16447,#3484);
#1868=LINE('',#16449,#3485);
#1869=LINE('',#16450,#3486);
#1870=LINE('',#16453,#3487);
#1871=LINE('',#16455,#3488);
#1872=LINE('',#16456,#3489);
#1873=LINE('',#16459,#3490);
#1874=LINE('',#16461,#3491);
#1875=LINE('',#16462,#3492);
#1876=LINE('',#16465,#3493);
#1877=LINE('',#16467,#3494);
#1878=LINE('',#16468,#3495);
#1879=LINE('',#16471,#3496);
#1880=LINE('',#16473,#3497);
#1881=LINE('',#16474,#3498);
#1882=LINE('',#16477,#3499);
#1883=LINE('',#16479,#3500);
#1884=LINE('',#16480,#3501);
#1885=LINE('',#16483,#3502);
#1886=LINE('',#16485,#3503);
#1887=LINE('',#16486,#3504);
#1888=LINE('',#16489,#3505);
#1889=LINE('',#16491,#3506);
#1890=LINE('',#16492,#3507);
#1891=LINE('',#16495,#3508);
#1892=LINE('',#16497,#3509);
#1893=LINE('',#16498,#3510);
#1894=LINE('',#16500,#3511);
#1895=LINE('',#16501,#3512);
#1896=LINE('',#16506,#3513);
#1897=LINE('',#16508,#3514);
#1898=LINE('',#16510,#3515);
#1899=LINE('',#16511,#3516);
#1900=LINE('',#16514,#3517);
#1901=LINE('',#16516,#3518);
#1902=LINE('',#16517,#3519);
#1903=LINE('',#16520,#3520);
#1904=LINE('',#16522,#3521);
#1905=LINE('',#16523,#3522);
#1906=LINE('',#16524,#3523);
#1907=LINE('',#16526,#3524);
#1908=LINE('',#16527,#3525);
#1909=LINE('',#16532,#3526);
#1910=LINE('',#16534,#3527);
#1911=LINE('',#16536,#3528);
#1912=LINE('',#16537,#3529);
#1913=LINE('',#16539,#3530);
#1914=LINE('',#16540,#3531);
#1915=LINE('',#16543,#3532);
#1916=LINE('',#16545,#3533);
#1917=LINE('',#16546,#3534);
#1918=LINE('',#16549,#3535);
#1919=LINE('',#16551,#3536);
#1920=LINE('',#16552,#3537);
#1921=LINE('',#16555,#3538);
#1922=LINE('',#16557,#3539);
#1923=LINE('',#16558,#3540);
#1924=LINE('',#16561,#3541);
#1925=LINE('',#16563,#3542);
#1926=LINE('',#16564,#3543);
#1927=LINE('',#16567,#3544);
#1928=LINE('',#16569,#3545);
#1929=LINE('',#16570,#3546);
#1930=LINE('',#16572,#3547);
#1931=LINE('',#16573,#3548);
#1932=LINE('',#16578,#3549);
#1933=LINE('',#16580,#3550);
#1934=LINE('',#16582,#3551);
#1935=LINE('',#16583,#3552);
#1936=LINE('',#16586,#3553);
#1937=LINE('',#16588,#3554);
#1938=LINE('',#16589,#3555);
#1939=LINE('',#16592,#3556);
#1940=LINE('',#16594,#3557);
#1941=LINE('',#16595,#3558);
#1942=LINE('',#16598,#3559);
#1943=LINE('',#16600,#3560);
#1944=LINE('',#16601,#3561);
#1945=LINE('',#16604,#3562);
#1946=LINE('',#16606,#3563);
#1947=LINE('',#16607,#3564);
#1948=LINE('',#16610,#3565);
#1949=LINE('',#16612,#3566);
#1950=LINE('',#16613,#3567);
#1951=LINE('',#16616,#3568);
#1952=LINE('',#16618,#3569);
#1953=LINE('',#16619,#3570);
#1954=LINE('',#16622,#3571);
#1955=LINE('',#16624,#3572);
#1956=LINE('',#16625,#3573);
#1957=LINE('',#16628,#3574);
#1958=LINE('',#16630,#3575);
#1959=LINE('',#16631,#3576);
#1960=LINE('',#16634,#3577);
#1961=LINE('',#16636,#3578);
#1962=LINE('',#16637,#3579);
#1963=LINE('',#16640,#3580);
#1964=LINE('',#16642,#3581);
#1965=LINE('',#16643,#3582);
#1966=LINE('',#16646,#3583);
#1967=LINE('',#16648,#3584);
#1968=LINE('',#16649,#3585);
#1969=LINE('',#16652,#3586);
#1970=LINE('',#16654,#3587);
#1971=LINE('',#16655,#3588);
#1972=LINE('',#16658,#3589);
#1973=LINE('',#16660,#3590);
#1974=LINE('',#16661,#3591);
#1975=LINE('',#16664,#3592);
#1976=LINE('',#16666,#3593);
#1977=LINE('',#16667,#3594);
#1978=LINE('',#16670,#3595);
#1979=LINE('',#16672,#3596);
#1980=LINE('',#16673,#3597);
#1981=LINE('',#16676,#3598);
#1982=LINE('',#16678,#3599);
#1983=LINE('',#16679,#3600);
#1984=LINE('',#16682,#3601);
#1985=LINE('',#16684,#3602);
#1986=LINE('',#16685,#3603);
#1987=LINE('',#16688,#3604);
#1988=LINE('',#16690,#3605);
#1989=LINE('',#16691,#3606);
#1990=LINE('',#16693,#3607);
#1991=LINE('',#16694,#3608);
#1992=LINE('',#16699,#3609);
#1993=LINE('',#16701,#3610);
#1994=LINE('',#16703,#3611);
#1995=LINE('',#16704,#3612);
#1996=LINE('',#16707,#3613);
#1997=LINE('',#16709,#3614);
#1998=LINE('',#16710,#3615);
#1999=LINE('',#16713,#3616);
#2000=LINE('',#16715,#3617);
#2001=LINE('',#16716,#3618);
#2002=LINE('',#16719,#3619);
#2003=LINE('',#16721,#3620);
#2004=LINE('',#16722,#3621);
#2005=LINE('',#16725,#3622);
#2006=LINE('',#16727,#3623);
#2007=LINE('',#16728,#3624);
#2008=LINE('',#16731,#3625);
#2009=LINE('',#16733,#3626);
#2010=LINE('',#16734,#3627);
#2011=LINE('',#16737,#3628);
#2012=LINE('',#16739,#3629);
#2013=LINE('',#16740,#3630);
#2014=LINE('',#16742,#3631);
#2015=LINE('',#16743,#3632);
#2016=LINE('',#16748,#3633);
#2017=LINE('',#16750,#3634);
#2018=LINE('',#16752,#3635);
#2019=LINE('',#16756,#3636);
#2020=LINE('',#16758,#3637);
#2021=LINE('',#16760,#3638);
#2022=LINE('',#16764,#3639);
#2023=LINE('',#16766,#3640);
#2024=LINE('',#16768,#3641);
#2025=LINE('',#16772,#3642);
#2026=LINE('',#16774,#3643);
#2027=LINE('',#16776,#3644);
#2028=LINE('',#16786,#3645);
#2029=LINE('',#16788,#3646);
#2030=LINE('',#16790,#3647);
#2031=LINE('',#16791,#3648);
#2032=LINE('',#16796,#3649);
#2033=LINE('',#16801,#3650);
#2034=LINE('',#16802,#3651);
#2035=LINE('',#16803,#3652);
#2036=LINE('',#16806,#3653);
#2037=LINE('',#16808,#3654);
#2038=LINE('',#16810,#3655);
#2039=LINE('',#16811,#3656);
#2040=LINE('',#16815,#3657);
#2041=LINE('',#16817,#3658);
#2042=LINE('',#16819,#3659);
#2043=LINE('',#16820,#3660);
#2044=LINE('',#16825,#3661);
#2045=LINE('',#16829,#3662);
#2046=LINE('',#16830,#3663);
#2047=LINE('',#16831,#3664);
#2048=LINE('',#16834,#3665);
#2049=LINE('',#16836,#3666);
#2050=LINE('',#16838,#3667);
#2051=LINE('',#16839,#3668);
#2052=LINE('',#16843,#3669);
#2053=LINE('',#16845,#3670);
#2054=LINE('',#16847,#3671);
#2055=LINE('',#16848,#3672);
#2056=LINE('',#16853,#3673);
#2057=LINE('',#16857,#3674);
#2058=LINE('',#16858,#3675);
#2059=LINE('',#16859,#3676);
#2060=LINE('',#16862,#3677);
#2061=LINE('',#16864,#3678);
#2062=LINE('',#16866,#3679);
#2063=LINE('',#16867,#3680);
#2064=LINE('',#16871,#3681);
#2065=LINE('',#16873,#3682);
#2066=LINE('',#16875,#3683);
#2067=LINE('',#16876,#3684);
#2068=LINE('',#16881,#3685);
#2069=LINE('',#16885,#3686);
#2070=LINE('',#16886,#3687);
#2071=LINE('',#16887,#3688);
#2072=LINE('',#16891,#3689);
#2073=LINE('',#16892,#3690);
#2074=LINE('',#16894,#3691);
#2075=LINE('',#16895,#3692);
#2076=LINE('',#16898,#3693);
#2077=LINE('',#16900,#3694);
#2078=LINE('',#16901,#3695);
#2079=LINE('',#16904,#3696);
#2080=LINE('',#16906,#3697);
#2081=LINE('',#16907,#3698);
#2082=LINE('',#16910,#3699);
#2083=LINE('',#16912,#3700);
#2084=LINE('',#16913,#3701);
#2085=LINE('',#16916,#3702);
#2086=LINE('',#16918,#3703);
#2087=LINE('',#16919,#3704);
#2088=LINE('',#16922,#3705);
#2089=LINE('',#16924,#3706);
#2090=LINE('',#16925,#3707);
#2091=LINE('',#16928,#3708);
#2092=LINE('',#16930,#3709);
#2093=LINE('',#16931,#3710);
#2094=LINE('',#16934,#3711);
#2095=LINE('',#16936,#3712);
#2096=LINE('',#16937,#3713);
#2097=LINE('',#16940,#3714);
#2098=LINE('',#16942,#3715);
#2099=LINE('',#16943,#3716);
#2100=LINE('',#16946,#3717);
#2101=LINE('',#16948,#3718);
#2102=LINE('',#16949,#3719);
#2103=LINE('',#16952,#3720);
#2104=LINE('',#16954,#3721);
#2105=LINE('',#16955,#3722);
#2106=LINE('',#16958,#3723);
#2107=LINE('',#16960,#3724);
#2108=LINE('',#16961,#3725);
#2109=LINE('',#16964,#3726);
#2110=LINE('',#16966,#3727);
#2111=LINE('',#16967,#3728);
#2112=LINE('',#16970,#3729);
#2113=LINE('',#16972,#3730);
#2114=LINE('',#16973,#3731);
#2115=LINE('',#16976,#3732);
#2116=LINE('',#16978,#3733);
#2117=LINE('',#16979,#3734);
#2118=LINE('',#16982,#3735);
#2119=LINE('',#16984,#3736);
#2120=LINE('',#16985,#3737);
#2121=LINE('',#16988,#3738);
#2122=LINE('',#16990,#3739);
#2123=LINE('',#16991,#3740);
#2124=LINE('',#16994,#3741);
#2125=LINE('',#16996,#3742);
#2126=LINE('',#16997,#3743);
#2127=LINE('',#16999,#3744);
#2128=LINE('',#17001,#3745);
#2129=LINE('',#17002,#3746);
#2130=LINE('',#17021,#3747);
#2131=LINE('',#17023,#3748);
#2132=LINE('',#17024,#3749);
#2133=LINE('',#17027,#3750);
#2134=LINE('',#17031,#3751);
#2135=LINE('',#17032,#3752);
#2136=LINE('',#17035,#3753);
#2137=LINE('',#17039,#3754);
#2138=LINE('',#17040,#3755);
#2139=LINE('',#17043,#3756);
#2140=LINE('',#17047,#3757);
#2141=LINE('',#17048,#3758);
#2142=LINE('',#17051,#3759);
#2143=LINE('',#17055,#3760);
#2144=LINE('',#17056,#3761);
#2145=LINE('',#17059,#3762);
#2146=LINE('',#17063,#3763);
#2147=LINE('',#17064,#3764);
#2148=LINE('',#17067,#3765);
#2149=LINE('',#17071,#3766);
#2150=LINE('',#17072,#3767);
#2151=LINE('',#17075,#3768);
#2152=LINE('',#17079,#3769);
#2153=LINE('',#17080,#3770);
#2154=LINE('',#17083,#3771);
#2155=LINE('',#17087,#3772);
#2156=LINE('',#17088,#3773);
#2157=LINE('',#17091,#3774);
#2158=LINE('',#17095,#3775);
#2159=LINE('',#17096,#3776);
#2160=LINE('',#17099,#3777);
#2161=LINE('',#17104,#3778);
#2162=LINE('',#17109,#3779);
#2163=LINE('',#17112,#3780);
#2164=LINE('',#17113,#3781);
#2165=LINE('',#17115,#3782);
#2166=LINE('',#17117,#3783);
#2167=LINE('',#17119,#3784);
#2168=LINE('',#17120,#3785);
#2169=LINE('',#17123,#3786);
#2170=LINE('',#17124,#3787);
#2171=LINE('',#17127,#3788);
#2172=LINE('',#17131,#3789);
#2173=LINE('',#17132,#3790);
#2174=LINE('',#17136,#3791);
#2175=LINE('',#17137,#3792);
#2176=LINE('',#17138,#3793);
#2177=LINE('',#17142,#3794);
#2178=LINE('',#17143,#3795);
#2179=LINE('',#17145,#3796);
#2180=LINE('',#17147,#3797);
#2181=LINE('',#17150,#3798);
#2182=LINE('',#17151,#3799);
#2183=LINE('',#17154,#3800);
#2184=LINE('',#17155,#3801);
#2185=LINE('',#17157,#3802);
#2186=LINE('',#17159,#3803);
#2187=LINE('',#17162,#3804);
#2188=LINE('',#17163,#3805);
#2189=LINE('',#17168,#3806);
#2190=LINE('',#17170,#3807);
#2191=LINE('',#17171,#3808);
#2192=LINE('',#17174,#3809);
#2193=LINE('',#17175,#3810);
#2194=LINE('',#17178,#3811);
#2195=LINE('',#17180,#3812);
#2196=LINE('',#17181,#3813);
#2197=LINE('',#17184,#3814);
#2198=LINE('',#17185,#3815);
#2199=LINE('',#17187,#3816);
#2200=LINE('',#17189,#3817);
#2201=LINE('',#17190,#3818);
#2202=LINE('',#17192,#3819);
#2203=LINE('',#17194,#3820);
#2204=LINE('',#17200,#3821);
#2205=LINE('',#17206,#3822);
#2206=LINE('',#17208,#3823);
#2207=LINE('',#17210,#3824);
#2208=LINE('',#17211,#3825);
#2209=LINE('',#17215,#3826);
#2210=LINE('',#17217,#3827);
#2211=LINE('',#17219,#3828);
#2212=LINE('',#17220,#3829);
#2213=LINE('',#17223,#3830);
#2214=LINE('',#17225,#3831);
#2215=LINE('',#17226,#3832);
#2216=LINE('',#17227,#3833);
#2217=LINE('',#17230,#3834);
#2218=LINE('',#17232,#3835);
#2219=LINE('',#17233,#3836);
#2220=LINE('',#17235,#3837);
#2221=LINE('',#17236,#3838);
#2222=LINE('',#17237,#3839);
#2223=LINE('',#17238,#3840);
#2224=LINE('',#17242,#3841);
#2225=LINE('',#17244,#3842);
#2226=LINE('',#17245,#3843);
#2227=LINE('',#17248,#3844);
#2228=LINE('',#17250,#3845);
#2229=LINE('',#17251,#3846);
#2230=LINE('',#17254,#3847);
#2231=LINE('',#17256,#3848);
#2232=LINE('',#17257,#3849);
#2233=LINE('',#17259,#3850);
#2234=LINE('',#17260,#3851);
#2235=LINE('',#17261,#3852);
#2236=LINE('',#17262,#3853);
#2237=LINE('',#17267,#3854);
#2238=LINE('',#17269,#3855);
#2239=LINE('',#17271,#3856);
#2240=LINE('',#17272,#3857);
#2241=LINE('',#17275,#3858);
#2242=LINE('',#17277,#3859);
#2243=LINE('',#17278,#3860);
#2244=LINE('',#17281,#3861);
#2245=LINE('',#17283,#3862);
#2246=LINE('',#17284,#3863);
#2247=LINE('',#17287,#3864);
#2248=LINE('',#17289,#3865);
#2249=LINE('',#17290,#3866);
#2250=LINE('',#17294,#3867);
#2251=LINE('',#17296,#3868);
#2252=LINE('',#17298,#3869);
#2253=LINE('',#17299,#3870);
#2254=LINE('',#17302,#3871);
#2255=LINE('',#17304,#3872);
#2256=LINE('',#17305,#3873);
#2257=LINE('',#17308,#3874);
#2258=LINE('',#17310,#3875);
#2259=LINE('',#17311,#3876);
#2260=LINE('',#17314,#3877);
#2261=LINE('',#17316,#3878);
#2262=LINE('',#17317,#3879);
#2263=LINE('',#17320,#3880);
#2264=LINE('',#17322,#3881);
#2265=LINE('',#17323,#3882);
#2266=LINE('',#17324,#3883);
#2267=LINE('',#17327,#3884);
#2268=LINE('',#17329,#3885);
#2269=LINE('',#17330,#3886);
#2270=LINE('',#17333,#3887);
#2271=LINE('',#17335,#3888);
#2272=LINE('',#17336,#3889);
#2273=LINE('',#17337,#3890);
#2274=LINE('',#17340,#3891);
#2275=LINE('',#17342,#3892);
#2276=LINE('',#17343,#3893);
#2277=LINE('',#17346,#3894);
#2278=LINE('',#17348,#3895);
#2279=LINE('',#17349,#3896);
#2280=LINE('',#17352,#3897);
#2281=LINE('',#17354,#3898);
#2282=LINE('',#17355,#3899);
#2283=LINE('',#17358,#3900);
#2284=LINE('',#17360,#3901);
#2285=LINE('',#17361,#3902);
#2286=LINE('',#17364,#3903);
#2287=LINE('',#17366,#3904);
#2288=LINE('',#17367,#3905);
#2289=LINE('',#17370,#3906);
#2290=LINE('',#17372,#3907);
#2291=LINE('',#17373,#3908);
#2292=LINE('',#17374,#3909);
#2293=LINE('',#17377,#3910);
#2294=LINE('',#17379,#3911);
#2295=LINE('',#17380,#3912);
#2296=LINE('',#17383,#3913);
#2297=LINE('',#17385,#3914);
#2298=LINE('',#17386,#3915);
#2299=LINE('',#17389,#3916);
#2300=LINE('',#17391,#3917);
#2301=LINE('',#17392,#3918);
#2302=LINE('',#17393,#3919);
#2303=LINE('',#17396,#3920);
#2304=LINE('',#17398,#3921);
#2305=LINE('',#17399,#3922);
#2306=LINE('',#17402,#3923);
#2307=LINE('',#17404,#3924);
#2308=LINE('',#17405,#3925);
#2309=LINE('',#17408,#3926);
#2310=LINE('',#17410,#3927);
#2311=LINE('',#17411,#3928);
#2312=LINE('',#17414,#3929);
#2313=LINE('',#17416,#3930);
#2314=LINE('',#17417,#3931);
#2315=LINE('',#17418,#3932);
#2316=LINE('',#17420,#3933);
#2317=LINE('',#17421,#3934);
#2318=LINE('',#17422,#3935);
#2319=LINE('',#17425,#3936);
#2320=LINE('',#17427,#3937);
#2321=LINE('',#17428,#3938);
#2322=LINE('',#17432,#3939);
#2323=LINE('',#17434,#3940);
#2324=LINE('',#17436,#3941);
#2325=LINE('',#17437,#3942);
#2326=LINE('',#17440,#3943);
#2327=LINE('',#17442,#3944);
#2328=LINE('',#17443,#3945);
#2329=LINE('',#17445,#3946);
#2330=LINE('',#17446,#3947);
#2331=LINE('',#17448,#3948);
#2332=LINE('',#17449,#3949);
#2333=LINE('',#17452,#3950);
#2334=LINE('',#17454,#3951);
#2335=LINE('',#17455,#3952);
#2336=LINE('',#17457,#3953);
#2337=LINE('',#17458,#3954);
#2338=LINE('',#17463,#3955);
#2339=LINE('',#17465,#3956);
#2340=LINE('',#17467,#3957);
#2341=LINE('',#17468,#3958);
#2342=LINE('',#17471,#3959);
#2343=LINE('',#17473,#3960);
#2344=LINE('',#17474,#3961);
#2345=LINE('',#17475,#3962);
#2346=LINE('',#17478,#3963);
#2347=LINE('',#17480,#3964);
#2348=LINE('',#17481,#3965);
#2349=LINE('',#17482,#3966);
#2350=LINE('',#17484,#3967);
#2351=LINE('',#17485,#3968);
#2352=LINE('',#17486,#3969);
#2353=LINE('',#17491,#3970);
#2354=LINE('',#17493,#3971);
#2355=LINE('',#17495,#3972);
#2356=LINE('',#17496,#3973);
#2357=LINE('',#17498,#3974);
#2358=LINE('',#17499,#3975);
#2359=LINE('',#17502,#3976);
#2360=LINE('',#17504,#3977);
#2361=LINE('',#17505,#3978);
#2362=LINE('',#17507,#3979);
#2363=LINE('',#17508,#3980);
#2364=LINE('',#17511,#3981);
#2365=LINE('',#17513,#3982);
#2366=LINE('',#17514,#3983);
#2367=LINE('',#17516,#3984);
#2368=LINE('',#17517,#3985);
#2369=LINE('',#17520,#3986);
#2370=LINE('',#17522,#3987);
#2371=LINE('',#17523,#3988);
#2372=LINE('',#17525,#3989);
#2373=LINE('',#17526,#3990);
#2374=LINE('',#17527,#3991);
#2375=LINE('',#17530,#3992);
#2376=LINE('',#17531,#3993);
#2377=LINE('',#17534,#3994);
#2378=LINE('',#17536,#3995);
#2379=LINE('',#17537,#3996);
#2380=LINE('',#17540,#3997);
#2381=LINE('',#17542,#3998);
#2382=LINE('',#17543,#3999);
#2383=LINE('',#17544,#4000);
#2384=LINE('',#17546,#4001);
#2385=LINE('',#17547,#4002);
#2386=LINE('',#17551,#4003);
#2387=LINE('',#17553,#4004);
#2388=LINE('',#17554,#4005);
#2389=LINE('',#17557,#4006);
#2390=LINE('',#17559,#4007);
#2391=LINE('',#17560,#4008);
#2392=LINE('',#17563,#4009);
#2393=LINE('',#17565,#4010);
#2394=LINE('',#17566,#4011);
#2395=LINE('',#17569,#4012);
#2396=LINE('',#17571,#4013);
#2397=LINE('',#17572,#4014);
#2398=LINE('',#17575,#4015);
#2399=LINE('',#17577,#4016);
#2400=LINE('',#17578,#4017);
#2401=LINE('',#17581,#4018);
#2402=LINE('',#17583,#4019);
#2403=LINE('',#17584,#4020);
#2404=LINE('',#17587,#4021);
#2405=LINE('',#17589,#4022);
#2406=LINE('',#17590,#4023);
#2407=LINE('',#17593,#4024);
#2408=LINE('',#17595,#4025);
#2409=LINE('',#17596,#4026);
#2410=LINE('',#17599,#4027);
#2411=LINE('',#17601,#4028);
#2412=LINE('',#17602,#4029);
#2413=LINE('',#17605,#4030);
#2414=LINE('',#17607,#4031);
#2415=LINE('',#17608,#4032);
#2416=LINE('',#17611,#4033);
#2417=LINE('',#17613,#4034);
#2418=LINE('',#17614,#4035);
#2419=LINE('',#17617,#4036);
#2420=LINE('',#17619,#4037);
#2421=LINE('',#17620,#4038);
#2422=LINE('',#17623,#4039);
#2423=LINE('',#17625,#4040);
#2424=LINE('',#17626,#4041);
#2425=LINE('',#17628,#4042);
#2426=LINE('',#17629,#4043);
#2427=LINE('',#17632,#4044);
#2428=LINE('',#17634,#4045);
#2429=LINE('',#17635,#4046);
#2430=LINE('',#17638,#4047);
#2431=LINE('',#17640,#4048);
#2432=LINE('',#17641,#4049);
#2433=LINE('',#17644,#4050);
#2434=LINE('',#17646,#4051);
#2435=LINE('',#17647,#4052);
#2436=LINE('',#17648,#4053);
#2437=LINE('',#17651,#4054);
#2438=LINE('',#17653,#4055);
#2439=LINE('',#17654,#4056);
#2440=LINE('',#17657,#4057);
#2441=LINE('',#17659,#4058);
#2442=LINE('',#17660,#4059);
#2443=LINE('',#17663,#4060);
#2444=LINE('',#17665,#4061);
#2445=LINE('',#17666,#4062);
#2446=LINE('',#17668,#4063);
#2447=LINE('',#17669,#4064);
#2448=LINE('',#17671,#4065);
#2449=LINE('',#17672,#4066);
#2450=LINE('',#17677,#4067);
#2451=LINE('',#17679,#4068);
#2452=LINE('',#17681,#4069);
#2453=LINE('',#17682,#4070);
#2454=LINE('',#17684,#4071);
#2455=LINE('',#17685,#4072);
#2456=LINE('',#17688,#4073);
#2457=LINE('',#17690,#4074);
#2458=LINE('',#17691,#4075);
#2459=LINE('',#17694,#4076);
#2460=LINE('',#17696,#4077);
#2461=LINE('',#17697,#4078);
#2462=LINE('',#17700,#4079);
#2463=LINE('',#17702,#4080);
#2464=LINE('',#17703,#4081);
#2465=LINE('',#17706,#4082);
#2466=LINE('',#17708,#4083);
#2467=LINE('',#17709,#4084);
#2468=LINE('',#17712,#4085);
#2469=LINE('',#17714,#4086);
#2470=LINE('',#17715,#4087);
#2471=LINE('',#17718,#4088);
#2472=LINE('',#17720,#4089);
#2473=LINE('',#17721,#4090);
#2474=LINE('',#17724,#4091);
#2475=LINE('',#17726,#4092);
#2476=LINE('',#17727,#4093);
#2477=LINE('',#17728,#4094);
#2478=LINE('',#17731,#4095);
#2479=LINE('',#17733,#4096);
#2480=LINE('',#17734,#4097);
#2481=LINE('',#17737,#4098);
#2482=LINE('',#17739,#4099);
#2483=LINE('',#17740,#4100);
#2484=LINE('',#17741,#4101);
#2485=LINE('',#17744,#4102);
#2486=LINE('',#17746,#4103);
#2487=LINE('',#17747,#4104);
#2488=LINE('',#17748,#4105);
#2489=LINE('',#17751,#4106);
#2490=LINE('',#17753,#4107);
#2491=LINE('',#17754,#4108);
#2492=LINE('',#17757,#4109);
#2493=LINE('',#17759,#4110);
#2494=LINE('',#17760,#4111);
#2495=LINE('',#17763,#4112);
#2496=LINE('',#17765,#4113);
#2497=LINE('',#17766,#4114);
#2498=LINE('',#17768,#4115);
#2499=LINE('',#17769,#4116);
#2500=LINE('',#17770,#4117);
#2501=LINE('',#17773,#4118);
#2502=LINE('',#17774,#4119);
#2503=LINE('',#17777,#4120);
#2504=LINE('',#17779,#4121);
#2505=LINE('',#17780,#4122);
#2506=LINE('',#17783,#4123);
#2507=LINE('',#17785,#4124);
#2508=LINE('',#17786,#4125);
#2509=LINE('',#17787,#4126);
#2510=LINE('',#17789,#4127);
#2511=LINE('',#17790,#4128);
#2512=LINE('',#17793,#4129);
#2513=LINE('',#17794,#4130);
#2514=LINE('',#17796,#4131);
#2515=LINE('',#17797,#4132);
#2516=LINE('',#17800,#4133);
#2517=LINE('',#17802,#4134);
#2518=LINE('',#17803,#4135);
#2519=LINE('',#17805,#4136);
#2520=LINE('',#17806,#4137);
#2521=LINE('',#17810,#4138);
#2522=LINE('',#17812,#4139);
#2523=LINE('',#17813,#4140);
#2524=LINE('',#17816,#4141);
#2525=LINE('',#17818,#4142);
#2526=LINE('',#17819,#4143);
#2527=LINE('',#17821,#4144);
#2528=LINE('',#17822,#4145);
#2529=LINE('',#17825,#4146);
#2530=LINE('',#17827,#4147);
#2531=LINE('',#17828,#4148);
#2532=LINE('',#17831,#4149);
#2533=LINE('',#17833,#4150);
#2534=LINE('',#17834,#4151);
#2535=LINE('',#17837,#4152);
#2536=LINE('',#17839,#4153);
#2537=LINE('',#17840,#4154);
#2538=LINE('',#17843,#4155);
#2539=LINE('',#17845,#4156);
#2540=LINE('',#17846,#4157);
#2541=LINE('',#17848,#4158);
#2542=LINE('',#17849,#4159);
#2543=LINE('',#17850,#4160);
#2544=LINE('',#17855,#4161);
#2545=LINE('',#17857,#4162);
#2546=LINE('',#17859,#4163);
#2547=LINE('',#17860,#4164);
#2548=LINE('',#17863,#4165);
#2549=LINE('',#17865,#4166);
#2550=LINE('',#17866,#4167);
#2551=LINE('',#17867,#4168);
#2552=LINE('',#17870,#4169);
#2553=LINE('',#17872,#4170);
#2554=LINE('',#17873,#4171);
#2555=LINE('',#17874,#4172);
#2556=LINE('',#17876,#4173);
#2557=LINE('',#17877,#4174);
#2558=LINE('',#17878,#4175);
#2559=LINE('',#17882,#4176);
#2560=LINE('',#17884,#4177);
#2561=LINE('',#17885,#4178);
#2562=LINE('',#17888,#4179);
#2563=LINE('',#17890,#4180);
#2564=LINE('',#17891,#4181);
#2565=LINE('',#17894,#4182);
#2566=LINE('',#17896,#4183);
#2567=LINE('',#17897,#4184);
#2568=LINE('',#17898,#4185);
#2569=LINE('',#17900,#4186);
#2570=LINE('',#17901,#4187);
#2571=LINE('',#17902,#4188);
#2572=LINE('',#17906,#4189);
#2573=LINE('',#17908,#4190);
#2574=LINE('',#17909,#4191);
#2575=LINE('',#17912,#4192);
#2576=LINE('',#17914,#4193);
#2577=LINE('',#17915,#4194);
#2578=LINE('',#17918,#4195);
#2579=LINE('',#17920,#4196);
#2580=LINE('',#17921,#4197);
#2581=LINE('',#17924,#4198);
#2582=LINE('',#17926,#4199);
#2583=LINE('',#17927,#4200);
#2584=LINE('',#17930,#4201);
#2585=LINE('',#17932,#4202);
#2586=LINE('',#17933,#4203);
#2587=LINE('',#17934,#4204);
#2588=LINE('',#17936,#4205);
#2589=LINE('',#17937,#4206);
#2590=LINE('',#17940,#4207);
#2591=LINE('',#17942,#4208);
#2592=LINE('',#17943,#4209);
#2593=LINE('',#17946,#4210);
#2594=LINE('',#17948,#4211);
#2595=LINE('',#17949,#4212);
#2596=LINE('',#17952,#4213);
#2597=LINE('',#17954,#4214);
#2598=LINE('',#17955,#4215);
#2599=LINE('',#17957,#4216);
#2600=LINE('',#17958,#4217);
#2601=LINE('',#17961,#4218);
#2602=LINE('',#17963,#4219);
#2603=LINE('',#17964,#4220);
#2604=LINE('',#17966,#4221);
#2605=LINE('',#17967,#4222);
#2606=LINE('',#17971,#4223);
#2607=LINE('',#17973,#4224);
#2608=LINE('',#17974,#4225);
#2609=LINE('',#17977,#4226);
#2610=LINE('',#17979,#4227);
#2611=LINE('',#17980,#4228);
#2612=LINE('',#17983,#4229);
#2613=LINE('',#17985,#4230);
#2614=LINE('',#17986,#4231);
#2615=LINE('',#17987,#4232);
#2616=LINE('',#17989,#4233);
#2617=LINE('',#17990,#4234);
#2618=LINE('',#17991,#4235);
#2619=LINE('',#17994,#4236);
#2620=LINE('',#17995,#4237);
#2621=LINE('',#17997,#4238);
#2622=LINE('',#17998,#4239);
#2623=LINE('',#18001,#4240);
#2624=LINE('',#18003,#4241);
#2625=LINE('',#18004,#4242);
#2626=LINE('',#18006,#4243);
#2627=LINE('',#18007,#4244);
#2628=LINE('',#18011,#4245);
#2629=LINE('',#18013,#4246);
#2630=LINE('',#18014,#4247);
#2631=LINE('',#18016,#4248);
#2632=LINE('',#18017,#4249);
#2633=LINE('',#18020,#4250);
#2634=LINE('',#18022,#4251);
#2635=LINE('',#18023,#4252);
#2636=LINE('',#18026,#4253);
#2637=LINE('',#18028,#4254);
#2638=LINE('',#18029,#4255);
#2639=LINE('',#18032,#4256);
#2640=LINE('',#18034,#4257);
#2641=LINE('',#18035,#4258);
#2642=LINE('',#18038,#4259);
#2643=LINE('',#18040,#4260);
#2644=LINE('',#18041,#4261);
#2645=LINE('',#18044,#4262);
#2646=LINE('',#18046,#4263);
#2647=LINE('',#18047,#4264);
#2648=LINE('',#18050,#4265);
#2649=LINE('',#18052,#4266);
#2650=LINE('',#18053,#4267);
#2651=LINE('',#18055,#4268);
#2652=LINE('',#18056,#4269);
#2653=LINE('',#18059,#4270);
#2654=LINE('',#18061,#4271);
#2655=LINE('',#18062,#4272);
#2656=LINE('',#18064,#4273);
#2657=LINE('',#18065,#4274);
#2658=LINE('',#18068,#4275);
#2659=LINE('',#18070,#4276);
#2660=LINE('',#18071,#4277);
#2661=LINE('',#18074,#4278);
#2662=LINE('',#18076,#4279);
#2663=LINE('',#18077,#4280);
#2664=LINE('',#18080,#4281);
#2665=LINE('',#18082,#4282);
#2666=LINE('',#18083,#4283);
#2667=LINE('',#18087,#4284);
#2668=LINE('',#18089,#4285);
#2669=LINE('',#18091,#4286);
#2670=LINE('',#18092,#4287);
#2671=LINE('',#18095,#4288);
#2672=LINE('',#18097,#4289);
#2673=LINE('',#18098,#4290);
#2674=LINE('',#18099,#4291);
#2675=LINE('',#18102,#4292);
#2676=LINE('',#18104,#4293);
#2677=LINE('',#18105,#4294);
#2678=LINE('',#18108,#4295);
#2679=LINE('',#18110,#4296);
#2680=LINE('',#18111,#4297);
#2681=LINE('',#18113,#4298);
#2682=LINE('',#18114,#4299);
#2683=LINE('',#18117,#4300);
#2684=LINE('',#18119,#4301);
#2685=LINE('',#18120,#4302);
#2686=LINE('',#18123,#4303);
#2687=LINE('',#18125,#4304);
#2688=LINE('',#18126,#4305);
#2689=LINE('',#18130,#4306);
#2690=LINE('',#18132,#4307);
#2691=LINE('',#18134,#4308);
#2692=LINE('',#18135,#4309);
#2693=LINE('',#18138,#4310);
#2694=LINE('',#18140,#4311);
#2695=LINE('',#18141,#4312);
#2696=LINE('',#18144,#4313);
#2697=LINE('',#18146,#4314);
#2698=LINE('',#18147,#4315);
#2699=LINE('',#18150,#4316);
#2700=LINE('',#18152,#4317);
#2701=LINE('',#18153,#4318);
#2702=LINE('',#18156,#4319);
#2703=LINE('',#18158,#4320);
#2704=LINE('',#18159,#4321);
#2705=LINE('',#18162,#4322);
#2706=LINE('',#18164,#4323);
#2707=LINE('',#18165,#4324);
#2708=LINE('',#18167,#4325);
#2709=LINE('',#18168,#4326);
#2710=LINE('',#18171,#4327);
#2711=LINE('',#18172,#4328);
#2712=LINE('',#18174,#4329);
#2713=LINE('',#18175,#4330);
#2714=LINE('',#18179,#4331);
#2715=LINE('',#18181,#4332);
#2716=LINE('',#18182,#4333);
#2717=LINE('',#18183,#4334);
#2718=LINE('',#18187,#4335);
#2719=LINE('',#18188,#4336);
#2720=LINE('',#18189,#4337);
#2721=LINE('',#18192,#4338);
#2722=LINE('',#18193,#4339);
#2723=LINE('',#18194,#4340);
#2724=LINE('',#18198,#4341);
#2725=LINE('',#18200,#4342);
#2726=LINE('',#18202,#4343);
#2727=LINE('',#18203,#4344);
#2728=LINE('',#18207,#4345);
#2729=LINE('',#18208,#4346);
#2730=LINE('',#18209,#4347);
#2731=LINE('',#18213,#4348);
#2732=LINE('',#18214,#4349);
#2733=LINE('',#18215,#4350);
#2734=LINE('',#18219,#4351);
#2735=LINE('',#18220,#4352);
#2736=LINE('',#18221,#4353);
#2737=LINE('',#18227,#4354);
#2738=LINE('',#18229,#4355);
#2739=LINE('',#18231,#4356);
#2740=LINE('',#18232,#4357);
#2741=LINE('',#18235,#4358);
#2742=LINE('',#18237,#4359);
#2743=LINE('',#18239,#4360);
#2744=LINE('',#18240,#4361);
#2745=LINE('',#18243,#4362);
#2746=LINE('',#18245,#4363);
#2747=LINE('',#18247,#4364);
#2748=LINE('',#18249,#4365);
#2749=LINE('',#18251,#4366);
#2750=LINE('',#18253,#4367);
#2751=LINE('',#18255,#4368);
#2752=LINE('',#18256,#4369);
#2753=LINE('',#18258,#4370);
#2754=LINE('',#18260,#4371);
#2755=LINE('',#18261,#4372);
#2756=LINE('',#18262,#4373);
#2757=LINE('',#18265,#4374);
#2758=LINE('',#18267,#4375);
#2759=LINE('',#18269,#4376);
#2760=LINE('',#18271,#4377);
#2761=LINE('',#18273,#4378);
#2762=LINE('',#18274,#4379);
#2763=LINE('',#18276,#4380);
#2764=LINE('',#18277,#4381);
#2765=LINE('',#18280,#4382);
#2766=LINE('',#18282,#4383);
#2767=LINE('',#18284,#4384);
#2768=LINE('',#18285,#4385);
#2769=LINE('',#18299,#4386);
#2770=LINE('',#18301,#4387);
#2771=LINE('',#18303,#4388);
#2772=LINE('',#18305,#4389);
#2773=LINE('',#18307,#4390);
#2774=LINE('',#18309,#4391);
#2775=LINE('',#18311,#4392);
#2776=LINE('',#18313,#4393);
#2777=LINE('',#18315,#4394);
#2778=LINE('',#18317,#4395);
#2779=LINE('',#18319,#4396);
#2780=LINE('',#18321,#4397);
#2781=LINE('',#18322,#4398);
#2782=LINE('',#18325,#4399);
#2783=LINE('',#18327,#4400);
#2784=LINE('',#18329,#4401);
#2785=LINE('',#18330,#4402);
#2786=LINE('',#18333,#4403);
#2787=LINE('',#18335,#4404);
#2788=LINE('',#18337,#4405);
#2789=LINE('',#18338,#4406);
#2790=LINE('',#18340,#4407);
#2791=LINE('',#18342,#4408);
#2792=LINE('',#18344,#4409);
#2793=LINE('',#18346,#4410);
#2794=LINE('',#18347,#4411);
#2795=LINE('',#18349,#4412);
#2796=LINE('',#18351,#4413);
#2797=LINE('',#18353,#4414);
#2798=LINE('',#18355,#4415);
#2799=LINE('',#18357,#4416);
#2800=LINE('',#18359,#4417);
#2801=LINE('',#18361,#4418);
#2802=LINE('',#18363,#4419);
#2803=LINE('',#18364,#4420);
#2804=LINE('',#18365,#4421);
#2805=LINE('',#18366,#4422);
#2806=LINE('',#18367,#4423);
#2807=LINE('',#18369,#4424);
#2808=LINE('',#18370,#4425);
#2809=LINE('',#18371,#4426);
#2810=LINE('',#18374,#4427);
#2811=LINE('',#18376,#4428);
#2812=LINE('',#18378,#4429);
#2813=LINE('',#18380,#4430);
#2814=LINE('',#18382,#4431);
#2815=LINE('',#18384,#4432);
#2816=LINE('',#18386,#4433);
#2817=LINE('',#18387,#4434);
#2818=LINE('',#18389,#4435);
#2819=LINE('',#18390,#4436);
#2820=LINE('',#18392,#4437);
#2821=LINE('',#18393,#4438);
#2822=LINE('',#18396,#4439);
#2823=LINE('',#18398,#4440);
#2824=LINE('',#18400,#4441);
#2825=LINE('',#18402,#4442);
#2826=LINE('',#18404,#4443);
#2827=LINE('',#18405,#4444);
#2828=LINE('',#18407,#4445);
#2829=LINE('',#18408,#4446);
#2830=LINE('',#18411,#4447);
#2831=LINE('',#18413,#4448);
#2832=LINE('',#18415,#4449);
#2833=LINE('',#18417,#4450);
#2834=LINE('',#18419,#4451);
#2835=LINE('',#18421,#4452);
#2836=LINE('',#18422,#4453);
#2837=LINE('',#18423,#4454);
#2838=LINE('',#18426,#4455);
#2839=LINE('',#18428,#4456);
#2840=LINE('',#18430,#4457);
#2841=LINE('',#18432,#4458);
#2842=LINE('',#18434,#4459);
#2843=LINE('',#18436,#4460);
#2844=LINE('',#18437,#4461);
#2845=LINE('',#18439,#4462);
#2846=LINE('',#18440,#4463);
#2847=LINE('',#18442,#4464);
#2848=LINE('',#18444,#4465);
#2849=LINE('',#18446,#4466);
#2850=LINE('',#18448,#4467);
#2851=LINE('',#18450,#4468);
#2852=LINE('',#18451,#4469);
#2853=LINE('',#18452,#4470);
#2854=LINE('',#18455,#4471);
#2855=LINE('',#18457,#4472);
#2856=LINE('',#18459,#4473);
#2857=LINE('',#18460,#4474);
#2858=LINE('',#18463,#4475);
#2859=LINE('',#18465,#4476);
#2860=LINE('',#18467,#4477);
#2861=LINE('',#18468,#4478);
#2862=LINE('',#18471,#4479);
#2863=LINE('',#18472,#4480);
#2864=LINE('',#18475,#4481);
#2865=LINE('',#18477,#4482);
#2866=LINE('',#18478,#4483);
#2867=LINE('',#18481,#4484);
#2868=LINE('',#18482,#4485);
#2869=LINE('',#18485,#4486);
#2870=LINE('',#18487,#4487);
#2871=LINE('',#18488,#4488);
#2872=LINE('',#18491,#4489);
#2873=LINE('',#18493,#4490);
#2874=LINE('',#18494,#4491);
#2875=LINE('',#18497,#4492);
#2876=LINE('',#18498,#4493);
#2877=LINE('',#18500,#4494);
#2878=LINE('',#18502,#4495);
#2879=LINE('',#18503,#4496);
#2880=LINE('',#18506,#4497);
#2881=LINE('',#18507,#4498);
#2882=LINE('',#18510,#4499);
#2883=LINE('',#18512,#4500);
#2884=LINE('',#18513,#4501);
#2885=LINE('',#18516,#4502);
#2886=LINE('',#18517,#4503);
#2887=LINE('',#18520,#4504);
#2888=LINE('',#18522,#4505);
#2889=LINE('',#18523,#4506);
#2890=LINE('',#18526,#4507);
#2891=LINE('',#18527,#4508);
#2892=LINE('',#18529,#4509);
#2893=LINE('',#18531,#4510);
#2894=LINE('',#18532,#4511);
#2895=LINE('',#18535,#4512);
#2896=LINE('',#18536,#4513);
#2897=LINE('',#18539,#4514);
#2898=LINE('',#18541,#4515);
#2899=LINE('',#18542,#4516);
#2900=LINE('',#18545,#4517);
#2901=LINE('',#18546,#4518);
#2902=LINE('',#18549,#4519);
#2903=LINE('',#18551,#4520);
#2904=LINE('',#18552,#4521);
#2905=LINE('',#18555,#4522);
#2906=LINE('',#18556,#4523);
#2907=LINE('',#18559,#4524);
#2908=LINE('',#18561,#4525);
#2909=LINE('',#18562,#4526);
#2910=LINE('',#18565,#4527);
#2911=LINE('',#18567,#4528);
#2912=LINE('',#18568,#4529);
#2913=LINE('',#18571,#4530);
#2914=LINE('',#18572,#4531);
#2915=LINE('',#18574,#4532);
#2916=LINE('',#18576,#4533);
#2917=LINE('',#18577,#4534);
#2918=LINE('',#18580,#4535);
#2919=LINE('',#18581,#4536);
#2920=LINE('',#18584,#4537);
#2921=LINE('',#18586,#4538);
#2922=LINE('',#18587,#4539);
#2923=LINE('',#18590,#4540);
#2924=LINE('',#18591,#4541);
#2925=LINE('',#18594,#4542);
#2926=LINE('',#18596,#4543);
#2927=LINE('',#18597,#4544);
#2928=LINE('',#18599,#4545);
#2929=LINE('',#18601,#4546);
#2930=LINE('',#18602,#4547);
#2931=LINE('',#18605,#4548);
#2932=LINE('',#18606,#4549);
#2933=LINE('',#18609,#4550);
#2934=LINE('',#18611,#4551);
#2935=LINE('',#18612,#4552);
#2936=LINE('',#18615,#4553);
#2937=LINE('',#18616,#4554);
#2938=LINE('',#18619,#4555);
#2939=LINE('',#18621,#4556);
#2940=LINE('',#18622,#4557);
#2941=LINE('',#18625,#4558);
#2942=LINE('',#18626,#4559);
#2943=LINE('',#18629,#4560);
#2944=LINE('',#18631,#4561);
#2945=LINE('',#18632,#4562);
#2946=LINE('',#18635,#4563);
#2947=LINE('',#18636,#4564);
#2948=LINE('',#18639,#4565);
#2949=LINE('',#18641,#4566);
#2950=LINE('',#18642,#4567);
#2951=LINE('',#18645,#4568);
#2952=LINE('',#18646,#4569);
#2953=LINE('',#18649,#4570);
#2954=LINE('',#18651,#4571);
#2955=LINE('',#18652,#4572);
#2956=LINE('',#18655,#4573);
#2957=LINE('',#18657,#4574);
#2958=LINE('',#18658,#4575);
#2959=LINE('',#18661,#4576);
#2960=LINE('',#18662,#4577);
#2961=LINE('',#18665,#4578);
#2962=LINE('',#18666,#4579);
#2963=LINE('',#18668,#4580);
#2964=LINE('',#18670,#4581);
#2965=LINE('',#18671,#4582);
#2966=LINE('',#18674,#4583);
#2967=LINE('',#18675,#4584);
#2968=LINE('',#18678,#4585);
#2969=LINE('',#18680,#4586);
#2970=LINE('',#18681,#4587);
#2971=LINE('',#18684,#4588);
#2972=LINE('',#18685,#4589);
#2973=LINE('',#18687,#4590);
#2974=LINE('',#18689,#4591);
#2975=LINE('',#18690,#4592);
#2976=LINE('',#18693,#4593);
#2977=LINE('',#18694,#4594);
#2978=LINE('',#18697,#4595);
#2979=LINE('',#18699,#4596);
#2980=LINE('',#18700,#4597);
#2981=LINE('',#18703,#4598);
#2982=LINE('',#18704,#4599);
#2983=LINE('',#18707,#4600);
#2984=LINE('',#18709,#4601);
#2985=LINE('',#18710,#4602);
#2986=LINE('',#18713,#4603);
#2987=LINE('',#18714,#4604);
#2988=LINE('',#18717,#4605);
#2989=LINE('',#18718,#4606);
#2990=LINE('',#18720,#4607);
#2991=LINE('',#18724,#4608);
#2992=LINE('',#18725,#4609);
#2993=LINE('',#18727,#4610);
#2994=LINE('',#18731,#4611);
#2995=LINE('',#18732,#4612);
#2996=LINE('',#18734,#4613);
#2997=LINE('',#18738,#4614);
#2998=LINE('',#18739,#4615);
#2999=LINE('',#18741,#4616);
#3000=LINE('',#18745,#4617);
#3001=LINE('',#18746,#4618);
#3002=LINE('',#18748,#4619);
#3003=LINE('',#18752,#4620);
#3004=LINE('',#18753,#4621);
#3005=LINE('',#18754,#4622);
#3006=LINE('',#18756,#4623);
#3007=LINE('',#18759,#4624);
#3008=LINE('',#18760,#4625);
#3009=LINE('',#18762,#4626);
#3010=LINE('',#18765,#4627);
#3011=LINE('',#18768,#4628);
#3012=LINE('',#18769,#4629);
#3013=LINE('',#18771,#4630);
#3014=LINE('',#18775,#4631);
#3015=LINE('',#18776,#4632);
#3016=LINE('',#18778,#4633);
#3017=LINE('',#18782,#4634);
#3018=LINE('',#18783,#4635);
#3019=LINE('',#18784,#4636);
#3020=LINE('',#18786,#4637);
#3021=LINE('',#18789,#4638);
#3022=LINE('',#18793,#4639);
#3023=LINE('',#18794,#4640);
#3024=LINE('',#18796,#4641);
#3025=LINE('',#18800,#4642);
#3026=LINE('',#18801,#4643);
#3027=LINE('',#18804,#4644);
#3028=LINE('',#18805,#4645);
#3029=LINE('',#18807,#4646);
#3030=LINE('',#18810,#4647);
#3031=LINE('',#18811,#4648);
#3032=LINE('',#18813,#4649);
#3033=LINE('',#18817,#4650);
#3034=LINE('',#18818,#4651);
#3035=LINE('',#18820,#4652);
#3036=LINE('',#18824,#4653);
#3037=LINE('',#18825,#4654);
#3038=LINE('',#18827,#4655);
#3039=LINE('',#18830,#4656);
#3040=LINE('',#18831,#4657);
#3041=LINE('',#18833,#4658);
#3042=LINE('',#18837,#4659);
#3043=LINE('',#18838,#4660);
#3044=LINE('',#18840,#4661);
#3045=LINE('',#18843,#4662);
#3046=LINE('',#18844,#4663);
#3047=LINE('',#18846,#4664);
#3048=LINE('',#18850,#4665);
#3049=LINE('',#18852,#4666);
#3050=LINE('',#18853,#4667);
#3051=LINE('',#18855,#4668);
#3052=LINE('',#18857,#4669);
#3053=LINE('',#18861,#4670);
#3054=LINE('',#18862,#4671);
#3055=LINE('',#18863,#4672);
#3056=LINE('',#18865,#4673);
#3057=LINE('',#18868,#4674);
#3058=LINE('',#18870,#4675);
#3059=LINE('',#18873,#4676);
#3060=LINE('',#18875,#4677);
#3061=LINE('',#18876,#4678);
#3062=LINE('',#18880,#4679);
#3063=LINE('',#18881,#4680);
#3064=LINE('',#18883,#4681);
#3065=LINE('',#18887,#4682);
#3066=LINE('',#18888,#4683);
#3067=LINE('',#18890,#4684);
#3068=LINE('',#18894,#4685);
#3069=LINE('',#18895,#4686);
#3070=LINE('',#18897,#4687);
#3071=LINE('',#18901,#4688);
#3072=LINE('',#18902,#4689);
#3073=LINE('',#18904,#4690);
#3074=LINE('',#18907,#4691);
#3075=LINE('',#18911,#4692);
#3076=LINE('',#18912,#4693);
#3077=LINE('',#18914,#4694);
#3078=LINE('',#18917,#4695);
#3079=LINE('',#18918,#4696);
#3080=LINE('',#18920,#4697);
#3081=LINE('',#18922,#4698);
#3082=LINE('',#18926,#4699);
#3083=LINE('',#18928,#4700);
#3084=LINE('',#18930,#4701);
#3085=LINE('',#18932,#4702);
#3086=LINE('',#18934,#4703);
#3087=LINE('',#18936,#4704);
#3088=LINE('',#18938,#4705);
#3089=LINE('',#18940,#4706);
#3090=LINE('',#18942,#4707);
#3091=LINE('',#18944,#4708);
#3092=LINE('',#18946,#4709);
#3093=VECTOR('',#12646,10.);
#3094=VECTOR('',#12647,10.);
#3095=VECTOR('',#12648,10.);
#3096=VECTOR('',#12649,10.);
#3097=VECTOR('',#12652,10.);
#3098=VECTOR('',#12653,10.);
#3099=VECTOR('',#12654,10.);
#3100=VECTOR('',#12657,10.);
#3101=VECTOR('',#12658,10.);
#3102=VECTOR('',#12659,10.);
#3103=VECTOR('',#12662,10.);
#3104=VECTOR('',#12663,10.);
#3105=VECTOR('',#12666,10.);
#3106=VECTOR('',#12667,10.);
#3107=VECTOR('',#12668,10.);
#3108=VECTOR('',#12669,10.);
#3109=VECTOR('',#12672,10.);
#3110=VECTOR('',#12673,10.);
#3111=VECTOR('',#12674,10.);
#3112=VECTOR('',#12677,10.);
#3113=VECTOR('',#12678,10.);
#3114=VECTOR('',#12679,10.);
#3115=VECTOR('',#12682,10.);
#3116=VECTOR('',#12683,10.);
#3117=VECTOR('',#12684,10.);
#3118=VECTOR('',#12687,10.);
#3119=VECTOR('',#12688,10.);
#3120=VECTOR('',#12689,10.);
#3121=VECTOR('',#12692,10.);
#3122=VECTOR('',#12693,10.);
#3123=VECTOR('',#12694,10.);
#3124=VECTOR('',#12697,10.);
#3125=VECTOR('',#12698,10.);
#3126=VECTOR('',#12699,10.);
#3127=VECTOR('',#12702,10.);
#3128=VECTOR('',#12703,10.);
#3129=VECTOR('',#12704,10.);
#3130=VECTOR('',#12707,10.);
#3131=VECTOR('',#12708,10.);
#3132=VECTOR('',#12709,10.);
#3133=VECTOR('',#12712,10.);
#3134=VECTOR('',#12713,10.);
#3135=VECTOR('',#12714,10.);
#3136=VECTOR('',#12717,10.);
#3137=VECTOR('',#12718,10.);
#3138=VECTOR('',#12719,10.);
#3139=VECTOR('',#12722,10.);
#3140=VECTOR('',#12723,10.);
#3141=VECTOR('',#12724,10.);
#3142=VECTOR('',#12727,10.);
#3143=VECTOR('',#12728,10.);
#3144=VECTOR('',#12729,10.);
#3145=VECTOR('',#12732,10.);
#3146=VECTOR('',#12733,10.);
#3147=VECTOR('',#12738,10.);
#3148=VECTOR('',#12739,10.);
#3149=VECTOR('',#12740,10.);
#3150=VECTOR('',#12741,10.);
#3151=VECTOR('',#12744,10.);
#3152=VECTOR('',#12745,10.);
#3153=VECTOR('',#12746,10.);
#3154=VECTOR('',#12749,10.);
#3155=VECTOR('',#12750,10.);
#3156=VECTOR('',#12751,10.);
#3157=VECTOR('',#12754,10.);
#3158=VECTOR('',#12755,10.);
#3159=VECTOR('',#12756,10.);
#3160=VECTOR('',#12759,10.);
#3161=VECTOR('',#12760,10.);
#3162=VECTOR('',#12761,10.);
#3163=VECTOR('',#12764,10.);
#3164=VECTOR('',#12765,10.);
#3165=VECTOR('',#12766,10.);
#3166=VECTOR('',#12769,10.);
#3167=VECTOR('',#12770,10.);
#3168=VECTOR('',#12771,10.);
#3169=VECTOR('',#12774,10.);
#3170=VECTOR('',#12775,10.);
#3171=VECTOR('',#12776,10.);
#3172=VECTOR('',#12779,10.);
#3173=VECTOR('',#12780,10.);
#3174=VECTOR('',#12781,10.);
#3175=VECTOR('',#12784,10.);
#3176=VECTOR('',#12785,10.);
#3177=VECTOR('',#12786,10.);
#3178=VECTOR('',#12789,10.);
#3179=VECTOR('',#12790,10.);
#3180=VECTOR('',#12791,10.);
#3181=VECTOR('',#12794,10.);
#3182=VECTOR('',#12795,10.);
#3183=VECTOR('',#12796,10.);
#3184=VECTOR('',#12799,10.);
#3185=VECTOR('',#12800,10.);
#3186=VECTOR('',#12801,10.);
#3187=VECTOR('',#12804,10.);
#3188=VECTOR('',#12805,10.);
#3189=VECTOR('',#12806,10.);
#3190=VECTOR('',#12809,10.);
#3191=VECTOR('',#12810,10.);
#3192=VECTOR('',#12811,10.);
#3193=VECTOR('',#12814,10.);
#3194=VECTOR('',#12815,10.);
#3195=VECTOR('',#12820,10.);
#3196=VECTOR('',#12821,10.);
#3197=VECTOR('',#12822,10.);
#3198=VECTOR('',#12823,10.);
#3199=VECTOR('',#12826,10.);
#3200=VECTOR('',#12827,10.);
#3201=VECTOR('',#12828,10.);
#3202=VECTOR('',#12831,10.);
#3203=VECTOR('',#12832,10.);
#3204=VECTOR('',#12833,10.);
#3205=VECTOR('',#12836,10.);
#3206=VECTOR('',#12837,10.);
#3207=VECTOR('',#12838,10.);
#3208=VECTOR('',#12841,10.);
#3209=VECTOR('',#12842,10.);
#3210=VECTOR('',#12843,10.);
#3211=VECTOR('',#12846,10.);
#3212=VECTOR('',#12847,10.);
#3213=VECTOR('',#12848,10.);
#3214=VECTOR('',#12851,10.);
#3215=VECTOR('',#12852,10.);
#3216=VECTOR('',#12853,10.);
#3217=VECTOR('',#12856,10.);
#3218=VECTOR('',#12857,10.);
#3219=VECTOR('',#12858,10.);
#3220=VECTOR('',#12861,10.);
#3221=VECTOR('',#12862,10.);
#3222=VECTOR('',#12863,10.);
#3223=VECTOR('',#12866,10.);
#3224=VECTOR('',#12867,10.);
#3225=VECTOR('',#12868,10.);
#3226=VECTOR('',#12871,10.);
#3227=VECTOR('',#12872,10.);
#3228=VECTOR('',#12873,10.);
#3229=VECTOR('',#12876,10.);
#3230=VECTOR('',#12877,10.);
#3231=VECTOR('',#12878,10.);
#3232=VECTOR('',#12881,10.);
#3233=VECTOR('',#12882,10.);
#3234=VECTOR('',#12883,10.);
#3235=VECTOR('',#12886,10.);
#3236=VECTOR('',#12887,10.);
#3237=VECTOR('',#12888,10.);
#3238=VECTOR('',#12891,10.);
#3239=VECTOR('',#12892,10.);
#3240=VECTOR('',#12893,10.);
#3241=VECTOR('',#12896,10.);
#3242=VECTOR('',#12897,10.);
#3243=VECTOR('',#12898,10.);
#3244=VECTOR('',#12901,10.);
#3245=VECTOR('',#12902,10.);
#3246=VECTOR('',#12903,10.);
#3247=VECTOR('',#12906,10.);
#3248=VECTOR('',#12907,10.);
#3249=VECTOR('',#12908,10.);
#3250=VECTOR('',#12911,10.);
#3251=VECTOR('',#12912,10.);
#3252=VECTOR('',#12913,10.);
#3253=VECTOR('',#12916,10.);
#3254=VECTOR('',#12917,10.);
#3255=VECTOR('',#12918,10.);
#3256=VECTOR('',#12921,10.);
#3257=VECTOR('',#12922,10.);
#3258=VECTOR('',#12923,10.);
#3259=VECTOR('',#12926,10.);
#3260=VECTOR('',#12927,10.);
#3261=VECTOR('',#12928,10.);
#3262=VECTOR('',#12931,10.);
#3263=VECTOR('',#12932,10.);
#3264=VECTOR('',#12933,10.);
#3265=VECTOR('',#12936,10.);
#3266=VECTOR('',#12937,10.);
#3267=VECTOR('',#12938,10.);
#3268=VECTOR('',#12941,10.);
#3269=VECTOR('',#12942,10.);
#3270=VECTOR('',#12943,10.);
#3271=VECTOR('',#12946,10.);
#3272=VECTOR('',#12947,10.);
#3273=VECTOR('',#12948,10.);
#3274=VECTOR('',#12951,10.);
#3275=VECTOR('',#12952,10.);
#3276=VECTOR('',#12953,10.);
#3277=VECTOR('',#12956,10.);
#3278=VECTOR('',#12957,10.);
#3279=VECTOR('',#12962,10.);
#3280=VECTOR('',#12963,10.);
#3281=VECTOR('',#12964,10.);
#3282=VECTOR('',#12965,10.);
#3283=VECTOR('',#12968,10.);
#3284=VECTOR('',#12969,10.);
#3285=VECTOR('',#12970,10.);
#3286=VECTOR('',#12973,10.);
#3287=VECTOR('',#12974,10.);
#3288=VECTOR('',#12975,10.);
#3289=VECTOR('',#12978,10.);
#3290=VECTOR('',#12979,10.);
#3291=VECTOR('',#12980,10.);
#3292=VECTOR('',#12983,10.);
#3293=VECTOR('',#12984,10.);
#3294=VECTOR('',#12985,10.);
#3295=VECTOR('',#12988,10.);
#3296=VECTOR('',#12989,10.);
#3297=VECTOR('',#12990,10.);
#3298=VECTOR('',#12993,10.);
#3299=VECTOR('',#12994,10.);
#3300=VECTOR('',#12995,10.);
#3301=VECTOR('',#12998,10.);
#3302=VECTOR('',#12999,10.);
#3303=VECTOR('',#13000,10.);
#3304=VECTOR('',#13003,10.);
#3305=VECTOR('',#13004,10.);
#3306=VECTOR('',#13005,10.);
#3307=VECTOR('',#13008,10.);
#3308=VECTOR('',#13009,10.);
#3309=VECTOR('',#13014,10.);
#3310=VECTOR('',#13015,10.);
#3311=VECTOR('',#13016,10.);
#3312=VECTOR('',#13017,10.);
#3313=VECTOR('',#13020,10.);
#3314=VECTOR('',#13021,10.);
#3315=VECTOR('',#13022,10.);
#3316=VECTOR('',#13025,10.);
#3317=VECTOR('',#13026,10.);
#3318=VECTOR('',#13027,10.);
#3319=VECTOR('',#13030,10.);
#3320=VECTOR('',#13031,10.);
#3321=VECTOR('',#13034,10.);
#3322=VECTOR('',#13035,10.);
#3323=VECTOR('',#13036,10.);
#3324=VECTOR('',#13037,10.);
#3325=VECTOR('',#13040,10.);
#3326=VECTOR('',#13041,10.);
#3327=VECTOR('',#13042,10.);
#3328=VECTOR('',#13045,10.);
#3329=VECTOR('',#13046,10.);
#3330=VECTOR('',#13047,10.);
#3331=VECTOR('',#13050,10.);
#3332=VECTOR('',#13051,10.);
#3333=VECTOR('',#13052,10.);
#3334=VECTOR('',#13055,10.);
#3335=VECTOR('',#13056,10.);
#3336=VECTOR('',#13057,10.);
#3337=VECTOR('',#13060,10.);
#3338=VECTOR('',#13061,10.);
#3339=VECTOR('',#13062,10.);
#3340=VECTOR('',#13065,10.);
#3341=VECTOR('',#13066,10.);
#3342=VECTOR('',#13067,10.);
#3343=VECTOR('',#13070,10.);
#3344=VECTOR('',#13071,10.);
#3345=VECTOR('',#13072,10.);
#3346=VECTOR('',#13075,10.);
#3347=VECTOR('',#13076,10.);
#3348=VECTOR('',#13077,10.);
#3349=VECTOR('',#13080,10.);
#3350=VECTOR('',#13081,10.);
#3351=VECTOR('',#13086,10.);
#3352=VECTOR('',#13087,10.);
#3353=VECTOR('',#13088,10.);
#3354=VECTOR('',#13089,10.);
#3355=VECTOR('',#13092,10.);
#3356=VECTOR('',#13093,10.);
#3357=VECTOR('',#13094,10.);
#3358=VECTOR('',#13097,10.);
#3359=VECTOR('',#13098,10.);
#3360=VECTOR('',#13099,10.);
#3361=VECTOR('',#13102,10.);
#3362=VECTOR('',#13103,10.);
#3363=VECTOR('',#13104,10.);
#3364=VECTOR('',#13107,10.);
#3365=VECTOR('',#13108,10.);
#3366=VECTOR('',#13109,10.);
#3367=VECTOR('',#13112,10.);
#3368=VECTOR('',#13113,10.);
#3369=VECTOR('',#13114,10.);
#3370=VECTOR('',#13117,10.);
#3371=VECTOR('',#13118,10.);
#3372=VECTOR('',#13119,10.);
#3373=VECTOR('',#13122,10.);
#3374=VECTOR('',#13123,10.);
#3375=VECTOR('',#13128,10.);
#3376=VECTOR('',#13129,10.);
#3377=VECTOR('',#13130,10.);
#3378=VECTOR('',#13131,10.);
#3379=VECTOR('',#13134,10.);
#3380=VECTOR('',#13135,10.);
#3381=VECTOR('',#13136,10.);
#3382=VECTOR('',#13139,10.);
#3383=VECTOR('',#13140,10.);
#3384=VECTOR('',#13141,10.);
#3385=VECTOR('',#13144,10.);
#3386=VECTOR('',#13145,10.);
#3387=VECTOR('',#13148,10.);
#3388=VECTOR('',#13149,10.);
#3389=VECTOR('',#13150,10.);
#3390=VECTOR('',#13151,10.);
#3391=VECTOR('',#13154,10.);
#3392=VECTOR('',#13155,10.);
#3393=VECTOR('',#13156,10.);
#3394=VECTOR('',#13159,10.);
#3395=VECTOR('',#13160,10.);
#3396=VECTOR('',#13161,10.);
#3397=VECTOR('',#13164,10.);
#3398=VECTOR('',#13165,10.);
#3399=VECTOR('',#13166,10.);
#3400=VECTOR('',#13169,10.);
#3401=VECTOR('',#13170,10.);
#3402=VECTOR('',#13171,10.);
#3403=VECTOR('',#13174,10.);
#3404=VECTOR('',#13175,10.);
#3405=VECTOR('',#13176,10.);
#3406=VECTOR('',#13179,10.);
#3407=VECTOR('',#13180,10.);
#3408=VECTOR('',#13181,10.);
#3409=VECTOR('',#13184,10.);
#3410=VECTOR('',#13185,10.);
#3411=VECTOR('',#13186,10.);
#3412=VECTOR('',#13189,10.);
#3413=VECTOR('',#13190,10.);
#3414=VECTOR('',#13191,10.);
#3415=VECTOR('',#13194,10.);
#3416=VECTOR('',#13195,10.);
#3417=VECTOR('',#13196,10.);
#3418=VECTOR('',#13199,10.);
#3419=VECTOR('',#13200,10.);
#3420=VECTOR('',#13201,10.);
#3421=VECTOR('',#13204,10.);
#3422=VECTOR('',#13205,10.);
#3423=VECTOR('',#13206,10.);
#3424=VECTOR('',#13209,10.);
#3425=VECTOR('',#13210,10.);
#3426=VECTOR('',#13211,10.);
#3427=VECTOR('',#13214,10.);
#3428=VECTOR('',#13215,10.);
#3429=VECTOR('',#13220,10.);
#3430=VECTOR('',#13221,10.);
#3431=VECTOR('',#13222,10.);
#3432=VECTOR('',#13223,10.);
#3433=VECTOR('',#13226,10.);
#3434=VECTOR('',#13227,10.);
#3435=VECTOR('',#13228,10.);
#3436=VECTOR('',#13231,10.);
#3437=VECTOR('',#13232,10.);
#3438=VECTOR('',#13233,10.);
#3439=VECTOR('',#13236,10.);
#3440=VECTOR('',#13237,10.);
#3441=VECTOR('',#13240,10.);
#3442=VECTOR('',#13241,10.);
#3443=VECTOR('',#13242,10.);
#3444=VECTOR('',#13243,10.);
#3445=VECTOR('',#13246,10.);
#3446=VECTOR('',#13247,10.);
#3447=VECTOR('',#13248,10.);
#3448=VECTOR('',#13251,10.);
#3449=VECTOR('',#13252,10.);
#3450=VECTOR('',#13253,10.);
#3451=VECTOR('',#13256,10.);
#3452=VECTOR('',#13257,10.);
#3453=VECTOR('',#13258,10.);
#3454=VECTOR('',#13261,10.);
#3455=VECTOR('',#13262,10.);
#3456=VECTOR('',#13263,10.);
#3457=VECTOR('',#13266,10.);
#3458=VECTOR('',#13267,10.);
#3459=VECTOR('',#13268,10.);
#3460=VECTOR('',#13271,10.);
#3461=VECTOR('',#13272,10.);
#3462=VECTOR('',#13273,10.);
#3463=VECTOR('',#13276,10.);
#3464=VECTOR('',#13277,10.);
#3465=VECTOR('',#13278,10.);
#3466=VECTOR('',#13281,10.);
#3467=VECTOR('',#13282,10.);
#3468=VECTOR('',#13283,10.);
#3469=VECTOR('',#13286,10.);
#3470=VECTOR('',#13287,10.);
#3471=VECTOR('',#13288,10.);
#3472=VECTOR('',#13291,10.);
#3473=VECTOR('',#13292,10.);
#3474=VECTOR('',#13293,10.);
#3475=VECTOR('',#13296,10.);
#3476=VECTOR('',#13297,10.);
#3477=VECTOR('',#13302,10.);
#3478=VECTOR('',#13303,10.);
#3479=VECTOR('',#13304,10.);
#3480=VECTOR('',#13305,10.);
#3481=VECTOR('',#13308,10.);
#3482=VECTOR('',#13309,10.);
#3483=VECTOR('',#13310,10.);
#3484=VECTOR('',#13313,10.);
#3485=VECTOR('',#13314,10.);
#3486=VECTOR('',#13315,10.);
#3487=VECTOR('',#13318,10.);
#3488=VECTOR('',#13319,10.);
#3489=VECTOR('',#13320,10.);
#3490=VECTOR('',#13323,10.);
#3491=VECTOR('',#13324,10.);
#3492=VECTOR('',#13325,10.);
#3493=VECTOR('',#13328,10.);
#3494=VECTOR('',#13329,10.);
#3495=VECTOR('',#13330,10.);
#3496=VECTOR('',#13333,10.);
#3497=VECTOR('',#13334,10.);
#3498=VECTOR('',#13335,10.);
#3499=VECTOR('',#13338,10.);
#3500=VECTOR('',#13339,10.);
#3501=VECTOR('',#13340,10.);
#3502=VECTOR('',#13343,10.);
#3503=VECTOR('',#13344,10.);
#3504=VECTOR('',#13345,10.);
#3505=VECTOR('',#13348,10.);
#3506=VECTOR('',#13349,10.);
#3507=VECTOR('',#13350,10.);
#3508=VECTOR('',#13353,10.);
#3509=VECTOR('',#13354,10.);
#3510=VECTOR('',#13355,10.);
#3511=VECTOR('',#13358,10.);
#3512=VECTOR('',#13359,10.);
#3513=VECTOR('',#13364,10.);
#3514=VECTOR('',#13365,10.);
#3515=VECTOR('',#13366,10.);
#3516=VECTOR('',#13367,10.);
#3517=VECTOR('',#13370,10.);
#3518=VECTOR('',#13371,10.);
#3519=VECTOR('',#13372,10.);
#3520=VECTOR('',#13375,10.);
#3521=VECTOR('',#13376,10.);
#3522=VECTOR('',#13377,10.);
#3523=VECTOR('',#13378,10.);
#3524=VECTOR('',#13381,10.);
#3525=VECTOR('',#13382,10.);
#3526=VECTOR('',#13387,10.);
#3527=VECTOR('',#13388,10.);
#3528=VECTOR('',#13389,10.);
#3529=VECTOR('',#13390,10.);
#3530=VECTOR('',#13393,10.);
#3531=VECTOR('',#13394,10.);
#3532=VECTOR('',#13397,10.);
#3533=VECTOR('',#13398,10.);
#3534=VECTOR('',#13399,10.);
#3535=VECTOR('',#13402,10.);
#3536=VECTOR('',#13403,10.);
#3537=VECTOR('',#13404,10.);
#3538=VECTOR('',#13407,10.);
#3539=VECTOR('',#13408,10.);
#3540=VECTOR('',#13409,10.);
#3541=VECTOR('',#13412,10.);
#3542=VECTOR('',#13413,10.);
#3543=VECTOR('',#13414,10.);
#3544=VECTOR('',#13417,10.);
#3545=VECTOR('',#13418,10.);
#3546=VECTOR('',#13419,10.);
#3547=VECTOR('',#13422,10.);
#3548=VECTOR('',#13423,10.);
#3549=VECTOR('',#13428,10.);
#3550=VECTOR('',#13429,10.);
#3551=VECTOR('',#13430,10.);
#3552=VECTOR('',#13431,10.);
#3553=VECTOR('',#13434,10.);
#3554=VECTOR('',#13435,10.);
#3555=VECTOR('',#13436,10.);
#3556=VECTOR('',#13439,10.);
#3557=VECTOR('',#13440,10.);
#3558=VECTOR('',#13441,10.);
#3559=VECTOR('',#13444,10.);
#3560=VECTOR('',#13445,10.);
#3561=VECTOR('',#13446,10.);
#3562=VECTOR('',#13449,10.);
#3563=VECTOR('',#13450,10.);
#3564=VECTOR('',#13451,10.);
#3565=VECTOR('',#13454,10.);
#3566=VECTOR('',#13455,10.);
#3567=VECTOR('',#13456,10.);
#3568=VECTOR('',#13459,10.);
#3569=VECTOR('',#13460,10.);
#3570=VECTOR('',#13461,10.);
#3571=VECTOR('',#13464,10.);
#3572=VECTOR('',#13465,10.);
#3573=VECTOR('',#13466,10.);
#3574=VECTOR('',#13469,10.);
#3575=VECTOR('',#13470,10.);
#3576=VECTOR('',#13471,10.);
#3577=VECTOR('',#13474,10.);
#3578=VECTOR('',#13475,10.);
#3579=VECTOR('',#13476,10.);
#3580=VECTOR('',#13479,10.);
#3581=VECTOR('',#13480,10.);
#3582=VECTOR('',#13481,10.);
#3583=VECTOR('',#13484,10.);
#3584=VECTOR('',#13485,10.);
#3585=VECTOR('',#13486,10.);
#3586=VECTOR('',#13489,10.);
#3587=VECTOR('',#13490,10.);
#3588=VECTOR('',#13491,10.);
#3589=VECTOR('',#13494,10.);
#3590=VECTOR('',#13495,10.);
#3591=VECTOR('',#13496,10.);
#3592=VECTOR('',#13499,10.);
#3593=VECTOR('',#13500,10.);
#3594=VECTOR('',#13501,10.);
#3595=VECTOR('',#13504,10.);
#3596=VECTOR('',#13505,10.);
#3597=VECTOR('',#13506,10.);
#3598=VECTOR('',#13509,10.);
#3599=VECTOR('',#13510,10.);
#3600=VECTOR('',#13511,10.);
#3601=VECTOR('',#13514,10.);
#3602=VECTOR('',#13515,10.);
#3603=VECTOR('',#13516,10.);
#3604=VECTOR('',#13519,10.);
#3605=VECTOR('',#13520,10.);
#3606=VECTOR('',#13521,10.);
#3607=VECTOR('',#13524,10.);
#3608=VECTOR('',#13525,10.);
#3609=VECTOR('',#13530,10.);
#3610=VECTOR('',#13531,10.);
#3611=VECTOR('',#13532,10.);
#3612=VECTOR('',#13533,10.);
#3613=VECTOR('',#13536,10.);
#3614=VECTOR('',#13537,10.);
#3615=VECTOR('',#13538,10.);
#3616=VECTOR('',#13541,10.);
#3617=VECTOR('',#13542,10.);
#3618=VECTOR('',#13543,10.);
#3619=VECTOR('',#13546,10.);
#3620=VECTOR('',#13547,10.);
#3621=VECTOR('',#13548,10.);
#3622=VECTOR('',#13551,10.);
#3623=VECTOR('',#13552,10.);
#3624=VECTOR('',#13553,10.);
#3625=VECTOR('',#13556,10.);
#3626=VECTOR('',#13557,10.);
#3627=VECTOR('',#13558,10.);
#3628=VECTOR('',#13561,10.);
#3629=VECTOR('',#13562,10.);
#3630=VECTOR('',#13563,10.);
#3631=VECTOR('',#13566,10.);
#3632=VECTOR('',#13567,10.);
#3633=VECTOR('',#13572,10.);
#3634=VECTOR('',#13573,10.);
#3635=VECTOR('',#13574,10.);
#3636=VECTOR('',#13577,10.);
#3637=VECTOR('',#13578,10.);
#3638=VECTOR('',#13579,10.);
#3639=VECTOR('',#13582,10.);
#3640=VECTOR('',#13583,10.);
#3641=VECTOR('',#13584,10.);
#3642=VECTOR('',#13587,10.);
#3643=VECTOR('',#13588,10.);
#3644=VECTOR('',#13589,10.);
#3645=VECTOR('',#13602,10.);
#3646=VECTOR('',#13603,10.);
#3647=VECTOR('',#13604,10.);
#3648=VECTOR('',#13605,10.);
#3649=VECTOR('',#13610,10.);
#3650=VECTOR('',#13615,10.);
#3651=VECTOR('',#13616,10.);
#3652=VECTOR('',#13617,10.);
#3653=VECTOR('',#13620,10.);
#3654=VECTOR('',#13621,10.);
#3655=VECTOR('',#13622,10.);
#3656=VECTOR('',#13623,10.);
#3657=VECTOR('',#13626,10.);
#3658=VECTOR('',#13627,10.);
#3659=VECTOR('',#13628,10.);
#3660=VECTOR('',#13629,10.);
#3661=VECTOR('',#13634,10.);
#3662=VECTOR('',#13639,10.);
#3663=VECTOR('',#13640,10.);
#3664=VECTOR('',#13641,10.);
#3665=VECTOR('',#13644,10.);
#3666=VECTOR('',#13645,10.);
#3667=VECTOR('',#13646,10.);
#3668=VECTOR('',#13647,10.);
#3669=VECTOR('',#13650,10.);
#3670=VECTOR('',#13651,10.);
#3671=VECTOR('',#13652,10.);
#3672=VECTOR('',#13653,10.);
#3673=VECTOR('',#13658,10.);
#3674=VECTOR('',#13663,10.);
#3675=VECTOR('',#13664,10.);
#3676=VECTOR('',#13665,10.);
#3677=VECTOR('',#13668,10.);
#3678=VECTOR('',#13669,10.);
#3679=VECTOR('',#13670,10.);
#3680=VECTOR('',#13671,10.);
#3681=VECTOR('',#13674,10.);
#3682=VECTOR('',#13675,10.);
#3683=VECTOR('',#13676,10.);
#3684=VECTOR('',#13677,10.);
#3685=VECTOR('',#13682,10.);
#3686=VECTOR('',#13687,10.);
#3687=VECTOR('',#13688,10.);
#3688=VECTOR('',#13689,10.);
#3689=VECTOR('',#13692,10.);
#3690=VECTOR('',#13693,10.);
#3691=VECTOR('',#13694,10.);
#3692=VECTOR('',#13695,10.);
#3693=VECTOR('',#13698,10.);
#3694=VECTOR('',#13699,10.);
#3695=VECTOR('',#13700,10.);
#3696=VECTOR('',#13703,10.);
#3697=VECTOR('',#13704,10.);
#3698=VECTOR('',#13705,10.);
#3699=VECTOR('',#13708,10.);
#3700=VECTOR('',#13709,10.);
#3701=VECTOR('',#13710,10.);
#3702=VECTOR('',#13713,10.);
#3703=VECTOR('',#13714,10.);
#3704=VECTOR('',#13715,10.);
#3705=VECTOR('',#13718,10.);
#3706=VECTOR('',#13719,10.);
#3707=VECTOR('',#13720,10.);
#3708=VECTOR('',#13723,10.);
#3709=VECTOR('',#13724,10.);
#3710=VECTOR('',#13725,10.);
#3711=VECTOR('',#13728,10.);
#3712=VECTOR('',#13729,10.);
#3713=VECTOR('',#13730,10.);
#3714=VECTOR('',#13733,10.);
#3715=VECTOR('',#13734,10.);
#3716=VECTOR('',#13735,10.);
#3717=VECTOR('',#13738,10.);
#3718=VECTOR('',#13739,10.);
#3719=VECTOR('',#13740,10.);
#3720=VECTOR('',#13743,10.);
#3721=VECTOR('',#13744,10.);
#3722=VECTOR('',#13745,10.);
#3723=VECTOR('',#13748,10.);
#3724=VECTOR('',#13749,10.);
#3725=VECTOR('',#13750,10.);
#3726=VECTOR('',#13753,10.);
#3727=VECTOR('',#13754,10.);
#3728=VECTOR('',#13755,10.);
#3729=VECTOR('',#13758,10.);
#3730=VECTOR('',#13759,10.);
#3731=VECTOR('',#13760,10.);
#3732=VECTOR('',#13763,10.);
#3733=VECTOR('',#13764,10.);
#3734=VECTOR('',#13765,10.);
#3735=VECTOR('',#13768,10.);
#3736=VECTOR('',#13769,10.);
#3737=VECTOR('',#13770,10.);
#3738=VECTOR('',#13773,10.);
#3739=VECTOR('',#13774,10.);
#3740=VECTOR('',#13775,10.);
#3741=VECTOR('',#13778,10.);
#3742=VECTOR('',#13779,10.);
#3743=VECTOR('',#13780,10.);
#3744=VECTOR('',#13783,10.);
#3745=VECTOR('',#13784,10.);
#3746=VECTOR('',#13785,10.);
#3747=VECTOR('',#13820,10.);
#3748=VECTOR('',#13821,10.);
#3749=VECTOR('',#13822,10.);
#3750=VECTOR('',#13825,10.);
#3751=VECTOR('',#13830,10.);
#3752=VECTOR('',#13831,10.);
#3753=VECTOR('',#13834,10.);
#3754=VECTOR('',#13839,10.);
#3755=VECTOR('',#13840,10.);
#3756=VECTOR('',#13843,10.);
#3757=VECTOR('',#13848,10.);
#3758=VECTOR('',#13849,10.);
#3759=VECTOR('',#13852,10.);
#3760=VECTOR('',#13857,10.);
#3761=VECTOR('',#13858,10.);
#3762=VECTOR('',#13861,10.);
#3763=VECTOR('',#13866,10.);
#3764=VECTOR('',#13867,10.);
#3765=VECTOR('',#13870,10.);
#3766=VECTOR('',#13875,10.);
#3767=VECTOR('',#13876,10.);
#3768=VECTOR('',#13879,10.);
#3769=VECTOR('',#13884,10.);
#3770=VECTOR('',#13885,10.);
#3771=VECTOR('',#13888,10.);
#3772=VECTOR('',#13893,10.);
#3773=VECTOR('',#13894,10.);
#3774=VECTOR('',#13897,10.);
#3775=VECTOR('',#13902,10.);
#3776=VECTOR('',#13903,10.);
#3777=VECTOR('',#13906,10.);
#3778=VECTOR('',#13913,2.00000000000001);
#3779=VECTOR('',#13920,1.75000000000001);
#3780=VECTOR('',#13925,10.);
#3781=VECTOR('',#13926,10.);
#3782=VECTOR('',#13929,10.);
#3783=VECTOR('',#13932,10.);
#3784=VECTOR('',#13935,10.);
#3785=VECTOR('',#13936,10.);
#3786=VECTOR('',#13941,10.);
#3787=VECTOR('',#13942,10.);
#3788=VECTOR('',#13945,10.);
#3789=VECTOR('',#13950,10.);
#3790=VECTOR('',#13951,10.);
#3791=VECTOR('',#13956,10.);
#3792=VECTOR('',#13957,10.);
#3793=VECTOR('',#13958,10.);
#3794=VECTOR('',#13965,10.);
#3795=VECTOR('',#13966,10.);
#3796=VECTOR('',#13969,10.);
#3797=VECTOR('',#13972,10.);
#3798=VECTOR('',#13977,10.);
#3799=VECTOR('',#13978,10.);
#3800=VECTOR('',#13983,10.);
#3801=VECTOR('',#13984,10.);
#3802=VECTOR('',#13987,10.);
#3803=VECTOR('',#13990,10.);
#3804=VECTOR('',#13995,10.);
#3805=VECTOR('',#13996,10.);
#3806=VECTOR('',#14003,10.);
#3807=VECTOR('',#14004,10.);
#3808=VECTOR('',#14005,10.);
#3809=VECTOR('',#14008,10.);
#3810=VECTOR('',#14009,10.);
#3811=VECTOR('',#14012,10.);
#3812=VECTOR('',#14013,10.);
#3813=VECTOR('',#14014,10.);
#3814=VECTOR('',#14017,10.);
#3815=VECTOR('',#14018,10.);
#3816=VECTOR('',#14021,10.);
#3817=VECTOR('',#14022,10.);
#3818=VECTOR('',#14023,10.);
#3819=VECTOR('',#14026,10.);
#3820=VECTOR('',#14029,10.);
#3821=VECTOR('',#14036,13.);
#3822=VECTOR('',#14043,10.);
#3823=VECTOR('',#14044,10.);
#3824=VECTOR('',#14045,10.);
#3825=VECTOR('',#14046,10.);
#3826=VECTOR('',#14049,10.);
#3827=VECTOR('',#14050,10.);
#3828=VECTOR('',#14051,10.);
#3829=VECTOR('',#14052,10.);
#3830=VECTOR('',#14055,10.);
#3831=VECTOR('',#14056,10.);
#3832=VECTOR('',#14057,10.);
#3833=VECTOR('',#14058,10.);
#3834=VECTOR('',#14061,10.);
#3835=VECTOR('',#14062,10.);
#3836=VECTOR('',#14063,10.);
#3837=VECTOR('',#14066,10.);
#3838=VECTOR('',#14067,10.);
#3839=VECTOR('',#14068,10.);
#3840=VECTOR('',#14069,10.);
#3841=VECTOR('',#14074,10.);
#3842=VECTOR('',#14075,10.);
#3843=VECTOR('',#14076,10.);
#3844=VECTOR('',#14079,10.);
#3845=VECTOR('',#14080,10.);
#3846=VECTOR('',#14081,10.);
#3847=VECTOR('',#14084,10.);
#3848=VECTOR('',#14085,10.);
#3849=VECTOR('',#14086,10.);
#3850=VECTOR('',#14089,10.);
#3851=VECTOR('',#14090,10.);
#3852=VECTOR('',#14091,10.);
#3853=VECTOR('',#14092,10.);
#3854=VECTOR('',#14097,10.);
#3855=VECTOR('',#14098,10.);
#3856=VECTOR('',#14099,10.);
#3857=VECTOR('',#14100,10.);
#3858=VECTOR('',#14103,10.);
#3859=VECTOR('',#14104,10.);
#3860=VECTOR('',#14105,10.);
#3861=VECTOR('',#14108,10.);
#3862=VECTOR('',#14109,10.);
#3863=VECTOR('',#14110,10.);
#3864=VECTOR('',#14113,10.);
#3865=VECTOR('',#14114,10.);
#3866=VECTOR('',#14115,10.);
#3867=VECTOR('',#14118,10.);
#3868=VECTOR('',#14119,10.);
#3869=VECTOR('',#14120,10.);
#3870=VECTOR('',#14121,10.);
#3871=VECTOR('',#14124,10.);
#3872=VECTOR('',#14125,10.);
#3873=VECTOR('',#14126,10.);
#3874=VECTOR('',#14129,10.);
#3875=VECTOR('',#14130,10.);
#3876=VECTOR('',#14131,10.);
#3877=VECTOR('',#14134,10.);
#3878=VECTOR('',#14135,10.);
#3879=VECTOR('',#14136,10.);
#3880=VECTOR('',#14139,10.);
#3881=VECTOR('',#14140,10.);
#3882=VECTOR('',#14141,10.);
#3883=VECTOR('',#14142,10.);
#3884=VECTOR('',#14145,10.);
#3885=VECTOR('',#14146,10.);
#3886=VECTOR('',#14147,10.);
#3887=VECTOR('',#14150,10.);
#3888=VECTOR('',#14151,10.);
#3889=VECTOR('',#14152,10.);
#3890=VECTOR('',#14153,10.);
#3891=VECTOR('',#14156,10.);
#3892=VECTOR('',#14157,10.);
#3893=VECTOR('',#14158,10.);
#3894=VECTOR('',#14161,10.);
#3895=VECTOR('',#14162,10.);
#3896=VECTOR('',#14163,10.);
#3897=VECTOR('',#14166,10.);
#3898=VECTOR('',#14167,10.);
#3899=VECTOR('',#14168,10.);
#3900=VECTOR('',#14171,10.);
#3901=VECTOR('',#14172,10.);
#3902=VECTOR('',#14173,10.);
#3903=VECTOR('',#14176,10.);
#3904=VECTOR('',#14177,10.);
#3905=VECTOR('',#14178,10.);
#3906=VECTOR('',#14181,10.);
#3907=VECTOR('',#14182,10.);
#3908=VECTOR('',#14183,10.);
#3909=VECTOR('',#14184,10.);
#3910=VECTOR('',#14187,10.);
#3911=VECTOR('',#14188,10.);
#3912=VECTOR('',#14189,10.);
#3913=VECTOR('',#14192,10.);
#3914=VECTOR('',#14193,10.);
#3915=VECTOR('',#14194,10.);
#3916=VECTOR('',#14197,10.);
#3917=VECTOR('',#14198,10.);
#3918=VECTOR('',#14199,10.);
#3919=VECTOR('',#14200,10.);
#3920=VECTOR('',#14203,10.);
#3921=VECTOR('',#14204,10.);
#3922=VECTOR('',#14205,10.);
#3923=VECTOR('',#14208,10.);
#3924=VECTOR('',#14209,10.);
#3925=VECTOR('',#14210,10.);
#3926=VECTOR('',#14213,10.);
#3927=VECTOR('',#14214,10.);
#3928=VECTOR('',#14215,10.);
#3929=VECTOR('',#14218,10.);
#3930=VECTOR('',#14219,10.);
#3931=VECTOR('',#14220,10.);
#3932=VECTOR('',#14221,10.);
#3933=VECTOR('',#14224,10.);
#3934=VECTOR('',#14225,10.);
#3935=VECTOR('',#14226,10.);
#3936=VECTOR('',#14229,10.);
#3937=VECTOR('',#14230,10.);
#3938=VECTOR('',#14231,10.);
#3939=VECTOR('',#14234,10.);
#3940=VECTOR('',#14235,10.);
#3941=VECTOR('',#14236,10.);
#3942=VECTOR('',#14237,10.);
#3943=VECTOR('',#14240,10.);
#3944=VECTOR('',#14241,10.);
#3945=VECTOR('',#14242,10.);
#3946=VECTOR('',#14245,10.);
#3947=VECTOR('',#14246,10.);
#3948=VECTOR('',#14249,10.);
#3949=VECTOR('',#14250,10.);
#3950=VECTOR('',#14253,10.);
#3951=VECTOR('',#14254,10.);
#3952=VECTOR('',#14255,10.);
#3953=VECTOR('',#14258,10.);
#3954=VECTOR('',#14259,10.);
#3955=VECTOR('',#14264,10.);
#3956=VECTOR('',#14265,10.);
#3957=VECTOR('',#14266,10.);
#3958=VECTOR('',#14267,10.);
#3959=VECTOR('',#14270,10.);
#3960=VECTOR('',#14271,10.);
#3961=VECTOR('',#14272,10.);
#3962=VECTOR('',#14273,10.);
#3963=VECTOR('',#14276,10.);
#3964=VECTOR('',#14277,10.);
#3965=VECTOR('',#14278,10.);
#3966=VECTOR('',#14279,10.);
#3967=VECTOR('',#14282,10.);
#3968=VECTOR('',#14283,10.);
#3969=VECTOR('',#14284,10.);
#3970=VECTOR('',#14289,10.);
#3971=VECTOR('',#14290,10.);
#3972=VECTOR('',#14291,10.);
#3973=VECTOR('',#14292,10.);
#3974=VECTOR('',#14295,10.);
#3975=VECTOR('',#14296,10.);
#3976=VECTOR('',#14299,10.);
#3977=VECTOR('',#14300,10.);
#3978=VECTOR('',#14301,10.);
#3979=VECTOR('',#14304,10.);
#3980=VECTOR('',#14305,10.);
#3981=VECTOR('',#14308,10.);
#3982=VECTOR('',#14309,10.);
#3983=VECTOR('',#14310,10.);
#3984=VECTOR('',#14313,10.);
#3985=VECTOR('',#14314,10.);
#3986=VECTOR('',#14317,10.);
#3987=VECTOR('',#14318,10.);
#3988=VECTOR('',#14319,10.);
#3989=VECTOR('',#14322,10.);
#3990=VECTOR('',#14323,10.);
#3991=VECTOR('',#14324,10.);
#3992=VECTOR('',#14329,10.);
#3993=VECTOR('',#14330,10.);
#3994=VECTOR('',#14333,10.);
#3995=VECTOR('',#14334,10.);
#3996=VECTOR('',#14335,10.);
#3997=VECTOR('',#14338,10.);
#3998=VECTOR('',#14339,10.);
#3999=VECTOR('',#14340,10.);
#4000=VECTOR('',#14341,10.);
#4001=VECTOR('',#14344,10.);
#4002=VECTOR('',#14345,10.);
#4003=VECTOR('',#14350,10.);
#4004=VECTOR('',#14351,10.);
#4005=VECTOR('',#14352,10.);
#4006=VECTOR('',#14355,10.);
#4007=VECTOR('',#14356,10.);
#4008=VECTOR('',#14357,10.);
#4009=VECTOR('',#14360,10.);
#4010=VECTOR('',#14361,10.);
#4011=VECTOR('',#14362,10.);
#4012=VECTOR('',#14365,10.);
#4013=VECTOR('',#14366,10.);
#4014=VECTOR('',#14367,10.);
#4015=VECTOR('',#14370,10.);
#4016=VECTOR('',#14371,10.);
#4017=VECTOR('',#14372,10.);
#4018=VECTOR('',#14375,10.);
#4019=VECTOR('',#14376,10.);
#4020=VECTOR('',#14377,10.);
#4021=VECTOR('',#14380,10.);
#4022=VECTOR('',#14381,10.);
#4023=VECTOR('',#14382,10.);
#4024=VECTOR('',#14385,10.);
#4025=VECTOR('',#14386,10.);
#4026=VECTOR('',#14387,10.);
#4027=VECTOR('',#14390,10.);
#4028=VECTOR('',#14391,10.);
#4029=VECTOR('',#14392,10.);
#4030=VECTOR('',#14395,10.);
#4031=VECTOR('',#14396,10.);
#4032=VECTOR('',#14397,10.);
#4033=VECTOR('',#14400,10.);
#4034=VECTOR('',#14401,10.);
#4035=VECTOR('',#14402,10.);
#4036=VECTOR('',#14405,10.);
#4037=VECTOR('',#14406,10.);
#4038=VECTOR('',#14407,10.);
#4039=VECTOR('',#14410,10.);
#4040=VECTOR('',#14411,10.);
#4041=VECTOR('',#14412,10.);
#4042=VECTOR('',#14415,10.);
#4043=VECTOR('',#14416,10.);
#4044=VECTOR('',#14419,10.);
#4045=VECTOR('',#14420,10.);
#4046=VECTOR('',#14421,10.);
#4047=VECTOR('',#14424,10.);
#4048=VECTOR('',#14425,10.);
#4049=VECTOR('',#14426,10.);
#4050=VECTOR('',#14429,10.);
#4051=VECTOR('',#14430,10.);
#4052=VECTOR('',#14431,10.);
#4053=VECTOR('',#14432,10.);
#4054=VECTOR('',#14435,10.);
#4055=VECTOR('',#14436,10.);
#4056=VECTOR('',#14437,10.);
#4057=VECTOR('',#14440,10.);
#4058=VECTOR('',#14441,10.);
#4059=VECTOR('',#14442,10.);
#4060=VECTOR('',#14445,10.);
#4061=VECTOR('',#14446,10.);
#4062=VECTOR('',#14447,10.);
#4063=VECTOR('',#14450,10.);
#4064=VECTOR('',#14451,10.);
#4065=VECTOR('',#14454,10.);
#4066=VECTOR('',#14455,10.);
#4067=VECTOR('',#14460,10.);
#4068=VECTOR('',#14461,10.);
#4069=VECTOR('',#14462,10.);
#4070=VECTOR('',#14463,10.);
#4071=VECTOR('',#14466,10.);
#4072=VECTOR('',#14467,10.);
#4073=VECTOR('',#14470,10.);
#4074=VECTOR('',#14471,10.);
#4075=VECTOR('',#14472,10.);
#4076=VECTOR('',#14475,10.);
#4077=VECTOR('',#14476,10.);
#4078=VECTOR('',#14477,10.);
#4079=VECTOR('',#14480,10.);
#4080=VECTOR('',#14481,10.);
#4081=VECTOR('',#14482,10.);
#4082=VECTOR('',#14485,10.);
#4083=VECTOR('',#14486,10.);
#4084=VECTOR('',#14487,10.);
#4085=VECTOR('',#14490,10.);
#4086=VECTOR('',#14491,10.);
#4087=VECTOR('',#14492,10.);
#4088=VECTOR('',#14495,10.);
#4089=VECTOR('',#14496,10.);
#4090=VECTOR('',#14497,10.);
#4091=VECTOR('',#14500,10.);
#4092=VECTOR('',#14501,10.);
#4093=VECTOR('',#14502,10.);
#4094=VECTOR('',#14503,10.);
#4095=VECTOR('',#14506,10.);
#4096=VECTOR('',#14507,10.);
#4097=VECTOR('',#14508,10.);
#4098=VECTOR('',#14511,10.);
#4099=VECTOR('',#14512,10.);
#4100=VECTOR('',#14513,10.);
#4101=VECTOR('',#14514,10.);
#4102=VECTOR('',#14517,10.);
#4103=VECTOR('',#14518,10.);
#4104=VECTOR('',#14519,10.);
#4105=VECTOR('',#14520,10.);
#4106=VECTOR('',#14523,10.);
#4107=VECTOR('',#14524,10.);
#4108=VECTOR('',#14525,10.);
#4109=VECTOR('',#14528,10.);
#4110=VECTOR('',#14529,10.);
#4111=VECTOR('',#14530,10.);
#4112=VECTOR('',#14533,10.);
#4113=VECTOR('',#14534,10.);
#4114=VECTOR('',#14535,10.);
#4115=VECTOR('',#14538,10.);
#4116=VECTOR('',#14539,10.);
#4117=VECTOR('',#14540,10.);
#4118=VECTOR('',#14545,10.);
#4119=VECTOR('',#14546,10.);
#4120=VECTOR('',#14549,10.);
#4121=VECTOR('',#14550,10.);
#4122=VECTOR('',#14551,10.);
#4123=VECTOR('',#14554,10.);
#4124=VECTOR('',#14555,10.);
#4125=VECTOR('',#14556,10.);
#4126=VECTOR('',#14557,10.);
#4127=VECTOR('',#14560,10.);
#4128=VECTOR('',#14561,10.);
#4129=VECTOR('',#14566,10.);
#4130=VECTOR('',#14567,10.);
#4131=VECTOR('',#14570,10.);
#4132=VECTOR('',#14571,10.);
#4133=VECTOR('',#14574,10.);
#4134=VECTOR('',#14575,10.);
#4135=VECTOR('',#14576,10.);
#4136=VECTOR('',#14579,10.);
#4137=VECTOR('',#14580,10.);
#4138=VECTOR('',#14585,10.);
#4139=VECTOR('',#14586,10.);
#4140=VECTOR('',#14587,10.);
#4141=VECTOR('',#14590,10.);
#4142=VECTOR('',#14591,10.);
#4143=VECTOR('',#14592,10.);
#4144=VECTOR('',#14595,10.);
#4145=VECTOR('',#14596,10.);
#4146=VECTOR('',#14599,10.);
#4147=VECTOR('',#14600,10.);
#4148=VECTOR('',#14601,10.);
#4149=VECTOR('',#14604,10.);
#4150=VECTOR('',#14605,10.);
#4151=VECTOR('',#14606,10.);
#4152=VECTOR('',#14609,10.);
#4153=VECTOR('',#14610,10.);
#4154=VECTOR('',#14611,10.);
#4155=VECTOR('',#14614,10.);
#4156=VECTOR('',#14615,10.);
#4157=VECTOR('',#14616,10.);
#4158=VECTOR('',#14619,10.);
#4159=VECTOR('',#14620,10.);
#4160=VECTOR('',#14621,10.);
#4161=VECTOR('',#14626,10.);
#4162=VECTOR('',#14627,10.);
#4163=VECTOR('',#14628,10.);
#4164=VECTOR('',#14629,10.);
#4165=VECTOR('',#14632,10.);
#4166=VECTOR('',#14633,10.);
#4167=VECTOR('',#14634,10.);
#4168=VECTOR('',#14635,10.);
#4169=VECTOR('',#14638,10.);
#4170=VECTOR('',#14639,10.);
#4171=VECTOR('',#14640,10.);
#4172=VECTOR('',#14641,10.);
#4173=VECTOR('',#14644,10.);
#4174=VECTOR('',#14645,10.);
#4175=VECTOR('',#14646,10.);
#4176=VECTOR('',#14651,10.);
#4177=VECTOR('',#14652,10.);
#4178=VECTOR('',#14653,10.);
#4179=VECTOR('',#14656,10.);
#4180=VECTOR('',#14657,10.);
#4181=VECTOR('',#14658,10.);
#4182=VECTOR('',#14661,10.);
#4183=VECTOR('',#14662,10.);
#4184=VECTOR('',#14663,10.);
#4185=VECTOR('',#14664,10.);
#4186=VECTOR('',#14667,10.);
#4187=VECTOR('',#14668,10.);
#4188=VECTOR('',#14669,10.);
#4189=VECTOR('',#14674,10.);
#4190=VECTOR('',#14675,10.);
#4191=VECTOR('',#14676,10.);
#4192=VECTOR('',#14679,10.);
#4193=VECTOR('',#14680,10.);
#4194=VECTOR('',#14681,10.);
#4195=VECTOR('',#14684,10.);
#4196=VECTOR('',#14685,10.);
#4197=VECTOR('',#14686,10.);
#4198=VECTOR('',#14689,10.);
#4199=VECTOR('',#14690,10.);
#4200=VECTOR('',#14691,10.);
#4201=VECTOR('',#14694,10.);
#4202=VECTOR('',#14695,10.);
#4203=VECTOR('',#14696,10.);
#4204=VECTOR('',#14697,10.);
#4205=VECTOR('',#14700,10.);
#4206=VECTOR('',#14701,10.);
#4207=VECTOR('',#14704,10.);
#4208=VECTOR('',#14705,10.);
#4209=VECTOR('',#14706,10.);
#4210=VECTOR('',#14709,10.);
#4211=VECTOR('',#14710,10.);
#4212=VECTOR('',#14711,10.);
#4213=VECTOR('',#14714,10.);
#4214=VECTOR('',#14715,10.);
#4215=VECTOR('',#14716,10.);
#4216=VECTOR('',#14719,10.);
#4217=VECTOR('',#14720,10.);
#4218=VECTOR('',#14723,10.);
#4219=VECTOR('',#14724,10.);
#4220=VECTOR('',#14725,10.);
#4221=VECTOR('',#14728,10.);
#4222=VECTOR('',#14729,10.);
#4223=VECTOR('',#14734,10.);
#4224=VECTOR('',#14735,10.);
#4225=VECTOR('',#14736,10.);
#4226=VECTOR('',#14739,10.);
#4227=VECTOR('',#14740,10.);
#4228=VECTOR('',#14741,10.);
#4229=VECTOR('',#14744,10.);
#4230=VECTOR('',#14745,10.);
#4231=VECTOR('',#14746,10.);
#4232=VECTOR('',#14747,10.);
#4233=VECTOR('',#14750,10.);
#4234=VECTOR('',#14751,10.);
#4235=VECTOR('',#14752,10.);
#4236=VECTOR('',#14757,10.);
#4237=VECTOR('',#14758,10.);
#4238=VECTOR('',#14761,10.);
#4239=VECTOR('',#14762,10.);
#4240=VECTOR('',#14765,10.);
#4241=VECTOR('',#14766,10.);
#4242=VECTOR('',#14767,10.);
#4243=VECTOR('',#14770,10.);
#4244=VECTOR('',#14771,10.);
#4245=VECTOR('',#14776,10.);
#4246=VECTOR('',#14777,10.);
#4247=VECTOR('',#14778,10.);
#4248=VECTOR('',#14781,10.);
#4249=VECTOR('',#14782,10.);
#4250=VECTOR('',#14785,10.);
#4251=VECTOR('',#14786,10.);
#4252=VECTOR('',#14787,10.);
#4253=VECTOR('',#14790,10.);
#4254=VECTOR('',#14791,10.);
#4255=VECTOR('',#14792,10.);
#4256=VECTOR('',#14795,10.);
#4257=VECTOR('',#14796,10.);
#4258=VECTOR('',#14797,10.);
#4259=VECTOR('',#14800,10.);
#4260=VECTOR('',#14801,10.);
#4261=VECTOR('',#14802,10.);
#4262=VECTOR('',#14805,10.);
#4263=VECTOR('',#14806,10.);
#4264=VECTOR('',#14807,10.);
#4265=VECTOR('',#14810,10.);
#4266=VECTOR('',#14811,10.);
#4267=VECTOR('',#14812,10.);
#4268=VECTOR('',#14815,10.);
#4269=VECTOR('',#14816,10.);
#4270=VECTOR('',#14819,10.);
#4271=VECTOR('',#14820,10.);
#4272=VECTOR('',#14821,10.);
#4273=VECTOR('',#14824,10.);
#4274=VECTOR('',#14825,10.);
#4275=VECTOR('',#14828,10.);
#4276=VECTOR('',#14829,10.);
#4277=VECTOR('',#14830,10.);
#4278=VECTOR('',#14833,10.);
#4279=VECTOR('',#14834,10.);
#4280=VECTOR('',#14835,10.);
#4281=VECTOR('',#14838,10.);
#4282=VECTOR('',#14839,10.);
#4283=VECTOR('',#14840,10.);
#4284=VECTOR('',#14843,10.);
#4285=VECTOR('',#14844,10.);
#4286=VECTOR('',#14845,10.);
#4287=VECTOR('',#14846,10.);
#4288=VECTOR('',#14849,10.);
#4289=VECTOR('',#14850,10.);
#4290=VECTOR('',#14851,10.);
#4291=VECTOR('',#14852,10.);
#4292=VECTOR('',#14855,10.);
#4293=VECTOR('',#14856,10.);
#4294=VECTOR('',#14857,10.);
#4295=VECTOR('',#14860,10.);
#4296=VECTOR('',#14861,10.);
#4297=VECTOR('',#14862,10.);
#4298=VECTOR('',#14865,10.);
#4299=VECTOR('',#14866,10.);
#4300=VECTOR('',#14869,10.);
#4301=VECTOR('',#14870,10.);
#4302=VECTOR('',#14871,10.);
#4303=VECTOR('',#14874,10.);
#4304=VECTOR('',#14875,10.);
#4305=VECTOR('',#14876,10.);
#4306=VECTOR('',#14879,10.);
#4307=VECTOR('',#14880,10.);
#4308=VECTOR('',#14881,10.);
#4309=VECTOR('',#14882,10.);
#4310=VECTOR('',#14885,10.);
#4311=VECTOR('',#14886,10.);
#4312=VECTOR('',#14887,10.);
#4313=VECTOR('',#14890,10.);
#4314=VECTOR('',#14891,10.);
#4315=VECTOR('',#14892,10.);
#4316=VECTOR('',#14895,10.);
#4317=VECTOR('',#14896,10.);
#4318=VECTOR('',#14897,10.);
#4319=VECTOR('',#14900,10.);
#4320=VECTOR('',#14901,10.);
#4321=VECTOR('',#14902,10.);
#4322=VECTOR('',#14905,10.);
#4323=VECTOR('',#14906,10.);
#4324=VECTOR('',#14907,10.);
#4325=VECTOR('',#14910,10.);
#4326=VECTOR('',#14911,10.);
#4327=VECTOR('',#14914,10.);
#4328=VECTOR('',#14915,10.);
#4329=VECTOR('',#14916,10.);
#4330=VECTOR('',#14917,10.);
#4331=VECTOR('',#14920,10.);
#4332=VECTOR('',#14921,10.);
#4333=VECTOR('',#14922,10.);
#4334=VECTOR('',#14923,10.);
#4335=VECTOR('',#14926,10.);
#4336=VECTOR('',#14927,10.);
#4337=VECTOR('',#14928,10.);
#4338=VECTOR('',#14931,10.);
#4339=VECTOR('',#14932,10.);
#4340=VECTOR('',#14933,10.);
#4341=VECTOR('',#14936,10.);
#4342=VECTOR('',#14937,10.);
#4343=VECTOR('',#14938,10.);
#4344=VECTOR('',#14939,10.);
#4345=VECTOR('',#14942,10.);
#4346=VECTOR('',#14943,10.);
#4347=VECTOR('',#14944,10.);
#4348=VECTOR('',#14947,10.);
#4349=VECTOR('',#14948,10.);
#4350=VECTOR('',#14949,10.);
#4351=VECTOR('',#14952,10.);
#4352=VECTOR('',#14953,10.);
#4353=VECTOR('',#14954,10.);
#4354=VECTOR('',#14961,10.);
#4355=VECTOR('',#14962,10.);
#4356=VECTOR('',#14963,10.);
#4357=VECTOR('',#14964,10.);
#4358=VECTOR('',#14965,10.);
#4359=VECTOR('',#14966,10.);
#4360=VECTOR('',#14967,10.);
#4361=VECTOR('',#14968,10.);
#4362=VECTOR('',#14969,10.);
#4363=VECTOR('',#14970,10.);
#4364=VECTOR('',#14971,10.);
#4365=VECTOR('',#14972,10.);
#4366=VECTOR('',#14973,10.);
#4367=VECTOR('',#14974,10.);
#4368=VECTOR('',#14975,10.);
#4369=VECTOR('',#14976,10.);
#4370=VECTOR('',#14977,10.);
#4371=VECTOR('',#14978,10.);
#4372=VECTOR('',#14979,10.);
#4373=VECTOR('',#14980,10.);
#4374=VECTOR('',#14981,10.);
#4375=VECTOR('',#14982,10.);
#4376=VECTOR('',#14983,10.);
#4377=VECTOR('',#14984,10.);
#4378=VECTOR('',#14985,10.);
#4379=VECTOR('',#14986,10.);
#4380=VECTOR('',#14987,10.);
#4381=VECTOR('',#14988,10.);
#4382=VECTOR('',#14989,10.);
#4383=VECTOR('',#14990,10.);
#4384=VECTOR('',#14991,10.);
#4385=VECTOR('',#14992,10.);
#4386=VECTOR('',#15019,10.);
#4387=VECTOR('',#15020,10.);
#4388=VECTOR('',#15021,10.);
#4389=VECTOR('',#15022,10.);
#4390=VECTOR('',#15023,10.);
#4391=VECTOR('',#15024,10.);
#4392=VECTOR('',#15025,10.);
#4393=VECTOR('',#15026,10.);
#4394=VECTOR('',#15027,10.);
#4395=VECTOR('',#15028,10.);
#4396=VECTOR('',#15029,10.);
#4397=VECTOR('',#15030,10.);
#4398=VECTOR('',#15031,10.);
#4399=VECTOR('',#15032,10.);
#4400=VECTOR('',#15033,10.);
#4401=VECTOR('',#15034,10.);
#4402=VECTOR('',#15035,10.);
#4403=VECTOR('',#15036,10.);
#4404=VECTOR('',#15037,10.);
#4405=VECTOR('',#15038,10.);
#4406=VECTOR('',#15039,10.);
#4407=VECTOR('',#15040,10.);
#4408=VECTOR('',#15041,10.);
#4409=VECTOR('',#15042,10.);
#4410=VECTOR('',#15043,10.);
#4411=VECTOR('',#15044,10.);
#4412=VECTOR('',#15045,10.);
#4413=VECTOR('',#15046,10.);
#4414=VECTOR('',#15047,10.);
#4415=VECTOR('',#15048,10.);
#4416=VECTOR('',#15049,10.);
#4417=VECTOR('',#15050,10.);
#4418=VECTOR('',#15051,10.);
#4419=VECTOR('',#15052,10.);
#4420=VECTOR('',#15053,10.);
#4421=VECTOR('',#15054,10.);
#4422=VECTOR('',#15055,10.);
#4423=VECTOR('',#15056,10.);
#4424=VECTOR('',#15057,10.);
#4425=VECTOR('',#15058,10.);
#4426=VECTOR('',#15059,10.);
#4427=VECTOR('',#15060,10.);
#4428=VECTOR('',#15061,10.);
#4429=VECTOR('',#15062,10.);
#4430=VECTOR('',#15063,10.);
#4431=VECTOR('',#15064,10.);
#4432=VECTOR('',#15065,10.);
#4433=VECTOR('',#15066,10.);
#4434=VECTOR('',#15067,10.);
#4435=VECTOR('',#15068,10.);
#4436=VECTOR('',#15069,10.);
#4437=VECTOR('',#15070,10.);
#4438=VECTOR('',#15071,10.);
#4439=VECTOR('',#15072,10.);
#4440=VECTOR('',#15073,10.);
#4441=VECTOR('',#15074,10.);
#4442=VECTOR('',#15075,10.);
#4443=VECTOR('',#15076,10.);
#4444=VECTOR('',#15077,10.);
#4445=VECTOR('',#15078,10.);
#4446=VECTOR('',#15079,10.);
#4447=VECTOR('',#15080,10.);
#4448=VECTOR('',#15081,10.);
#4449=VECTOR('',#15082,10.);
#4450=VECTOR('',#15083,10.);
#4451=VECTOR('',#15084,10.);
#4452=VECTOR('',#15085,10.);
#4453=VECTOR('',#15086,10.);
#4454=VECTOR('',#15087,10.);
#4455=VECTOR('',#15088,10.);
#4456=VECTOR('',#15089,10.);
#4457=VECTOR('',#15090,10.);
#4458=VECTOR('',#15091,10.);
#4459=VECTOR('',#15092,10.);
#4460=VECTOR('',#15093,10.);
#4461=VECTOR('',#15094,10.);
#4462=VECTOR('',#15095,10.);
#4463=VECTOR('',#15096,10.);
#4464=VECTOR('',#15097,10.);
#4465=VECTOR('',#15098,10.);
#4466=VECTOR('',#15099,10.);
#4467=VECTOR('',#15100,10.);
#4468=VECTOR('',#15101,10.);
#4469=VECTOR('',#15102,10.);
#4470=VECTOR('',#15103,10.);
#4471=VECTOR('',#15104,10.);
#4472=VECTOR('',#15105,10.);
#4473=VECTOR('',#15106,10.);
#4474=VECTOR('',#15107,10.);
#4475=VECTOR('',#15108,10.);
#4476=VECTOR('',#15109,10.);
#4477=VECTOR('',#15110,10.);
#4478=VECTOR('',#15111,10.);
#4479=VECTOR('',#15114,10.);
#4480=VECTOR('',#15115,10.);
#4481=VECTOR('',#15118,10.);
#4482=VECTOR('',#15119,10.);
#4483=VECTOR('',#15120,10.);
#4484=VECTOR('',#15123,10.);
#4485=VECTOR('',#15124,10.);
#4486=VECTOR('',#15127,10.);
#4487=VECTOR('',#15128,10.);
#4488=VECTOR('',#15129,10.);
#4489=VECTOR('',#15132,10.);
#4490=VECTOR('',#15133,10.);
#4491=VECTOR('',#15134,10.);
#4492=VECTOR('',#15137,10.);
#4493=VECTOR('',#15138,10.);
#4494=VECTOR('',#15141,10.);
#4495=VECTOR('',#15142,10.);
#4496=VECTOR('',#15143,10.);
#4497=VECTOR('',#15146,10.);
#4498=VECTOR('',#15147,10.);
#4499=VECTOR('',#15150,10.);
#4500=VECTOR('',#15151,10.);
#4501=VECTOR('',#15152,10.);
#4502=VECTOR('',#15155,10.);
#4503=VECTOR('',#15156,10.);
#4504=VECTOR('',#15159,10.);
#4505=VECTOR('',#15160,10.);
#4506=VECTOR('',#15161,10.);
#4507=VECTOR('',#15164,10.);
#4508=VECTOR('',#15165,10.);
#4509=VECTOR('',#15168,10.);
#4510=VECTOR('',#15169,10.);
#4511=VECTOR('',#15170,10.);
#4512=VECTOR('',#15173,10.);
#4513=VECTOR('',#15174,10.);
#4514=VECTOR('',#15177,10.);
#4515=VECTOR('',#15178,10.);
#4516=VECTOR('',#15179,10.);
#4517=VECTOR('',#15182,10.);
#4518=VECTOR('',#15183,10.);
#4519=VECTOR('',#15186,10.);
#4520=VECTOR('',#15187,10.);
#4521=VECTOR('',#15188,10.);
#4522=VECTOR('',#15191,10.);
#4523=VECTOR('',#15192,10.);
#4524=VECTOR('',#15195,10.);
#4525=VECTOR('',#15196,10.);
#4526=VECTOR('',#15197,10.);
#4527=VECTOR('',#15200,10.);
#4528=VECTOR('',#15201,10.);
#4529=VECTOR('',#15202,10.);
#4530=VECTOR('',#15205,10.);
#4531=VECTOR('',#15206,10.);
#4532=VECTOR('',#15209,10.);
#4533=VECTOR('',#15210,10.);
#4534=VECTOR('',#15211,10.);
#4535=VECTOR('',#15214,10.);
#4536=VECTOR('',#15215,10.);
#4537=VECTOR('',#15218,10.);
#4538=VECTOR('',#15219,10.);
#4539=VECTOR('',#15220,10.);
#4540=VECTOR('',#15223,10.);
#4541=VECTOR('',#15224,10.);
#4542=VECTOR('',#15227,10.);
#4543=VECTOR('',#15228,10.);
#4544=VECTOR('',#15229,10.);
#4545=VECTOR('',#15232,10.);
#4546=VECTOR('',#15233,10.);
#4547=VECTOR('',#15234,10.);
#4548=VECTOR('',#15237,10.);
#4549=VECTOR('',#15238,10.);
#4550=VECTOR('',#15241,10.);
#4551=VECTOR('',#15242,10.);
#4552=VECTOR('',#15243,10.);
#4553=VECTOR('',#15246,10.);
#4554=VECTOR('',#15247,10.);
#4555=VECTOR('',#15250,10.);
#4556=VECTOR('',#15251,10.);
#4557=VECTOR('',#15252,10.);
#4558=VECTOR('',#15255,10.);
#4559=VECTOR('',#15256,10.);
#4560=VECTOR('',#15259,10.);
#4561=VECTOR('',#15260,10.);
#4562=VECTOR('',#15261,10.);
#4563=VECTOR('',#15264,10.);
#4564=VECTOR('',#15265,10.);
#4565=VECTOR('',#15268,10.);
#4566=VECTOR('',#15269,10.);
#4567=VECTOR('',#15270,10.);
#4568=VECTOR('',#15273,10.);
#4569=VECTOR('',#15274,10.);
#4570=VECTOR('',#15277,10.);
#4571=VECTOR('',#15278,10.);
#4572=VECTOR('',#15279,10.);
#4573=VECTOR('',#15282,10.);
#4574=VECTOR('',#15283,10.);
#4575=VECTOR('',#15284,10.);
#4576=VECTOR('',#15287,10.);
#4577=VECTOR('',#15288,10.);
#4578=VECTOR('',#15291,10.);
#4579=VECTOR('',#15292,10.);
#4580=VECTOR('',#15295,10.);
#4581=VECTOR('',#15296,10.);
#4582=VECTOR('',#15297,10.);
#4583=VECTOR('',#15300,10.);
#4584=VECTOR('',#15301,10.);
#4585=VECTOR('',#15304,10.);
#4586=VECTOR('',#15305,10.);
#4587=VECTOR('',#15306,10.);
#4588=VECTOR('',#15309,10.);
#4589=VECTOR('',#15310,10.);
#4590=VECTOR('',#15313,10.);
#4591=VECTOR('',#15314,10.);
#4592=VECTOR('',#15315,10.);
#4593=VECTOR('',#15318,10.);
#4594=VECTOR('',#15319,10.);
#4595=VECTOR('',#15322,10.);
#4596=VECTOR('',#15323,10.);
#4597=VECTOR('',#15324,10.);
#4598=VECTOR('',#15327,10.);
#4599=VECTOR('',#15328,10.);
#4600=VECTOR('',#15331,10.);
#4601=VECTOR('',#15332,10.);
#4602=VECTOR('',#15333,10.);
#4603=VECTOR('',#15336,10.);
#4604=VECTOR('',#15337,10.);
#4605=VECTOR('',#15340,10.);
#4606=VECTOR('',#15341,10.);
#4607=VECTOR('',#15344,10.);
#4608=VECTOR('',#15349,10.);
#4609=VECTOR('',#15350,10.);
#4610=VECTOR('',#15353,10.);
#4611=VECTOR('',#15358,10.);
#4612=VECTOR('',#15359,10.);
#4613=VECTOR('',#15362,10.);
#4614=VECTOR('',#15367,10.);
#4615=VECTOR('',#15368,10.);
#4616=VECTOR('',#15371,10.);
#4617=VECTOR('',#15376,10.);
#4618=VECTOR('',#15377,10.);
#4619=VECTOR('',#15380,10.);
#4620=VECTOR('',#15385,10.);
#4621=VECTOR('',#15386,10.);
#4622=VECTOR('',#15387,10.);
#4623=VECTOR('',#15390,10.);
#4624=VECTOR('',#15395,10.);
#4625=VECTOR('',#15396,10.);
#4626=VECTOR('',#15399,10.);
#4627=VECTOR('',#15404,10.);
#4628=VECTOR('',#15407,10.);
#4629=VECTOR('',#15408,10.);
#4630=VECTOR('',#15411,10.);
#4631=VECTOR('',#15416,10.);
#4632=VECTOR('',#15417,10.);
#4633=VECTOR('',#15420,10.);
#4634=VECTOR('',#15425,10.);
#4635=VECTOR('',#15426,10.);
#4636=VECTOR('',#15427,10.);
#4637=VECTOR('',#15430,10.);
#4638=VECTOR('',#15435,10.);
#4639=VECTOR('',#15440,10.);
#4640=VECTOR('',#15441,10.);
#4641=VECTOR('',#15444,10.);
#4642=VECTOR('',#15449,10.);
#4643=VECTOR('',#15450,10.);
#4644=VECTOR('',#15453,10.);
#4645=VECTOR('',#15454,10.);
#4646=VECTOR('',#15457,10.);
#4647=VECTOR('',#15462,10.);
#4648=VECTOR('',#15463,10.);
#4649=VECTOR('',#15466,10.);
#4650=VECTOR('',#15471,10.);
#4651=VECTOR('',#15472,10.);
#4652=VECTOR('',#15475,10.);
#4653=VECTOR('',#15480,10.);
#4654=VECTOR('',#15481,10.);
#4655=VECTOR('',#15484,10.);
#4656=VECTOR('',#15489,10.);
#4657=VECTOR('',#15490,10.);
#4658=VECTOR('',#15493,10.);
#4659=VECTOR('',#15498,10.);
#4660=VECTOR('',#15499,10.);
#4661=VECTOR('',#15502,10.);
#4662=VECTOR('',#15507,10.);
#4663=VECTOR('',#15508,10.);
#4664=VECTOR('',#15511,10.);
#4665=VECTOR('',#15516,10.);
#4666=VECTOR('',#15517,10.);
#4667=VECTOR('',#15518,10.);
#4668=VECTOR('',#15521,10.);
#4669=VECTOR('',#15524,10.);
#4670=VECTOR('',#15529,10.);
#4671=VECTOR('',#15530,10.);
#4672=VECTOR('',#15531,10.);
#4673=VECTOR('',#15534,10.);
#4674=VECTOR('',#15539,10.);
#4675=VECTOR('',#15542,10.);
#4676=VECTOR('',#15547,10.);
#4677=VECTOR('',#15550,10.);
#4678=VECTOR('',#15551,10.);
#4679=VECTOR('',#15556,10.);
#4680=VECTOR('',#15557,10.);
#4681=VECTOR('',#15560,10.);
#4682=VECTOR('',#15565,10.);
#4683=VECTOR('',#15566,10.);
#4684=VECTOR('',#15569,10.);
#4685=VECTOR('',#15574,10.);
#4686=VECTOR('',#15575,10.);
#4687=VECTOR('',#15578,10.);
#4688=VECTOR('',#15583,10.);
#4689=VECTOR('',#15584,10.);
#4690=VECTOR('',#15587,10.);
#4691=VECTOR('',#15592,10.);
#4692=VECTOR('',#15597,10.);
#4693=VECTOR('',#15598,10.);
#4694=VECTOR('',#15601,10.);
#4695=VECTOR('',#15606,10.);
#4696=VECTOR('',#15607,10.);
#4697=VECTOR('',#15610,10.);
#4698=VECTOR('',#15613,10.);
#4699=VECTOR('',#15620,10.);
#4700=VECTOR('',#15623,10.);
#4701=VECTOR('',#15626,10.);
#4702=VECTOR('',#15629,10.);
#4703=VECTOR('',#15632,10.);
#4704=VECTOR('',#15635,10.);
#4705=VECTOR('',#15638,10.);
#4706=VECTOR('',#15641,10.);
#4707=VECTOR('',#15644,10.);
#4708=VECTOR('',#15647,10.);
#4709=VECTOR('',#15650,10.);
#4710=VERTEX_POINT('',#15655);
#4711=VERTEX_POINT('',#15656);
#4712=VERTEX_POINT('',#15658);
#4713=VERTEX_POINT('',#15660);
#4714=VERTEX_POINT('',#15664);
#4715=VERTEX_POINT('',#15666);
#4716=VERTEX_POINT('',#15670);
#4717=VERTEX_POINT('',#15672);
#4718=VERTEX_POINT('',#15679);
#4719=VERTEX_POINT('',#15680);
#4720=VERTEX_POINT('',#15682);
#4721=VERTEX_POINT('',#15684);
#4722=VERTEX_POINT('',#15688);
#4723=VERTEX_POINT('',#15690);
#4724=VERTEX_POINT('',#15694);
#4725=VERTEX_POINT('',#15696);
#4726=VERTEX_POINT('',#15700);
#4727=VERTEX_POINT('',#15702);
#4728=VERTEX_POINT('',#15706);
#4729=VERTEX_POINT('',#15708);
#4730=VERTEX_POINT('',#15712);
#4731=VERTEX_POINT('',#15714);
#4732=VERTEX_POINT('',#15718);
#4733=VERTEX_POINT('',#15720);
#4734=VERTEX_POINT('',#15724);
#4735=VERTEX_POINT('',#15726);
#4736=VERTEX_POINT('',#15730);
#4737=VERTEX_POINT('',#15732);
#4738=VERTEX_POINT('',#15736);
#4739=VERTEX_POINT('',#15738);
#4740=VERTEX_POINT('',#15742);
#4741=VERTEX_POINT('',#15744);
#4742=VERTEX_POINT('',#15748);
#4743=VERTEX_POINT('',#15750);
#4744=VERTEX_POINT('',#15754);
#4745=VERTEX_POINT('',#15756);
#4746=VERTEX_POINT('',#15764);
#4747=VERTEX_POINT('',#15765);
#4748=VERTEX_POINT('',#15767);
#4749=VERTEX_POINT('',#15769);
#4750=VERTEX_POINT('',#15773);
#4751=VERTEX_POINT('',#15775);
#4752=VERTEX_POINT('',#15779);
#4753=VERTEX_POINT('',#15781);
#4754=VERTEX_POINT('',#15785);
#4755=VERTEX_POINT('',#15787);
#4756=VERTEX_POINT('',#15791);
#4757=VERTEX_POINT('',#15793);
#4758=VERTEX_POINT('',#15797);
#4759=VERTEX_POINT('',#15799);
#4760=VERTEX_POINT('',#15803);
#4761=VERTEX_POINT('',#15805);
#4762=VERTEX_POINT('',#15809);
#4763=VERTEX_POINT('',#15811);
#4764=VERTEX_POINT('',#15815);
#4765=VERTEX_POINT('',#15817);
#4766=VERTEX_POINT('',#15821);
#4767=VERTEX_POINT('',#15823);
#4768=VERTEX_POINT('',#15827);
#4769=VERTEX_POINT('',#15829);
#4770=VERTEX_POINT('',#15833);
#4771=VERTEX_POINT('',#15835);
#4772=VERTEX_POINT('',#15839);
#4773=VERTEX_POINT('',#15841);
#4774=VERTEX_POINT('',#15845);
#4775=VERTEX_POINT('',#15847);
#4776=VERTEX_POINT('',#15851);
#4777=VERTEX_POINT('',#15853);
#4778=VERTEX_POINT('',#15861);
#4779=VERTEX_POINT('',#15862);
#4780=VERTEX_POINT('',#15864);
#4781=VERTEX_POINT('',#15866);
#4782=VERTEX_POINT('',#15870);
#4783=VERTEX_POINT('',#15872);
#4784=VERTEX_POINT('',#15876);
#4785=VERTEX_POINT('',#15878);
#4786=VERTEX_POINT('',#15882);
#4787=VERTEX_POINT('',#15884);
#4788=VERTEX_POINT('',#15888);
#4789=VERTEX_POINT('',#15890);
#4790=VERTEX_POINT('',#15894);
#4791=VERTEX_POINT('',#15896);
#4792=VERTEX_POINT('',#15900);
#4793=VERTEX_POINT('',#15902);
#4794=VERTEX_POINT('',#15906);
#4795=VERTEX_POINT('',#15908);
#4796=VERTEX_POINT('',#15912);
#4797=VERTEX_POINT('',#15914);
#4798=VERTEX_POINT('',#15918);
#4799=VERTEX_POINT('',#15920);
#4800=VERTEX_POINT('',#15924);
#4801=VERTEX_POINT('',#15926);
#4802=VERTEX_POINT('',#15930);
#4803=VERTEX_POINT('',#15932);
#4804=VERTEX_POINT('',#15936);
#4805=VERTEX_POINT('',#15938);
#4806=VERTEX_POINT('',#15942);
#4807=VERTEX_POINT('',#15944);
#4808=VERTEX_POINT('',#15948);
#4809=VERTEX_POINT('',#15950);
#4810=VERTEX_POINT('',#15954);
#4811=VERTEX_POINT('',#15956);
#4812=VERTEX_POINT('',#15960);
#4813=VERTEX_POINT('',#15962);
#4814=VERTEX_POINT('',#15966);
#4815=VERTEX_POINT('',#15968);
#4816=VERTEX_POINT('',#15972);
#4817=VERTEX_POINT('',#15974);
#4818=VERTEX_POINT('',#15978);
#4819=VERTEX_POINT('',#15980);
#4820=VERTEX_POINT('',#15984);
#4821=VERTEX_POINT('',#15986);
#4822=VERTEX_POINT('',#15990);
#4823=VERTEX_POINT('',#15992);
#4824=VERTEX_POINT('',#15996);
#4825=VERTEX_POINT('',#15998);
#4826=VERTEX_POINT('',#16002);
#4827=VERTEX_POINT('',#16004);
#4828=VERTEX_POINT('',#16008);
#4829=VERTEX_POINT('',#16010);
#4830=VERTEX_POINT('',#16014);
#4831=VERTEX_POINT('',#16016);
#4832=VERTEX_POINT('',#16020);
#4833=VERTEX_POINT('',#16022);
#4834=VERTEX_POINT('',#16030);
#4835=VERTEX_POINT('',#16031);
#4836=VERTEX_POINT('',#16033);
#4837=VERTEX_POINT('',#16035);
#4838=VERTEX_POINT('',#16039);
#4839=VERTEX_POINT('',#16041);
#4840=VERTEX_POINT('',#16045);
#4841=VERTEX_POINT('',#16047);
#4842=VERTEX_POINT('',#16051);
#4843=VERTEX_POINT('',#16053);
#4844=VERTEX_POINT('',#16057);
#4845=VERTEX_POINT('',#16059);
#4846=VERTEX_POINT('',#16063);
#4847=VERTEX_POINT('',#16065);
#4848=VERTEX_POINT('',#16069);
#4849=VERTEX_POINT('',#16071);
#4850=VERTEX_POINT('',#16075);
#4851=VERTEX_POINT('',#16077);
#4852=VERTEX_POINT('',#16081);
#4853=VERTEX_POINT('',#16083);
#4854=VERTEX_POINT('',#16091);
#4855=VERTEX_POINT('',#16092);
#4856=VERTEX_POINT('',#16094);
#4857=VERTEX_POINT('',#16096);
#4858=VERTEX_POINT('',#16100);
#4859=VERTEX_POINT('',#16102);
#4860=VERTEX_POINT('',#16106);
#4861=VERTEX_POINT('',#16108);
#4862=VERTEX_POINT('',#16115);
#4863=VERTEX_POINT('',#16116);
#4864=VERTEX_POINT('',#16118);
#4865=VERTEX_POINT('',#16120);
#4866=VERTEX_POINT('',#16124);
#4867=VERTEX_POINT('',#16126);
#4868=VERTEX_POINT('',#16130);
#4869=VERTEX_POINT('',#16132);
#4870=VERTEX_POINT('',#16136);
#4871=VERTEX_POINT('',#16138);
#4872=VERTEX_POINT('',#16142);
#4873=VERTEX_POINT('',#16144);
#4874=VERTEX_POINT('',#16148);
#4875=VERTEX_POINT('',#16150);
#4876=VERTEX_POINT('',#16154);
#4877=VERTEX_POINT('',#16156);
#4878=VERTEX_POINT('',#16160);
#4879=VERTEX_POINT('',#16162);
#4880=VERTEX_POINT('',#16166);
#4881=VERTEX_POINT('',#16168);
#4882=VERTEX_POINT('',#16176);
#4883=VERTEX_POINT('',#16177);
#4884=VERTEX_POINT('',#16179);
#4885=VERTEX_POINT('',#16181);
#4886=VERTEX_POINT('',#16185);
#4887=VERTEX_POINT('',#16187);
#4888=VERTEX_POINT('',#16191);
#4889=VERTEX_POINT('',#16193);
#4890=VERTEX_POINT('',#16197);
#4891=VERTEX_POINT('',#16199);
#4892=VERTEX_POINT('',#16203);
#4893=VERTEX_POINT('',#16205);
#4894=VERTEX_POINT('',#16209);
#4895=VERTEX_POINT('',#16211);
#4896=VERTEX_POINT('',#16215);
#4897=VERTEX_POINT('',#16217);
#4898=VERTEX_POINT('',#16225);
#4899=VERTEX_POINT('',#16226);
#4900=VERTEX_POINT('',#16228);
#4901=VERTEX_POINT('',#16230);
#4902=VERTEX_POINT('',#16234);
#4903=VERTEX_POINT('',#16236);
#4904=VERTEX_POINT('',#16240);
#4905=VERTEX_POINT('',#16242);
#4906=VERTEX_POINT('',#16249);
#4907=VERTEX_POINT('',#16250);
#4908=VERTEX_POINT('',#16252);
#4909=VERTEX_POINT('',#16254);
#4910=VERTEX_POINT('',#16258);
#4911=VERTEX_POINT('',#16260);
#4912=VERTEX_POINT('',#16264);
#4913=VERTEX_POINT('',#16266);
#4914=VERTEX_POINT('',#16270);
#4915=VERTEX_POINT('',#16272);
#4916=VERTEX_POINT('',#16276);
#4917=VERTEX_POINT('',#16278);
#4918=VERTEX_POINT('',#16282);
#4919=VERTEX_POINT('',#16284);
#4920=VERTEX_POINT('',#16288);
#4921=VERTEX_POINT('',#16290);
#4922=VERTEX_POINT('',#16294);
#4923=VERTEX_POINT('',#16296);
#4924=VERTEX_POINT('',#16300);
#4925=VERTEX_POINT('',#16302);
#4926=VERTEX_POINT('',#16306);
#4927=VERTEX_POINT('',#16308);
#4928=VERTEX_POINT('',#16312);
#4929=VERTEX_POINT('',#16314);
#4930=VERTEX_POINT('',#16318);
#4931=VERTEX_POINT('',#16320);
#4932=VERTEX_POINT('',#16324);
#4933=VERTEX_POINT('',#16326);
#4934=VERTEX_POINT('',#16334);
#4935=VERTEX_POINT('',#16335);
#4936=VERTEX_POINT('',#16337);
#4937=VERTEX_POINT('',#16339);
#4938=VERTEX_POINT('',#16343);
#4939=VERTEX_POINT('',#16345);
#4940=VERTEX_POINT('',#16349);
#4941=VERTEX_POINT('',#16351);
#4942=VERTEX_POINT('',#16358);
#4943=VERTEX_POINT('',#16359);
#4944=VERTEX_POINT('',#16361);
#4945=VERTEX_POINT('',#16363);
#4946=VERTEX_POINT('',#16367);
#4947=VERTEX_POINT('',#16369);
#4948=VERTEX_POINT('',#16373);
#4949=VERTEX_POINT('',#16375);
#4950=VERTEX_POINT('',#16379);
#4951=VERTEX_POINT('',#16381);
#4952=VERTEX_POINT('',#16385);
#4953=VERTEX_POINT('',#16387);
#4954=VERTEX_POINT('',#16391);
#4955=VERTEX_POINT('',#16393);
#4956=VERTEX_POINT('',#16397);
#4957=VERTEX_POINT('',#16399);
#4958=VERTEX_POINT('',#16403);
#4959=VERTEX_POINT('',#16405);
#4960=VERTEX_POINT('',#16409);
#4961=VERTEX_POINT('',#16411);
#4962=VERTEX_POINT('',#16415);
#4963=VERTEX_POINT('',#16417);
#4964=VERTEX_POINT('',#16421);
#4965=VERTEX_POINT('',#16423);
#4966=VERTEX_POINT('',#16431);
#4967=VERTEX_POINT('',#16432);
#4968=VERTEX_POINT('',#16434);
#4969=VERTEX_POINT('',#16436);
#4970=VERTEX_POINT('',#16440);
#4971=VERTEX_POINT('',#16442);
#4972=VERTEX_POINT('',#16446);
#4973=VERTEX_POINT('',#16448);
#4974=VERTEX_POINT('',#16452);
#4975=VERTEX_POINT('',#16454);
#4976=VERTEX_POINT('',#16458);
#4977=VERTEX_POINT('',#16460);
#4978=VERTEX_POINT('',#16464);
#4979=VERTEX_POINT('',#16466);
#4980=VERTEX_POINT('',#16470);
#4981=VERTEX_POINT('',#16472);
#4982=VERTEX_POINT('',#16476);
#4983=VERTEX_POINT('',#16478);
#4984=VERTEX_POINT('',#16482);
#4985=VERTEX_POINT('',#16484);
#4986=VERTEX_POINT('',#16488);
#4987=VERTEX_POINT('',#16490);
#4988=VERTEX_POINT('',#16494);
#4989=VERTEX_POINT('',#16496);
#4990=VERTEX_POINT('',#16504);
#4991=VERTEX_POINT('',#16505);
#4992=VERTEX_POINT('',#16507);
#4993=VERTEX_POINT('',#16509);
#4994=VERTEX_POINT('',#16513);
#4995=VERTEX_POINT('',#16515);
#4996=VERTEX_POINT('',#16519);
#4997=VERTEX_POINT('',#16521);
#4998=VERTEX_POINT('',#16530);
#4999=VERTEX_POINT('',#16531);
#5000=VERTEX_POINT('',#16533);
#5001=VERTEX_POINT('',#16535);
#5002=VERTEX_POINT('',#16542);
#5003=VERTEX_POINT('',#16544);
#5004=VERTEX_POINT('',#16548);
#5005=VERTEX_POINT('',#16550);
#5006=VERTEX_POINT('',#16554);
#5007=VERTEX_POINT('',#16556);
#5008=VERTEX_POINT('',#16560);
#5009=VERTEX_POINT('',#16562);
#5010=VERTEX_POINT('',#16566);
#5011=VERTEX_POINT('',#16568);
#5012=VERTEX_POINT('',#16576);
#5013=VERTEX_POINT('',#16577);
#5014=VERTEX_POINT('',#16579);
#5015=VERTEX_POINT('',#16581);
#5016=VERTEX_POINT('',#16585);
#5017=VERTEX_POINT('',#16587);
#5018=VERTEX_POINT('',#16591);
#5019=VERTEX_POINT('',#16593);
#5020=VERTEX_POINT('',#16597);
#5021=VERTEX_POINT('',#16599);
#5022=VERTEX_POINT('',#16603);
#5023=VERTEX_POINT('',#16605);
#5024=VERTEX_POINT('',#16609);
#5025=VERTEX_POINT('',#16611);
#5026=VERTEX_POINT('',#16615);
#5027=VERTEX_POINT('',#16617);
#5028=VERTEX_POINT('',#16621);
#5029=VERTEX_POINT('',#16623);
#5030=VERTEX_POINT('',#16627);
#5031=VERTEX_POINT('',#16629);
#5032=VERTEX_POINT('',#16633);
#5033=VERTEX_POINT('',#16635);
#5034=VERTEX_POINT('',#16639);
#5035=VERTEX_POINT('',#16641);
#5036=VERTEX_POINT('',#16645);
#5037=VERTEX_POINT('',#16647);
#5038=VERTEX_POINT('',#16651);
#5039=VERTEX_POINT('',#16653);
#5040=VERTEX_POINT('',#16657);
#5041=VERTEX_POINT('',#16659);
#5042=VERTEX_POINT('',#16663);
#5043=VERTEX_POINT('',#16665);
#5044=VERTEX_POINT('',#16669);
#5045=VERTEX_POINT('',#16671);
#5046=VERTEX_POINT('',#16675);
#5047=VERTEX_POINT('',#16677);
#5048=VERTEX_POINT('',#16681);
#5049=VERTEX_POINT('',#16683);
#5050=VERTEX_POINT('',#16687);
#5051=VERTEX_POINT('',#16689);
#5052=VERTEX_POINT('',#16697);
#5053=VERTEX_POINT('',#16698);
#5054=VERTEX_POINT('',#16700);
#5055=VERTEX_POINT('',#16702);
#5056=VERTEX_POINT('',#16706);
#5057=VERTEX_POINT('',#16708);
#5058=VERTEX_POINT('',#16712);
#5059=VERTEX_POINT('',#16714);
#5060=VERTEX_POINT('',#16718);
#5061=VERTEX_POINT('',#16720);
#5062=VERTEX_POINT('',#16724);
#5063=VERTEX_POINT('',#16726);
#5064=VERTEX_POINT('',#16730);
#5065=VERTEX_POINT('',#16732);
#5066=VERTEX_POINT('',#16736);
#5067=VERTEX_POINT('',#16738);
#5068=VERTEX_POINT('',#16746);
#5069=VERTEX_POINT('',#16747);
#5070=VERTEX_POINT('',#16749);
#5071=VERTEX_POINT('',#16751);
#5072=VERTEX_POINT('',#16753);
#5073=VERTEX_POINT('',#16755);
#5074=VERTEX_POINT('',#16757);
#5075=VERTEX_POINT('',#16759);
#5076=VERTEX_POINT('',#16761);
#5077=VERTEX_POINT('',#16763);
#5078=VERTEX_POINT('',#16765);
#5079=VERTEX_POINT('',#16767);
#5080=VERTEX_POINT('',#16769);
#5081=VERTEX_POINT('',#16771);
#5082=VERTEX_POINT('',#16773);
#5083=VERTEX_POINT('',#16775);
#5084=VERTEX_POINT('',#16778);
#5085=VERTEX_POINT('',#16784);
#5086=VERTEX_POINT('',#16785);
#5087=VERTEX_POINT('',#16787);
#5088=VERTEX_POINT('',#16789);
#5089=VERTEX_POINT('',#16793);
#5090=VERTEX_POINT('',#16795);
#5091=VERTEX_POINT('',#16799);
#5092=VERTEX_POINT('',#16800);
#5093=VERTEX_POINT('',#16805);
#5094=VERTEX_POINT('',#16807);
#5095=VERTEX_POINT('',#16809);
#5096=VERTEX_POINT('',#16813);
#5097=VERTEX_POINT('',#16814);
#5098=VERTEX_POINT('',#16816);
#5099=VERTEX_POINT('',#16818);
#5100=VERTEX_POINT('',#16822);
#5101=VERTEX_POINT('',#16824);
#5102=VERTEX_POINT('',#16828);
#5103=VERTEX_POINT('',#16833);
#5104=VERTEX_POINT('',#16835);
#5105=VERTEX_POINT('',#16837);
#5106=VERTEX_POINT('',#16841);
#5107=VERTEX_POINT('',#16842);
#5108=VERTEX_POINT('',#16844);
#5109=VERTEX_POINT('',#16846);
#5110=VERTEX_POINT('',#16850);
#5111=VERTEX_POINT('',#16852);
#5112=VERTEX_POINT('',#16856);
#5113=VERTEX_POINT('',#16861);
#5114=VERTEX_POINT('',#16863);
#5115=VERTEX_POINT('',#16865);
#5116=VERTEX_POINT('',#16869);
#5117=VERTEX_POINT('',#16870);
#5118=VERTEX_POINT('',#16872);
#5119=VERTEX_POINT('',#16874);
#5120=VERTEX_POINT('',#16878);
#5121=VERTEX_POINT('',#16880);
#5122=VERTEX_POINT('',#16884);
#5123=VERTEX_POINT('',#16889);
#5124=VERTEX_POINT('',#16890);
#5125=VERTEX_POINT('',#16893);
#5126=VERTEX_POINT('',#16897);
#5127=VERTEX_POINT('',#16899);
#5128=VERTEX_POINT('',#16903);
#5129=VERTEX_POINT('',#16905);
#5130=VERTEX_POINT('',#16909);
#5131=VERTEX_POINT('',#16911);
#5132=VERTEX_POINT('',#16915);
#5133=VERTEX_POINT('',#16917);
#5134=VERTEX_POINT('',#16921);
#5135=VERTEX_POINT('',#16923);
#5136=VERTEX_POINT('',#16927);
#5137=VERTEX_POINT('',#16929);
#5138=VERTEX_POINT('',#16933);
#5139=VERTEX_POINT('',#16935);
#5140=VERTEX_POINT('',#16939);
#5141=VERTEX_POINT('',#16941);
#5142=VERTEX_POINT('',#16945);
#5143=VERTEX_POINT('',#16947);
#5144=VERTEX_POINT('',#16951);
#5145=VERTEX_POINT('',#16953);
#5146=VERTEX_POINT('',#16957);
#5147=VERTEX_POINT('',#16959);
#5148=VERTEX_POINT('',#16963);
#5149=VERTEX_POINT('',#16965);
#5150=VERTEX_POINT('',#16969);
#5151=VERTEX_POINT('',#16971);
#5152=VERTEX_POINT('',#16975);
#5153=VERTEX_POINT('',#16977);
#5154=VERTEX_POINT('',#16981);
#5155=VERTEX_POINT('',#16983);
#5156=VERTEX_POINT('',#16987);
#5157=VERTEX_POINT('',#16989);
#5158=VERTEX_POINT('',#16993);
#5159=VERTEX_POINT('',#16995);
#5160=VERTEX_POINT('',#17000);
#5161=VERTEX_POINT('',#17020);
#5162=VERTEX_POINT('',#17022);
#5163=VERTEX_POINT('',#17026);
#5164=VERTEX_POINT('',#17030);
#5165=VERTEX_POINT('',#17034);
#5166=VERTEX_POINT('',#17038);
#5167=VERTEX_POINT('',#17042);
#5168=VERTEX_POINT('',#17046);
#5169=VERTEX_POINT('',#17050);
#5170=VERTEX_POINT('',#17054);
#5171=VERTEX_POINT('',#17058);
#5172=VERTEX_POINT('',#17062);
#5173=VERTEX_POINT('',#17066);
#5174=VERTEX_POINT('',#17070);
#5175=VERTEX_POINT('',#17074);
#5176=VERTEX_POINT('',#17078);
#5177=VERTEX_POINT('',#17082);
#5178=VERTEX_POINT('',#17086);
#5179=VERTEX_POINT('',#17090);
#5180=VERTEX_POINT('',#17094);
#5181=VERTEX_POINT('',#17098);
#5182=VERTEX_POINT('',#17103);
#5183=VERTEX_POINT('',#17108);
#5184=VERTEX_POINT('',#17126);
#5185=VERTEX_POINT('',#17130);
#5186=VERTEX_POINT('',#17135);
#5187=VERTEX_POINT('',#17167);
#5188=VERTEX_POINT('',#17169);
#5189=VERTEX_POINT('',#17173);
#5190=VERTEX_POINT('',#17177);
#5191=VERTEX_POINT('',#17179);
#5192=VERTEX_POINT('',#17183);
#5193=VERTEX_POINT('',#17188);
#5194=VERTEX_POINT('',#17197);
#5195=VERTEX_POINT('',#17199);
#5196=VERTEX_POINT('',#17204);
#5197=VERTEX_POINT('',#17205);
#5198=VERTEX_POINT('',#17207);
#5199=VERTEX_POINT('',#17209);
#5200=VERTEX_POINT('',#17213);
#5201=VERTEX_POINT('',#17214);
#5202=VERTEX_POINT('',#17216);
#5203=VERTEX_POINT('',#17218);
#5204=VERTEX_POINT('',#17222);
#5205=VERTEX_POINT('',#17224);
#5206=VERTEX_POINT('',#17229);
#5207=VERTEX_POINT('',#17231);
#5208=VERTEX_POINT('',#17241);
#5209=VERTEX_POINT('',#17243);
#5210=VERTEX_POINT('',#17247);
#5211=VERTEX_POINT('',#17249);
#5212=VERTEX_POINT('',#17253);
#5213=VERTEX_POINT('',#17255);
#5214=VERTEX_POINT('',#17265);
#5215=VERTEX_POINT('',#17266);
#5216=VERTEX_POINT('',#17268);
#5217=VERTEX_POINT('',#17270);
#5218=VERTEX_POINT('',#17274);
#5219=VERTEX_POINT('',#17276);
#5220=VERTEX_POINT('',#17280);
#5221=VERTEX_POINT('',#17282);
#5222=VERTEX_POINT('',#17286);
#5223=VERTEX_POINT('',#17288);
#5224=VERTEX_POINT('',#17292);
#5225=VERTEX_POINT('',#17293);
#5226=VERTEX_POINT('',#17295);
#5227=VERTEX_POINT('',#17297);
#5228=VERTEX_POINT('',#17301);
#5229=VERTEX_POINT('',#17303);
#5230=VERTEX_POINT('',#17307);
#5231=VERTEX_POINT('',#17309);
#5232=VERTEX_POINT('',#17313);
#5233=VERTEX_POINT('',#17315);
#5234=VERTEX_POINT('',#17319);
#5235=VERTEX_POINT('',#17321);
#5236=VERTEX_POINT('',#17326);
#5237=VERTEX_POINT('',#17328);
#5238=VERTEX_POINT('',#17332);
#5239=VERTEX_POINT('',#17334);
#5240=VERTEX_POINT('',#17339);
#5241=VERTEX_POINT('',#17341);
#5242=VERTEX_POINT('',#17345);
#5243=VERTEX_POINT('',#17347);
#5244=VERTEX_POINT('',#17351);
#5245=VERTEX_POINT('',#17353);
#5246=VERTEX_POINT('',#17357);
#5247=VERTEX_POINT('',#17359);
#5248=VERTEX_POINT('',#17363);
#5249=VERTEX_POINT('',#17365);
#5250=VERTEX_POINT('',#17369);
#5251=VERTEX_POINT('',#17371);
#5252=VERTEX_POINT('',#17376);
#5253=VERTEX_POINT('',#17378);
#5254=VERTEX_POINT('',#17382);
#5255=VERTEX_POINT('',#17384);
#5256=VERTEX_POINT('',#17388);
#5257=VERTEX_POINT('',#17390);
#5258=VERTEX_POINT('',#17395);
#5259=VERTEX_POINT('',#17397);
#5260=VERTEX_POINT('',#17401);
#5261=VERTEX_POINT('',#17403);
#5262=VERTEX_POINT('',#17407);
#5263=VERTEX_POINT('',#17409);
#5264=VERTEX_POINT('',#17413);
#5265=VERTEX_POINT('',#17415);
#5266=VERTEX_POINT('',#17424);
#5267=VERTEX_POINT('',#17426);
#5268=VERTEX_POINT('',#17430);
#5269=VERTEX_POINT('',#17431);
#5270=VERTEX_POINT('',#17433);
#5271=VERTEX_POINT('',#17435);
#5272=VERTEX_POINT('',#17439);
#5273=VERTEX_POINT('',#17441);
#5274=VERTEX_POINT('',#17451);
#5275=VERTEX_POINT('',#17453);
#5276=VERTEX_POINT('',#17461);
#5277=VERTEX_POINT('',#17462);
#5278=VERTEX_POINT('',#17464);
#5279=VERTEX_POINT('',#17466);
#5280=VERTEX_POINT('',#17470);
#5281=VERTEX_POINT('',#17472);
#5282=VERTEX_POINT('',#17477);
#5283=VERTEX_POINT('',#17479);
#5284=VERTEX_POINT('',#17489);
#5285=VERTEX_POINT('',#17490);
#5286=VERTEX_POINT('',#17492);
#5287=VERTEX_POINT('',#17494);
#5288=VERTEX_POINT('',#17501);
#5289=VERTEX_POINT('',#17503);
#5290=VERTEX_POINT('',#17510);
#5291=VERTEX_POINT('',#17512);
#5292=VERTEX_POINT('',#17519);
#5293=VERTEX_POINT('',#17521);
#5294=VERTEX_POINT('',#17533);
#5295=VERTEX_POINT('',#17535);
#5296=VERTEX_POINT('',#17539);
#5297=VERTEX_POINT('',#17541);
#5298=VERTEX_POINT('',#17550);
#5299=VERTEX_POINT('',#17552);
#5300=VERTEX_POINT('',#17556);
#5301=VERTEX_POINT('',#17558);
#5302=VERTEX_POINT('',#17562);
#5303=VERTEX_POINT('',#17564);
#5304=VERTEX_POINT('',#17568);
#5305=VERTEX_POINT('',#17570);
#5306=VERTEX_POINT('',#17574);
#5307=VERTEX_POINT('',#17576);
#5308=VERTEX_POINT('',#17580);
#5309=VERTEX_POINT('',#17582);
#5310=VERTEX_POINT('',#17586);
#5311=VERTEX_POINT('',#17588);
#5312=VERTEX_POINT('',#17592);
#5313=VERTEX_POINT('',#17594);
#5314=VERTEX_POINT('',#17598);
#5315=VERTEX_POINT('',#17600);
#5316=VERTEX_POINT('',#17604);
#5317=VERTEX_POINT('',#17606);
#5318=VERTEX_POINT('',#17610);
#5319=VERTEX_POINT('',#17612);
#5320=VERTEX_POINT('',#17616);
#5321=VERTEX_POINT('',#17618);
#5322=VERTEX_POINT('',#17622);
#5323=VERTEX_POINT('',#17624);
#5324=VERTEX_POINT('',#17631);
#5325=VERTEX_POINT('',#17633);
#5326=VERTEX_POINT('',#17637);
#5327=VERTEX_POINT('',#17639);
#5328=VERTEX_POINT('',#17643);
#5329=VERTEX_POINT('',#17645);
#5330=VERTEX_POINT('',#17650);
#5331=VERTEX_POINT('',#17652);
#5332=VERTEX_POINT('',#17656);
#5333=VERTEX_POINT('',#17658);
#5334=VERTEX_POINT('',#17662);
#5335=VERTEX_POINT('',#17664);
#5336=VERTEX_POINT('',#17675);
#5337=VERTEX_POINT('',#17676);
#5338=VERTEX_POINT('',#17678);
#5339=VERTEX_POINT('',#17680);
#5340=VERTEX_POINT('',#17687);
#5341=VERTEX_POINT('',#17689);
#5342=VERTEX_POINT('',#17693);
#5343=VERTEX_POINT('',#17695);
#5344=VERTEX_POINT('',#17699);
#5345=VERTEX_POINT('',#17701);
#5346=VERTEX_POINT('',#17705);
#5347=VERTEX_POINT('',#17707);
#5348=VERTEX_POINT('',#17711);
#5349=VERTEX_POINT('',#17713);
#5350=VERTEX_POINT('',#17717);
#5351=VERTEX_POINT('',#17719);
#5352=VERTEX_POINT('',#17723);
#5353=VERTEX_POINT('',#17725);
#5354=VERTEX_POINT('',#17730);
#5355=VERTEX_POINT('',#17732);
#5356=VERTEX_POINT('',#17736);
#5357=VERTEX_POINT('',#17738);
#5358=VERTEX_POINT('',#17743);
#5359=VERTEX_POINT('',#17745);
#5360=VERTEX_POINT('',#17750);
#5361=VERTEX_POINT('',#17752);
#5362=VERTEX_POINT('',#17756);
#5363=VERTEX_POINT('',#17758);
#5364=VERTEX_POINT('',#17762);
#5365=VERTEX_POINT('',#17764);
#5366=VERTEX_POINT('',#17776);
#5367=VERTEX_POINT('',#17778);
#5368=VERTEX_POINT('',#17782);
#5369=VERTEX_POINT('',#17784);
#5370=VERTEX_POINT('',#17799);
#5371=VERTEX_POINT('',#17801);
#5372=VERTEX_POINT('',#17809);
#5373=VERTEX_POINT('',#17811);
#5374=VERTEX_POINT('',#17815);
#5375=VERTEX_POINT('',#17817);
#5376=VERTEX_POINT('',#17824);
#5377=VERTEX_POINT('',#17826);
#5378=VERTEX_POINT('',#17830);
#5379=VERTEX_POINT('',#17832);
#5380=VERTEX_POINT('',#17836);
#5381=VERTEX_POINT('',#17838);
#5382=VERTEX_POINT('',#17842);
#5383=VERTEX_POINT('',#17844);
#5384=VERTEX_POINT('',#17853);
#5385=VERTEX_POINT('',#17854);
#5386=VERTEX_POINT('',#17856);
#5387=VERTEX_POINT('',#17858);
#5388=VERTEX_POINT('',#17862);
#5389=VERTEX_POINT('',#17864);
#5390=VERTEX_POINT('',#17869);
#5391=VERTEX_POINT('',#17871);
#5392=VERTEX_POINT('',#17881);
#5393=VERTEX_POINT('',#17883);
#5394=VERTEX_POINT('',#17887);
#5395=VERTEX_POINT('',#17889);
#5396=VERTEX_POINT('',#17893);
#5397=VERTEX_POINT('',#17895);
#5398=VERTEX_POINT('',#17905);
#5399=VERTEX_POINT('',#17907);
#5400=VERTEX_POINT('',#17911);
#5401=VERTEX_POINT('',#17913);
#5402=VERTEX_POINT('',#17917);
#5403=VERTEX_POINT('',#17919);
#5404=VERTEX_POINT('',#17923);
#5405=VERTEX_POINT('',#17925);
#5406=VERTEX_POINT('',#17929);
#5407=VERTEX_POINT('',#17931);
#5408=VERTEX_POINT('',#17939);
#5409=VERTEX_POINT('',#17941);
#5410=VERTEX_POINT('',#17945);
#5411=VERTEX_POINT('',#17947);
#5412=VERTEX_POINT('',#17951);
#5413=VERTEX_POINT('',#17953);
#5414=VERTEX_POINT('',#17960);
#5415=VERTEX_POINT('',#17962);
#5416=VERTEX_POINT('',#17970);
#5417=VERTEX_POINT('',#17972);
#5418=VERTEX_POINT('',#17976);
#5419=VERTEX_POINT('',#17978);
#5420=VERTEX_POINT('',#17982);
#5421=VERTEX_POINT('',#17984);
#5422=VERTEX_POINT('',#18000);
#5423=VERTEX_POINT('',#18002);
#5424=VERTEX_POINT('',#18010);
#5425=VERTEX_POINT('',#18012);
#5426=VERTEX_POINT('',#18019);
#5427=VERTEX_POINT('',#18021);
#5428=VERTEX_POINT('',#18025);
#5429=VERTEX_POINT('',#18027);
#5430=VERTEX_POINT('',#18031);
#5431=VERTEX_POINT('',#18033);
#5432=VERTEX_POINT('',#18037);
#5433=VERTEX_POINT('',#18039);
#5434=VERTEX_POINT('',#18043);
#5435=VERTEX_POINT('',#18045);
#5436=VERTEX_POINT('',#18049);
#5437=VERTEX_POINT('',#18051);
#5438=VERTEX_POINT('',#18058);
#5439=VERTEX_POINT('',#18060);
#5440=VERTEX_POINT('',#18067);
#5441=VERTEX_POINT('',#18069);
#5442=VERTEX_POINT('',#18073);
#5443=VERTEX_POINT('',#18075);
#5444=VERTEX_POINT('',#18079);
#5445=VERTEX_POINT('',#18081);
#5446=VERTEX_POINT('',#18085);
#5447=VERTEX_POINT('',#18086);
#5448=VERTEX_POINT('',#18088);
#5449=VERTEX_POINT('',#18090);
#5450=VERTEX_POINT('',#18094);
#5451=VERTEX_POINT('',#18096);
#5452=VERTEX_POINT('',#18101);
#5453=VERTEX_POINT('',#18103);
#5454=VERTEX_POINT('',#18107);
#5455=VERTEX_POINT('',#18109);
#5456=VERTEX_POINT('',#18116);
#5457=VERTEX_POINT('',#18118);
#5458=VERTEX_POINT('',#18122);
#5459=VERTEX_POINT('',#18124);
#5460=VERTEX_POINT('',#18128);
#5461=VERTEX_POINT('',#18129);
#5462=VERTEX_POINT('',#18131);
#5463=VERTEX_POINT('',#18133);
#5464=VERTEX_POINT('',#18137);
#5465=VERTEX_POINT('',#18139);
#5466=VERTEX_POINT('',#18143);
#5467=VERTEX_POINT('',#18145);
#5468=VERTEX_POINT('',#18149);
#5469=VERTEX_POINT('',#18151);
#5470=VERTEX_POINT('',#18155);
#5471=VERTEX_POINT('',#18157);
#5472=VERTEX_POINT('',#18161);
#5473=VERTEX_POINT('',#18163);
#5474=VERTEX_POINT('',#18170);
#5475=VERTEX_POINT('',#18173);
#5476=VERTEX_POINT('',#18177);
#5477=VERTEX_POINT('',#18178);
#5478=VERTEX_POINT('',#18180);
#5479=VERTEX_POINT('',#18185);
#5480=VERTEX_POINT('',#18186);
#5481=VERTEX_POINT('',#18191);
#5482=VERTEX_POINT('',#18196);
#5483=VERTEX_POINT('',#18197);
#5484=VERTEX_POINT('',#18199);
#5485=VERTEX_POINT('',#18201);
#5486=VERTEX_POINT('',#18205);
#5487=VERTEX_POINT('',#18206);
#5488=VERTEX_POINT('',#18211);
#5489=VERTEX_POINT('',#18212);
#5490=VERTEX_POINT('',#18217);
#5491=VERTEX_POINT('',#18218);
#5492=VERTEX_POINT('',#18225);
#5493=VERTEX_POINT('',#18226);
#5494=VERTEX_POINT('',#18228);
#5495=VERTEX_POINT('',#18230);
#5496=VERTEX_POINT('',#18233);
#5497=VERTEX_POINT('',#18234);
#5498=VERTEX_POINT('',#18236);
#5499=VERTEX_POINT('',#18238);
#5500=VERTEX_POINT('',#18241);
#5501=VERTEX_POINT('',#18242);
#5502=VERTEX_POINT('',#18244);
#5503=VERTEX_POINT('',#18246);
#5504=VERTEX_POINT('',#18248);
#5505=VERTEX_POINT('',#18250);
#5506=VERTEX_POINT('',#18252);
#5507=VERTEX_POINT('',#18254);
#5508=VERTEX_POINT('',#18257);
#5509=VERTEX_POINT('',#18259);
#5510=VERTEX_POINT('',#18263);
#5511=VERTEX_POINT('',#18264);
#5512=VERTEX_POINT('',#18266);
#5513=VERTEX_POINT('',#18268);
#5514=VERTEX_POINT('',#18270);
#5515=VERTEX_POINT('',#18272);
#5516=VERTEX_POINT('',#18275);
#5517=VERTEX_POINT('',#18278);
#5518=VERTEX_POINT('',#18279);
#5519=VERTEX_POINT('',#18281);
#5520=VERTEX_POINT('',#18283);
#5521=VERTEX_POINT('',#18300);
#5522=VERTEX_POINT('',#18302);
#5523=VERTEX_POINT('',#18304);
#5524=VERTEX_POINT('',#18306);
#5525=VERTEX_POINT('',#18308);
#5526=VERTEX_POINT('',#18310);
#5527=VERTEX_POINT('',#18312);
#5528=VERTEX_POINT('',#18314);
#5529=VERTEX_POINT('',#18316);
#5530=VERTEX_POINT('',#18318);
#5531=VERTEX_POINT('',#18320);
#5532=VERTEX_POINT('',#18323);
#5533=VERTEX_POINT('',#18324);
#5534=VERTEX_POINT('',#18326);
#5535=VERTEX_POINT('',#18328);
#5536=VERTEX_POINT('',#18331);
#5537=VERTEX_POINT('',#18332);
#5538=VERTEX_POINT('',#18334);
#5539=VERTEX_POINT('',#18336);
#5540=VERTEX_POINT('',#18339);
#5541=VERTEX_POINT('',#18341);
#5542=VERTEX_POINT('',#18343);
#5543=VERTEX_POINT('',#18345);
#5544=VERTEX_POINT('',#18348);
#5545=VERTEX_POINT('',#18350);
#5546=VERTEX_POINT('',#18352);
#5547=VERTEX_POINT('',#18354);
#5548=VERTEX_POINT('',#18356);
#5549=VERTEX_POINT('',#18358);
#5550=VERTEX_POINT('',#18360);
#5551=VERTEX_POINT('',#18362);
#5552=VERTEX_POINT('',#18368);
#5553=VERTEX_POINT('',#18372);
#5554=VERTEX_POINT('',#18373);
#5555=VERTEX_POINT('',#18375);
#5556=VERTEX_POINT('',#18377);
#5557=VERTEX_POINT('',#18379);
#5558=VERTEX_POINT('',#18381);
#5559=VERTEX_POINT('',#18383);
#5560=VERTEX_POINT('',#18385);
#5561=VERTEX_POINT('',#18388);
#5562=VERTEX_POINT('',#18391);
#5563=VERTEX_POINT('',#18394);
#5564=VERTEX_POINT('',#18395);
#5565=VERTEX_POINT('',#18397);
#5566=VERTEX_POINT('',#18399);
#5567=VERTEX_POINT('',#18401);
#5568=VERTEX_POINT('',#18403);
#5569=VERTEX_POINT('',#18406);
#5570=VERTEX_POINT('',#18409);
#5571=VERTEX_POINT('',#18410);
#5572=VERTEX_POINT('',#18412);
#5573=VERTEX_POINT('',#18414);
#5574=VERTEX_POINT('',#18416);
#5575=VERTEX_POINT('',#18418);
#5576=VERTEX_POINT('',#18420);
#5577=VERTEX_POINT('',#18424);
#5578=VERTEX_POINT('',#18425);
#5579=VERTEX_POINT('',#18427);
#5580=VERTEX_POINT('',#18429);
#5581=VERTEX_POINT('',#18431);
#5582=VERTEX_POINT('',#18433);
#5583=VERTEX_POINT('',#18435);
#5584=VERTEX_POINT('',#18438);
#5585=VERTEX_POINT('',#18441);
#5586=VERTEX_POINT('',#18443);
#5587=VERTEX_POINT('',#18445);
#5588=VERTEX_POINT('',#18447);
#5589=VERTEX_POINT('',#18449);
#5590=VERTEX_POINT('',#18453);
#5591=VERTEX_POINT('',#18454);
#5592=VERTEX_POINT('',#18456);
#5593=VERTEX_POINT('',#18458);
#5594=VERTEX_POINT('',#18461);
#5595=VERTEX_POINT('',#18462);
#5596=VERTEX_POINT('',#18464);
#5597=VERTEX_POINT('',#18466);
#5598=VERTEX_POINT('',#18470);
#5599=VERTEX_POINT('',#18474);
#5600=VERTEX_POINT('',#18476);
#5601=VERTEX_POINT('',#18480);
#5602=VERTEX_POINT('',#18484);
#5603=VERTEX_POINT('',#18486);
#5604=VERTEX_POINT('',#18490);
#5605=VERTEX_POINT('',#18492);
#5606=VERTEX_POINT('',#18496);
#5607=VERTEX_POINT('',#18501);
#5608=VERTEX_POINT('',#18505);
#5609=VERTEX_POINT('',#18509);
#5610=VERTEX_POINT('',#18511);
#5611=VERTEX_POINT('',#18515);
#5612=VERTEX_POINT('',#18519);
#5613=VERTEX_POINT('',#18521);
#5614=VERTEX_POINT('',#18525);
#5615=VERTEX_POINT('',#18530);
#5616=VERTEX_POINT('',#18534);
#5617=VERTEX_POINT('',#18538);
#5618=VERTEX_POINT('',#18540);
#5619=VERTEX_POINT('',#18544);
#5620=VERTEX_POINT('',#18548);
#5621=VERTEX_POINT('',#18550);
#5622=VERTEX_POINT('',#18554);
#5623=VERTEX_POINT('',#18558);
#5624=VERTEX_POINT('',#18560);
#5625=VERTEX_POINT('',#18564);
#5626=VERTEX_POINT('',#18566);
#5627=VERTEX_POINT('',#18570);
#5628=VERTEX_POINT('',#18575);
#5629=VERTEX_POINT('',#18579);
#5630=VERTEX_POINT('',#18583);
#5631=VERTEX_POINT('',#18585);
#5632=VERTEX_POINT('',#18589);
#5633=VERTEX_POINT('',#18593);
#5634=VERTEX_POINT('',#18595);
#5635=VERTEX_POINT('',#18600);
#5636=VERTEX_POINT('',#18604);
#5637=VERTEX_POINT('',#18608);
#5638=VERTEX_POINT('',#18610);
#5639=VERTEX_POINT('',#18614);
#5640=VERTEX_POINT('',#18618);
#5641=VERTEX_POINT('',#18620);
#5642=VERTEX_POINT('',#18624);
#5643=VERTEX_POINT('',#18628);
#5644=VERTEX_POINT('',#18630);
#5645=VERTEX_POINT('',#18634);
#5646=VERTEX_POINT('',#18638);
#5647=VERTEX_POINT('',#18640);
#5648=VERTEX_POINT('',#18644);
#5649=VERTEX_POINT('',#18648);
#5650=VERTEX_POINT('',#18650);
#5651=VERTEX_POINT('',#18654);
#5652=VERTEX_POINT('',#18656);
#5653=VERTEX_POINT('',#18660);
#5654=VERTEX_POINT('',#18664);
#5655=VERTEX_POINT('',#18669);
#5656=VERTEX_POINT('',#18673);
#5657=VERTEX_POINT('',#18677);
#5658=VERTEX_POINT('',#18679);
#5659=VERTEX_POINT('',#18683);
#5660=VERTEX_POINT('',#18688);
#5661=VERTEX_POINT('',#18692);
#5662=VERTEX_POINT('',#18696);
#5663=VERTEX_POINT('',#18698);
#5664=VERTEX_POINT('',#18702);
#5665=VERTEX_POINT('',#18706);
#5666=VERTEX_POINT('',#18708);
#5667=VERTEX_POINT('',#18712);
#5668=VERTEX_POINT('',#18716);
#5669=VERTEX_POINT('',#18723);
#5670=VERTEX_POINT('',#18730);
#5671=VERTEX_POINT('',#18737);
#5672=VERTEX_POINT('',#18744);
#5673=VERTEX_POINT('',#18751);
#5674=VERTEX_POINT('',#18767);
#5675=VERTEX_POINT('',#18774);
#5676=VERTEX_POINT('',#18781);
#5677=VERTEX_POINT('',#18792);
#5678=VERTEX_POINT('',#18799);
#5679=VERTEX_POINT('',#18803);
#5680=VERTEX_POINT('',#18816);
#5681=VERTEX_POINT('',#18823);
#5682=VERTEX_POINT('',#18836);
#5683=VERTEX_POINT('',#18849);
#5684=VERTEX_POINT('',#18851);
#5685=VERTEX_POINT('',#18860);
#5686=VERTEX_POINT('',#18879);
#5687=VERTEX_POINT('',#18886);
#5688=VERTEX_POINT('',#18893);
#5689=VERTEX_POINT('',#18900);
#5690=VERTEX_POINT('',#18910);
#5691=EDGE_CURVE('',#4710,#4711,#1476,.T.);
#5692=EDGE_CURVE('',#4710,#4712,#1477,.T.);
#5693=EDGE_CURVE('',#4712,#4713,#1478,.T.);
#5694=EDGE_CURVE('',#4711,#4713,#1479,.T.);
#5695=EDGE_CURVE('',#4714,#4710,#1480,.T.);
#5696=EDGE_CURVE('',#4714,#4715,#1481,.T.);
#5697=EDGE_CURVE('',#4715,#4712,#1482,.T.);
#5698=EDGE_CURVE('',#4716,#4714,#1483,.T.);
#5699=EDGE_CURVE('',#4716,#4717,#1484,.T.);
#5700=EDGE_CURVE('',#4717,#4715,#1485,.T.);
#5701=EDGE_CURVE('',#4711,#4716,#1486,.T.);
#5702=EDGE_CURVE('',#4713,#4717,#1487,.T.);
#5703=EDGE_CURVE('',#4718,#4719,#1488,.T.);
#5704=EDGE_CURVE('',#4718,#4720,#1489,.T.);
#5705=EDGE_CURVE('',#4720,#4721,#1490,.T.);
#5706=EDGE_CURVE('',#4719,#4721,#1491,.T.);
#5707=EDGE_CURVE('',#4722,#4718,#1492,.T.);
#5708=EDGE_CURVE('',#4722,#4723,#1493,.T.);
#5709=EDGE_CURVE('',#4723,#4720,#1494,.T.);
#5710=EDGE_CURVE('',#4724,#4722,#1495,.T.);
#5711=EDGE_CURVE('',#4724,#4725,#1496,.T.);
#5712=EDGE_CURVE('',#4725,#4723,#1497,.T.);
#5713=EDGE_CURVE('',#4726,#4724,#1498,.T.);
#5714=EDGE_CURVE('',#4726,#4727,#1499,.T.);
#5715=EDGE_CURVE('',#4727,#4725,#1500,.T.);
#5716=EDGE_CURVE('',#4728,#4726,#1501,.T.);
#5717=EDGE_CURVE('',#4728,#4729,#1502,.T.);
#5718=EDGE_CURVE('',#4729,#4727,#1503,.T.);
#5719=EDGE_CURVE('',#4730,#4728,#1504,.T.);
#5720=EDGE_CURVE('',#4730,#4731,#1505,.T.);
#5721=EDGE_CURVE('',#4731,#4729,#1506,.T.);
#5722=EDGE_CURVE('',#4732,#4730,#1507,.T.);
#5723=EDGE_CURVE('',#4732,#4733,#1508,.T.);
#5724=EDGE_CURVE('',#4733,#4731,#1509,.T.);
#5725=EDGE_CURVE('',#4734,#4732,#1510,.T.);
#5726=EDGE_CURVE('',#4734,#4735,#1511,.T.);
#5727=EDGE_CURVE('',#4735,#4733,#1512,.T.);
#5728=EDGE_CURVE('',#4736,#4734,#1513,.T.);
#5729=EDGE_CURVE('',#4736,#4737,#1514,.T.);
#5730=EDGE_CURVE('',#4737,#4735,#1515,.T.);
#5731=EDGE_CURVE('',#4738,#4736,#1516,.T.);
#5732=EDGE_CURVE('',#4738,#4739,#1517,.T.);
#5733=EDGE_CURVE('',#4739,#4737,#1518,.T.);
#5734=EDGE_CURVE('',#4740,#4738,#1519,.T.);
#5735=EDGE_CURVE('',#4740,#4741,#1520,.T.);
#5736=EDGE_CURVE('',#4741,#4739,#1521,.T.);
#5737=EDGE_CURVE('',#4742,#4740,#1522,.T.);
#5738=EDGE_CURVE('',#4742,#4743,#1523,.T.);
#5739=EDGE_CURVE('',#4743,#4741,#1524,.T.);
#5740=EDGE_CURVE('',#4744,#4742,#1525,.T.);
#5741=EDGE_CURVE('',#4744,#4745,#1526,.T.);
#5742=EDGE_CURVE('',#4745,#4743,#1527,.T.);
#5743=EDGE_CURVE('',#4719,#4744,#1528,.T.);
#5744=EDGE_CURVE('',#4721,#4745,#1529,.T.);
#5745=EDGE_CURVE('',#4746,#4747,#1530,.T.);
#5746=EDGE_CURVE('',#4746,#4748,#1531,.T.);
#5747=EDGE_CURVE('',#4748,#4749,#1532,.T.);
#5748=EDGE_CURVE('',#4747,#4749,#1533,.T.);
#5749=EDGE_CURVE('',#4750,#4746,#1534,.T.);
#5750=EDGE_CURVE('',#4750,#4751,#1535,.T.);
#5751=EDGE_CURVE('',#4751,#4748,#1536,.T.);
#5752=EDGE_CURVE('',#4752,#4750,#1537,.T.);
#5753=EDGE_CURVE('',#4752,#4753,#1538,.T.);
#5754=EDGE_CURVE('',#4753,#4751,#1539,.T.);
#5755=EDGE_CURVE('',#4754,#4752,#1540,.T.);
#5756=EDGE_CURVE('',#4754,#4755,#1541,.T.);
#5757=EDGE_CURVE('',#4755,#4753,#1542,.T.);
#5758=EDGE_CURVE('',#4756,#4754,#1543,.T.);
#5759=EDGE_CURVE('',#4756,#4757,#1544,.T.);
#5760=EDGE_CURVE('',#4757,#4755,#1545,.T.);
#5761=EDGE_CURVE('',#4758,#4756,#1546,.T.);
#5762=EDGE_CURVE('',#4758,#4759,#1547,.T.);
#5763=EDGE_CURVE('',#4759,#4757,#1548,.T.);
#5764=EDGE_CURVE('',#4760,#4758,#1549,.T.);
#5765=EDGE_CURVE('',#4760,#4761,#1550,.T.);
#5766=EDGE_CURVE('',#4761,#4759,#1551,.T.);
#5767=EDGE_CURVE('',#4762,#4760,#1552,.T.);
#5768=EDGE_CURVE('',#4762,#4763,#1553,.T.);
#5769=EDGE_CURVE('',#4763,#4761,#1554,.T.);
#5770=EDGE_CURVE('',#4764,#4762,#1555,.T.);
#5771=EDGE_CURVE('',#4764,#4765,#1556,.T.);
#5772=EDGE_CURVE('',#4765,#4763,#1557,.T.);
#5773=EDGE_CURVE('',#4766,#4764,#1558,.T.);
#5774=EDGE_CURVE('',#4766,#4767,#1559,.T.);
#5775=EDGE_CURVE('',#4767,#4765,#1560,.T.);
#5776=EDGE_CURVE('',#4768,#4766,#1561,.T.);
#5777=EDGE_CURVE('',#4768,#4769,#1562,.T.);
#5778=EDGE_CURVE('',#4769,#4767,#1563,.T.);
#5779=EDGE_CURVE('',#4770,#4768,#1564,.T.);
#5780=EDGE_CURVE('',#4770,#4771,#1565,.T.);
#5781=EDGE_CURVE('',#4771,#4769,#1566,.T.);
#5782=EDGE_CURVE('',#4772,#4770,#1567,.T.);
#5783=EDGE_CURVE('',#4772,#4773,#1568,.T.);
#5784=EDGE_CURVE('',#4773,#4771,#1569,.T.);
#5785=EDGE_CURVE('',#4774,#4772,#1570,.T.);
#5786=EDGE_CURVE('',#4774,#4775,#1571,.T.);
#5787=EDGE_CURVE('',#4775,#4773,#1572,.T.);
#5788=EDGE_CURVE('',#4776,#4774,#1573,.T.);
#5789=EDGE_CURVE('',#4776,#4777,#1574,.T.);
#5790=EDGE_CURVE('',#4777,#4775,#1575,.T.);
#5791=EDGE_CURVE('',#4747,#4776,#1576,.T.);
#5792=EDGE_CURVE('',#4749,#4777,#1577,.T.);
#5793=EDGE_CURVE('',#4778,#4779,#1578,.T.);
#5794=EDGE_CURVE('',#4778,#4780,#1579,.T.);
#5795=EDGE_CURVE('',#4780,#4781,#1580,.T.);
#5796=EDGE_CURVE('',#4779,#4781,#1581,.T.);
#5797=EDGE_CURVE('',#4782,#4778,#1582,.T.);
#5798=EDGE_CURVE('',#4782,#4783,#1583,.T.);
#5799=EDGE_CURVE('',#4783,#4780,#1584,.T.);
#5800=EDGE_CURVE('',#4784,#4782,#1585,.T.);
#5801=EDGE_CURVE('',#4784,#4785,#1586,.T.);
#5802=EDGE_CURVE('',#4785,#4783,#1587,.T.);
#5803=EDGE_CURVE('',#4786,#4784,#1588,.T.);
#5804=EDGE_CURVE('',#4786,#4787,#1589,.T.);
#5805=EDGE_CURVE('',#4787,#4785,#1590,.T.);
#5806=EDGE_CURVE('',#4788,#4786,#1591,.T.);
#5807=EDGE_CURVE('',#4788,#4789,#1592,.T.);
#5808=EDGE_CURVE('',#4789,#4787,#1593,.T.);
#5809=EDGE_CURVE('',#4790,#4788,#1594,.T.);
#5810=EDGE_CURVE('',#4790,#4791,#1595,.T.);
#5811=EDGE_CURVE('',#4791,#4789,#1596,.T.);
#5812=EDGE_CURVE('',#4792,#4790,#1597,.T.);
#5813=EDGE_CURVE('',#4792,#4793,#1598,.T.);
#5814=EDGE_CURVE('',#4793,#4791,#1599,.T.);
#5815=EDGE_CURVE('',#4794,#4792,#1600,.T.);
#5816=EDGE_CURVE('',#4794,#4795,#1601,.T.);
#5817=EDGE_CURVE('',#4795,#4793,#1602,.T.);
#5818=EDGE_CURVE('',#4796,#4794,#1603,.T.);
#5819=EDGE_CURVE('',#4796,#4797,#1604,.T.);
#5820=EDGE_CURVE('',#4797,#4795,#1605,.T.);
#5821=EDGE_CURVE('',#4798,#4796,#1606,.T.);
#5822=EDGE_CURVE('',#4798,#4799,#1607,.T.);
#5823=EDGE_CURVE('',#4799,#4797,#1608,.T.);
#5824=EDGE_CURVE('',#4800,#4798,#1609,.T.);
#5825=EDGE_CURVE('',#4800,#4801,#1610,.T.);
#5826=EDGE_CURVE('',#4801,#4799,#1611,.T.);
#5827=EDGE_CURVE('',#4802,#4800,#1612,.T.);
#5828=EDGE_CURVE('',#4802,#4803,#1613,.T.);
#5829=EDGE_CURVE('',#4803,#4801,#1614,.T.);
#5830=EDGE_CURVE('',#4804,#4802,#1615,.T.);
#5831=EDGE_CURVE('',#4804,#4805,#1616,.T.);
#5832=EDGE_CURVE('',#4805,#4803,#1617,.T.);
#5833=EDGE_CURVE('',#4806,#4804,#1618,.T.);
#5834=EDGE_CURVE('',#4806,#4807,#1619,.T.);
#5835=EDGE_CURVE('',#4807,#4805,#1620,.T.);
#5836=EDGE_CURVE('',#4808,#4806,#1621,.T.);
#5837=EDGE_CURVE('',#4808,#4809,#1622,.T.);
#5838=EDGE_CURVE('',#4809,#4807,#1623,.T.);
#5839=EDGE_CURVE('',#4810,#4808,#1624,.T.);
#5840=EDGE_CURVE('',#4810,#4811,#1625,.T.);
#5841=EDGE_CURVE('',#4811,#4809,#1626,.T.);
#5842=EDGE_CURVE('',#4812,#4810,#1627,.T.);
#5843=EDGE_CURVE('',#4812,#4813,#1628,.T.);
#5844=EDGE_CURVE('',#4813,#4811,#1629,.T.);
#5845=EDGE_CURVE('',#4814,#4812,#1630,.T.);
#5846=EDGE_CURVE('',#4814,#4815,#1631,.T.);
#5847=EDGE_CURVE('',#4815,#4813,#1632,.T.);
#5848=EDGE_CURVE('',#4816,#4814,#1633,.T.);
#5849=EDGE_CURVE('',#4816,#4817,#1634,.T.);
#5850=EDGE_CURVE('',#4817,#4815,#1635,.T.);
#5851=EDGE_CURVE('',#4818,#4816,#1636,.T.);
#5852=EDGE_CURVE('',#4818,#4819,#1637,.T.);
#5853=EDGE_CURVE('',#4819,#4817,#1638,.T.);
#5854=EDGE_CURVE('',#4820,#4818,#1639,.T.);
#5855=EDGE_CURVE('',#4820,#4821,#1640,.T.);
#5856=EDGE_CURVE('',#4821,#4819,#1641,.T.);
#5857=EDGE_CURVE('',#4822,#4820,#1642,.T.);
#5858=EDGE_CURVE('',#4822,#4823,#1643,.T.);
#5859=EDGE_CURVE('',#4823,#4821,#1644,.T.);
#5860=EDGE_CURVE('',#4824,#4822,#1645,.T.);
#5861=EDGE_CURVE('',#4824,#4825,#1646,.T.);
#5862=EDGE_CURVE('',#4825,#4823,#1647,.T.);
#5863=EDGE_CURVE('',#4826,#4824,#1648,.T.);
#5864=EDGE_CURVE('',#4826,#4827,#1649,.T.);
#5865=EDGE_CURVE('',#4827,#4825,#1650,.T.);
#5866=EDGE_CURVE('',#4828,#4826,#1651,.T.);
#5867=EDGE_CURVE('',#4828,#4829,#1652,.T.);
#5868=EDGE_CURVE('',#4829,#4827,#1653,.T.);
#5869=EDGE_CURVE('',#4830,#4828,#1654,.T.);
#5870=EDGE_CURVE('',#4830,#4831,#1655,.T.);
#5871=EDGE_CURVE('',#4831,#4829,#1656,.T.);
#5872=EDGE_CURVE('',#4832,#4830,#1657,.T.);
#5873=EDGE_CURVE('',#4832,#4833,#1658,.T.);
#5874=EDGE_CURVE('',#4833,#4831,#1659,.T.);
#5875=EDGE_CURVE('',#4779,#4832,#1660,.T.);
#5876=EDGE_CURVE('',#4781,#4833,#1661,.T.);
#5877=EDGE_CURVE('',#4834,#4835,#1662,.T.);
#5878=EDGE_CURVE('',#4834,#4836,#1663,.T.);
#5879=EDGE_CURVE('',#4836,#4837,#1664,.T.);
#5880=EDGE_CURVE('',#4835,#4837,#1665,.T.);
#5881=EDGE_CURVE('',#4838,#4834,#1666,.T.);
#5882=EDGE_CURVE('',#4838,#4839,#1667,.T.);
#5883=EDGE_CURVE('',#4839,#4836,#1668,.T.);
#5884=EDGE_CURVE('',#4840,#4838,#1669,.T.);
#5885=EDGE_CURVE('',#4840,#4841,#1670,.T.);
#5886=EDGE_CURVE('',#4841,#4839,#1671,.T.);
#5887=EDGE_CURVE('',#4842,#4840,#1672,.T.);
#5888=EDGE_CURVE('',#4842,#4843,#1673,.T.);
#5889=EDGE_CURVE('',#4843,#4841,#1674,.T.);
#5890=EDGE_CURVE('',#4844,#4842,#1675,.T.);
#5891=EDGE_CURVE('',#4844,#4845,#1676,.T.);
#5892=EDGE_CURVE('',#4845,#4843,#1677,.T.);
#5893=EDGE_CURVE('',#4846,#4844,#1678,.T.);
#5894=EDGE_CURVE('',#4846,#4847,#1679,.T.);
#5895=EDGE_CURVE('',#4847,#4845,#1680,.T.);
#5896=EDGE_CURVE('',#4848,#4846,#1681,.T.);
#5897=EDGE_CURVE('',#4848,#4849,#1682,.T.);
#5898=EDGE_CURVE('',#4849,#4847,#1683,.T.);
#5899=EDGE_CURVE('',#4850,#4848,#1684,.T.);
#5900=EDGE_CURVE('',#4850,#4851,#1685,.T.);
#5901=EDGE_CURVE('',#4851,#4849,#1686,.T.);
#5902=EDGE_CURVE('',#4852,#4850,#1687,.T.);
#5903=EDGE_CURVE('',#4852,#4853,#1688,.T.);
#5904=EDGE_CURVE('',#4853,#4851,#1689,.T.);
#5905=EDGE_CURVE('',#4835,#4852,#1690,.T.);
#5906=EDGE_CURVE('',#4837,#4853,#1691,.T.);
#5907=EDGE_CURVE('',#4854,#4855,#1692,.T.);
#5908=EDGE_CURVE('',#4854,#4856,#1693,.T.);
#5909=EDGE_CURVE('',#4856,#4857,#1694,.T.);
#5910=EDGE_CURVE('',#4855,#4857,#1695,.T.);
#5911=EDGE_CURVE('',#4858,#4854,#1696,.T.);
#5912=EDGE_CURVE('',#4858,#4859,#1697,.T.);
#5913=EDGE_CURVE('',#4859,#4856,#1698,.T.);
#5914=EDGE_CURVE('',#4860,#4858,#1699,.T.);
#5915=EDGE_CURVE('',#4860,#4861,#1700,.T.);
#5916=EDGE_CURVE('',#4861,#4859,#1701,.T.);
#5917=EDGE_CURVE('',#4855,#4860,#1702,.T.);
#5918=EDGE_CURVE('',#4857,#4861,#1703,.T.);
#5919=EDGE_CURVE('',#4862,#4863,#1704,.T.);
#5920=EDGE_CURVE('',#4862,#4864,#1705,.T.);
#5921=EDGE_CURVE('',#4864,#4865,#1706,.T.);
#5922=EDGE_CURVE('',#4863,#4865,#1707,.T.);
#5923=EDGE_CURVE('',#4866,#4862,#1708,.T.);
#5924=EDGE_CURVE('',#4866,#4867,#1709,.T.);
#5925=EDGE_CURVE('',#4867,#4864,#1710,.T.);
#5926=EDGE_CURVE('',#4868,#4866,#1711,.T.);
#5927=EDGE_CURVE('',#4868,#4869,#1712,.T.);
#5928=EDGE_CURVE('',#4869,#4867,#1713,.T.);
#5929=EDGE_CURVE('',#4870,#4868,#1714,.T.);
#5930=EDGE_CURVE('',#4870,#4871,#1715,.T.);
#5931=EDGE_CURVE('',#4871,#4869,#1716,.T.);
#5932=EDGE_CURVE('',#4872,#4870,#1717,.T.);
#5933=EDGE_CURVE('',#4872,#4873,#1718,.T.);
#5934=EDGE_CURVE('',#4873,#4871,#1719,.T.);
#5935=EDGE_CURVE('',#4874,#4872,#1720,.T.);
#5936=EDGE_CURVE('',#4874,#4875,#1721,.T.);
#5937=EDGE_CURVE('',#4875,#4873,#1722,.T.);
#5938=EDGE_CURVE('',#4876,#4874,#1723,.T.);
#5939=EDGE_CURVE('',#4876,#4877,#1724,.T.);
#5940=EDGE_CURVE('',#4877,#4875,#1725,.T.);
#5941=EDGE_CURVE('',#4878,#4876,#1726,.T.);
#5942=EDGE_CURVE('',#4878,#4879,#1727,.T.);
#5943=EDGE_CURVE('',#4879,#4877,#1728,.T.);
#5944=EDGE_CURVE('',#4880,#4878,#1729,.T.);
#5945=EDGE_CURVE('',#4880,#4881,#1730,.T.);
#5946=EDGE_CURVE('',#4881,#4879,#1731,.T.);
#5947=EDGE_CURVE('',#4863,#4880,#1732,.T.);
#5948=EDGE_CURVE('',#4865,#4881,#1733,.T.);
#5949=EDGE_CURVE('',#4882,#4883,#1734,.T.);
#5950=EDGE_CURVE('',#4882,#4884,#1735,.T.);
#5951=EDGE_CURVE('',#4884,#4885,#1736,.T.);
#5952=EDGE_CURVE('',#4883,#4885,#1737,.T.);
#5953=EDGE_CURVE('',#4886,#4882,#1738,.T.);
#5954=EDGE_CURVE('',#4886,#4887,#1739,.T.);
#5955=EDGE_CURVE('',#4887,#4884,#1740,.T.);
#5956=EDGE_CURVE('',#4888,#4886,#1741,.T.);
#5957=EDGE_CURVE('',#4888,#4889,#1742,.T.);
#5958=EDGE_CURVE('',#4889,#4887,#1743,.T.);
#5959=EDGE_CURVE('',#4890,#4888,#1744,.T.);
#5960=EDGE_CURVE('',#4890,#4891,#1745,.T.);
#5961=EDGE_CURVE('',#4891,#4889,#1746,.T.);
#5962=EDGE_CURVE('',#4892,#4890,#1747,.T.);
#5963=EDGE_CURVE('',#4892,#4893,#1748,.T.);
#5964=EDGE_CURVE('',#4893,#4891,#1749,.T.);
#5965=EDGE_CURVE('',#4894,#4892,#1750,.T.);
#5966=EDGE_CURVE('',#4894,#4895,#1751,.T.);
#5967=EDGE_CURVE('',#4895,#4893,#1752,.T.);
#5968=EDGE_CURVE('',#4896,#4894,#1753,.T.);
#5969=EDGE_CURVE('',#4896,#4897,#1754,.T.);
#5970=EDGE_CURVE('',#4897,#4895,#1755,.T.);
#5971=EDGE_CURVE('',#4883,#4896,#1756,.T.);
#5972=EDGE_CURVE('',#4885,#4897,#1757,.T.);
#5973=EDGE_CURVE('',#4898,#4899,#1758,.T.);
#5974=EDGE_CURVE('',#4898,#4900,#1759,.T.);
#5975=EDGE_CURVE('',#4900,#4901,#1760,.T.);
#5976=EDGE_CURVE('',#4899,#4901,#1761,.T.);
#5977=EDGE_CURVE('',#4902,#4898,#1762,.T.);
#5978=EDGE_CURVE('',#4902,#4903,#1763,.T.);
#5979=EDGE_CURVE('',#4903,#4900,#1764,.T.);
#5980=EDGE_CURVE('',#4904,#4902,#1765,.T.);
#5981=EDGE_CURVE('',#4904,#4905,#1766,.T.);
#5982=EDGE_CURVE('',#4905,#4903,#1767,.T.);
#5983=EDGE_CURVE('',#4899,#4904,#1768,.T.);
#5984=EDGE_CURVE('',#4901,#4905,#1769,.T.);
#5985=EDGE_CURVE('',#4906,#4907,#1770,.T.);
#5986=EDGE_CURVE('',#4906,#4908,#1771,.T.);
#5987=EDGE_CURVE('',#4908,#4909,#1772,.T.);
#5988=EDGE_CURVE('',#4907,#4909,#1773,.T.);
#5989=EDGE_CURVE('',#4910,#4906,#1774,.T.);
#5990=EDGE_CURVE('',#4910,#4911,#1775,.T.);
#5991=EDGE_CURVE('',#4911,#4908,#1776,.T.);
#5992=EDGE_CURVE('',#4912,#4910,#1777,.T.);
#5993=EDGE_CURVE('',#4912,#4913,#1778,.T.);
#5994=EDGE_CURVE('',#4913,#4911,#1779,.T.);
#5995=EDGE_CURVE('',#4914,#4912,#1780,.T.);
#5996=EDGE_CURVE('',#4914,#4915,#1781,.T.);
#5997=EDGE_CURVE('',#4915,#4913,#1782,.T.);
#5998=EDGE_CURVE('',#4916,#4914,#1783,.T.);
#5999=EDGE_CURVE('',#4916,#4917,#1784,.T.);
#6000=EDGE_CURVE('',#4917,#4915,#1785,.T.);
#6001=EDGE_CURVE('',#4918,#4916,#1786,.T.);
#6002=EDGE_CURVE('',#4918,#4919,#1787,.T.);
#6003=EDGE_CURVE('',#4919,#4917,#1788,.T.);
#6004=EDGE_CURVE('',#4920,#4918,#1789,.T.);
#6005=EDGE_CURVE('',#4920,#4921,#1790,.T.);
#6006=EDGE_CURVE('',#4921,#4919,#1791,.T.);
#6007=EDGE_CURVE('',#4922,#4920,#1792,.T.);
#6008=EDGE_CURVE('',#4922,#4923,#1793,.T.);
#6009=EDGE_CURVE('',#4923,#4921,#1794,.T.);
#6010=EDGE_CURVE('',#4924,#4922,#1795,.T.);
#6011=EDGE_CURVE('',#4924,#4925,#1796,.T.);
#6012=EDGE_CURVE('',#4925,#4923,#1797,.T.);
#6013=EDGE_CURVE('',#4926,#4924,#1798,.T.);
#6014=EDGE_CURVE('',#4926,#4927,#1799,.T.);
#6015=EDGE_CURVE('',#4927,#4925,#1800,.T.);
#6016=EDGE_CURVE('',#4928,#4926,#1801,.T.);
#6017=EDGE_CURVE('',#4928,#4929,#1802,.T.);
#6018=EDGE_CURVE('',#4929,#4927,#1803,.T.);
#6019=EDGE_CURVE('',#4930,#4928,#1804,.T.);
#6020=EDGE_CURVE('',#4930,#4931,#1805,.T.);
#6021=EDGE_CURVE('',#4931,#4929,#1806,.T.);
#6022=EDGE_CURVE('',#4932,#4930,#1807,.T.);
#6023=EDGE_CURVE('',#4932,#4933,#1808,.T.);
#6024=EDGE_CURVE('',#4933,#4931,#1809,.T.);
#6025=EDGE_CURVE('',#4907,#4932,#1810,.T.);
#6026=EDGE_CURVE('',#4909,#4933,#1811,.T.);
#6027=EDGE_CURVE('',#4934,#4935,#1812,.T.);
#6028=EDGE_CURVE('',#4934,#4936,#1813,.T.);
#6029=EDGE_CURVE('',#4936,#4937,#1814,.T.);
#6030=EDGE_CURVE('',#4935,#4937,#1815,.T.);
#6031=EDGE_CURVE('',#4938,#4934,#1816,.T.);
#6032=EDGE_CURVE('',#4938,#4939,#1817,.T.);
#6033=EDGE_CURVE('',#4939,#4936,#1818,.T.);
#6034=EDGE_CURVE('',#4940,#4938,#1819,.T.);
#6035=EDGE_CURVE('',#4940,#4941,#1820,.T.);
#6036=EDGE_CURVE('',#4941,#4939,#1821,.T.);
#6037=EDGE_CURVE('',#4935,#4940,#1822,.T.);
#6038=EDGE_CURVE('',#4937,#4941,#1823,.T.);
#6039=EDGE_CURVE('',#4942,#4943,#1824,.T.);
#6040=EDGE_CURVE('',#4942,#4944,#1825,.T.);
#6041=EDGE_CURVE('',#4944,#4945,#1826,.T.);
#6042=EDGE_CURVE('',#4943,#4945,#1827,.T.);
#6043=EDGE_CURVE('',#4946,#4942,#1828,.T.);
#6044=EDGE_CURVE('',#4946,#4947,#1829,.T.);
#6045=EDGE_CURVE('',#4947,#4944,#1830,.T.);
#6046=EDGE_CURVE('',#4948,#4946,#1831,.T.);
#6047=EDGE_CURVE('',#4948,#4949,#1832,.T.);
#6048=EDGE_CURVE('',#4949,#4947,#1833,.T.);
#6049=EDGE_CURVE('',#4950,#4948,#1834,.T.);
#6050=EDGE_CURVE('',#4950,#4951,#1835,.T.);
#6051=EDGE_CURVE('',#4951,#4949,#1836,.T.);
#6052=EDGE_CURVE('',#4952,#4950,#1837,.T.);
#6053=EDGE_CURVE('',#4952,#4953,#1838,.T.);
#6054=EDGE_CURVE('',#4953,#4951,#1839,.T.);
#6055=EDGE_CURVE('',#4954,#4952,#1840,.T.);
#6056=EDGE_CURVE('',#4954,#4955,#1841,.T.);
#6057=EDGE_CURVE('',#4955,#4953,#1842,.T.);
#6058=EDGE_CURVE('',#4956,#4954,#1843,.T.);
#6059=EDGE_CURVE('',#4956,#4957,#1844,.T.);
#6060=EDGE_CURVE('',#4957,#4955,#1845,.T.);
#6061=EDGE_CURVE('',#4958,#4956,#1846,.T.);
#6062=EDGE_CURVE('',#4958,#4959,#1847,.T.);
#6063=EDGE_CURVE('',#4959,#4957,#1848,.T.);
#6064=EDGE_CURVE('',#4960,#4958,#1849,.T.);
#6065=EDGE_CURVE('',#4960,#4961,#1850,.T.);
#6066=EDGE_CURVE('',#4961,#4959,#1851,.T.);
#6067=EDGE_CURVE('',#4962,#4960,#1852,.T.);
#6068=EDGE_CURVE('',#4962,#4963,#1853,.T.);
#6069=EDGE_CURVE('',#4963,#4961,#1854,.T.);
#6070=EDGE_CURVE('',#4964,#4962,#1855,.T.);
#6071=EDGE_CURVE('',#4964,#4965,#1856,.T.);
#6072=EDGE_CURVE('',#4965,#4963,#1857,.T.);
#6073=EDGE_CURVE('',#4943,#4964,#1858,.T.);
#6074=EDGE_CURVE('',#4945,#4965,#1859,.T.);
#6075=EDGE_CURVE('',#4966,#4967,#1860,.T.);
#6076=EDGE_CURVE('',#4966,#4968,#1861,.T.);
#6077=EDGE_CURVE('',#4968,#4969,#1862,.T.);
#6078=EDGE_CURVE('',#4967,#4969,#1863,.T.);
#6079=EDGE_CURVE('',#4970,#4966,#1864,.T.);
#6080=EDGE_CURVE('',#4970,#4971,#1865,.T.);
#6081=EDGE_CURVE('',#4971,#4968,#1866,.T.);
#6082=EDGE_CURVE('',#4972,#4970,#1867,.T.);
#6083=EDGE_CURVE('',#4972,#4973,#1868,.T.);
#6084=EDGE_CURVE('',#4973,#4971,#1869,.T.);
#6085=EDGE_CURVE('',#4974,#4972,#1870,.T.);
#6086=EDGE_CURVE('',#4974,#4975,#1871,.T.);
#6087=EDGE_CURVE('',#4975,#4973,#1872,.T.);
#6088=EDGE_CURVE('',#4976,#4974,#1873,.T.);
#6089=EDGE_CURVE('',#4976,#4977,#1874,.T.);
#6090=EDGE_CURVE('',#4977,#4975,#1875,.T.);
#6091=EDGE_CURVE('',#4978,#4976,#1876,.T.);
#6092=EDGE_CURVE('',#4978,#4979,#1877,.T.);
#6093=EDGE_CURVE('',#4979,#4977,#1878,.T.);
#6094=EDGE_CURVE('',#4980,#4978,#1879,.T.);
#6095=EDGE_CURVE('',#4980,#4981,#1880,.T.);
#6096=EDGE_CURVE('',#4981,#4979,#1881,.T.);
#6097=EDGE_CURVE('',#4982,#4980,#1882,.T.);
#6098=EDGE_CURVE('',#4982,#4983,#1883,.T.);
#6099=EDGE_CURVE('',#4983,#4981,#1884,.T.);
#6100=EDGE_CURVE('',#4984,#4982,#1885,.T.);
#6101=EDGE_CURVE('',#4984,#4985,#1886,.T.);
#6102=EDGE_CURVE('',#4985,#4983,#1887,.T.);
#6103=EDGE_CURVE('',#4986,#4984,#1888,.T.);
#6104=EDGE_CURVE('',#4986,#4987,#1889,.T.);
#6105=EDGE_CURVE('',#4987,#4985,#1890,.T.);
#6106=EDGE_CURVE('',#4988,#4986,#1891,.T.);
#6107=EDGE_CURVE('',#4988,#4989,#1892,.T.);
#6108=EDGE_CURVE('',#4989,#4987,#1893,.T.);
#6109=EDGE_CURVE('',#4967,#4988,#1894,.T.);
#6110=EDGE_CURVE('',#4969,#4989,#1895,.T.);
#6111=EDGE_CURVE('',#4990,#4991,#1896,.T.);
#6112=EDGE_CURVE('',#4990,#4992,#1897,.T.);
#6113=EDGE_CURVE('',#4992,#4993,#1898,.T.);
#6114=EDGE_CURVE('',#4991,#4993,#1899,.T.);
#6115=EDGE_CURVE('',#4994,#4990,#1900,.T.);
#6116=EDGE_CURVE('',#4994,#4995,#1901,.T.);
#6117=EDGE_CURVE('',#4995,#4992,#1902,.T.);
#6118=EDGE_CURVE('',#4996,#4994,#1903,.T.);
#6119=EDGE_CURVE('',#4996,#4997,#1904,.T.);
#6120=EDGE_CURVE('',#4997,#4995,#1905,.T.);
#6121=EDGE_CURVE('',#4994,#4995,#1906,.T.);
#6122=EDGE_CURVE('',#4991,#4996,#1907,.T.);
#6123=EDGE_CURVE('',#4993,#4997,#1908,.T.);
#6124=EDGE_CURVE('',#4998,#4999,#1909,.T.);
#6125=EDGE_CURVE('',#4998,#5000,#1910,.T.);
#6126=EDGE_CURVE('',#5000,#5001,#1911,.T.);
#6127=EDGE_CURVE('',#4999,#5001,#1912,.T.);
#6128=EDGE_CURVE('',#4994,#4998,#1913,.T.);
#6129=EDGE_CURVE('',#4995,#5000,#1914,.T.);
#6130=EDGE_CURVE('',#5002,#4994,#1915,.T.);
#6131=EDGE_CURVE('',#5002,#5003,#1916,.T.);
#6132=EDGE_CURVE('',#5003,#4995,#1917,.T.);
#6133=EDGE_CURVE('',#5004,#5002,#1918,.T.);
#6134=EDGE_CURVE('',#5004,#5005,#1919,.T.);
#6135=EDGE_CURVE('',#5005,#5003,#1920,.T.);
#6136=EDGE_CURVE('',#5006,#5004,#1921,.T.);
#6137=EDGE_CURVE('',#5006,#5007,#1922,.T.);
#6138=EDGE_CURVE('',#5007,#5005,#1923,.T.);
#6139=EDGE_CURVE('',#5008,#5006,#1924,.T.);
#6140=EDGE_CURVE('',#5008,#5009,#1925,.T.);
#6141=EDGE_CURVE('',#5009,#5007,#1926,.T.);
#6142=EDGE_CURVE('',#5010,#5008,#1927,.T.);
#6143=EDGE_CURVE('',#5010,#5011,#1928,.T.);
#6144=EDGE_CURVE('',#5011,#5009,#1929,.T.);
#6145=EDGE_CURVE('',#4999,#5010,#1930,.T.);
#6146=EDGE_CURVE('',#5001,#5011,#1931,.T.);
#6147=EDGE_CURVE('',#5012,#5013,#1932,.T.);
#6148=EDGE_CURVE('',#5012,#5014,#1933,.T.);
#6149=EDGE_CURVE('',#5014,#5015,#1934,.T.);
#6150=EDGE_CURVE('',#5013,#5015,#1935,.T.);
#6151=EDGE_CURVE('',#5016,#5012,#1936,.T.);
#6152=EDGE_CURVE('',#5016,#5017,#1937,.T.);
#6153=EDGE_CURVE('',#5017,#5014,#1938,.T.);
#6154=EDGE_CURVE('',#5018,#5016,#1939,.T.);
#6155=EDGE_CURVE('',#5018,#5019,#1940,.T.);
#6156=EDGE_CURVE('',#5019,#5017,#1941,.T.);
#6157=EDGE_CURVE('',#5020,#5018,#1942,.T.);
#6158=EDGE_CURVE('',#5020,#5021,#1943,.T.);
#6159=EDGE_CURVE('',#5021,#5019,#1944,.T.);
#6160=EDGE_CURVE('',#5022,#5020,#1945,.T.);
#6161=EDGE_CURVE('',#5022,#5023,#1946,.T.);
#6162=EDGE_CURVE('',#5023,#5021,#1947,.T.);
#6163=EDGE_CURVE('',#5024,#5022,#1948,.T.);
#6164=EDGE_CURVE('',#5024,#5025,#1949,.T.);
#6165=EDGE_CURVE('',#5025,#5023,#1950,.T.);
#6166=EDGE_CURVE('',#5026,#5024,#1951,.T.);
#6167=EDGE_CURVE('',#5026,#5027,#1952,.T.);
#6168=EDGE_CURVE('',#5027,#5025,#1953,.T.);
#6169=EDGE_CURVE('',#5028,#5026,#1954,.T.);
#6170=EDGE_CURVE('',#5028,#5029,#1955,.T.);
#6171=EDGE_CURVE('',#5029,#5027,#1956,.T.);
#6172=EDGE_CURVE('',#5030,#5028,#1957,.T.);
#6173=EDGE_CURVE('',#5030,#5031,#1958,.T.);
#6174=EDGE_CURVE('',#5031,#5029,#1959,.T.);
#6175=EDGE_CURVE('',#5032,#5030,#1960,.T.);
#6176=EDGE_CURVE('',#5032,#5033,#1961,.T.);
#6177=EDGE_CURVE('',#5033,#5031,#1962,.T.);
#6178=EDGE_CURVE('',#5034,#5032,#1963,.T.);
#6179=EDGE_CURVE('',#5034,#5035,#1964,.T.);
#6180=EDGE_CURVE('',#5035,#5033,#1965,.T.);
#6181=EDGE_CURVE('',#5036,#5034,#1966,.T.);
#6182=EDGE_CURVE('',#5036,#5037,#1967,.T.);
#6183=EDGE_CURVE('',#5037,#5035,#1968,.T.);
#6184=EDGE_CURVE('',#5038,#5036,#1969,.T.);
#6185=EDGE_CURVE('',#5038,#5039,#1970,.T.);
#6186=EDGE_CURVE('',#5039,#5037,#1971,.T.);
#6187=EDGE_CURVE('',#5040,#5038,#1972,.T.);
#6188=EDGE_CURVE('',#5040,#5041,#1973,.T.);
#6189=EDGE_CURVE('',#5041,#5039,#1974,.T.);
#6190=EDGE_CURVE('',#5042,#5040,#1975,.T.);
#6191=EDGE_CURVE('',#5042,#5043,#1976,.T.);
#6192=EDGE_CURVE('',#5043,#5041,#1977,.T.);
#6193=EDGE_CURVE('',#5044,#5042,#1978,.T.);
#6194=EDGE_CURVE('',#5044,#5045,#1979,.T.);
#6195=EDGE_CURVE('',#5045,#5043,#1980,.T.);
#6196=EDGE_CURVE('',#5046,#5044,#1981,.T.);
#6197=EDGE_CURVE('',#5046,#5047,#1982,.T.);
#6198=EDGE_CURVE('',#5047,#5045,#1983,.T.);
#6199=EDGE_CURVE('',#5048,#5046,#1984,.T.);
#6200=EDGE_CURVE('',#5048,#5049,#1985,.T.);
#6201=EDGE_CURVE('',#5049,#5047,#1986,.T.);
#6202=EDGE_CURVE('',#5050,#5048,#1987,.T.);
#6203=EDGE_CURVE('',#5050,#5051,#1988,.T.);
#6204=EDGE_CURVE('',#5051,#5049,#1989,.T.);
#6205=EDGE_CURVE('',#5013,#5050,#1990,.T.);
#6206=EDGE_CURVE('',#5015,#5051,#1991,.T.);
#6207=EDGE_CURVE('',#5052,#5053,#1992,.T.);
#6208=EDGE_CURVE('',#5052,#5054,#1993,.T.);
#6209=EDGE_CURVE('',#5054,#5055,#1994,.T.);
#6210=EDGE_CURVE('',#5053,#5055,#1995,.T.);
#6211=EDGE_CURVE('',#5056,#5052,#1996,.T.);
#6212=EDGE_CURVE('',#5056,#5057,#1997,.T.);
#6213=EDGE_CURVE('',#5057,#5054,#1998,.T.);
#6214=EDGE_CURVE('',#5058,#5056,#1999,.T.);
#6215=EDGE_CURVE('',#5058,#5059,#2000,.T.);
#6216=EDGE_CURVE('',#5059,#5057,#2001,.T.);
#6217=EDGE_CURVE('',#5060,#5058,#2002,.T.);
#6218=EDGE_CURVE('',#5060,#5061,#2003,.T.);
#6219=EDGE_CURVE('',#5061,#5059,#2004,.T.);
#6220=EDGE_CURVE('',#5062,#5060,#2005,.T.);
#6221=EDGE_CURVE('',#5062,#5063,#2006,.T.);
#6222=EDGE_CURVE('',#5063,#5061,#2007,.T.);
#6223=EDGE_CURVE('',#5064,#5062,#2008,.T.);
#6224=EDGE_CURVE('',#5064,#5065,#2009,.T.);
#6225=EDGE_CURVE('',#5065,#5063,#2010,.T.);
#6226=EDGE_CURVE('',#5066,#5064,#2011,.T.);
#6227=EDGE_CURVE('',#5066,#5067,#2012,.T.);
#6228=EDGE_CURVE('',#5067,#5065,#2013,.T.);
#6229=EDGE_CURVE('',#5053,#5066,#2014,.T.);
#6230=EDGE_CURVE('',#5055,#5067,#2015,.T.);
#6231=EDGE_CURVE('',#5068,#5069,#2016,.T.);
#6232=EDGE_CURVE('',#5070,#5068,#2017,.T.);
#6233=EDGE_CURVE('',#5071,#5070,#2018,.T.);
#6234=EDGE_CURVE('',#5072,#5071,#55,.T.);
#6235=EDGE_CURVE('',#5073,#5072,#2019,.T.);
#6236=EDGE_CURVE('',#5074,#5073,#2020,.T.);
#6237=EDGE_CURVE('',#5075,#5074,#2021,.T.);
#6238=EDGE_CURVE('',#5076,#5075,#56,.T.);
#6239=EDGE_CURVE('',#5077,#5076,#2022,.T.);
#6240=EDGE_CURVE('',#5078,#5077,#2023,.T.);
#6241=EDGE_CURVE('',#5079,#5078,#2024,.T.);
#6242=EDGE_CURVE('',#5080,#5079,#57,.T.);
#6243=EDGE_CURVE('',#5081,#5080,#2025,.T.);
#6244=EDGE_CURVE('',#5082,#5081,#2026,.T.);
#6245=EDGE_CURVE('',#5083,#5082,#2027,.T.);
#6246=EDGE_CURVE('',#5069,#5083,#58,.T.);
#6247=EDGE_CURVE('',#5084,#5084,#59,.T.);
#6248=EDGE_CURVE('',#5085,#5086,#2028,.T.);
#6249=EDGE_CURVE('',#5086,#5087,#2029,.T.);
#6250=EDGE_CURVE('',#5087,#5088,#2030,.T.);
#6251=EDGE_CURVE('',#5088,#5085,#2031,.T.);
#6252=EDGE_CURVE('',#5085,#5089,#60,.T.);
#6253=EDGE_CURVE('',#5089,#5090,#2032,.T.);
#6254=EDGE_CURVE('',#5090,#5086,#61,.T.);
#6255=EDGE_CURVE('',#5091,#5092,#2033,.T.);
#6256=EDGE_CURVE('',#5092,#5090,#2034,.T.);
#6257=EDGE_CURVE('',#5089,#5091,#2035,.T.);
#6258=EDGE_CURVE('',#5093,#5087,#2036,.T.);
#6259=EDGE_CURVE('',#5087,#5094,#2037,.T.);
#6260=EDGE_CURVE('',#5094,#5095,#2038,.T.);
#6261=EDGE_CURVE('',#5095,#5093,#2039,.T.);
#6262=EDGE_CURVE('',#5096,#5097,#2040,.T.);
#6263=EDGE_CURVE('',#5097,#5098,#2041,.T.);
#6264=EDGE_CURVE('',#5098,#5099,#2042,.T.);
#6265=EDGE_CURVE('',#5099,#5096,#2043,.T.);
#6266=EDGE_CURVE('',#5096,#5100,#62,.T.);
#6267=EDGE_CURVE('',#5100,#5101,#2044,.T.);
#6268=EDGE_CURVE('',#5101,#5097,#63,.T.);
#6269=EDGE_CURVE('',#5102,#5094,#2045,.T.);
#6270=EDGE_CURVE('',#5094,#5101,#2046,.T.);
#6271=EDGE_CURVE('',#5100,#5102,#2047,.T.);
#6272=EDGE_CURVE('',#5103,#5098,#2048,.T.);
#6273=EDGE_CURVE('',#5098,#5104,#2049,.T.);
#6274=EDGE_CURVE('',#5104,#5105,#2050,.T.);
#6275=EDGE_CURVE('',#5105,#5103,#2051,.T.);
#6276=EDGE_CURVE('',#5106,#5107,#2052,.T.);
#6277=EDGE_CURVE('',#5107,#5108,#2053,.T.);
#6278=EDGE_CURVE('',#5108,#5109,#2054,.T.);
#6279=EDGE_CURVE('',#5109,#5106,#2055,.T.);
#6280=EDGE_CURVE('',#5106,#5110,#64,.T.);
#6281=EDGE_CURVE('',#5110,#5111,#2056,.T.);
#6282=EDGE_CURVE('',#5111,#5107,#65,.T.);
#6283=EDGE_CURVE('',#5112,#5104,#2057,.T.);
#6284=EDGE_CURVE('',#5104,#5111,#2058,.T.);
#6285=EDGE_CURVE('',#5110,#5112,#2059,.T.);
#6286=EDGE_CURVE('',#5113,#5108,#2060,.T.);
#6287=EDGE_CURVE('',#5108,#5114,#2061,.T.);
#6288=EDGE_CURVE('',#5114,#5115,#2062,.T.);
#6289=EDGE_CURVE('',#5115,#5113,#2063,.T.);
#6290=EDGE_CURVE('',#5116,#5117,#2064,.T.);
#6291=EDGE_CURVE('',#5117,#5118,#2065,.T.);
#6292=EDGE_CURVE('',#5118,#5119,#2066,.T.);
#6293=EDGE_CURVE('',#5119,#5116,#2067,.T.);
#6294=EDGE_CURVE('',#5116,#5120,#66,.T.);
#6295=EDGE_CURVE('',#5120,#5121,#2068,.T.);
#6296=EDGE_CURVE('',#5121,#5117,#67,.T.);
#6297=EDGE_CURVE('',#5122,#5114,#2069,.T.);
#6298=EDGE_CURVE('',#5114,#5121,#2070,.T.);
#6299=EDGE_CURVE('',#5120,#5122,#2071,.T.);
#6300=EDGE_CURVE('',#5123,#5124,#2072,.T.);
#6301=EDGE_CURVE('',#5124,#5118,#2073,.T.);
#6302=EDGE_CURVE('',#5118,#5125,#2074,.T.);
#6303=EDGE_CURVE('',#5125,#5123,#2075,.T.);
#6304=EDGE_CURVE('',#5126,#5123,#2076,.T.);
#6305=EDGE_CURVE('',#5125,#5127,#2077,.T.);
#6306=EDGE_CURVE('',#5127,#5126,#2078,.T.);
#6307=EDGE_CURVE('',#5128,#5126,#2079,.T.);
#6308=EDGE_CURVE('',#5127,#5129,#2080,.T.);
#6309=EDGE_CURVE('',#5129,#5128,#2081,.T.);
#6310=EDGE_CURVE('',#5130,#5128,#2082,.T.);
#6311=EDGE_CURVE('',#5129,#5131,#2083,.T.);
#6312=EDGE_CURVE('',#5131,#5130,#2084,.T.);
#6313=EDGE_CURVE('',#5132,#5130,#2085,.T.);
#6314=EDGE_CURVE('',#5131,#5133,#2086,.T.);
#6315=EDGE_CURVE('',#5133,#5132,#2087,.T.);
#6316=EDGE_CURVE('',#5134,#5132,#2088,.T.);
#6317=EDGE_CURVE('',#5133,#5135,#2089,.T.);
#6318=EDGE_CURVE('',#5135,#5134,#2090,.T.);
#6319=EDGE_CURVE('',#5136,#5134,#2091,.T.);
#6320=EDGE_CURVE('',#5135,#5137,#2092,.T.);
#6321=EDGE_CURVE('',#5137,#5136,#2093,.T.);
#6322=EDGE_CURVE('',#5137,#5138,#2094,.T.);
#6323=EDGE_CURVE('',#5138,#5139,#2095,.T.);
#6324=EDGE_CURVE('',#5139,#5136,#2096,.T.);
#6325=EDGE_CURVE('',#5138,#5140,#2097,.T.);
#6326=EDGE_CURVE('',#5140,#5141,#2098,.T.);
#6327=EDGE_CURVE('',#5141,#5139,#2099,.T.);
#6328=EDGE_CURVE('',#5140,#5142,#2100,.T.);
#6329=EDGE_CURVE('',#5142,#5143,#2101,.T.);
#6330=EDGE_CURVE('',#5143,#5141,#2102,.T.);
#6331=EDGE_CURVE('',#5142,#5144,#2103,.T.);
#6332=EDGE_CURVE('',#5144,#5145,#2104,.T.);
#6333=EDGE_CURVE('',#5145,#5143,#2105,.T.);
#6334=EDGE_CURVE('',#5144,#5146,#2106,.T.);
#6335=EDGE_CURVE('',#5146,#5147,#2107,.T.);
#6336=EDGE_CURVE('',#5147,#5145,#2108,.T.);
#6337=EDGE_CURVE('',#5146,#5148,#2109,.T.);
#6338=EDGE_CURVE('',#5148,#5149,#2110,.T.);
#6339=EDGE_CURVE('',#5149,#5147,#2111,.T.);
#6340=EDGE_CURVE('',#5148,#5150,#2112,.T.);
#6341=EDGE_CURVE('',#5150,#5151,#2113,.T.);
#6342=EDGE_CURVE('',#5151,#5149,#2114,.T.);
#6343=EDGE_CURVE('',#5150,#5152,#2115,.T.);
#6344=EDGE_CURVE('',#5152,#5153,#2116,.T.);
#6345=EDGE_CURVE('',#5153,#5151,#2117,.T.);
#6346=EDGE_CURVE('',#5152,#5154,#2118,.T.);
#6347=EDGE_CURVE('',#5154,#5155,#2119,.T.);
#6348=EDGE_CURVE('',#5155,#5153,#2120,.T.);
#6349=EDGE_CURVE('',#5156,#5155,#2121,.T.);
#6350=EDGE_CURVE('',#5154,#5157,#2122,.T.);
#6351=EDGE_CURVE('',#5157,#5156,#2123,.T.);
#6352=EDGE_CURVE('',#5158,#5156,#2124,.T.);
#6353=EDGE_CURVE('',#5157,#5159,#2125,.T.);
#6354=EDGE_CURVE('',#5159,#5158,#2126,.T.);
#6355=EDGE_CURVE('',#5159,#5092,#2127,.T.);
#6356=EDGE_CURVE('',#5092,#5160,#2128,.T.);
#6357=EDGE_CURVE('',#5160,#5158,#2129,.T.);
#6358=EDGE_CURVE('',#5124,#5119,#68,.T.);
#6359=EDGE_CURVE('',#5122,#5115,#69,.T.);
#6360=EDGE_CURVE('',#5113,#5109,#70,.T.);
#6361=EDGE_CURVE('',#5112,#5105,#71,.T.);
#6362=EDGE_CURVE('',#5103,#5099,#72,.T.);
#6363=EDGE_CURVE('',#5102,#5095,#73,.T.);
#6364=EDGE_CURVE('',#5093,#5088,#74,.T.);
#6365=EDGE_CURVE('',#5091,#5160,#75,.T.);
#6366=EDGE_CURVE('',#5161,#5088,#2130,.T.);
#6367=EDGE_CURVE('',#5162,#5161,#2131,.T.);
#6368=EDGE_CURVE('',#5085,#5162,#2132,.T.);
#6369=EDGE_CURVE('',#5093,#5163,#2133,.T.);
#6370=EDGE_CURVE('',#5161,#5163,#76,.T.);
#6371=EDGE_CURVE('',#5164,#5095,#2134,.T.);
#6372=EDGE_CURVE('',#5163,#5164,#2135,.T.);
#6373=EDGE_CURVE('',#5102,#5165,#2136,.T.);
#6374=EDGE_CURVE('',#5164,#5165,#77,.T.);
#6375=EDGE_CURVE('',#5166,#5100,#2137,.T.);
#6376=EDGE_CURVE('',#5165,#5166,#2138,.T.);
#6377=EDGE_CURVE('',#5096,#5167,#2139,.T.);
#6378=EDGE_CURVE('',#5166,#5167,#78,.T.);
#6379=EDGE_CURVE('',#5168,#5099,#2140,.T.);
#6380=EDGE_CURVE('',#5167,#5168,#2141,.T.);
#6381=EDGE_CURVE('',#5103,#5169,#2142,.T.);
#6382=EDGE_CURVE('',#5168,#5169,#79,.T.);
#6383=EDGE_CURVE('',#5170,#5105,#2143,.T.);
#6384=EDGE_CURVE('',#5169,#5170,#2144,.T.);
#6385=EDGE_CURVE('',#5112,#5171,#2145,.T.);
#6386=EDGE_CURVE('',#5170,#5171,#80,.T.);
#6387=EDGE_CURVE('',#5172,#5110,#2146,.T.);
#6388=EDGE_CURVE('',#5171,#5172,#2147,.T.);
#6389=EDGE_CURVE('',#5106,#5173,#2148,.T.);
#6390=EDGE_CURVE('',#5172,#5173,#81,.T.);
#6391=EDGE_CURVE('',#5174,#5109,#2149,.T.);
#6392=EDGE_CURVE('',#5173,#5174,#2150,.T.);
#6393=EDGE_CURVE('',#5113,#5175,#2151,.T.);
#6394=EDGE_CURVE('',#5174,#5175,#82,.T.);
#6395=EDGE_CURVE('',#5176,#5115,#2152,.T.);
#6396=EDGE_CURVE('',#5175,#5176,#2153,.T.);
#6397=EDGE_CURVE('',#5122,#5177,#2154,.T.);
#6398=EDGE_CURVE('',#5176,#5177,#83,.T.);
#6399=EDGE_CURVE('',#5178,#5120,#2155,.T.);
#6400=EDGE_CURVE('',#5177,#5178,#2156,.T.);
#6401=EDGE_CURVE('',#5116,#5179,#2157,.T.);
#6402=EDGE_CURVE('',#5178,#5179,#84,.T.);
#6403=EDGE_CURVE('',#5180,#5119,#2158,.T.);
#6404=EDGE_CURVE('',#5179,#5180,#2159,.T.);
#6405=EDGE_CURVE('',#5124,#5181,#2160,.T.);
#6406=EDGE_CURVE('',#5180,#5181,#85,.T.);
#6407=EDGE_CURVE('',#5084,#5182,#2161,.T.);
#6408=EDGE_CURVE('',#5182,#5182,#86,.T.);
#6409=EDGE_CURVE('',#5182,#5183,#2162,.T.);
#6410=EDGE_CURVE('',#5183,#5183,#87,.T.);
#6411=EDGE_CURVE('',#5168,#5068,#2163,.T.);
#6412=EDGE_CURVE('',#5069,#5167,#2164,.T.);
#6413=EDGE_CURVE('',#5083,#5166,#2165,.T.);
#6414=EDGE_CURVE('',#5082,#5165,#2166,.T.);
#6415=EDGE_CURVE('',#5164,#5082,#2167,.T.);
#6416=EDGE_CURVE('',#5081,#5163,#2168,.T.);
#6417=EDGE_CURVE('',#5161,#5081,#2169,.T.);
#6418=EDGE_CURVE('',#5080,#5162,#2170,.T.);
#6419=EDGE_CURVE('',#5079,#5184,#2171,.T.);
#6420=EDGE_CURVE('',#5184,#5162,#88,.T.);
#6421=EDGE_CURVE('',#5078,#5185,#2172,.T.);
#6422=EDGE_CURVE('',#5185,#5184,#2173,.T.);
#6423=EDGE_CURVE('',#5186,#5078,#2174,.T.);
#6424=EDGE_CURVE('',#5077,#5181,#2175,.T.);
#6425=EDGE_CURVE('',#5181,#5186,#2176,.T.);
#6426=EDGE_CURVE('',#5186,#5185,#89,.T.);
#6427=EDGE_CURVE('',#5180,#5077,#2177,.T.);
#6428=EDGE_CURVE('',#5076,#5179,#2178,.T.);
#6429=EDGE_CURVE('',#5075,#5178,#2179,.T.);
#6430=EDGE_CURVE('',#5074,#5177,#2180,.T.);
#6431=EDGE_CURVE('',#5176,#5074,#2181,.T.);
#6432=EDGE_CURVE('',#5073,#5175,#2182,.T.);
#6433=EDGE_CURVE('',#5174,#5073,#2183,.T.);
#6434=EDGE_CURVE('',#5072,#5173,#2184,.T.);
#6435=EDGE_CURVE('',#5071,#5172,#2185,.T.);
#6436=EDGE_CURVE('',#5070,#5171,#2186,.T.);
#6437=EDGE_CURVE('',#5170,#5070,#2187,.T.);
#6438=EDGE_CURVE('',#5068,#5169,#2188,.T.);
#6439=EDGE_CURVE('',#5156,#5187,#2189,.T.);
#6440=EDGE_CURVE('',#5187,#5188,#2190,.F.);
#6441=EDGE_CURVE('',#5188,#5155,#2191,.T.);
#6442=EDGE_CURVE('',#5189,#5158,#2192,.T.);
#6443=EDGE_CURVE('',#5187,#5189,#2193,.T.);
#6444=EDGE_CURVE('',#5128,#5190,#2194,.T.);
#6445=EDGE_CURVE('',#5190,#5191,#2195,.F.);
#6446=EDGE_CURVE('',#5191,#5126,#2196,.T.);
#6447=EDGE_CURVE('',#5192,#5130,#2197,.T.);
#6448=EDGE_CURVE('',#5190,#5192,#2198,.T.);
#6449=EDGE_CURVE('',#5186,#5160,#2199,.T.);
#6450=EDGE_CURVE('',#5193,#5123,#2200,.T.);
#6451=EDGE_CURVE('',#5189,#5193,#2201,.T.);
#6452=EDGE_CURVE('',#5091,#5185,#2202,.T.);
#6453=EDGE_CURVE('',#5184,#5089,#2203,.T.);
#6454=EDGE_CURVE('',#5194,#5194,#90,.T.);
#6455=EDGE_CURVE('',#5194,#5195,#2204,.T.);
#6456=EDGE_CURVE('',#5195,#5195,#91,.T.);
#6457=EDGE_CURVE('',#5196,#5197,#2205,.F.);
#6458=EDGE_CURVE('',#5198,#5196,#2206,.F.);
#6459=EDGE_CURVE('',#5199,#5198,#2207,.F.);
#6460=EDGE_CURVE('',#5197,#5199,#2208,.F.);
#6461=EDGE_CURVE('',#5200,#5201,#2209,.T.);
#6462=EDGE_CURVE('',#5200,#5202,#2210,.T.);
#6463=EDGE_CURVE('',#5202,#5203,#2211,.T.);
#6464=EDGE_CURVE('',#5201,#5203,#2212,.T.);
#6465=EDGE_CURVE('',#5204,#5200,#2213,.T.);
#6466=EDGE_CURVE('',#5204,#5205,#2214,.T.);
#6467=EDGE_CURVE('',#5205,#5202,#2215,.T.);
#6468=EDGE_CURVE('',#5200,#5202,#2216,.T.);
#6469=EDGE_CURVE('',#5206,#5204,#2217,.T.);
#6470=EDGE_CURVE('',#5206,#5207,#2218,.T.);
#6471=EDGE_CURVE('',#5207,#5205,#2219,.T.);
#6472=EDGE_CURVE('',#5201,#5206,#2220,.T.);
#6473=EDGE_CURVE('',#5201,#5203,#2221,.T.);
#6474=EDGE_CURVE('',#5203,#5207,#2222,.T.);
#6475=EDGE_CURVE('',#5206,#5207,#2223,.T.);
#6476=EDGE_CURVE('',#5206,#5208,#2224,.T.);
#6477=EDGE_CURVE('',#5207,#5209,#2225,.T.);
#6478=EDGE_CURVE('',#5208,#5209,#2226,.T.);
#6479=EDGE_CURVE('',#5210,#5206,#2227,.T.);
#6480=EDGE_CURVE('',#5210,#5211,#2228,.T.);
#6481=EDGE_CURVE('',#5211,#5207,#2229,.T.);
#6482=EDGE_CURVE('',#5212,#5210,#2230,.T.);
#6483=EDGE_CURVE('',#5212,#5213,#2231,.T.);
#6484=EDGE_CURVE('',#5213,#5211,#2232,.T.);
#6485=EDGE_CURVE('',#5208,#5212,#2233,.T.);
#6486=EDGE_CURVE('',#5208,#5209,#2234,.T.);
#6487=EDGE_CURVE('',#5209,#5213,#2235,.T.);
#6488=EDGE_CURVE('',#5212,#5213,#2236,.T.);
#6489=EDGE_CURVE('',#5214,#5215,#2237,.T.);
#6490=EDGE_CURVE('',#5214,#5216,#2238,.T.);
#6491=EDGE_CURVE('',#5216,#5217,#2239,.T.);
#6492=EDGE_CURVE('',#5215,#5217,#2240,.T.);
#6493=EDGE_CURVE('',#5218,#5214,#2241,.T.);
#6494=EDGE_CURVE('',#5218,#5219,#2242,.T.);
#6495=EDGE_CURVE('',#5219,#5216,#2243,.T.);
#6496=EDGE_CURVE('',#5220,#5218,#2244,.T.);
#6497=EDGE_CURVE('',#5220,#5221,#2245,.T.);
#6498=EDGE_CURVE('',#5221,#5219,#2246,.T.);
#6499=EDGE_CURVE('',#5222,#5220,#2247,.T.);
#6500=EDGE_CURVE('',#5223,#5222,#2248,.T.);
#6501=EDGE_CURVE('',#5223,#5221,#2249,.T.);
#6502=EDGE_CURVE('',#5224,#5225,#2250,.T.);
#6503=EDGE_CURVE('',#5224,#5226,#2251,.T.);
#6504=EDGE_CURVE('',#5226,#5227,#2252,.T.);
#6505=EDGE_CURVE('',#5225,#5227,#2253,.T.);
#6506=EDGE_CURVE('',#5228,#5224,#2254,.T.);
#6507=EDGE_CURVE('',#5228,#5229,#2255,.T.);
#6508=EDGE_CURVE('',#5229,#5226,#2256,.T.);
#6509=EDGE_CURVE('',#5230,#5228,#2257,.T.);
#6510=EDGE_CURVE('',#5230,#5231,#2258,.T.);
#6511=EDGE_CURVE('',#5231,#5229,#2259,.T.);
#6512=EDGE_CURVE('',#5232,#5230,#2260,.T.);
#6513=EDGE_CURVE('',#5232,#5233,#2261,.T.);
#6514=EDGE_CURVE('',#5233,#5231,#2262,.T.);
#6515=EDGE_CURVE('',#5234,#5232,#2263,.T.);
#6516=EDGE_CURVE('',#5234,#5235,#2264,.T.);
#6517=EDGE_CURVE('',#5235,#5233,#2265,.T.);
#6518=EDGE_CURVE('',#5232,#5233,#2266,.T.);
#6519=EDGE_CURVE('',#5236,#5234,#2267,.T.);
#6520=EDGE_CURVE('',#5236,#5237,#2268,.T.);
#6521=EDGE_CURVE('',#5237,#5235,#2269,.T.);
#6522=EDGE_CURVE('',#5238,#5236,#2270,.T.);
#6523=EDGE_CURVE('',#5238,#5239,#2271,.T.);
#6524=EDGE_CURVE('',#5239,#5237,#2272,.T.);
#6525=EDGE_CURVE('',#5236,#5237,#2273,.T.);
#6526=EDGE_CURVE('',#5240,#5238,#2274,.T.);
#6527=EDGE_CURVE('',#5240,#5241,#2275,.T.);
#6528=EDGE_CURVE('',#5241,#5239,#2276,.T.);
#6529=EDGE_CURVE('',#5242,#5240,#2277,.T.);
#6530=EDGE_CURVE('',#5242,#5243,#2278,.T.);
#6531=EDGE_CURVE('',#5243,#5241,#2279,.T.);
#6532=EDGE_CURVE('',#5244,#5242,#2280,.T.);
#6533=EDGE_CURVE('',#5244,#5245,#2281,.T.);
#6534=EDGE_CURVE('',#5245,#5243,#2282,.T.);
#6535=EDGE_CURVE('',#5246,#5244,#2283,.T.);
#6536=EDGE_CURVE('',#5246,#5247,#2284,.T.);
#6537=EDGE_CURVE('',#5247,#5245,#2285,.T.);
#6538=EDGE_CURVE('',#5248,#5246,#2286,.T.);
#6539=EDGE_CURVE('',#5248,#5249,#2287,.T.);
#6540=EDGE_CURVE('',#5249,#5247,#2288,.T.);
#6541=EDGE_CURVE('',#5250,#5248,#2289,.T.);
#6542=EDGE_CURVE('',#5250,#5251,#2290,.T.);
#6543=EDGE_CURVE('',#5251,#5249,#2291,.T.);
#6544=EDGE_CURVE('',#5248,#5249,#2292,.T.);
#6545=EDGE_CURVE('',#5252,#5250,#2293,.T.);
#6546=EDGE_CURVE('',#5252,#5253,#2294,.T.);
#6547=EDGE_CURVE('',#5253,#5251,#2295,.T.);
#6548=EDGE_CURVE('',#5254,#5252,#2296,.T.);
#6549=EDGE_CURVE('',#5254,#5255,#2297,.T.);
#6550=EDGE_CURVE('',#5255,#5253,#2298,.T.);
#6551=EDGE_CURVE('',#5256,#5254,#2299,.T.);
#6552=EDGE_CURVE('',#5256,#5257,#2300,.T.);
#6553=EDGE_CURVE('',#5257,#5255,#2301,.T.);
#6554=EDGE_CURVE('',#5254,#5255,#2302,.T.);
#6555=EDGE_CURVE('',#5258,#5256,#2303,.T.);
#6556=EDGE_CURVE('',#5258,#5259,#2304,.T.);
#6557=EDGE_CURVE('',#5259,#5257,#2305,.T.);
#6558=EDGE_CURVE('',#5260,#5258,#2306,.T.);
#6559=EDGE_CURVE('',#5260,#5261,#2307,.T.);
#6560=EDGE_CURVE('',#5261,#5259,#2308,.T.);
#6561=EDGE_CURVE('',#5262,#5260,#2309,.T.);
#6562=EDGE_CURVE('',#5262,#5263,#2310,.T.);
#6563=EDGE_CURVE('',#5263,#5261,#2311,.T.);
#6564=EDGE_CURVE('',#5264,#5262,#2312,.T.);
#6565=EDGE_CURVE('',#5264,#5265,#2313,.T.);
#6566=EDGE_CURVE('',#5265,#5263,#2314,.T.);
#6567=EDGE_CURVE('',#5262,#5263,#2315,.T.);
#6568=EDGE_CURVE('',#5215,#5264,#2316,.T.);
#6569=EDGE_CURVE('',#5215,#5217,#2317,.T.);
#6570=EDGE_CURVE('',#5217,#5265,#2318,.T.);
#6571=EDGE_CURVE('',#5266,#5223,#2319,.T.);
#6572=EDGE_CURVE('',#5267,#5266,#2320,.T.);
#6573=EDGE_CURVE('',#5227,#5267,#2321,.T.);
#6574=EDGE_CURVE('',#5268,#5269,#2322,.T.);
#6575=EDGE_CURVE('',#5268,#5270,#2323,.T.);
#6576=EDGE_CURVE('',#5270,#5271,#2324,.T.);
#6577=EDGE_CURVE('',#5269,#5271,#2325,.T.);
#6578=EDGE_CURVE('',#5272,#5268,#2326,.T.);
#6579=EDGE_CURVE('',#5272,#5273,#2327,.T.);
#6580=EDGE_CURVE('',#5273,#5270,#2328,.T.);
#6581=EDGE_CURVE('',#5254,#5272,#2329,.T.);
#6582=EDGE_CURVE('',#5255,#5273,#2330,.T.);
#6583=EDGE_CURVE('',#5248,#5254,#2331,.T.);
#6584=EDGE_CURVE('',#5249,#5255,#2332,.T.);
#6585=EDGE_CURVE('',#5274,#5248,#2333,.T.);
#6586=EDGE_CURVE('',#5274,#5275,#2334,.T.);
#6587=EDGE_CURVE('',#5275,#5249,#2335,.T.);
#6588=EDGE_CURVE('',#5269,#5274,#2336,.T.);
#6589=EDGE_CURVE('',#5271,#5275,#2337,.T.);
#6590=EDGE_CURVE('',#5276,#5277,#2338,.T.);
#6591=EDGE_CURVE('',#5276,#5278,#2339,.T.);
#6592=EDGE_CURVE('',#5278,#5279,#2340,.T.);
#6593=EDGE_CURVE('',#5277,#5279,#2341,.T.);
#6594=EDGE_CURVE('',#5280,#5276,#2342,.T.);
#6595=EDGE_CURVE('',#5280,#5281,#2343,.T.);
#6596=EDGE_CURVE('',#5281,#5278,#2344,.T.);
#6597=EDGE_CURVE('',#5276,#5278,#2345,.T.);
#6598=EDGE_CURVE('',#5282,#5280,#2346,.T.);
#6599=EDGE_CURVE('',#5282,#5283,#2347,.T.);
#6600=EDGE_CURVE('',#5283,#5281,#2348,.T.);
#6601=EDGE_CURVE('',#5280,#5281,#2349,.T.);
#6602=EDGE_CURVE('',#5277,#5282,#2350,.T.);
#6603=EDGE_CURVE('',#5279,#5283,#2351,.T.);
#6604=EDGE_CURVE('',#5282,#5283,#2352,.T.);
#6605=EDGE_CURVE('',#5284,#5285,#2353,.T.);
#6606=EDGE_CURVE('',#5284,#5286,#2354,.T.);
#6607=EDGE_CURVE('',#5286,#5287,#2355,.T.);
#6608=EDGE_CURVE('',#5285,#5287,#2356,.T.);
#6609=EDGE_CURVE('',#5215,#5284,#2357,.T.);
#6610=EDGE_CURVE('',#5217,#5286,#2358,.T.);
#6611=EDGE_CURVE('',#5288,#5215,#2359,.T.);
#6612=EDGE_CURVE('',#5288,#5289,#2360,.T.);
#6613=EDGE_CURVE('',#5289,#5217,#2361,.T.);
#6614=EDGE_CURVE('',#5262,#5288,#2362,.T.);
#6615=EDGE_CURVE('',#5263,#5289,#2363,.T.);
#6616=EDGE_CURVE('',#5290,#5262,#2364,.T.);
#6617=EDGE_CURVE('',#5290,#5291,#2365,.T.);
#6618=EDGE_CURVE('',#5291,#5263,#2366,.T.);
#6619=EDGE_CURVE('',#5282,#5290,#2367,.T.);
#6620=EDGE_CURVE('',#5283,#5291,#2368,.T.);
#6621=EDGE_CURVE('',#5292,#5282,#2369,.T.);
#6622=EDGE_CURVE('',#5292,#5293,#2370,.T.);
#6623=EDGE_CURVE('',#5293,#5283,#2371,.T.);
#6624=EDGE_CURVE('',#5285,#5292,#2372,.T.);
#6625=EDGE_CURVE('',#5285,#5287,#2373,.T.);
#6626=EDGE_CURVE('',#5287,#5293,#2374,.T.);
#6627=EDGE_CURVE('',#5280,#5285,#2375,.T.);
#6628=EDGE_CURVE('',#5281,#5287,#2376,.T.);
#6629=EDGE_CURVE('',#5294,#5280,#2377,.T.);
#6630=EDGE_CURVE('',#5294,#5295,#2378,.T.);
#6631=EDGE_CURVE('',#5295,#5281,#2379,.T.);
#6632=EDGE_CURVE('',#5296,#5294,#2380,.T.);
#6633=EDGE_CURVE('',#5296,#5297,#2381,.T.);
#6634=EDGE_CURVE('',#5297,#5295,#2382,.T.);
#6635=EDGE_CURVE('',#5294,#5295,#2383,.T.);
#6636=EDGE_CURVE('',#5285,#5296,#2384,.T.);
#6637=EDGE_CURVE('',#5287,#5297,#2385,.T.);
#6638=EDGE_CURVE('',#5276,#5298,#2386,.T.);
#6639=EDGE_CURVE('',#5278,#5299,#2387,.T.);
#6640=EDGE_CURVE('',#5298,#5299,#2388,.T.);
#6641=EDGE_CURVE('',#5300,#5276,#2389,.T.);
#6642=EDGE_CURVE('',#5300,#5301,#2390,.T.);
#6643=EDGE_CURVE('',#5301,#5278,#2391,.T.);
#6644=EDGE_CURVE('',#5302,#5300,#2392,.T.);
#6645=EDGE_CURVE('',#5302,#5303,#2393,.T.);
#6646=EDGE_CURVE('',#5303,#5301,#2394,.T.);
#6647=EDGE_CURVE('',#5304,#5302,#2395,.T.);
#6648=EDGE_CURVE('',#5304,#5305,#2396,.T.);
#6649=EDGE_CURVE('',#5305,#5303,#2397,.T.);
#6650=EDGE_CURVE('',#5306,#5304,#2398,.T.);
#6651=EDGE_CURVE('',#5306,#5307,#2399,.T.);
#6652=EDGE_CURVE('',#5307,#5305,#2400,.T.);
#6653=EDGE_CURVE('',#5308,#5306,#2401,.T.);
#6654=EDGE_CURVE('',#5308,#5309,#2402,.T.);
#6655=EDGE_CURVE('',#5309,#5307,#2403,.T.);
#6656=EDGE_CURVE('',#5310,#5308,#2404,.T.);
#6657=EDGE_CURVE('',#5310,#5311,#2405,.T.);
#6658=EDGE_CURVE('',#5311,#5309,#2406,.T.);
#6659=EDGE_CURVE('',#5312,#5310,#2407,.T.);
#6660=EDGE_CURVE('',#5312,#5313,#2408,.T.);
#6661=EDGE_CURVE('',#5313,#5311,#2409,.T.);
#6662=EDGE_CURVE('',#5314,#5312,#2410,.T.);
#6663=EDGE_CURVE('',#5314,#5315,#2411,.T.);
#6664=EDGE_CURVE('',#5315,#5313,#2412,.T.);
#6665=EDGE_CURVE('',#5316,#5314,#2413,.T.);
#6666=EDGE_CURVE('',#5316,#5317,#2414,.T.);
#6667=EDGE_CURVE('',#5317,#5315,#2415,.T.);
#6668=EDGE_CURVE('',#5318,#5316,#2416,.T.);
#6669=EDGE_CURVE('',#5318,#5319,#2417,.T.);
#6670=EDGE_CURVE('',#5319,#5317,#2418,.T.);
#6671=EDGE_CURVE('',#5320,#5318,#2419,.T.);
#6672=EDGE_CURVE('',#5320,#5321,#2420,.T.);
#6673=EDGE_CURVE('',#5321,#5319,#2421,.T.);
#6674=EDGE_CURVE('',#5322,#5320,#2422,.T.);
#6675=EDGE_CURVE('',#5322,#5323,#2423,.T.);
#6676=EDGE_CURVE('',#5323,#5321,#2424,.T.);
#6677=EDGE_CURVE('',#5200,#5322,#2425,.T.);
#6678=EDGE_CURVE('',#5202,#5323,#2426,.T.);
#6679=EDGE_CURVE('',#5324,#5200,#2427,.T.);
#6680=EDGE_CURVE('',#5324,#5325,#2428,.T.);
#6681=EDGE_CURVE('',#5325,#5202,#2429,.T.);
#6682=EDGE_CURVE('',#5326,#5324,#2430,.T.);
#6683=EDGE_CURVE('',#5326,#5327,#2431,.T.);
#6684=EDGE_CURVE('',#5327,#5325,#2432,.T.);
#6685=EDGE_CURVE('',#5328,#5326,#2433,.T.);
#6686=EDGE_CURVE('',#5328,#5329,#2434,.T.);
#6687=EDGE_CURVE('',#5329,#5327,#2435,.T.);
#6688=EDGE_CURVE('',#5326,#5327,#2436,.T.);
#6689=EDGE_CURVE('',#5330,#5328,#2437,.T.);
#6690=EDGE_CURVE('',#5330,#5331,#2438,.T.);
#6691=EDGE_CURVE('',#5331,#5329,#2439,.T.);
#6692=EDGE_CURVE('',#5332,#5330,#2440,.T.);
#6693=EDGE_CURVE('',#5332,#5333,#2441,.T.);
#6694=EDGE_CURVE('',#5333,#5331,#2442,.T.);
#6695=EDGE_CURVE('',#5334,#5332,#2443,.T.);
#6696=EDGE_CURVE('',#5334,#5335,#2444,.T.);
#6697=EDGE_CURVE('',#5335,#5333,#2445,.T.);
#6698=EDGE_CURVE('',#5294,#5334,#2446,.T.);
#6699=EDGE_CURVE('',#5295,#5335,#2447,.T.);
#6700=EDGE_CURVE('',#5298,#5294,#2448,.T.);
#6701=EDGE_CURVE('',#5299,#5295,#2449,.T.);
#6702=EDGE_CURVE('',#5336,#5337,#2450,.T.);
#6703=EDGE_CURVE('',#5336,#5338,#2451,.T.);
#6704=EDGE_CURVE('',#5338,#5339,#2452,.T.);
#6705=EDGE_CURVE('',#5337,#5339,#2453,.T.);
#6706=EDGE_CURVE('',#5212,#5336,#2454,.T.);
#6707=EDGE_CURVE('',#5213,#5338,#2455,.T.);
#6708=EDGE_CURVE('',#5340,#5212,#2456,.T.);
#6709=EDGE_CURVE('',#5340,#5341,#2457,.T.);
#6710=EDGE_CURVE('',#5341,#5213,#2458,.T.);
#6711=EDGE_CURVE('',#5342,#5340,#2459,.T.);
#6712=EDGE_CURVE('',#5342,#5343,#2460,.T.);
#6713=EDGE_CURVE('',#5343,#5341,#2461,.T.);
#6714=EDGE_CURVE('',#5344,#5342,#2462,.T.);
#6715=EDGE_CURVE('',#5344,#5345,#2463,.T.);
#6716=EDGE_CURVE('',#5345,#5343,#2464,.T.);
#6717=EDGE_CURVE('',#5346,#5344,#2465,.T.);
#6718=EDGE_CURVE('',#5346,#5347,#2466,.T.);
#6719=EDGE_CURVE('',#5347,#5345,#2467,.T.);
#6720=EDGE_CURVE('',#5348,#5346,#2468,.T.);
#6721=EDGE_CURVE('',#5348,#5349,#2469,.T.);
#6722=EDGE_CURVE('',#5349,#5347,#2470,.T.);
#6723=EDGE_CURVE('',#5350,#5348,#2471,.T.);
#6724=EDGE_CURVE('',#5350,#5351,#2472,.T.);
#6725=EDGE_CURVE('',#5351,#5349,#2473,.T.);
#6726=EDGE_CURVE('',#5352,#5350,#2474,.T.);
#6727=EDGE_CURVE('',#5352,#5353,#2475,.T.);
#6728=EDGE_CURVE('',#5353,#5351,#2476,.T.);
#6729=EDGE_CURVE('',#5350,#5351,#2477,.T.);
#6730=EDGE_CURVE('',#5354,#5352,#2478,.T.);
#6731=EDGE_CURVE('',#5354,#5355,#2479,.T.);
#6732=EDGE_CURVE('',#5355,#5353,#2480,.T.);
#6733=EDGE_CURVE('',#5356,#5354,#2481,.T.);
#6734=EDGE_CURVE('',#5356,#5357,#2482,.T.);
#6735=EDGE_CURVE('',#5357,#5355,#2483,.T.);
#6736=EDGE_CURVE('',#5354,#5355,#2484,.T.);
#6737=EDGE_CURVE('',#5358,#5356,#2485,.T.);
#6738=EDGE_CURVE('',#5358,#5359,#2486,.T.);
#6739=EDGE_CURVE('',#5359,#5357,#2487,.T.);
#6740=EDGE_CURVE('',#5356,#5357,#2488,.T.);
#6741=EDGE_CURVE('',#5360,#5358,#2489,.T.);
#6742=EDGE_CURVE('',#5360,#5361,#2490,.T.);
#6743=EDGE_CURVE('',#5361,#5359,#2491,.T.);
#6744=EDGE_CURVE('',#5362,#5360,#2492,.T.);
#6745=EDGE_CURVE('',#5362,#5363,#2493,.T.);
#6746=EDGE_CURVE('',#5363,#5361,#2494,.T.);
#6747=EDGE_CURVE('',#5364,#5362,#2495,.T.);
#6748=EDGE_CURVE('',#5364,#5365,#2496,.T.);
#6749=EDGE_CURVE('',#5365,#5363,#2497,.T.);
#6750=EDGE_CURVE('',#5337,#5364,#2498,.T.);
#6751=EDGE_CURVE('',#5337,#5339,#2499,.T.);
#6752=EDGE_CURVE('',#5339,#5365,#2500,.T.);
#6753=EDGE_CURVE('',#5201,#5326,#2501,.T.);
#6754=EDGE_CURVE('',#5203,#5327,#2502,.T.);
#6755=EDGE_CURVE('',#5366,#5201,#2503,.T.);
#6756=EDGE_CURVE('',#5366,#5367,#2504,.T.);
#6757=EDGE_CURVE('',#5367,#5203,#2505,.T.);
#6758=EDGE_CURVE('',#5368,#5366,#2506,.T.);
#6759=EDGE_CURVE('',#5368,#5369,#2507,.T.);
#6760=EDGE_CURVE('',#5369,#5367,#2508,.T.);
#6761=EDGE_CURVE('',#5366,#5367,#2509,.T.);
#6762=EDGE_CURVE('',#5326,#5368,#2510,.T.);
#6763=EDGE_CURVE('',#5327,#5369,#2511,.T.);
#6764=EDGE_CURVE('',#5208,#5366,#2512,.T.);
#6765=EDGE_CURVE('',#5209,#5367,#2513,.T.);
#6766=EDGE_CURVE('',#5337,#5208,#2514,.T.);
#6767=EDGE_CURVE('',#5339,#5209,#2515,.T.);
#6768=EDGE_CURVE('',#5370,#5337,#2516,.T.);
#6769=EDGE_CURVE('',#5370,#5371,#2517,.T.);
#6770=EDGE_CURVE('',#5371,#5339,#2518,.T.);
#6771=EDGE_CURVE('',#5366,#5370,#2519,.T.);
#6772=EDGE_CURVE('',#5367,#5371,#2520,.T.);
#6773=EDGE_CURVE('',#5354,#5372,#2521,.T.);
#6774=EDGE_CURVE('',#5355,#5373,#2522,.T.);
#6775=EDGE_CURVE('',#5372,#5373,#2523,.T.);
#6776=EDGE_CURVE('',#5374,#5354,#2524,.T.);
#6777=EDGE_CURVE('',#5374,#5375,#2525,.T.);
#6778=EDGE_CURVE('',#5375,#5355,#2526,.T.);
#6779=EDGE_CURVE('',#5350,#5374,#2527,.T.);
#6780=EDGE_CURVE('',#5351,#5375,#2528,.T.);
#6781=EDGE_CURVE('',#5376,#5350,#2529,.T.);
#6782=EDGE_CURVE('',#5376,#5377,#2530,.T.);
#6783=EDGE_CURVE('',#5377,#5351,#2531,.T.);
#6784=EDGE_CURVE('',#5378,#5376,#2532,.T.);
#6785=EDGE_CURVE('',#5378,#5379,#2533,.T.);
#6786=EDGE_CURVE('',#5379,#5377,#2534,.T.);
#6787=EDGE_CURVE('',#5380,#5378,#2535,.T.);
#6788=EDGE_CURVE('',#5380,#5381,#2536,.T.);
#6789=EDGE_CURVE('',#5381,#5379,#2537,.T.);
#6790=EDGE_CURVE('',#5382,#5380,#2538,.T.);
#6791=EDGE_CURVE('',#5382,#5383,#2539,.T.);
#6792=EDGE_CURVE('',#5383,#5381,#2540,.T.);
#6793=EDGE_CURVE('',#5372,#5382,#2541,.T.);
#6794=EDGE_CURVE('',#5372,#5373,#2542,.T.);
#6795=EDGE_CURVE('',#5373,#5383,#2543,.T.);
#6796=EDGE_CURVE('',#5384,#5385,#2544,.T.);
#6797=EDGE_CURVE('',#5384,#5386,#2545,.T.);
#6798=EDGE_CURVE('',#5386,#5387,#2546,.T.);
#6799=EDGE_CURVE('',#5385,#5387,#2547,.T.);
#6800=EDGE_CURVE('',#5388,#5384,#2548,.T.);
#6801=EDGE_CURVE('',#5388,#5389,#2549,.T.);
#6802=EDGE_CURVE('',#5389,#5386,#2550,.T.);
#6803=EDGE_CURVE('',#5384,#5386,#2551,.T.);
#6804=EDGE_CURVE('',#5390,#5388,#2552,.T.);
#6805=EDGE_CURVE('',#5390,#5391,#2553,.T.);
#6806=EDGE_CURVE('',#5391,#5389,#2554,.T.);
#6807=EDGE_CURVE('',#5388,#5389,#2555,.T.);
#6808=EDGE_CURVE('',#5385,#5390,#2556,.T.);
#6809=EDGE_CURVE('',#5387,#5391,#2557,.T.);
#6810=EDGE_CURVE('',#5390,#5391,#2558,.T.);
#6811=EDGE_CURVE('',#5390,#5392,#2559,.T.);
#6812=EDGE_CURVE('',#5391,#5393,#2560,.T.);
#6813=EDGE_CURVE('',#5392,#5393,#2561,.T.);
#6814=EDGE_CURVE('',#5394,#5390,#2562,.T.);
#6815=EDGE_CURVE('',#5394,#5395,#2563,.T.);
#6816=EDGE_CURVE('',#5395,#5391,#2564,.T.);
#6817=EDGE_CURVE('',#5396,#5394,#2565,.T.);
#6818=EDGE_CURVE('',#5396,#5397,#2566,.T.);
#6819=EDGE_CURVE('',#5397,#5395,#2567,.T.);
#6820=EDGE_CURVE('',#5394,#5395,#2568,.T.);
#6821=EDGE_CURVE('',#5392,#5396,#2569,.T.);
#6822=EDGE_CURVE('',#5393,#5397,#2570,.T.);
#6823=EDGE_CURVE('',#5396,#5397,#2571,.T.);
#6824=EDGE_CURVE('',#5398,#5372,#2572,.T.);
#6825=EDGE_CURVE('',#5398,#5399,#2573,.T.);
#6826=EDGE_CURVE('',#5399,#5373,#2574,.T.);
#6827=EDGE_CURVE('',#5400,#5398,#2575,.T.);
#6828=EDGE_CURVE('',#5400,#5401,#2576,.T.);
#6829=EDGE_CURVE('',#5401,#5399,#2577,.T.);
#6830=EDGE_CURVE('',#5402,#5400,#2578,.T.);
#6831=EDGE_CURVE('',#5402,#5403,#2579,.T.);
#6832=EDGE_CURVE('',#5403,#5401,#2580,.T.);
#6833=EDGE_CURVE('',#5404,#5402,#2581,.T.);
#6834=EDGE_CURVE('',#5404,#5405,#2582,.T.);
#6835=EDGE_CURVE('',#5405,#5403,#2583,.T.);
#6836=EDGE_CURVE('',#5406,#5404,#2584,.T.);
#6837=EDGE_CURVE('',#5406,#5407,#2585,.T.);
#6838=EDGE_CURVE('',#5407,#5405,#2586,.T.);
#6839=EDGE_CURVE('',#5404,#5405,#2587,.T.);
#6840=EDGE_CURVE('',#5384,#5406,#2588,.T.);
#6841=EDGE_CURVE('',#5386,#5407,#2589,.T.);
#6842=EDGE_CURVE('',#5408,#5384,#2590,.T.);
#6843=EDGE_CURVE('',#5408,#5409,#2591,.T.);
#6844=EDGE_CURVE('',#5409,#5386,#2592,.T.);
#6845=EDGE_CURVE('',#5410,#5408,#2593,.T.);
#6846=EDGE_CURVE('',#5410,#5411,#2594,.T.);
#6847=EDGE_CURVE('',#5411,#5409,#2595,.T.);
#6848=EDGE_CURVE('',#5412,#5410,#2596,.T.);
#6849=EDGE_CURVE('',#5412,#5413,#2597,.T.);
#6850=EDGE_CURVE('',#5413,#5411,#2598,.T.);
#6851=EDGE_CURVE('',#5356,#5412,#2599,.T.);
#6852=EDGE_CURVE('',#5357,#5413,#2600,.T.);
#6853=EDGE_CURVE('',#5414,#5356,#2601,.T.);
#6854=EDGE_CURVE('',#5414,#5415,#2602,.T.);
#6855=EDGE_CURVE('',#5415,#5357,#2603,.T.);
#6856=EDGE_CURVE('',#5372,#5414,#2604,.T.);
#6857=EDGE_CURVE('',#5373,#5415,#2605,.T.);
#6858=EDGE_CURVE('',#5394,#5416,#2606,.T.);
#6859=EDGE_CURVE('',#5395,#5417,#2607,.T.);
#6860=EDGE_CURVE('',#5416,#5417,#2608,.T.);
#6861=EDGE_CURVE('',#5418,#5394,#2609,.T.);
#6862=EDGE_CURVE('',#5418,#5419,#2610,.T.);
#6863=EDGE_CURVE('',#5419,#5395,#2611,.T.);
#6864=EDGE_CURVE('',#5420,#5418,#2612,.T.);
#6865=EDGE_CURVE('',#5420,#5421,#2613,.T.);
#6866=EDGE_CURVE('',#5421,#5419,#2614,.T.);
#6867=EDGE_CURVE('',#5418,#5419,#2615,.T.);
#6868=EDGE_CURVE('',#5416,#5420,#2616,.T.);
#6869=EDGE_CURVE('',#5416,#5417,#2617,.T.);
#6870=EDGE_CURVE('',#5417,#5421,#2618,.T.);
#6871=EDGE_CURVE('',#5388,#5418,#2619,.T.);
#6872=EDGE_CURVE('',#5389,#5419,#2620,.T.);
#6873=EDGE_CURVE('',#5404,#5388,#2621,.T.);
#6874=EDGE_CURVE('',#5405,#5389,#2622,.T.);
#6875=EDGE_CURVE('',#5422,#5404,#2623,.T.);
#6876=EDGE_CURVE('',#5422,#5423,#2624,.T.);
#6877=EDGE_CURVE('',#5423,#5405,#2625,.T.);
#6878=EDGE_CURVE('',#5418,#5422,#2626,.T.);
#6879=EDGE_CURVE('',#5419,#5423,#2627,.T.);
#6880=EDGE_CURVE('',#5424,#5236,#2628,.T.);
#6881=EDGE_CURVE('',#5424,#5425,#2629,.T.);
#6882=EDGE_CURVE('',#5425,#5237,#2630,.T.);
#6883=EDGE_CURVE('',#5232,#5424,#2631,.T.);
#6884=EDGE_CURVE('',#5233,#5425,#2632,.T.);
#6885=EDGE_CURVE('',#5426,#5232,#2633,.T.);
#6886=EDGE_CURVE('',#5426,#5427,#2634,.T.);
#6887=EDGE_CURVE('',#5427,#5233,#2635,.T.);
#6888=EDGE_CURVE('',#5428,#5426,#2636,.T.);
#6889=EDGE_CURVE('',#5428,#5429,#2637,.T.);
#6890=EDGE_CURVE('',#5429,#5427,#2638,.T.);
#6891=EDGE_CURVE('',#5430,#5428,#2639,.T.);
#6892=EDGE_CURVE('',#5430,#5431,#2640,.T.);
#6893=EDGE_CURVE('',#5431,#5429,#2641,.T.);
#6894=EDGE_CURVE('',#5432,#5430,#2642,.T.);
#6895=EDGE_CURVE('',#5432,#5433,#2643,.T.);
#6896=EDGE_CURVE('',#5433,#5431,#2644,.T.);
#6897=EDGE_CURVE('',#5434,#5432,#2645,.T.);
#6898=EDGE_CURVE('',#5434,#5435,#2646,.T.);
#6899=EDGE_CURVE('',#5435,#5433,#2647,.T.);
#6900=EDGE_CURVE('',#5436,#5434,#2648,.T.);
#6901=EDGE_CURVE('',#5436,#5437,#2649,.T.);
#6902=EDGE_CURVE('',#5437,#5435,#2650,.T.);
#6903=EDGE_CURVE('',#5396,#5436,#2651,.T.);
#6904=EDGE_CURVE('',#5397,#5437,#2652,.T.);
#6905=EDGE_CURVE('',#5438,#5396,#2653,.T.);
#6906=EDGE_CURVE('',#5438,#5439,#2654,.T.);
#6907=EDGE_CURVE('',#5439,#5397,#2655,.T.);
#6908=EDGE_CURVE('',#5416,#5438,#2656,.T.);
#6909=EDGE_CURVE('',#5417,#5439,#2657,.T.);
#6910=EDGE_CURVE('',#5440,#5416,#2658,.T.);
#6911=EDGE_CURVE('',#5440,#5441,#2659,.T.);
#6912=EDGE_CURVE('',#5441,#5417,#2660,.T.);
#6913=EDGE_CURVE('',#5442,#5440,#2661,.T.);
#6914=EDGE_CURVE('',#5442,#5443,#2662,.T.);
#6915=EDGE_CURVE('',#5443,#5441,#2663,.T.);
#6916=EDGE_CURVE('',#5444,#5442,#2664,.T.);
#6917=EDGE_CURVE('',#5445,#5444,#2665,.T.);
#6918=EDGE_CURVE('',#5445,#5443,#2666,.T.);
#6919=EDGE_CURVE('',#5446,#5447,#2667,.T.);
#6920=EDGE_CURVE('',#5446,#5448,#2668,.T.);
#6921=EDGE_CURVE('',#5448,#5449,#2669,.T.);
#6922=EDGE_CURVE('',#5447,#5449,#2670,.T.);
#6923=EDGE_CURVE('',#5450,#5446,#2671,.T.);
#6924=EDGE_CURVE('',#5450,#5451,#2672,.T.);
#6925=EDGE_CURVE('',#5451,#5448,#2673,.T.);
#6926=EDGE_CURVE('',#5446,#5448,#2674,.T.);
#6927=EDGE_CURVE('',#5452,#5450,#2675,.T.);
#6928=EDGE_CURVE('',#5452,#5453,#2676,.T.);
#6929=EDGE_CURVE('',#5453,#5451,#2677,.T.);
#6930=EDGE_CURVE('',#5454,#5452,#2678,.T.);
#6931=EDGE_CURVE('',#5454,#5455,#2679,.T.);
#6932=EDGE_CURVE('',#5455,#5453,#2680,.T.);
#6933=EDGE_CURVE('',#5446,#5454,#2681,.T.);
#6934=EDGE_CURVE('',#5448,#5455,#2682,.T.);
#6935=EDGE_CURVE('',#5456,#5446,#2683,.T.);
#6936=EDGE_CURVE('',#5456,#5457,#2684,.T.);
#6937=EDGE_CURVE('',#5457,#5448,#2685,.T.);
#6938=EDGE_CURVE('',#5458,#5456,#2686,.T.);
#6939=EDGE_CURVE('',#5459,#5458,#2687,.T.);
#6940=EDGE_CURVE('',#5459,#5457,#2688,.T.);
#6941=EDGE_CURVE('',#5460,#5461,#2689,.T.);
#6942=EDGE_CURVE('',#5460,#5462,#2690,.T.);
#6943=EDGE_CURVE('',#5462,#5463,#2691,.T.);
#6944=EDGE_CURVE('',#5461,#5463,#2692,.T.);
#6945=EDGE_CURVE('',#5464,#5460,#2693,.T.);
#6946=EDGE_CURVE('',#5464,#5465,#2694,.T.);
#6947=EDGE_CURVE('',#5465,#5462,#2695,.T.);
#6948=EDGE_CURVE('',#5466,#5464,#2696,.T.);
#6949=EDGE_CURVE('',#5466,#5467,#2697,.T.);
#6950=EDGE_CURVE('',#5467,#5465,#2698,.T.);
#6951=EDGE_CURVE('',#5468,#5466,#2699,.T.);
#6952=EDGE_CURVE('',#5468,#5469,#2700,.T.);
#6953=EDGE_CURVE('',#5469,#5467,#2701,.T.);
#6954=EDGE_CURVE('',#5470,#5468,#2702,.T.);
#6955=EDGE_CURVE('',#5470,#5471,#2703,.T.);
#6956=EDGE_CURVE('',#5471,#5469,#2704,.T.);
#6957=EDGE_CURVE('',#5472,#5470,#2705,.T.);
#6958=EDGE_CURVE('',#5472,#5473,#2706,.T.);
#6959=EDGE_CURVE('',#5473,#5471,#2707,.T.);
#6960=EDGE_CURVE('',#5236,#5472,#2708,.T.);
#6961=EDGE_CURVE('',#5237,#5473,#2709,.T.);
#6962=EDGE_CURVE('',#5474,#5445,#2710,.T.);
#6963=EDGE_CURVE('',#5449,#5474,#2711,.T.);
#6964=EDGE_CURVE('',#5475,#5459,#2712,.T.);
#6965=EDGE_CURVE('',#5463,#5475,#2713,.T.);
#6966=EDGE_CURVE('',#5476,#5477,#2714,.T.);
#6967=EDGE_CURVE('',#5477,#5478,#2715,.T.);
#6968=EDGE_CURVE('',#5266,#5478,#2716,.T.);
#6969=EDGE_CURVE('',#5476,#5222,#2717,.T.);
#6970=EDGE_CURVE('',#5479,#5480,#2718,.T.);
#6971=EDGE_CURVE('',#5480,#5477,#2719,.T.);
#6972=EDGE_CURVE('',#5479,#5476,#2720,.T.);
#6973=EDGE_CURVE('',#5267,#5481,#2721,.T.);
#6974=EDGE_CURVE('',#5481,#5480,#2722,.T.);
#6975=EDGE_CURVE('',#5225,#5479,#2723,.T.);
#6976=EDGE_CURVE('',#5482,#5483,#2724,.T.);
#6977=EDGE_CURVE('',#5483,#5484,#2725,.T.);
#6978=EDGE_CURVE('',#5485,#5484,#2726,.T.);
#6979=EDGE_CURVE('',#5482,#5485,#2727,.T.);
#6980=EDGE_CURVE('',#5486,#5487,#2728,.T.);
#6981=EDGE_CURVE('',#5487,#5483,#2729,.T.);
#6982=EDGE_CURVE('',#5486,#5482,#2730,.T.);
#6983=EDGE_CURVE('',#5488,#5489,#2731,.T.);
#6984=EDGE_CURVE('',#5489,#5487,#2732,.T.);
#6985=EDGE_CURVE('',#5488,#5486,#2733,.T.);
#6986=EDGE_CURVE('',#5490,#5491,#2734,.T.);
#6987=EDGE_CURVE('',#5491,#5489,#2735,.T.);
#6988=EDGE_CURVE('',#5490,#5488,#2736,.T.);
#6989=EDGE_CURVE('',#5492,#5493,#2737,.T.);
#6990=EDGE_CURVE('',#5493,#5494,#2738,.T.);
#6991=EDGE_CURVE('',#5494,#5495,#2739,.T.);
#6992=EDGE_CURVE('',#5495,#5492,#2740,.T.);
#6993=EDGE_CURVE('',#5496,#5497,#2741,.T.);
#6994=EDGE_CURVE('',#5497,#5498,#2742,.T.);
#6995=EDGE_CURVE('',#5498,#5499,#2743,.T.);
#6996=EDGE_CURVE('',#5499,#5496,#2744,.T.);
#6997=EDGE_CURVE('',#5500,#5501,#2745,.T.);
#6998=EDGE_CURVE('',#5501,#5502,#2746,.T.);
#6999=EDGE_CURVE('',#5502,#5503,#2747,.T.);
#7000=EDGE_CURVE('',#5503,#5504,#2748,.T.);
#7001=EDGE_CURVE('',#5504,#5505,#2749,.T.);
#7002=EDGE_CURVE('',#5505,#5506,#2750,.T.);
#7003=EDGE_CURVE('',#5506,#5507,#2751,.T.);
#7004=EDGE_CURVE('',#5507,#5504,#2752,.T.);
#7005=EDGE_CURVE('',#5504,#5508,#2753,.T.);
#7006=EDGE_CURVE('',#5508,#5509,#2754,.T.);
#7007=EDGE_CURVE('',#5509,#5503,#2755,.T.);
#7008=EDGE_CURVE('',#5503,#5500,#2756,.T.);
#7009=EDGE_CURVE('',#5510,#5511,#2757,.T.);
#7010=EDGE_CURVE('',#5511,#5512,#2758,.T.);
#7011=EDGE_CURVE('',#5512,#5513,#2759,.T.);
#7012=EDGE_CURVE('',#5513,#5514,#2760,.T.);
#7013=EDGE_CURVE('',#5514,#5515,#2761,.T.);
#7014=EDGE_CURVE('',#5515,#5512,#2762,.T.);
#7015=EDGE_CURVE('',#5512,#5516,#2763,.T.);
#7016=EDGE_CURVE('',#5516,#5510,#2764,.T.);
#7017=EDGE_CURVE('',#5517,#5518,#2765,.T.);
#7018=EDGE_CURVE('',#5518,#5519,#2766,.T.);
#7019=EDGE_CURVE('',#5519,#5520,#2767,.T.);
#7020=EDGE_CURVE('',#5520,#5517,#2768,.T.);
#7021=EDGE_CURVE('',#5193,#5191,#2769,.T.);
#7022=EDGE_CURVE('',#5192,#5521,#2770,.T.);
#7023=EDGE_CURVE('',#5521,#5522,#2771,.T.);
#7024=EDGE_CURVE('',#5522,#5523,#2772,.T.);
#7025=EDGE_CURVE('',#5523,#5524,#2773,.T.);
#7026=EDGE_CURVE('',#5524,#5525,#2774,.T.);
#7027=EDGE_CURVE('',#5525,#5526,#2775,.T.);
#7028=EDGE_CURVE('',#5526,#5527,#2776,.T.);
#7029=EDGE_CURVE('',#5527,#5528,#2777,.T.);
#7030=EDGE_CURVE('',#5528,#5529,#2778,.T.);
#7031=EDGE_CURVE('',#5529,#5530,#2779,.T.);
#7032=EDGE_CURVE('',#5530,#5531,#2780,.T.);
#7033=EDGE_CURVE('',#5531,#5188,#2781,.T.);
#7034=EDGE_CURVE('',#5532,#5533,#2782,.T.);
#7035=EDGE_CURVE('',#5533,#5534,#2783,.T.);
#7036=EDGE_CURVE('',#5534,#5535,#2784,.T.);
#7037=EDGE_CURVE('',#5535,#5532,#2785,.T.);
#7038=EDGE_CURVE('',#5536,#5537,#2786,.T.);
#7039=EDGE_CURVE('',#5537,#5538,#2787,.T.);
#7040=EDGE_CURVE('',#5538,#5539,#2788,.T.);
#7041=EDGE_CURVE('',#5539,#5536,#2789,.T.);
#7042=EDGE_CURVE('',#5461,#5540,#2790,.T.);
#7043=EDGE_CURVE('',#5540,#5541,#2791,.T.);
#7044=EDGE_CURVE('',#5541,#5542,#2792,.T.);
#7045=EDGE_CURVE('',#5542,#5543,#2793,.T.);
#7046=EDGE_CURVE('',#5543,#5540,#2794,.T.);
#7047=EDGE_CURVE('',#5540,#5544,#2795,.T.);
#7048=EDGE_CURVE('',#5544,#5545,#2796,.T.);
#7049=EDGE_CURVE('',#5545,#5546,#2797,.T.);
#7050=EDGE_CURVE('',#5546,#5547,#2798,.T.);
#7051=EDGE_CURVE('',#5547,#5548,#2799,.T.);
#7052=EDGE_CURVE('',#5548,#5549,#2800,.T.);
#7053=EDGE_CURVE('',#5549,#5550,#2801,.T.);
#7054=EDGE_CURVE('',#5550,#5551,#2802,.T.);
#7055=EDGE_CURVE('',#5551,#5548,#2803,.T.);
#7056=EDGE_CURVE('',#5548,#5545,#2804,.T.);
#7057=EDGE_CURVE('',#5545,#5458,#2805,.T.);
#7058=EDGE_CURVE('',#5447,#5490,#2806,.T.);
#7059=EDGE_CURVE('',#5485,#5552,#2807,.T.);
#7060=EDGE_CURVE('',#5552,#5486,#2808,.T.);
#7061=EDGE_CURVE('',#5486,#5444,#2809,.T.);
#7062=EDGE_CURVE('',#5553,#5554,#2810,.T.);
#7063=EDGE_CURVE('',#5554,#5555,#2811,.T.);
#7064=EDGE_CURVE('',#5555,#5556,#2812,.T.);
#7065=EDGE_CURVE('',#5556,#5557,#2813,.T.);
#7066=EDGE_CURVE('',#5557,#5558,#2814,.T.);
#7067=EDGE_CURVE('',#5558,#5559,#2815,.T.);
#7068=EDGE_CURVE('',#5559,#5560,#2816,.T.);
#7069=EDGE_CURVE('',#5560,#5557,#2817,.T.);
#7070=EDGE_CURVE('',#5557,#5561,#2818,.T.);
#7071=EDGE_CURVE('',#5561,#5555,#2819,.T.);
#7072=EDGE_CURVE('',#5555,#5562,#2820,.T.);
#7073=EDGE_CURVE('',#5562,#5553,#2821,.T.);
#7074=EDGE_CURVE('',#5563,#5564,#2822,.T.);
#7075=EDGE_CURVE('',#5564,#5565,#2823,.T.);
#7076=EDGE_CURVE('',#5565,#5566,#2824,.T.);
#7077=EDGE_CURVE('',#5566,#5567,#2825,.T.);
#7078=EDGE_CURVE('',#5567,#5568,#2826,.T.);
#7079=EDGE_CURVE('',#5568,#5565,#2827,.T.);
#7080=EDGE_CURVE('',#5565,#5569,#2828,.T.);
#7081=EDGE_CURVE('',#5569,#5563,#2829,.T.);
#7082=EDGE_CURVE('',#5570,#5571,#2830,.T.);
#7083=EDGE_CURVE('',#5571,#5572,#2831,.T.);
#7084=EDGE_CURVE('',#5572,#5573,#2832,.T.);
#7085=EDGE_CURVE('',#5573,#5574,#2833,.T.);
#7086=EDGE_CURVE('',#5574,#5575,#2834,.T.);
#7087=EDGE_CURVE('',#5575,#5576,#2835,.T.);
#7088=EDGE_CURVE('',#5576,#5573,#2836,.T.);
#7089=EDGE_CURVE('',#5573,#5570,#2837,.T.);
#7090=EDGE_CURVE('',#5577,#5578,#2838,.T.);
#7091=EDGE_CURVE('',#5578,#5579,#2839,.T.);
#7092=EDGE_CURVE('',#5579,#5580,#2840,.T.);
#7093=EDGE_CURVE('',#5580,#5581,#2841,.T.);
#7094=EDGE_CURVE('',#5581,#5582,#2842,.T.);
#7095=EDGE_CURVE('',#5582,#5583,#2843,.T.);
#7096=EDGE_CURVE('',#5583,#5580,#2844,.T.);
#7097=EDGE_CURVE('',#5580,#5584,#2845,.T.);
#7098=EDGE_CURVE('',#5584,#5578,#2846,.T.);
#7099=EDGE_CURVE('',#5578,#5585,#2847,.T.);
#7100=EDGE_CURVE('',#5585,#5586,#2848,.T.);
#7101=EDGE_CURVE('',#5586,#5587,#2849,.T.);
#7102=EDGE_CURVE('',#5587,#5588,#2850,.T.);
#7103=EDGE_CURVE('',#5588,#5589,#2851,.T.);
#7104=EDGE_CURVE('',#5589,#5586,#2852,.T.);
#7105=EDGE_CURVE('',#5586,#5577,#2853,.T.);
#7106=EDGE_CURVE('',#5590,#5591,#2854,.T.);
#7107=EDGE_CURVE('',#5591,#5592,#2855,.T.);
#7108=EDGE_CURVE('',#5592,#5593,#2856,.T.);
#7109=EDGE_CURVE('',#5593,#5590,#2857,.T.);
#7110=EDGE_CURVE('',#5594,#5595,#2858,.T.);
#7111=EDGE_CURVE('',#5595,#5596,#2859,.T.);
#7112=EDGE_CURVE('',#5596,#5597,#2860,.T.);
#7113=EDGE_CURVE('',#5597,#5594,#2861,.T.);
#7114=EDGE_CURVE('',#5474,#5598,#2862,.T.);
#7115=EDGE_CURVE('',#5598,#5491,#2863,.T.);
#7116=EDGE_CURVE('',#5549,#5599,#2864,.T.);
#7117=EDGE_CURVE('',#5599,#5600,#2865,.T.);
#7118=EDGE_CURVE('',#5550,#5600,#2866,.T.);
#7119=EDGE_CURVE('',#5548,#5601,#2867,.T.);
#7120=EDGE_CURVE('',#5601,#5599,#2868,.T.);
#7121=EDGE_CURVE('',#5546,#5602,#2869,.T.);
#7122=EDGE_CURVE('',#5602,#5603,#2870,.T.);
#7123=EDGE_CURVE('',#5547,#5603,#2871,.T.);
#7124=EDGE_CURVE('',#5540,#5604,#2872,.T.);
#7125=EDGE_CURVE('',#5604,#5605,#2873,.T.);
#7126=EDGE_CURVE('',#5541,#5605,#2874,.T.);
#7127=EDGE_CURVE('',#5545,#5606,#2875,.T.);
#7128=EDGE_CURVE('',#5606,#5602,#2876,.T.);
#7129=EDGE_CURVE('',#5545,#5606,#2877,.T.);
#7130=EDGE_CURVE('',#5606,#5607,#2878,.T.);
#7131=EDGE_CURVE('',#5475,#5607,#2879,.T.);
#7132=EDGE_CURVE('',#5544,#5608,#2880,.T.);
#7133=EDGE_CURVE('',#5608,#5606,#2881,.T.);
#7134=EDGE_CURVE('',#5500,#5609,#2882,.T.);
#7135=EDGE_CURVE('',#5609,#5610,#2883,.T.);
#7136=EDGE_CURVE('',#5501,#5610,#2884,.T.);
#7137=EDGE_CURVE('',#5503,#5611,#2885,.T.);
#7138=EDGE_CURVE('',#5611,#5609,#2886,.T.);
#7139=EDGE_CURVE('',#5508,#5612,#2887,.T.);
#7140=EDGE_CURVE('',#5612,#5613,#2888,.T.);
#7141=EDGE_CURVE('',#5509,#5613,#2889,.T.);
#7142=EDGE_CURVE('',#5504,#5614,#2890,.T.);
#7143=EDGE_CURVE('',#5614,#5612,#2891,.T.);
#7144=EDGE_CURVE('',#5504,#5614,#2892,.T.);
#7145=EDGE_CURVE('',#5614,#5615,#2893,.T.);
#7146=EDGE_CURVE('',#5505,#5615,#2894,.T.);
#7147=EDGE_CURVE('',#5507,#5616,#2895,.T.);
#7148=EDGE_CURVE('',#5616,#5614,#2896,.T.);
#7149=EDGE_CURVE('',#5536,#5617,#2897,.T.);
#7150=EDGE_CURVE('',#5617,#5618,#2898,.T.);
#7151=EDGE_CURVE('',#5537,#5618,#2899,.T.);
#7152=EDGE_CURVE('',#5539,#5619,#2900,.T.);
#7153=EDGE_CURVE('',#5619,#5617,#2901,.T.);
#7154=EDGE_CURVE('',#5581,#5620,#2902,.T.);
#7155=EDGE_CURVE('',#5620,#5621,#2903,.T.);
#7156=EDGE_CURVE('',#5582,#5621,#2904,.T.);
#7157=EDGE_CURVE('',#5580,#5622,#2905,.T.);
#7158=EDGE_CURVE('',#5622,#5620,#2906,.T.);
#7159=EDGE_CURVE('',#5587,#5623,#2907,.T.);
#7160=EDGE_CURVE('',#5623,#5624,#2908,.T.);
#7161=EDGE_CURVE('',#5588,#5624,#2909,.T.);
#7162=EDGE_CURVE('',#5578,#5625,#2910,.T.);
#7163=EDGE_CURVE('',#5625,#5626,#2911,.T.);
#7164=EDGE_CURVE('',#5579,#5626,#2912,.T.);
#7165=EDGE_CURVE('',#5586,#5627,#2913,.T.);
#7166=EDGE_CURVE('',#5627,#5623,#2914,.T.);
#7167=EDGE_CURVE('',#5578,#5625,#2915,.T.);
#7168=EDGE_CURVE('',#5625,#5628,#2916,.T.);
#7169=EDGE_CURVE('',#5585,#5628,#2917,.T.);
#7170=EDGE_CURVE('',#5577,#5629,#2918,.T.);
#7171=EDGE_CURVE('',#5629,#5625,#2919,.T.);
#7172=EDGE_CURVE('',#5594,#5630,#2920,.T.);
#7173=EDGE_CURVE('',#5630,#5631,#2921,.T.);
#7174=EDGE_CURVE('',#5595,#5631,#2922,.T.);
#7175=EDGE_CURVE('',#5597,#5632,#2923,.T.);
#7176=EDGE_CURVE('',#5632,#5630,#2924,.T.);
#7177=EDGE_CURVE('',#5573,#5633,#2925,.T.);
#7178=EDGE_CURVE('',#5633,#5634,#2926,.T.);
#7179=EDGE_CURVE('',#5570,#5634,#2927,.T.);
#7180=EDGE_CURVE('',#5573,#5633,#2928,.T.);
#7181=EDGE_CURVE('',#5633,#5635,#2929,.T.);
#7182=EDGE_CURVE('',#5574,#5635,#2930,.T.);
#7183=EDGE_CURVE('',#5576,#5636,#2931,.T.);
#7184=EDGE_CURVE('',#5636,#5633,#2932,.T.);
#7185=EDGE_CURVE('',#5590,#5637,#2933,.T.);
#7186=EDGE_CURVE('',#5637,#5638,#2934,.T.);
#7187=EDGE_CURVE('',#5591,#5638,#2935,.T.);
#7188=EDGE_CURVE('',#5593,#5639,#2936,.T.);
#7189=EDGE_CURVE('',#5639,#5637,#2937,.T.);
#7190=EDGE_CURVE('',#5566,#5640,#2938,.T.);
#7191=EDGE_CURVE('',#5640,#5641,#2939,.T.);
#7192=EDGE_CURVE('',#5567,#5641,#2940,.T.);
#7193=EDGE_CURVE('',#5565,#5642,#2941,.T.);
#7194=EDGE_CURVE('',#5642,#5640,#2942,.T.);
#7195=EDGE_CURVE('',#5563,#5643,#2943,.T.);
#7196=EDGE_CURVE('',#5643,#5644,#2944,.T.);
#7197=EDGE_CURVE('',#5564,#5644,#2945,.T.);
#7198=EDGE_CURVE('',#5569,#5645,#2946,.T.);
#7199=EDGE_CURVE('',#5645,#5643,#2947,.T.);
#7200=EDGE_CURVE('',#5517,#5646,#2948,.T.);
#7201=EDGE_CURVE('',#5646,#5647,#2949,.T.);
#7202=EDGE_CURVE('',#5518,#5647,#2950,.T.);
#7203=EDGE_CURVE('',#5520,#5648,#2951,.T.);
#7204=EDGE_CURVE('',#5648,#5646,#2952,.T.);
#7205=EDGE_CURVE('',#5562,#5649,#2953,.T.);
#7206=EDGE_CURVE('',#5649,#5650,#2954,.T.);
#7207=EDGE_CURVE('',#5553,#5650,#2955,.T.);
#7208=EDGE_CURVE('',#5558,#5651,#2956,.T.);
#7209=EDGE_CURVE('',#5651,#5652,#2957,.T.);
#7210=EDGE_CURVE('',#5559,#5652,#2958,.T.);
#7211=EDGE_CURVE('',#5557,#5653,#2959,.T.);
#7212=EDGE_CURVE('',#5653,#5651,#2960,.T.);
#7213=EDGE_CURVE('',#5555,#5654,#2961,.T.);
#7214=EDGE_CURVE('',#5654,#5649,#2962,.T.);
#7215=EDGE_CURVE('',#5555,#5654,#2963,.T.);
#7216=EDGE_CURVE('',#5654,#5655,#2964,.T.);
#7217=EDGE_CURVE('',#5556,#5655,#2965,.T.);
#7218=EDGE_CURVE('',#5561,#5656,#2966,.T.);
#7219=EDGE_CURVE('',#5656,#5654,#2967,.T.);
#7220=EDGE_CURVE('',#5516,#5657,#2968,.T.);
#7221=EDGE_CURVE('',#5657,#5658,#2969,.T.);
#7222=EDGE_CURVE('',#5510,#5658,#2970,.T.);
#7223=EDGE_CURVE('',#5512,#5659,#2971,.T.);
#7224=EDGE_CURVE('',#5659,#5657,#2972,.T.);
#7225=EDGE_CURVE('',#5512,#5659,#2973,.T.);
#7226=EDGE_CURVE('',#5659,#5660,#2974,.T.);
#7227=EDGE_CURVE('',#5513,#5660,#2975,.T.);
#7228=EDGE_CURVE('',#5515,#5661,#2976,.T.);
#7229=EDGE_CURVE('',#5661,#5659,#2977,.T.);
#7230=EDGE_CURVE('',#5492,#5662,#2978,.T.);
#7231=EDGE_CURVE('',#5662,#5663,#2979,.T.);
#7232=EDGE_CURVE('',#5493,#5663,#2980,.T.);
#7233=EDGE_CURVE('',#5495,#5664,#2981,.T.);
#7234=EDGE_CURVE('',#5664,#5662,#2982,.T.);
#7235=EDGE_CURVE('',#5496,#5665,#2983,.T.);
#7236=EDGE_CURVE('',#5665,#5666,#2984,.T.);
#7237=EDGE_CURVE('',#5497,#5666,#2985,.T.);
#7238=EDGE_CURVE('',#5499,#5667,#2986,.T.);
#7239=EDGE_CURVE('',#5667,#5665,#2987,.T.);
#7240=EDGE_CURVE('',#5596,#5668,#2988,.T.);
#7241=EDGE_CURVE('',#5668,#5632,#2989,.T.);
#7242=EDGE_CURVE('',#5631,#5668,#2990,.T.);
#7243=EDGE_CURVE('',#5519,#5669,#2991,.T.);
#7244=EDGE_CURVE('',#5669,#5648,#2992,.T.);
#7245=EDGE_CURVE('',#5647,#5669,#2993,.T.);
#7246=EDGE_CURVE('',#5592,#5670,#2994,.T.);
#7247=EDGE_CURVE('',#5670,#5639,#2995,.T.);
#7248=EDGE_CURVE('',#5638,#5670,#2996,.T.);
#7249=EDGE_CURVE('',#5514,#5671,#2997,.T.);
#7250=EDGE_CURVE('',#5671,#5661,#2998,.T.);
#7251=EDGE_CURVE('',#5660,#5671,#2999,.T.);
#7252=EDGE_CURVE('',#5658,#5672,#3000,.T.);
#7253=EDGE_CURVE('',#5511,#5672,#3001,.T.);
#7254=EDGE_CURVE('',#5672,#5659,#3002,.T.);
#7255=EDGE_CURVE('',#5583,#5673,#3003,.T.);
#7256=EDGE_CURVE('',#5673,#5622,#3004,.T.);
#7257=EDGE_CURVE('',#5580,#5622,#3005,.T.);
#7258=EDGE_CURVE('',#5621,#5673,#3006,.T.);
#7259=EDGE_CURVE('',#5586,#5627,#3007,.T.);
#7260=EDGE_CURVE('',#5627,#5629,#3008,.T.);
#7261=EDGE_CURVE('',#5628,#5627,#3009,.T.);
#7262=EDGE_CURVE('',#5626,#5622,#3010,.T.);
#7263=EDGE_CURVE('',#5584,#5674,#3011,.T.);
#7264=EDGE_CURVE('',#5674,#5625,#3012,.T.);
#7265=EDGE_CURVE('',#5622,#5674,#3013,.T.);
#7266=EDGE_CURVE('',#5589,#5675,#3014,.T.);
#7267=EDGE_CURVE('',#5675,#5627,#3015,.T.);
#7268=EDGE_CURVE('',#5624,#5675,#3016,.T.);
#7269=EDGE_CURVE('',#5552,#5676,#3017,.T.);
#7270=EDGE_CURVE('',#5676,#5487,#3018,.T.);
#7271=EDGE_CURVE('',#5486,#5487,#3019,.T.);
#7272=EDGE_CURVE('',#5484,#5676,#3020,.T.);
#7273=EDGE_CURVE('',#5487,#5598,#3021,.T.);
#7274=EDGE_CURVE('',#5575,#5677,#3022,.T.);
#7275=EDGE_CURVE('',#5677,#5636,#3023,.T.);
#7276=EDGE_CURVE('',#5635,#5677,#3024,.T.);
#7277=EDGE_CURVE('',#5634,#5678,#3025,.T.);
#7278=EDGE_CURVE('',#5571,#5678,#3026,.T.);
#7279=EDGE_CURVE('',#5572,#5679,#3027,.T.);
#7280=EDGE_CURVE('',#5679,#5633,#3028,.T.);
#7281=EDGE_CURVE('',#5678,#5679,#3029,.T.);
#7282=EDGE_CURVE('',#5565,#5642,#3030,.T.);
#7283=EDGE_CURVE('',#5642,#5645,#3031,.T.);
#7284=EDGE_CURVE('',#5644,#5642,#3032,.T.);
#7285=EDGE_CURVE('',#5568,#5680,#3033,.T.);
#7286=EDGE_CURVE('',#5680,#5642,#3034,.T.);
#7287=EDGE_CURVE('',#5641,#5680,#3035,.T.);
#7288=EDGE_CURVE('',#5650,#5681,#3036,.T.);
#7289=EDGE_CURVE('',#5554,#5681,#3037,.T.);
#7290=EDGE_CURVE('',#5681,#5654,#3038,.T.);
#7291=EDGE_CURVE('',#5557,#5653,#3039,.T.);
#7292=EDGE_CURVE('',#5653,#5656,#3040,.T.);
#7293=EDGE_CURVE('',#5655,#5653,#3041,.T.);
#7294=EDGE_CURVE('',#5560,#5682,#3042,.T.);
#7295=EDGE_CURVE('',#5682,#5653,#3043,.T.);
#7296=EDGE_CURVE('',#5652,#5682,#3044,.T.);
#7297=EDGE_CURVE('',#5540,#5604,#3045,.T.);
#7298=EDGE_CURVE('',#5604,#5608,#3046,.T.);
#7299=EDGE_CURVE('',#5607,#5604,#3047,.T.);
#7300=EDGE_CURVE('',#5542,#5683,#3048,.T.);
#7301=EDGE_CURVE('',#5683,#5684,#3049,.T.);
#7302=EDGE_CURVE('',#5543,#5684,#3050,.T.);
#7303=EDGE_CURVE('',#5605,#5683,#3051,.T.);
#7304=EDGE_CURVE('',#5684,#5604,#3052,.T.);
#7305=EDGE_CURVE('',#5551,#5685,#3053,.T.);
#7306=EDGE_CURVE('',#5685,#5601,#3054,.T.);
#7307=EDGE_CURVE('',#5548,#5601,#3055,.T.);
#7308=EDGE_CURVE('',#5600,#5685,#3056,.T.);
#7309=EDGE_CURVE('',#5601,#5606,#3057,.T.);
#7310=EDGE_CURVE('',#5603,#5601,#3058,.T.);
#7311=EDGE_CURVE('',#5613,#5611,#3059,.T.);
#7312=EDGE_CURVE('',#5503,#5611,#3060,.T.);
#7313=EDGE_CURVE('',#5611,#5614,#3061,.T.);
#7314=EDGE_CURVE('',#5506,#5686,#3062,.T.);
#7315=EDGE_CURVE('',#5686,#5616,#3063,.T.);
#7316=EDGE_CURVE('',#5615,#5686,#3064,.T.);
#7317=EDGE_CURVE('',#5502,#5687,#3065,.T.);
#7318=EDGE_CURVE('',#5687,#5611,#3066,.T.);
#7319=EDGE_CURVE('',#5610,#5687,#3067,.T.);
#7320=EDGE_CURVE('',#5498,#5688,#3068,.T.);
#7321=EDGE_CURVE('',#5688,#5667,#3069,.T.);
#7322=EDGE_CURVE('',#5666,#5688,#3070,.T.);
#7323=EDGE_CURVE('',#5494,#5689,#3071,.T.);
#7324=EDGE_CURVE('',#5689,#5664,#3072,.T.);
#7325=EDGE_CURVE('',#5663,#5689,#3073,.T.);
#7326=EDGE_CURVE('',#5478,#5481,#3074,.T.);
#7327=EDGE_CURVE('',#5538,#5690,#3075,.T.);
#7328=EDGE_CURVE('',#5690,#5619,#3076,.T.);
#7329=EDGE_CURVE('',#5618,#5690,#3077,.T.);
#7330=EDGE_CURVE('',#5532,#5196,#3078,.T.);
#7331=EDGE_CURVE('',#5533,#5197,#3079,.T.);
#7332=EDGE_CURVE('',#5535,#5198,#3080,.F.);
#7333=EDGE_CURVE('',#5534,#5199,#3081,.F.);
#7334=EDGE_CURVE('',#5521,#5132,#3082,.T.);
#7335=EDGE_CURVE('',#5522,#5134,#3083,.T.);
#7336=EDGE_CURVE('',#5523,#5136,#3084,.T.);
#7337=EDGE_CURVE('',#5524,#5139,#3085,.T.);
#7338=EDGE_CURVE('',#5525,#5141,#3086,.T.);
#7339=EDGE_CURVE('',#5526,#5143,#3087,.T.);
#7340=EDGE_CURVE('',#5527,#5145,#3088,.T.);
#7341=EDGE_CURVE('',#5528,#5147,#3089,.T.);
#7342=EDGE_CURVE('',#5529,#5149,#3090,.T.);
#7343=EDGE_CURVE('',#5530,#5151,#3091,.T.);
#7344=EDGE_CURVE('',#5531,#5153,#3092,.T.);
#7345=ORIENTED_EDGE('',*,*,#5691,.F.);
#7346=ORIENTED_EDGE('',*,*,#5692,.T.);
#7347=ORIENTED_EDGE('',*,*,#5693,.T.);
#7348=ORIENTED_EDGE('',*,*,#5694,.F.);
#7349=ORIENTED_EDGE('',*,*,#5695,.F.);
#7350=ORIENTED_EDGE('',*,*,#5696,.T.);
#7351=ORIENTED_EDGE('',*,*,#5697,.T.);
#7352=ORIENTED_EDGE('',*,*,#5692,.F.);
#7353=ORIENTED_EDGE('',*,*,#5698,.F.);
#7354=ORIENTED_EDGE('',*,*,#5699,.T.);
#7355=ORIENTED_EDGE('',*,*,#5700,.T.);
#7356=ORIENTED_EDGE('',*,*,#5696,.F.);
#7357=ORIENTED_EDGE('',*,*,#5701,.F.);
#7358=ORIENTED_EDGE('',*,*,#5694,.T.);
#7359=ORIENTED_EDGE('',*,*,#5702,.T.);
#7360=ORIENTED_EDGE('',*,*,#5699,.F.);
#7361=ORIENTED_EDGE('',*,*,#5703,.F.);
#7362=ORIENTED_EDGE('',*,*,#5704,.T.);
#7363=ORIENTED_EDGE('',*,*,#5705,.T.);
#7364=ORIENTED_EDGE('',*,*,#5706,.F.);
#7365=ORIENTED_EDGE('',*,*,#5707,.F.);
#7366=ORIENTED_EDGE('',*,*,#5708,.T.);
#7367=ORIENTED_EDGE('',*,*,#5709,.T.);
#7368=ORIENTED_EDGE('',*,*,#5704,.F.);
#7369=ORIENTED_EDGE('',*,*,#5710,.F.);
#7370=ORIENTED_EDGE('',*,*,#5711,.T.);
#7371=ORIENTED_EDGE('',*,*,#5712,.T.);
#7372=ORIENTED_EDGE('',*,*,#5708,.F.);
#7373=ORIENTED_EDGE('',*,*,#5713,.F.);
#7374=ORIENTED_EDGE('',*,*,#5714,.T.);
#7375=ORIENTED_EDGE('',*,*,#5715,.T.);
#7376=ORIENTED_EDGE('',*,*,#5711,.F.);
#7377=ORIENTED_EDGE('',*,*,#5716,.F.);
#7378=ORIENTED_EDGE('',*,*,#5717,.T.);
#7379=ORIENTED_EDGE('',*,*,#5718,.T.);
#7380=ORIENTED_EDGE('',*,*,#5714,.F.);
#7381=ORIENTED_EDGE('',*,*,#5719,.F.);
#7382=ORIENTED_EDGE('',*,*,#5720,.T.);
#7383=ORIENTED_EDGE('',*,*,#5721,.T.);
#7384=ORIENTED_EDGE('',*,*,#5717,.F.);
#7385=ORIENTED_EDGE('',*,*,#5722,.F.);
#7386=ORIENTED_EDGE('',*,*,#5723,.T.);
#7387=ORIENTED_EDGE('',*,*,#5724,.T.);
#7388=ORIENTED_EDGE('',*,*,#5720,.F.);
#7389=ORIENTED_EDGE('',*,*,#5725,.F.);
#7390=ORIENTED_EDGE('',*,*,#5726,.T.);
#7391=ORIENTED_EDGE('',*,*,#5727,.T.);
#7392=ORIENTED_EDGE('',*,*,#5723,.F.);
#7393=ORIENTED_EDGE('',*,*,#5728,.F.);
#7394=ORIENTED_EDGE('',*,*,#5729,.T.);
#7395=ORIENTED_EDGE('',*,*,#5730,.T.);
#7396=ORIENTED_EDGE('',*,*,#5726,.F.);
#7397=ORIENTED_EDGE('',*,*,#5731,.F.);
#7398=ORIENTED_EDGE('',*,*,#5732,.T.);
#7399=ORIENTED_EDGE('',*,*,#5733,.T.);
#7400=ORIENTED_EDGE('',*,*,#5729,.F.);
#7401=ORIENTED_EDGE('',*,*,#5734,.F.);
#7402=ORIENTED_EDGE('',*,*,#5735,.T.);
#7403=ORIENTED_EDGE('',*,*,#5736,.T.);
#7404=ORIENTED_EDGE('',*,*,#5732,.F.);
#7405=ORIENTED_EDGE('',*,*,#5737,.F.);
#7406=ORIENTED_EDGE('',*,*,#5738,.T.);
#7407=ORIENTED_EDGE('',*,*,#5739,.T.);
#7408=ORIENTED_EDGE('',*,*,#5735,.F.);
#7409=ORIENTED_EDGE('',*,*,#5740,.F.);
#7410=ORIENTED_EDGE('',*,*,#5741,.T.);
#7411=ORIENTED_EDGE('',*,*,#5742,.T.);
#7412=ORIENTED_EDGE('',*,*,#5738,.F.);
#7413=ORIENTED_EDGE('',*,*,#5743,.F.);
#7414=ORIENTED_EDGE('',*,*,#5706,.T.);
#7415=ORIENTED_EDGE('',*,*,#5744,.T.);
#7416=ORIENTED_EDGE('',*,*,#5741,.F.);
#7417=ORIENTED_EDGE('',*,*,#5744,.F.);
#7418=ORIENTED_EDGE('',*,*,#5705,.F.);
#7419=ORIENTED_EDGE('',*,*,#5709,.F.);
#7420=ORIENTED_EDGE('',*,*,#5712,.F.);
#7421=ORIENTED_EDGE('',*,*,#5715,.F.);
#7422=ORIENTED_EDGE('',*,*,#5718,.F.);
#7423=ORIENTED_EDGE('',*,*,#5721,.F.);
#7424=ORIENTED_EDGE('',*,*,#5724,.F.);
#7425=ORIENTED_EDGE('',*,*,#5727,.F.);
#7426=ORIENTED_EDGE('',*,*,#5730,.F.);
#7427=ORIENTED_EDGE('',*,*,#5733,.F.);
#7428=ORIENTED_EDGE('',*,*,#5736,.F.);
#7429=ORIENTED_EDGE('',*,*,#5739,.F.);
#7430=ORIENTED_EDGE('',*,*,#5742,.F.);
#7431=ORIENTED_EDGE('',*,*,#5702,.F.);
#7432=ORIENTED_EDGE('',*,*,#5693,.F.);
#7433=ORIENTED_EDGE('',*,*,#5697,.F.);
#7434=ORIENTED_EDGE('',*,*,#5700,.F.);
#7435=ORIENTED_EDGE('',*,*,#5745,.F.);
#7436=ORIENTED_EDGE('',*,*,#5746,.T.);
#7437=ORIENTED_EDGE('',*,*,#5747,.T.);
#7438=ORIENTED_EDGE('',*,*,#5748,.F.);
#7439=ORIENTED_EDGE('',*,*,#5749,.F.);
#7440=ORIENTED_EDGE('',*,*,#5750,.T.);
#7441=ORIENTED_EDGE('',*,*,#5751,.T.);
#7442=ORIENTED_EDGE('',*,*,#5746,.F.);
#7443=ORIENTED_EDGE('',*,*,#5752,.F.);
#7444=ORIENTED_EDGE('',*,*,#5753,.T.);
#7445=ORIENTED_EDGE('',*,*,#5754,.T.);
#7446=ORIENTED_EDGE('',*,*,#5750,.F.);
#7447=ORIENTED_EDGE('',*,*,#5755,.F.);
#7448=ORIENTED_EDGE('',*,*,#5756,.T.);
#7449=ORIENTED_EDGE('',*,*,#5757,.T.);
#7450=ORIENTED_EDGE('',*,*,#5753,.F.);
#7451=ORIENTED_EDGE('',*,*,#5758,.F.);
#7452=ORIENTED_EDGE('',*,*,#5759,.T.);
#7453=ORIENTED_EDGE('',*,*,#5760,.T.);
#7454=ORIENTED_EDGE('',*,*,#5756,.F.);
#7455=ORIENTED_EDGE('',*,*,#5761,.F.);
#7456=ORIENTED_EDGE('',*,*,#5762,.T.);
#7457=ORIENTED_EDGE('',*,*,#5763,.T.);
#7458=ORIENTED_EDGE('',*,*,#5759,.F.);
#7459=ORIENTED_EDGE('',*,*,#5764,.F.);
#7460=ORIENTED_EDGE('',*,*,#5765,.T.);
#7461=ORIENTED_EDGE('',*,*,#5766,.T.);
#7462=ORIENTED_EDGE('',*,*,#5762,.F.);
#7463=ORIENTED_EDGE('',*,*,#5767,.F.);
#7464=ORIENTED_EDGE('',*,*,#5768,.T.);
#7465=ORIENTED_EDGE('',*,*,#5769,.T.);
#7466=ORIENTED_EDGE('',*,*,#5765,.F.);
#7467=ORIENTED_EDGE('',*,*,#5770,.F.);
#7468=ORIENTED_EDGE('',*,*,#5771,.T.);
#7469=ORIENTED_EDGE('',*,*,#5772,.T.);
#7470=ORIENTED_EDGE('',*,*,#5768,.F.);
#7471=ORIENTED_EDGE('',*,*,#5773,.F.);
#7472=ORIENTED_EDGE('',*,*,#5774,.T.);
#7473=ORIENTED_EDGE('',*,*,#5775,.T.);
#7474=ORIENTED_EDGE('',*,*,#5771,.F.);
#7475=ORIENTED_EDGE('',*,*,#5776,.F.);
#7476=ORIENTED_EDGE('',*,*,#5777,.T.);
#7477=ORIENTED_EDGE('',*,*,#5778,.T.);
#7478=ORIENTED_EDGE('',*,*,#5774,.F.);
#7479=ORIENTED_EDGE('',*,*,#5779,.F.);
#7480=ORIENTED_EDGE('',*,*,#5780,.T.);
#7481=ORIENTED_EDGE('',*,*,#5781,.T.);
#7482=ORIENTED_EDGE('',*,*,#5777,.F.);
#7483=ORIENTED_EDGE('',*,*,#5782,.F.);
#7484=ORIENTED_EDGE('',*,*,#5783,.T.);
#7485=ORIENTED_EDGE('',*,*,#5784,.T.);
#7486=ORIENTED_EDGE('',*,*,#5780,.F.);
#7487=ORIENTED_EDGE('',*,*,#5785,.F.);
#7488=ORIENTED_EDGE('',*,*,#5786,.T.);
#7489=ORIENTED_EDGE('',*,*,#5787,.T.);
#7490=ORIENTED_EDGE('',*,*,#5783,.F.);
#7491=ORIENTED_EDGE('',*,*,#5788,.F.);
#7492=ORIENTED_EDGE('',*,*,#5789,.T.);
#7493=ORIENTED_EDGE('',*,*,#5790,.T.);
#7494=ORIENTED_EDGE('',*,*,#5786,.F.);
#7495=ORIENTED_EDGE('',*,*,#5791,.F.);
#7496=ORIENTED_EDGE('',*,*,#5748,.T.);
#7497=ORIENTED_EDGE('',*,*,#5792,.T.);
#7498=ORIENTED_EDGE('',*,*,#5789,.F.);
#7499=ORIENTED_EDGE('',*,*,#5792,.F.);
#7500=ORIENTED_EDGE('',*,*,#5747,.F.);
#7501=ORIENTED_EDGE('',*,*,#5751,.F.);
#7502=ORIENTED_EDGE('',*,*,#5754,.F.);
#7503=ORIENTED_EDGE('',*,*,#5757,.F.);
#7504=ORIENTED_EDGE('',*,*,#5760,.F.);
#7505=ORIENTED_EDGE('',*,*,#5763,.F.);
#7506=ORIENTED_EDGE('',*,*,#5766,.F.);
#7507=ORIENTED_EDGE('',*,*,#5769,.F.);
#7508=ORIENTED_EDGE('',*,*,#5772,.F.);
#7509=ORIENTED_EDGE('',*,*,#5775,.F.);
#7510=ORIENTED_EDGE('',*,*,#5778,.F.);
#7511=ORIENTED_EDGE('',*,*,#5781,.F.);
#7512=ORIENTED_EDGE('',*,*,#5784,.F.);
#7513=ORIENTED_EDGE('',*,*,#5787,.F.);
#7514=ORIENTED_EDGE('',*,*,#5790,.F.);
#7515=ORIENTED_EDGE('',*,*,#5793,.F.);
#7516=ORIENTED_EDGE('',*,*,#5794,.T.);
#7517=ORIENTED_EDGE('',*,*,#5795,.T.);
#7518=ORIENTED_EDGE('',*,*,#5796,.F.);
#7519=ORIENTED_EDGE('',*,*,#5797,.F.);
#7520=ORIENTED_EDGE('',*,*,#5798,.T.);
#7521=ORIENTED_EDGE('',*,*,#5799,.T.);
#7522=ORIENTED_EDGE('',*,*,#5794,.F.);
#7523=ORIENTED_EDGE('',*,*,#5800,.F.);
#7524=ORIENTED_EDGE('',*,*,#5801,.T.);
#7525=ORIENTED_EDGE('',*,*,#5802,.T.);
#7526=ORIENTED_EDGE('',*,*,#5798,.F.);
#7527=ORIENTED_EDGE('',*,*,#5803,.F.);
#7528=ORIENTED_EDGE('',*,*,#5804,.T.);
#7529=ORIENTED_EDGE('',*,*,#5805,.T.);
#7530=ORIENTED_EDGE('',*,*,#5801,.F.);
#7531=ORIENTED_EDGE('',*,*,#5806,.F.);
#7532=ORIENTED_EDGE('',*,*,#5807,.T.);
#7533=ORIENTED_EDGE('',*,*,#5808,.T.);
#7534=ORIENTED_EDGE('',*,*,#5804,.F.);
#7535=ORIENTED_EDGE('',*,*,#5809,.F.);
#7536=ORIENTED_EDGE('',*,*,#5810,.T.);
#7537=ORIENTED_EDGE('',*,*,#5811,.T.);
#7538=ORIENTED_EDGE('',*,*,#5807,.F.);
#7539=ORIENTED_EDGE('',*,*,#5812,.F.);
#7540=ORIENTED_EDGE('',*,*,#5813,.T.);
#7541=ORIENTED_EDGE('',*,*,#5814,.T.);
#7542=ORIENTED_EDGE('',*,*,#5810,.F.);
#7543=ORIENTED_EDGE('',*,*,#5815,.F.);
#7544=ORIENTED_EDGE('',*,*,#5816,.T.);
#7545=ORIENTED_EDGE('',*,*,#5817,.T.);
#7546=ORIENTED_EDGE('',*,*,#5813,.F.);
#7547=ORIENTED_EDGE('',*,*,#5818,.F.);
#7548=ORIENTED_EDGE('',*,*,#5819,.T.);
#7549=ORIENTED_EDGE('',*,*,#5820,.T.);
#7550=ORIENTED_EDGE('',*,*,#5816,.F.);
#7551=ORIENTED_EDGE('',*,*,#5821,.F.);
#7552=ORIENTED_EDGE('',*,*,#5822,.T.);
#7553=ORIENTED_EDGE('',*,*,#5823,.T.);
#7554=ORIENTED_EDGE('',*,*,#5819,.F.);
#7555=ORIENTED_EDGE('',*,*,#5824,.F.);
#7556=ORIENTED_EDGE('',*,*,#5825,.T.);
#7557=ORIENTED_EDGE('',*,*,#5826,.T.);
#7558=ORIENTED_EDGE('',*,*,#5822,.F.);
#7559=ORIENTED_EDGE('',*,*,#5827,.F.);
#7560=ORIENTED_EDGE('',*,*,#5828,.T.);
#7561=ORIENTED_EDGE('',*,*,#5829,.T.);
#7562=ORIENTED_EDGE('',*,*,#5825,.F.);
#7563=ORIENTED_EDGE('',*,*,#5830,.F.);
#7564=ORIENTED_EDGE('',*,*,#5831,.T.);
#7565=ORIENTED_EDGE('',*,*,#5832,.T.);
#7566=ORIENTED_EDGE('',*,*,#5828,.F.);
#7567=ORIENTED_EDGE('',*,*,#5833,.F.);
#7568=ORIENTED_EDGE('',*,*,#5834,.T.);
#7569=ORIENTED_EDGE('',*,*,#5835,.T.);
#7570=ORIENTED_EDGE('',*,*,#5831,.F.);
#7571=ORIENTED_EDGE('',*,*,#5836,.F.);
#7572=ORIENTED_EDGE('',*,*,#5837,.T.);
#7573=ORIENTED_EDGE('',*,*,#5838,.T.);
#7574=ORIENTED_EDGE('',*,*,#5834,.F.);
#7575=ORIENTED_EDGE('',*,*,#5839,.F.);
#7576=ORIENTED_EDGE('',*,*,#5840,.T.);
#7577=ORIENTED_EDGE('',*,*,#5841,.T.);
#7578=ORIENTED_EDGE('',*,*,#5837,.F.);
#7579=ORIENTED_EDGE('',*,*,#5842,.F.);
#7580=ORIENTED_EDGE('',*,*,#5843,.T.);
#7581=ORIENTED_EDGE('',*,*,#5844,.T.);
#7582=ORIENTED_EDGE('',*,*,#5840,.F.);
#7583=ORIENTED_EDGE('',*,*,#5845,.F.);
#7584=ORIENTED_EDGE('',*,*,#5846,.T.);
#7585=ORIENTED_EDGE('',*,*,#5847,.T.);
#7586=ORIENTED_EDGE('',*,*,#5843,.F.);
#7587=ORIENTED_EDGE('',*,*,#5848,.F.);
#7588=ORIENTED_EDGE('',*,*,#5849,.T.);
#7589=ORIENTED_EDGE('',*,*,#5850,.T.);
#7590=ORIENTED_EDGE('',*,*,#5846,.F.);
#7591=ORIENTED_EDGE('',*,*,#5851,.F.);
#7592=ORIENTED_EDGE('',*,*,#5852,.T.);
#7593=ORIENTED_EDGE('',*,*,#5853,.T.);
#7594=ORIENTED_EDGE('',*,*,#5849,.F.);
#7595=ORIENTED_EDGE('',*,*,#5854,.F.);
#7596=ORIENTED_EDGE('',*,*,#5855,.T.);
#7597=ORIENTED_EDGE('',*,*,#5856,.T.);
#7598=ORIENTED_EDGE('',*,*,#5852,.F.);
#7599=ORIENTED_EDGE('',*,*,#5857,.F.);
#7600=ORIENTED_EDGE('',*,*,#5858,.T.);
#7601=ORIENTED_EDGE('',*,*,#5859,.T.);
#7602=ORIENTED_EDGE('',*,*,#5855,.F.);
#7603=ORIENTED_EDGE('',*,*,#5860,.F.);
#7604=ORIENTED_EDGE('',*,*,#5861,.T.);
#7605=ORIENTED_EDGE('',*,*,#5862,.T.);
#7606=ORIENTED_EDGE('',*,*,#5858,.F.);
#7607=ORIENTED_EDGE('',*,*,#5863,.F.);
#7608=ORIENTED_EDGE('',*,*,#5864,.T.);
#7609=ORIENTED_EDGE('',*,*,#5865,.T.);
#7610=ORIENTED_EDGE('',*,*,#5861,.F.);
#7611=ORIENTED_EDGE('',*,*,#5866,.F.);
#7612=ORIENTED_EDGE('',*,*,#5867,.T.);
#7613=ORIENTED_EDGE('',*,*,#5868,.T.);
#7614=ORIENTED_EDGE('',*,*,#5864,.F.);
#7615=ORIENTED_EDGE('',*,*,#5869,.F.);
#7616=ORIENTED_EDGE('',*,*,#5870,.T.);
#7617=ORIENTED_EDGE('',*,*,#5871,.T.);
#7618=ORIENTED_EDGE('',*,*,#5867,.F.);
#7619=ORIENTED_EDGE('',*,*,#5872,.F.);
#7620=ORIENTED_EDGE('',*,*,#5873,.T.);
#7621=ORIENTED_EDGE('',*,*,#5874,.T.);
#7622=ORIENTED_EDGE('',*,*,#5870,.F.);
#7623=ORIENTED_EDGE('',*,*,#5875,.F.);
#7624=ORIENTED_EDGE('',*,*,#5796,.T.);
#7625=ORIENTED_EDGE('',*,*,#5876,.T.);
#7626=ORIENTED_EDGE('',*,*,#5873,.F.);
#7627=ORIENTED_EDGE('',*,*,#5876,.F.);
#7628=ORIENTED_EDGE('',*,*,#5795,.F.);
#7629=ORIENTED_EDGE('',*,*,#5799,.F.);
#7630=ORIENTED_EDGE('',*,*,#5802,.F.);
#7631=ORIENTED_EDGE('',*,*,#5805,.F.);
#7632=ORIENTED_EDGE('',*,*,#5808,.F.);
#7633=ORIENTED_EDGE('',*,*,#5811,.F.);
#7634=ORIENTED_EDGE('',*,*,#5814,.F.);
#7635=ORIENTED_EDGE('',*,*,#5817,.F.);
#7636=ORIENTED_EDGE('',*,*,#5820,.F.);
#7637=ORIENTED_EDGE('',*,*,#5823,.F.);
#7638=ORIENTED_EDGE('',*,*,#5826,.F.);
#7639=ORIENTED_EDGE('',*,*,#5829,.F.);
#7640=ORIENTED_EDGE('',*,*,#5832,.F.);
#7641=ORIENTED_EDGE('',*,*,#5835,.F.);
#7642=ORIENTED_EDGE('',*,*,#5838,.F.);
#7643=ORIENTED_EDGE('',*,*,#5841,.F.);
#7644=ORIENTED_EDGE('',*,*,#5844,.F.);
#7645=ORIENTED_EDGE('',*,*,#5847,.F.);
#7646=ORIENTED_EDGE('',*,*,#5850,.F.);
#7647=ORIENTED_EDGE('',*,*,#5853,.F.);
#7648=ORIENTED_EDGE('',*,*,#5856,.F.);
#7649=ORIENTED_EDGE('',*,*,#5859,.F.);
#7650=ORIENTED_EDGE('',*,*,#5862,.F.);
#7651=ORIENTED_EDGE('',*,*,#5865,.F.);
#7652=ORIENTED_EDGE('',*,*,#5868,.F.);
#7653=ORIENTED_EDGE('',*,*,#5871,.F.);
#7654=ORIENTED_EDGE('',*,*,#5874,.F.);
#7655=ORIENTED_EDGE('',*,*,#5877,.F.);
#7656=ORIENTED_EDGE('',*,*,#5878,.T.);
#7657=ORIENTED_EDGE('',*,*,#5879,.T.);
#7658=ORIENTED_EDGE('',*,*,#5880,.F.);
#7659=ORIENTED_EDGE('',*,*,#5881,.F.);
#7660=ORIENTED_EDGE('',*,*,#5882,.T.);
#7661=ORIENTED_EDGE('',*,*,#5883,.T.);
#7662=ORIENTED_EDGE('',*,*,#5878,.F.);
#7663=ORIENTED_EDGE('',*,*,#5884,.F.);
#7664=ORIENTED_EDGE('',*,*,#5885,.T.);
#7665=ORIENTED_EDGE('',*,*,#5886,.T.);
#7666=ORIENTED_EDGE('',*,*,#5882,.F.);
#7667=ORIENTED_EDGE('',*,*,#5887,.F.);
#7668=ORIENTED_EDGE('',*,*,#5888,.T.);
#7669=ORIENTED_EDGE('',*,*,#5889,.T.);
#7670=ORIENTED_EDGE('',*,*,#5885,.F.);
#7671=ORIENTED_EDGE('',*,*,#5890,.F.);
#7672=ORIENTED_EDGE('',*,*,#5891,.T.);
#7673=ORIENTED_EDGE('',*,*,#5892,.T.);
#7674=ORIENTED_EDGE('',*,*,#5888,.F.);
#7675=ORIENTED_EDGE('',*,*,#5893,.F.);
#7676=ORIENTED_EDGE('',*,*,#5894,.T.);
#7677=ORIENTED_EDGE('',*,*,#5895,.T.);
#7678=ORIENTED_EDGE('',*,*,#5891,.F.);
#7679=ORIENTED_EDGE('',*,*,#5896,.F.);
#7680=ORIENTED_EDGE('',*,*,#5897,.T.);
#7681=ORIENTED_EDGE('',*,*,#5898,.T.);
#7682=ORIENTED_EDGE('',*,*,#5894,.F.);
#7683=ORIENTED_EDGE('',*,*,#5899,.F.);
#7684=ORIENTED_EDGE('',*,*,#5900,.T.);
#7685=ORIENTED_EDGE('',*,*,#5901,.T.);
#7686=ORIENTED_EDGE('',*,*,#5897,.F.);
#7687=ORIENTED_EDGE('',*,*,#5902,.F.);
#7688=ORIENTED_EDGE('',*,*,#5903,.T.);
#7689=ORIENTED_EDGE('',*,*,#5904,.T.);
#7690=ORIENTED_EDGE('',*,*,#5900,.F.);
#7691=ORIENTED_EDGE('',*,*,#5905,.F.);
#7692=ORIENTED_EDGE('',*,*,#5880,.T.);
#7693=ORIENTED_EDGE('',*,*,#5906,.T.);
#7694=ORIENTED_EDGE('',*,*,#5903,.F.);
#7695=ORIENTED_EDGE('',*,*,#5906,.F.);
#7696=ORIENTED_EDGE('',*,*,#5879,.F.);
#7697=ORIENTED_EDGE('',*,*,#5883,.F.);
#7698=ORIENTED_EDGE('',*,*,#5886,.F.);
#7699=ORIENTED_EDGE('',*,*,#5889,.F.);
#7700=ORIENTED_EDGE('',*,*,#5892,.F.);
#7701=ORIENTED_EDGE('',*,*,#5895,.F.);
#7702=ORIENTED_EDGE('',*,*,#5898,.F.);
#7703=ORIENTED_EDGE('',*,*,#5901,.F.);
#7704=ORIENTED_EDGE('',*,*,#5904,.F.);
#7705=ORIENTED_EDGE('',*,*,#5907,.F.);
#7706=ORIENTED_EDGE('',*,*,#5908,.T.);
#7707=ORIENTED_EDGE('',*,*,#5909,.T.);
#7708=ORIENTED_EDGE('',*,*,#5910,.F.);
#7709=ORIENTED_EDGE('',*,*,#5911,.F.);
#7710=ORIENTED_EDGE('',*,*,#5912,.T.);
#7711=ORIENTED_EDGE('',*,*,#5913,.T.);
#7712=ORIENTED_EDGE('',*,*,#5908,.F.);
#7713=ORIENTED_EDGE('',*,*,#5914,.F.);
#7714=ORIENTED_EDGE('',*,*,#5915,.T.);
#7715=ORIENTED_EDGE('',*,*,#5916,.T.);
#7716=ORIENTED_EDGE('',*,*,#5912,.F.);
#7717=ORIENTED_EDGE('',*,*,#5917,.F.);
#7718=ORIENTED_EDGE('',*,*,#5910,.T.);
#7719=ORIENTED_EDGE('',*,*,#5918,.T.);
#7720=ORIENTED_EDGE('',*,*,#5915,.F.);
#7721=ORIENTED_EDGE('',*,*,#5919,.F.);
#7722=ORIENTED_EDGE('',*,*,#5920,.T.);
#7723=ORIENTED_EDGE('',*,*,#5921,.T.);
#7724=ORIENTED_EDGE('',*,*,#5922,.F.);
#7725=ORIENTED_EDGE('',*,*,#5923,.F.);
#7726=ORIENTED_EDGE('',*,*,#5924,.T.);
#7727=ORIENTED_EDGE('',*,*,#5925,.T.);
#7728=ORIENTED_EDGE('',*,*,#5920,.F.);
#7729=ORIENTED_EDGE('',*,*,#5926,.F.);
#7730=ORIENTED_EDGE('',*,*,#5927,.T.);
#7731=ORIENTED_EDGE('',*,*,#5928,.T.);
#7732=ORIENTED_EDGE('',*,*,#5924,.F.);
#7733=ORIENTED_EDGE('',*,*,#5929,.F.);
#7734=ORIENTED_EDGE('',*,*,#5930,.T.);
#7735=ORIENTED_EDGE('',*,*,#5931,.T.);
#7736=ORIENTED_EDGE('',*,*,#5927,.F.);
#7737=ORIENTED_EDGE('',*,*,#5932,.F.);
#7738=ORIENTED_EDGE('',*,*,#5933,.T.);
#7739=ORIENTED_EDGE('',*,*,#5934,.T.);
#7740=ORIENTED_EDGE('',*,*,#5930,.F.);
#7741=ORIENTED_EDGE('',*,*,#5935,.F.);
#7742=ORIENTED_EDGE('',*,*,#5936,.T.);
#7743=ORIENTED_EDGE('',*,*,#5937,.T.);
#7744=ORIENTED_EDGE('',*,*,#5933,.F.);
#7745=ORIENTED_EDGE('',*,*,#5938,.F.);
#7746=ORIENTED_EDGE('',*,*,#5939,.T.);
#7747=ORIENTED_EDGE('',*,*,#5940,.T.);
#7748=ORIENTED_EDGE('',*,*,#5936,.F.);
#7749=ORIENTED_EDGE('',*,*,#5941,.F.);
#7750=ORIENTED_EDGE('',*,*,#5942,.T.);
#7751=ORIENTED_EDGE('',*,*,#5943,.T.);
#7752=ORIENTED_EDGE('',*,*,#5939,.F.);
#7753=ORIENTED_EDGE('',*,*,#5944,.F.);
#7754=ORIENTED_EDGE('',*,*,#5945,.T.);
#7755=ORIENTED_EDGE('',*,*,#5946,.T.);
#7756=ORIENTED_EDGE('',*,*,#5942,.F.);
#7757=ORIENTED_EDGE('',*,*,#5947,.F.);
#7758=ORIENTED_EDGE('',*,*,#5922,.T.);
#7759=ORIENTED_EDGE('',*,*,#5948,.T.);
#7760=ORIENTED_EDGE('',*,*,#5945,.F.);
#7761=ORIENTED_EDGE('',*,*,#5948,.F.);
#7762=ORIENTED_EDGE('',*,*,#5921,.F.);
#7763=ORIENTED_EDGE('',*,*,#5925,.F.);
#7764=ORIENTED_EDGE('',*,*,#5928,.F.);
#7765=ORIENTED_EDGE('',*,*,#5931,.F.);
#7766=ORIENTED_EDGE('',*,*,#5934,.F.);
#7767=ORIENTED_EDGE('',*,*,#5937,.F.);
#7768=ORIENTED_EDGE('',*,*,#5940,.F.);
#7769=ORIENTED_EDGE('',*,*,#5943,.F.);
#7770=ORIENTED_EDGE('',*,*,#5946,.F.);
#7771=ORIENTED_EDGE('',*,*,#5918,.F.);
#7772=ORIENTED_EDGE('',*,*,#5909,.F.);
#7773=ORIENTED_EDGE('',*,*,#5913,.F.);
#7774=ORIENTED_EDGE('',*,*,#5916,.F.);
#7775=ORIENTED_EDGE('',*,*,#5949,.F.);
#7776=ORIENTED_EDGE('',*,*,#5950,.T.);
#7777=ORIENTED_EDGE('',*,*,#5951,.T.);
#7778=ORIENTED_EDGE('',*,*,#5952,.F.);
#7779=ORIENTED_EDGE('',*,*,#5953,.F.);
#7780=ORIENTED_EDGE('',*,*,#5954,.T.);
#7781=ORIENTED_EDGE('',*,*,#5955,.T.);
#7782=ORIENTED_EDGE('',*,*,#5950,.F.);
#7783=ORIENTED_EDGE('',*,*,#5956,.F.);
#7784=ORIENTED_EDGE('',*,*,#5957,.T.);
#7785=ORIENTED_EDGE('',*,*,#5958,.T.);
#7786=ORIENTED_EDGE('',*,*,#5954,.F.);
#7787=ORIENTED_EDGE('',*,*,#5959,.F.);
#7788=ORIENTED_EDGE('',*,*,#5960,.T.);
#7789=ORIENTED_EDGE('',*,*,#5961,.T.);
#7790=ORIENTED_EDGE('',*,*,#5957,.F.);
#7791=ORIENTED_EDGE('',*,*,#5962,.F.);
#7792=ORIENTED_EDGE('',*,*,#5963,.T.);
#7793=ORIENTED_EDGE('',*,*,#5964,.T.);
#7794=ORIENTED_EDGE('',*,*,#5960,.F.);
#7795=ORIENTED_EDGE('',*,*,#5965,.F.);
#7796=ORIENTED_EDGE('',*,*,#5966,.T.);
#7797=ORIENTED_EDGE('',*,*,#5967,.T.);
#7798=ORIENTED_EDGE('',*,*,#5963,.F.);
#7799=ORIENTED_EDGE('',*,*,#5968,.F.);
#7800=ORIENTED_EDGE('',*,*,#5969,.T.);
#7801=ORIENTED_EDGE('',*,*,#5970,.T.);
#7802=ORIENTED_EDGE('',*,*,#5966,.F.);
#7803=ORIENTED_EDGE('',*,*,#5971,.F.);
#7804=ORIENTED_EDGE('',*,*,#5952,.T.);
#7805=ORIENTED_EDGE('',*,*,#5972,.T.);
#7806=ORIENTED_EDGE('',*,*,#5969,.F.);
#7807=ORIENTED_EDGE('',*,*,#5972,.F.);
#7808=ORIENTED_EDGE('',*,*,#5951,.F.);
#7809=ORIENTED_EDGE('',*,*,#5955,.F.);
#7810=ORIENTED_EDGE('',*,*,#5958,.F.);
#7811=ORIENTED_EDGE('',*,*,#5961,.F.);
#7812=ORIENTED_EDGE('',*,*,#5964,.F.);
#7813=ORIENTED_EDGE('',*,*,#5967,.F.);
#7814=ORIENTED_EDGE('',*,*,#5970,.F.);
#7815=ORIENTED_EDGE('',*,*,#5973,.F.);
#7816=ORIENTED_EDGE('',*,*,#5974,.T.);
#7817=ORIENTED_EDGE('',*,*,#5975,.T.);
#7818=ORIENTED_EDGE('',*,*,#5976,.F.);
#7819=ORIENTED_EDGE('',*,*,#5977,.F.);
#7820=ORIENTED_EDGE('',*,*,#5978,.T.);
#7821=ORIENTED_EDGE('',*,*,#5979,.T.);
#7822=ORIENTED_EDGE('',*,*,#5974,.F.);
#7823=ORIENTED_EDGE('',*,*,#5980,.F.);
#7824=ORIENTED_EDGE('',*,*,#5981,.T.);
#7825=ORIENTED_EDGE('',*,*,#5982,.T.);
#7826=ORIENTED_EDGE('',*,*,#5978,.F.);
#7827=ORIENTED_EDGE('',*,*,#5983,.F.);
#7828=ORIENTED_EDGE('',*,*,#5976,.T.);
#7829=ORIENTED_EDGE('',*,*,#5984,.T.);
#7830=ORIENTED_EDGE('',*,*,#5981,.F.);
#7831=ORIENTED_EDGE('',*,*,#5985,.F.);
#7832=ORIENTED_EDGE('',*,*,#5986,.T.);
#7833=ORIENTED_EDGE('',*,*,#5987,.T.);
#7834=ORIENTED_EDGE('',*,*,#5988,.F.);
#7835=ORIENTED_EDGE('',*,*,#5989,.F.);
#7836=ORIENTED_EDGE('',*,*,#5990,.T.);
#7837=ORIENTED_EDGE('',*,*,#5991,.T.);
#7838=ORIENTED_EDGE('',*,*,#5986,.F.);
#7839=ORIENTED_EDGE('',*,*,#5992,.F.);
#7840=ORIENTED_EDGE('',*,*,#5993,.T.);
#7841=ORIENTED_EDGE('',*,*,#5994,.T.);
#7842=ORIENTED_EDGE('',*,*,#5990,.F.);
#7843=ORIENTED_EDGE('',*,*,#5995,.F.);
#7844=ORIENTED_EDGE('',*,*,#5996,.T.);
#7845=ORIENTED_EDGE('',*,*,#5997,.T.);
#7846=ORIENTED_EDGE('',*,*,#5993,.F.);
#7847=ORIENTED_EDGE('',*,*,#5998,.F.);
#7848=ORIENTED_EDGE('',*,*,#5999,.T.);
#7849=ORIENTED_EDGE('',*,*,#6000,.T.);
#7850=ORIENTED_EDGE('',*,*,#5996,.F.);
#7851=ORIENTED_EDGE('',*,*,#6001,.F.);
#7852=ORIENTED_EDGE('',*,*,#6002,.T.);
#7853=ORIENTED_EDGE('',*,*,#6003,.T.);
#7854=ORIENTED_EDGE('',*,*,#5999,.F.);
#7855=ORIENTED_EDGE('',*,*,#6004,.F.);
#7856=ORIENTED_EDGE('',*,*,#6005,.T.);
#7857=ORIENTED_EDGE('',*,*,#6006,.T.);
#7858=ORIENTED_EDGE('',*,*,#6002,.F.);
#7859=ORIENTED_EDGE('',*,*,#6007,.F.);
#7860=ORIENTED_EDGE('',*,*,#6008,.T.);
#7861=ORIENTED_EDGE('',*,*,#6009,.T.);
#7862=ORIENTED_EDGE('',*,*,#6005,.F.);
#7863=ORIENTED_EDGE('',*,*,#6010,.F.);
#7864=ORIENTED_EDGE('',*,*,#6011,.T.);
#7865=ORIENTED_EDGE('',*,*,#6012,.T.);
#7866=ORIENTED_EDGE('',*,*,#6008,.F.);
#7867=ORIENTED_EDGE('',*,*,#6013,.F.);
#7868=ORIENTED_EDGE('',*,*,#6014,.T.);
#7869=ORIENTED_EDGE('',*,*,#6015,.T.);
#7870=ORIENTED_EDGE('',*,*,#6011,.F.);
#7871=ORIENTED_EDGE('',*,*,#6016,.F.);
#7872=ORIENTED_EDGE('',*,*,#6017,.T.);
#7873=ORIENTED_EDGE('',*,*,#6018,.T.);
#7874=ORIENTED_EDGE('',*,*,#6014,.F.);
#7875=ORIENTED_EDGE('',*,*,#6019,.F.);
#7876=ORIENTED_EDGE('',*,*,#6020,.T.);
#7877=ORIENTED_EDGE('',*,*,#6021,.T.);
#7878=ORIENTED_EDGE('',*,*,#6017,.F.);
#7879=ORIENTED_EDGE('',*,*,#6022,.F.);
#7880=ORIENTED_EDGE('',*,*,#6023,.T.);
#7881=ORIENTED_EDGE('',*,*,#6024,.T.);
#7882=ORIENTED_EDGE('',*,*,#6020,.F.);
#7883=ORIENTED_EDGE('',*,*,#6025,.F.);
#7884=ORIENTED_EDGE('',*,*,#5988,.T.);
#7885=ORIENTED_EDGE('',*,*,#6026,.T.);
#7886=ORIENTED_EDGE('',*,*,#6023,.F.);
#7887=ORIENTED_EDGE('',*,*,#6026,.F.);
#7888=ORIENTED_EDGE('',*,*,#5987,.F.);
#7889=ORIENTED_EDGE('',*,*,#5991,.F.);
#7890=ORIENTED_EDGE('',*,*,#5994,.F.);
#7891=ORIENTED_EDGE('',*,*,#5997,.F.);
#7892=ORIENTED_EDGE('',*,*,#6000,.F.);
#7893=ORIENTED_EDGE('',*,*,#6003,.F.);
#7894=ORIENTED_EDGE('',*,*,#6006,.F.);
#7895=ORIENTED_EDGE('',*,*,#6009,.F.);
#7896=ORIENTED_EDGE('',*,*,#6012,.F.);
#7897=ORIENTED_EDGE('',*,*,#6015,.F.);
#7898=ORIENTED_EDGE('',*,*,#6018,.F.);
#7899=ORIENTED_EDGE('',*,*,#6021,.F.);
#7900=ORIENTED_EDGE('',*,*,#6024,.F.);
#7901=ORIENTED_EDGE('',*,*,#5984,.F.);
#7902=ORIENTED_EDGE('',*,*,#5975,.F.);
#7903=ORIENTED_EDGE('',*,*,#5979,.F.);
#7904=ORIENTED_EDGE('',*,*,#5982,.F.);
#7905=ORIENTED_EDGE('',*,*,#6027,.F.);
#7906=ORIENTED_EDGE('',*,*,#6028,.T.);
#7907=ORIENTED_EDGE('',*,*,#6029,.T.);
#7908=ORIENTED_EDGE('',*,*,#6030,.F.);
#7909=ORIENTED_EDGE('',*,*,#6031,.F.);
#7910=ORIENTED_EDGE('',*,*,#6032,.T.);
#7911=ORIENTED_EDGE('',*,*,#6033,.T.);
#7912=ORIENTED_EDGE('',*,*,#6028,.F.);
#7913=ORIENTED_EDGE('',*,*,#6034,.F.);
#7914=ORIENTED_EDGE('',*,*,#6035,.T.);
#7915=ORIENTED_EDGE('',*,*,#6036,.T.);
#7916=ORIENTED_EDGE('',*,*,#6032,.F.);
#7917=ORIENTED_EDGE('',*,*,#6037,.F.);
#7918=ORIENTED_EDGE('',*,*,#6030,.T.);
#7919=ORIENTED_EDGE('',*,*,#6038,.T.);
#7920=ORIENTED_EDGE('',*,*,#6035,.F.);
#7921=ORIENTED_EDGE('',*,*,#6039,.F.);
#7922=ORIENTED_EDGE('',*,*,#6040,.T.);
#7923=ORIENTED_EDGE('',*,*,#6041,.T.);
#7924=ORIENTED_EDGE('',*,*,#6042,.F.);
#7925=ORIENTED_EDGE('',*,*,#6043,.F.);
#7926=ORIENTED_EDGE('',*,*,#6044,.T.);
#7927=ORIENTED_EDGE('',*,*,#6045,.T.);
#7928=ORIENTED_EDGE('',*,*,#6040,.F.);
#7929=ORIENTED_EDGE('',*,*,#6046,.F.);
#7930=ORIENTED_EDGE('',*,*,#6047,.T.);
#7931=ORIENTED_EDGE('',*,*,#6048,.T.);
#7932=ORIENTED_EDGE('',*,*,#6044,.F.);
#7933=ORIENTED_EDGE('',*,*,#6049,.F.);
#7934=ORIENTED_EDGE('',*,*,#6050,.T.);
#7935=ORIENTED_EDGE('',*,*,#6051,.T.);
#7936=ORIENTED_EDGE('',*,*,#6047,.F.);
#7937=ORIENTED_EDGE('',*,*,#6052,.F.);
#7938=ORIENTED_EDGE('',*,*,#6053,.T.);
#7939=ORIENTED_EDGE('',*,*,#6054,.T.);
#7940=ORIENTED_EDGE('',*,*,#6050,.F.);
#7941=ORIENTED_EDGE('',*,*,#6055,.F.);
#7942=ORIENTED_EDGE('',*,*,#6056,.T.);
#7943=ORIENTED_EDGE('',*,*,#6057,.T.);
#7944=ORIENTED_EDGE('',*,*,#6053,.F.);
#7945=ORIENTED_EDGE('',*,*,#6058,.F.);
#7946=ORIENTED_EDGE('',*,*,#6059,.T.);
#7947=ORIENTED_EDGE('',*,*,#6060,.T.);
#7948=ORIENTED_EDGE('',*,*,#6056,.F.);
#7949=ORIENTED_EDGE('',*,*,#6061,.F.);
#7950=ORIENTED_EDGE('',*,*,#6062,.T.);
#7951=ORIENTED_EDGE('',*,*,#6063,.T.);
#7952=ORIENTED_EDGE('',*,*,#6059,.F.);
#7953=ORIENTED_EDGE('',*,*,#6064,.F.);
#7954=ORIENTED_EDGE('',*,*,#6065,.T.);
#7955=ORIENTED_EDGE('',*,*,#6066,.T.);
#7956=ORIENTED_EDGE('',*,*,#6062,.F.);
#7957=ORIENTED_EDGE('',*,*,#6067,.F.);
#7958=ORIENTED_EDGE('',*,*,#6068,.T.);
#7959=ORIENTED_EDGE('',*,*,#6069,.T.);
#7960=ORIENTED_EDGE('',*,*,#6065,.F.);
#7961=ORIENTED_EDGE('',*,*,#6070,.F.);
#7962=ORIENTED_EDGE('',*,*,#6071,.T.);
#7963=ORIENTED_EDGE('',*,*,#6072,.T.);
#7964=ORIENTED_EDGE('',*,*,#6068,.F.);
#7965=ORIENTED_EDGE('',*,*,#6073,.F.);
#7966=ORIENTED_EDGE('',*,*,#6042,.T.);
#7967=ORIENTED_EDGE('',*,*,#6074,.T.);
#7968=ORIENTED_EDGE('',*,*,#6071,.F.);
#7969=ORIENTED_EDGE('',*,*,#6074,.F.);
#7970=ORIENTED_EDGE('',*,*,#6041,.F.);
#7971=ORIENTED_EDGE('',*,*,#6045,.F.);
#7972=ORIENTED_EDGE('',*,*,#6048,.F.);
#7973=ORIENTED_EDGE('',*,*,#6051,.F.);
#7974=ORIENTED_EDGE('',*,*,#6054,.F.);
#7975=ORIENTED_EDGE('',*,*,#6057,.F.);
#7976=ORIENTED_EDGE('',*,*,#6060,.F.);
#7977=ORIENTED_EDGE('',*,*,#6063,.F.);
#7978=ORIENTED_EDGE('',*,*,#6066,.F.);
#7979=ORIENTED_EDGE('',*,*,#6069,.F.);
#7980=ORIENTED_EDGE('',*,*,#6072,.F.);
#7981=ORIENTED_EDGE('',*,*,#6038,.F.);
#7982=ORIENTED_EDGE('',*,*,#6029,.F.);
#7983=ORIENTED_EDGE('',*,*,#6033,.F.);
#7984=ORIENTED_EDGE('',*,*,#6036,.F.);
#7985=ORIENTED_EDGE('',*,*,#6075,.F.);
#7986=ORIENTED_EDGE('',*,*,#6076,.T.);
#7987=ORIENTED_EDGE('',*,*,#6077,.T.);
#7988=ORIENTED_EDGE('',*,*,#6078,.F.);
#7989=ORIENTED_EDGE('',*,*,#6079,.F.);
#7990=ORIENTED_EDGE('',*,*,#6080,.T.);
#7991=ORIENTED_EDGE('',*,*,#6081,.T.);
#7992=ORIENTED_EDGE('',*,*,#6076,.F.);
#7993=ORIENTED_EDGE('',*,*,#6082,.F.);
#7994=ORIENTED_EDGE('',*,*,#6083,.T.);
#7995=ORIENTED_EDGE('',*,*,#6084,.T.);
#7996=ORIENTED_EDGE('',*,*,#6080,.F.);
#7997=ORIENTED_EDGE('',*,*,#6085,.F.);
#7998=ORIENTED_EDGE('',*,*,#6086,.T.);
#7999=ORIENTED_EDGE('',*,*,#6087,.T.);
#8000=ORIENTED_EDGE('',*,*,#6083,.F.);
#8001=ORIENTED_EDGE('',*,*,#6088,.F.);
#8002=ORIENTED_EDGE('',*,*,#6089,.T.);
#8003=ORIENTED_EDGE('',*,*,#6090,.T.);
#8004=ORIENTED_EDGE('',*,*,#6086,.F.);
#8005=ORIENTED_EDGE('',*,*,#6091,.F.);
#8006=ORIENTED_EDGE('',*,*,#6092,.T.);
#8007=ORIENTED_EDGE('',*,*,#6093,.T.);
#8008=ORIENTED_EDGE('',*,*,#6089,.F.);
#8009=ORIENTED_EDGE('',*,*,#6094,.F.);
#8010=ORIENTED_EDGE('',*,*,#6095,.T.);
#8011=ORIENTED_EDGE('',*,*,#6096,.T.);
#8012=ORIENTED_EDGE('',*,*,#6092,.F.);
#8013=ORIENTED_EDGE('',*,*,#6097,.F.);
#8014=ORIENTED_EDGE('',*,*,#6098,.T.);
#8015=ORIENTED_EDGE('',*,*,#6099,.T.);
#8016=ORIENTED_EDGE('',*,*,#6095,.F.);
#8017=ORIENTED_EDGE('',*,*,#6100,.F.);
#8018=ORIENTED_EDGE('',*,*,#6101,.T.);
#8019=ORIENTED_EDGE('',*,*,#6102,.T.);
#8020=ORIENTED_EDGE('',*,*,#6098,.F.);
#8021=ORIENTED_EDGE('',*,*,#6103,.F.);
#8022=ORIENTED_EDGE('',*,*,#6104,.T.);
#8023=ORIENTED_EDGE('',*,*,#6105,.T.);
#8024=ORIENTED_EDGE('',*,*,#6101,.F.);
#8025=ORIENTED_EDGE('',*,*,#6106,.F.);
#8026=ORIENTED_EDGE('',*,*,#6107,.T.);
#8027=ORIENTED_EDGE('',*,*,#6108,.T.);
#8028=ORIENTED_EDGE('',*,*,#6104,.F.);
#8029=ORIENTED_EDGE('',*,*,#6109,.F.);
#8030=ORIENTED_EDGE('',*,*,#6078,.T.);
#8031=ORIENTED_EDGE('',*,*,#6110,.T.);
#8032=ORIENTED_EDGE('',*,*,#6107,.F.);
#8033=ORIENTED_EDGE('',*,*,#6110,.F.);
#8034=ORIENTED_EDGE('',*,*,#6077,.F.);
#8035=ORIENTED_EDGE('',*,*,#6081,.F.);
#8036=ORIENTED_EDGE('',*,*,#6084,.F.);
#8037=ORIENTED_EDGE('',*,*,#6087,.F.);
#8038=ORIENTED_EDGE('',*,*,#6090,.F.);
#8039=ORIENTED_EDGE('',*,*,#6093,.F.);
#8040=ORIENTED_EDGE('',*,*,#6096,.F.);
#8041=ORIENTED_EDGE('',*,*,#6099,.F.);
#8042=ORIENTED_EDGE('',*,*,#6102,.F.);
#8043=ORIENTED_EDGE('',*,*,#6105,.F.);
#8044=ORIENTED_EDGE('',*,*,#6108,.F.);
#8045=ORIENTED_EDGE('',*,*,#6111,.F.);
#8046=ORIENTED_EDGE('',*,*,#6112,.T.);
#8047=ORIENTED_EDGE('',*,*,#6113,.T.);
#8048=ORIENTED_EDGE('',*,*,#6114,.F.);
#8049=ORIENTED_EDGE('',*,*,#6115,.F.);
#8050=ORIENTED_EDGE('',*,*,#6116,.T.);
#8051=ORIENTED_EDGE('',*,*,#6117,.T.);
#8052=ORIENTED_EDGE('',*,*,#6112,.F.);
#8053=ORIENTED_EDGE('',*,*,#6118,.F.);
#8054=ORIENTED_EDGE('',*,*,#6119,.T.);
#8055=ORIENTED_EDGE('',*,*,#6120,.T.);
#8056=ORIENTED_EDGE('',*,*,#6121,.F.);
#8057=ORIENTED_EDGE('',*,*,#6122,.F.);
#8058=ORIENTED_EDGE('',*,*,#6114,.T.);
#8059=ORIENTED_EDGE('',*,*,#6123,.T.);
#8060=ORIENTED_EDGE('',*,*,#6119,.F.);
#8061=ORIENTED_EDGE('',*,*,#6123,.F.);
#8062=ORIENTED_EDGE('',*,*,#6113,.F.);
#8063=ORIENTED_EDGE('',*,*,#6117,.F.);
#8064=ORIENTED_EDGE('',*,*,#6120,.F.);
#8065=ORIENTED_EDGE('',*,*,#6124,.F.);
#8066=ORIENTED_EDGE('',*,*,#6125,.T.);
#8067=ORIENTED_EDGE('',*,*,#6126,.T.);
#8068=ORIENTED_EDGE('',*,*,#6127,.F.);
#8069=ORIENTED_EDGE('',*,*,#6128,.F.);
#8070=ORIENTED_EDGE('',*,*,#6121,.T.);
#8071=ORIENTED_EDGE('',*,*,#6129,.T.);
#8072=ORIENTED_EDGE('',*,*,#6125,.F.);
#8073=ORIENTED_EDGE('',*,*,#6130,.F.);
#8074=ORIENTED_EDGE('',*,*,#6131,.T.);
#8075=ORIENTED_EDGE('',*,*,#6132,.T.);
#8076=ORIENTED_EDGE('',*,*,#6116,.F.);
#8077=ORIENTED_EDGE('',*,*,#6133,.F.);
#8078=ORIENTED_EDGE('',*,*,#6134,.T.);
#8079=ORIENTED_EDGE('',*,*,#6135,.T.);
#8080=ORIENTED_EDGE('',*,*,#6131,.F.);
#8081=ORIENTED_EDGE('',*,*,#6136,.F.);
#8082=ORIENTED_EDGE('',*,*,#6137,.T.);
#8083=ORIENTED_EDGE('',*,*,#6138,.T.);
#8084=ORIENTED_EDGE('',*,*,#6134,.F.);
#8085=ORIENTED_EDGE('',*,*,#6139,.F.);
#8086=ORIENTED_EDGE('',*,*,#6140,.T.);
#8087=ORIENTED_EDGE('',*,*,#6141,.T.);
#8088=ORIENTED_EDGE('',*,*,#6137,.F.);
#8089=ORIENTED_EDGE('',*,*,#6142,.F.);
#8090=ORIENTED_EDGE('',*,*,#6143,.T.);
#8091=ORIENTED_EDGE('',*,*,#6144,.T.);
#8092=ORIENTED_EDGE('',*,*,#6140,.F.);
#8093=ORIENTED_EDGE('',*,*,#6145,.F.);
#8094=ORIENTED_EDGE('',*,*,#6127,.T.);
#8095=ORIENTED_EDGE('',*,*,#6146,.T.);
#8096=ORIENTED_EDGE('',*,*,#6143,.F.);
#8097=ORIENTED_EDGE('',*,*,#6146,.F.);
#8098=ORIENTED_EDGE('',*,*,#6126,.F.);
#8099=ORIENTED_EDGE('',*,*,#6129,.F.);
#8100=ORIENTED_EDGE('',*,*,#6132,.F.);
#8101=ORIENTED_EDGE('',*,*,#6135,.F.);
#8102=ORIENTED_EDGE('',*,*,#6138,.F.);
#8103=ORIENTED_EDGE('',*,*,#6141,.F.);
#8104=ORIENTED_EDGE('',*,*,#6144,.F.);
#8105=ORIENTED_EDGE('',*,*,#6147,.F.);
#8106=ORIENTED_EDGE('',*,*,#6148,.T.);
#8107=ORIENTED_EDGE('',*,*,#6149,.T.);
#8108=ORIENTED_EDGE('',*,*,#6150,.F.);
#8109=ORIENTED_EDGE('',*,*,#6151,.F.);
#8110=ORIENTED_EDGE('',*,*,#6152,.T.);
#8111=ORIENTED_EDGE('',*,*,#6153,.T.);
#8112=ORIENTED_EDGE('',*,*,#6148,.F.);
#8113=ORIENTED_EDGE('',*,*,#6154,.F.);
#8114=ORIENTED_EDGE('',*,*,#6155,.T.);
#8115=ORIENTED_EDGE('',*,*,#6156,.T.);
#8116=ORIENTED_EDGE('',*,*,#6152,.F.);
#8117=ORIENTED_EDGE('',*,*,#6157,.F.);
#8118=ORIENTED_EDGE('',*,*,#6158,.T.);
#8119=ORIENTED_EDGE('',*,*,#6159,.T.);
#8120=ORIENTED_EDGE('',*,*,#6155,.F.);
#8121=ORIENTED_EDGE('',*,*,#6160,.F.);
#8122=ORIENTED_EDGE('',*,*,#6161,.T.);
#8123=ORIENTED_EDGE('',*,*,#6162,.T.);
#8124=ORIENTED_EDGE('',*,*,#6158,.F.);
#8125=ORIENTED_EDGE('',*,*,#6163,.F.);
#8126=ORIENTED_EDGE('',*,*,#6164,.T.);
#8127=ORIENTED_EDGE('',*,*,#6165,.T.);
#8128=ORIENTED_EDGE('',*,*,#6161,.F.);
#8129=ORIENTED_EDGE('',*,*,#6166,.F.);
#8130=ORIENTED_EDGE('',*,*,#6167,.T.);
#8131=ORIENTED_EDGE('',*,*,#6168,.T.);
#8132=ORIENTED_EDGE('',*,*,#6164,.F.);
#8133=ORIENTED_EDGE('',*,*,#6169,.F.);
#8134=ORIENTED_EDGE('',*,*,#6170,.T.);
#8135=ORIENTED_EDGE('',*,*,#6171,.T.);
#8136=ORIENTED_EDGE('',*,*,#6167,.F.);
#8137=ORIENTED_EDGE('',*,*,#6172,.F.);
#8138=ORIENTED_EDGE('',*,*,#6173,.T.);
#8139=ORIENTED_EDGE('',*,*,#6174,.T.);
#8140=ORIENTED_EDGE('',*,*,#6170,.F.);
#8141=ORIENTED_EDGE('',*,*,#6175,.F.);
#8142=ORIENTED_EDGE('',*,*,#6176,.T.);
#8143=ORIENTED_EDGE('',*,*,#6177,.T.);
#8144=ORIENTED_EDGE('',*,*,#6173,.F.);
#8145=ORIENTED_EDGE('',*,*,#6178,.F.);
#8146=ORIENTED_EDGE('',*,*,#6179,.T.);
#8147=ORIENTED_EDGE('',*,*,#6180,.T.);
#8148=ORIENTED_EDGE('',*,*,#6176,.F.);
#8149=ORIENTED_EDGE('',*,*,#6181,.F.);
#8150=ORIENTED_EDGE('',*,*,#6182,.T.);
#8151=ORIENTED_EDGE('',*,*,#6183,.T.);
#8152=ORIENTED_EDGE('',*,*,#6179,.F.);
#8153=ORIENTED_EDGE('',*,*,#6184,.F.);
#8154=ORIENTED_EDGE('',*,*,#6185,.T.);
#8155=ORIENTED_EDGE('',*,*,#6186,.T.);
#8156=ORIENTED_EDGE('',*,*,#6182,.F.);
#8157=ORIENTED_EDGE('',*,*,#6187,.F.);
#8158=ORIENTED_EDGE('',*,*,#6188,.T.);
#8159=ORIENTED_EDGE('',*,*,#6189,.T.);
#8160=ORIENTED_EDGE('',*,*,#6185,.F.);
#8161=ORIENTED_EDGE('',*,*,#6190,.F.);
#8162=ORIENTED_EDGE('',*,*,#6191,.T.);
#8163=ORIENTED_EDGE('',*,*,#6192,.T.);
#8164=ORIENTED_EDGE('',*,*,#6188,.F.);
#8165=ORIENTED_EDGE('',*,*,#6193,.F.);
#8166=ORIENTED_EDGE('',*,*,#6194,.T.);
#8167=ORIENTED_EDGE('',*,*,#6195,.T.);
#8168=ORIENTED_EDGE('',*,*,#6191,.F.);
#8169=ORIENTED_EDGE('',*,*,#6196,.F.);
#8170=ORIENTED_EDGE('',*,*,#6197,.T.);
#8171=ORIENTED_EDGE('',*,*,#6198,.T.);
#8172=ORIENTED_EDGE('',*,*,#6194,.F.);
#8173=ORIENTED_EDGE('',*,*,#6199,.F.);
#8174=ORIENTED_EDGE('',*,*,#6200,.T.);
#8175=ORIENTED_EDGE('',*,*,#6201,.T.);
#8176=ORIENTED_EDGE('',*,*,#6197,.F.);
#8177=ORIENTED_EDGE('',*,*,#6202,.F.);
#8178=ORIENTED_EDGE('',*,*,#6203,.T.);
#8179=ORIENTED_EDGE('',*,*,#6204,.T.);
#8180=ORIENTED_EDGE('',*,*,#6200,.F.);
#8181=ORIENTED_EDGE('',*,*,#6205,.F.);
#8182=ORIENTED_EDGE('',*,*,#6150,.T.);
#8183=ORIENTED_EDGE('',*,*,#6206,.T.);
#8184=ORIENTED_EDGE('',*,*,#6203,.F.);
#8185=ORIENTED_EDGE('',*,*,#6206,.F.);
#8186=ORIENTED_EDGE('',*,*,#6149,.F.);
#8187=ORIENTED_EDGE('',*,*,#6153,.F.);
#8188=ORIENTED_EDGE('',*,*,#6156,.F.);
#8189=ORIENTED_EDGE('',*,*,#6159,.F.);
#8190=ORIENTED_EDGE('',*,*,#6162,.F.);
#8191=ORIENTED_EDGE('',*,*,#6165,.F.);
#8192=ORIENTED_EDGE('',*,*,#6168,.F.);
#8193=ORIENTED_EDGE('',*,*,#6171,.F.);
#8194=ORIENTED_EDGE('',*,*,#6174,.F.);
#8195=ORIENTED_EDGE('',*,*,#6177,.F.);
#8196=ORIENTED_EDGE('',*,*,#6180,.F.);
#8197=ORIENTED_EDGE('',*,*,#6183,.F.);
#8198=ORIENTED_EDGE('',*,*,#6186,.F.);
#8199=ORIENTED_EDGE('',*,*,#6189,.F.);
#8200=ORIENTED_EDGE('',*,*,#6192,.F.);
#8201=ORIENTED_EDGE('',*,*,#6195,.F.);
#8202=ORIENTED_EDGE('',*,*,#6198,.F.);
#8203=ORIENTED_EDGE('',*,*,#6201,.F.);
#8204=ORIENTED_EDGE('',*,*,#6204,.F.);
#8205=ORIENTED_EDGE('',*,*,#6207,.F.);
#8206=ORIENTED_EDGE('',*,*,#6208,.T.);
#8207=ORIENTED_EDGE('',*,*,#6209,.T.);
#8208=ORIENTED_EDGE('',*,*,#6210,.F.);
#8209=ORIENTED_EDGE('',*,*,#6211,.F.);
#8210=ORIENTED_EDGE('',*,*,#6212,.T.);
#8211=ORIENTED_EDGE('',*,*,#6213,.T.);
#8212=ORIENTED_EDGE('',*,*,#6208,.F.);
#8213=ORIENTED_EDGE('',*,*,#6214,.F.);
#8214=ORIENTED_EDGE('',*,*,#6215,.T.);
#8215=ORIENTED_EDGE('',*,*,#6216,.T.);
#8216=ORIENTED_EDGE('',*,*,#6212,.F.);
#8217=ORIENTED_EDGE('',*,*,#6217,.F.);
#8218=ORIENTED_EDGE('',*,*,#6218,.T.);
#8219=ORIENTED_EDGE('',*,*,#6219,.T.);
#8220=ORIENTED_EDGE('',*,*,#6215,.F.);
#8221=ORIENTED_EDGE('',*,*,#6220,.F.);
#8222=ORIENTED_EDGE('',*,*,#6221,.T.);
#8223=ORIENTED_EDGE('',*,*,#6222,.T.);
#8224=ORIENTED_EDGE('',*,*,#6218,.F.);
#8225=ORIENTED_EDGE('',*,*,#6223,.F.);
#8226=ORIENTED_EDGE('',*,*,#6224,.T.);
#8227=ORIENTED_EDGE('',*,*,#6225,.T.);
#8228=ORIENTED_EDGE('',*,*,#6221,.F.);
#8229=ORIENTED_EDGE('',*,*,#6226,.F.);
#8230=ORIENTED_EDGE('',*,*,#6227,.T.);
#8231=ORIENTED_EDGE('',*,*,#6228,.T.);
#8232=ORIENTED_EDGE('',*,*,#6224,.F.);
#8233=ORIENTED_EDGE('',*,*,#6229,.F.);
#8234=ORIENTED_EDGE('',*,*,#6210,.T.);
#8235=ORIENTED_EDGE('',*,*,#6230,.T.);
#8236=ORIENTED_EDGE('',*,*,#6227,.F.);
#8237=ORIENTED_EDGE('',*,*,#6230,.F.);
#8238=ORIENTED_EDGE('',*,*,#6209,.F.);
#8239=ORIENTED_EDGE('',*,*,#6213,.F.);
#8240=ORIENTED_EDGE('',*,*,#6216,.F.);
#8241=ORIENTED_EDGE('',*,*,#6219,.F.);
#8242=ORIENTED_EDGE('',*,*,#6222,.F.);
#8243=ORIENTED_EDGE('',*,*,#6225,.F.);
#8244=ORIENTED_EDGE('',*,*,#6228,.F.);
#8245=ORIENTED_EDGE('',*,*,#6231,.F.);
#8246=ORIENTED_EDGE('',*,*,#6232,.F.);
#8247=ORIENTED_EDGE('',*,*,#6233,.F.);
#8248=ORIENTED_EDGE('',*,*,#6234,.F.);
#8249=ORIENTED_EDGE('',*,*,#6235,.F.);
#8250=ORIENTED_EDGE('',*,*,#6236,.F.);
#8251=ORIENTED_EDGE('',*,*,#6237,.F.);
#8252=ORIENTED_EDGE('',*,*,#6238,.F.);
#8253=ORIENTED_EDGE('',*,*,#6239,.F.);
#8254=ORIENTED_EDGE('',*,*,#6240,.F.);
#8255=ORIENTED_EDGE('',*,*,#6241,.F.);
#8256=ORIENTED_EDGE('',*,*,#6242,.F.);
#8257=ORIENTED_EDGE('',*,*,#6243,.F.);
#8258=ORIENTED_EDGE('',*,*,#6244,.F.);
#8259=ORIENTED_EDGE('',*,*,#6245,.F.);
#8260=ORIENTED_EDGE('',*,*,#6246,.F.);
#8261=ORIENTED_EDGE('',*,*,#5703,.T.);
#8262=ORIENTED_EDGE('',*,*,#5743,.T.);
#8263=ORIENTED_EDGE('',*,*,#5740,.T.);
#8264=ORIENTED_EDGE('',*,*,#5737,.T.);
#8265=ORIENTED_EDGE('',*,*,#5734,.T.);
#8266=ORIENTED_EDGE('',*,*,#5731,.T.);
#8267=ORIENTED_EDGE('',*,*,#5728,.T.);
#8268=ORIENTED_EDGE('',*,*,#5725,.T.);
#8269=ORIENTED_EDGE('',*,*,#5722,.T.);
#8270=ORIENTED_EDGE('',*,*,#5719,.T.);
#8271=ORIENTED_EDGE('',*,*,#5716,.T.);
#8272=ORIENTED_EDGE('',*,*,#5713,.T.);
#8273=ORIENTED_EDGE('',*,*,#5710,.T.);
#8274=ORIENTED_EDGE('',*,*,#5707,.T.);
#8275=ORIENTED_EDGE('',*,*,#5745,.T.);
#8276=ORIENTED_EDGE('',*,*,#5791,.T.);
#8277=ORIENTED_EDGE('',*,*,#5788,.T.);
#8278=ORIENTED_EDGE('',*,*,#5785,.T.);
#8279=ORIENTED_EDGE('',*,*,#5782,.T.);
#8280=ORIENTED_EDGE('',*,*,#5779,.T.);
#8281=ORIENTED_EDGE('',*,*,#5776,.T.);
#8282=ORIENTED_EDGE('',*,*,#5773,.T.);
#8283=ORIENTED_EDGE('',*,*,#5770,.T.);
#8284=ORIENTED_EDGE('',*,*,#5767,.T.);
#8285=ORIENTED_EDGE('',*,*,#5764,.T.);
#8286=ORIENTED_EDGE('',*,*,#5761,.T.);
#8287=ORIENTED_EDGE('',*,*,#5758,.T.);
#8288=ORIENTED_EDGE('',*,*,#5755,.T.);
#8289=ORIENTED_EDGE('',*,*,#5752,.T.);
#8290=ORIENTED_EDGE('',*,*,#5749,.T.);
#8291=ORIENTED_EDGE('',*,*,#5793,.T.);
#8292=ORIENTED_EDGE('',*,*,#5875,.T.);
#8293=ORIENTED_EDGE('',*,*,#5872,.T.);
#8294=ORIENTED_EDGE('',*,*,#5869,.T.);
#8295=ORIENTED_EDGE('',*,*,#5866,.T.);
#8296=ORIENTED_EDGE('',*,*,#5863,.T.);
#8297=ORIENTED_EDGE('',*,*,#5860,.T.);
#8298=ORIENTED_EDGE('',*,*,#5857,.T.);
#8299=ORIENTED_EDGE('',*,*,#5854,.T.);
#8300=ORIENTED_EDGE('',*,*,#5851,.T.);
#8301=ORIENTED_EDGE('',*,*,#5848,.T.);
#8302=ORIENTED_EDGE('',*,*,#5845,.T.);
#8303=ORIENTED_EDGE('',*,*,#5842,.T.);
#8304=ORIENTED_EDGE('',*,*,#5839,.T.);
#8305=ORIENTED_EDGE('',*,*,#5836,.T.);
#8306=ORIENTED_EDGE('',*,*,#5833,.T.);
#8307=ORIENTED_EDGE('',*,*,#5830,.T.);
#8308=ORIENTED_EDGE('',*,*,#5827,.T.);
#8309=ORIENTED_EDGE('',*,*,#5824,.T.);
#8310=ORIENTED_EDGE('',*,*,#5821,.T.);
#8311=ORIENTED_EDGE('',*,*,#5818,.T.);
#8312=ORIENTED_EDGE('',*,*,#5815,.T.);
#8313=ORIENTED_EDGE('',*,*,#5812,.T.);
#8314=ORIENTED_EDGE('',*,*,#5809,.T.);
#8315=ORIENTED_EDGE('',*,*,#5806,.T.);
#8316=ORIENTED_EDGE('',*,*,#5803,.T.);
#8317=ORIENTED_EDGE('',*,*,#5800,.T.);
#8318=ORIENTED_EDGE('',*,*,#5797,.T.);
#8319=ORIENTED_EDGE('',*,*,#5877,.T.);
#8320=ORIENTED_EDGE('',*,*,#5905,.T.);
#8321=ORIENTED_EDGE('',*,*,#5902,.T.);
#8322=ORIENTED_EDGE('',*,*,#5899,.T.);
#8323=ORIENTED_EDGE('',*,*,#5896,.T.);
#8324=ORIENTED_EDGE('',*,*,#5893,.T.);
#8325=ORIENTED_EDGE('',*,*,#5890,.T.);
#8326=ORIENTED_EDGE('',*,*,#5887,.T.);
#8327=ORIENTED_EDGE('',*,*,#5884,.T.);
#8328=ORIENTED_EDGE('',*,*,#5881,.T.);
#8329=ORIENTED_EDGE('',*,*,#5919,.T.);
#8330=ORIENTED_EDGE('',*,*,#5947,.T.);
#8331=ORIENTED_EDGE('',*,*,#5944,.T.);
#8332=ORIENTED_EDGE('',*,*,#5941,.T.);
#8333=ORIENTED_EDGE('',*,*,#5938,.T.);
#8334=ORIENTED_EDGE('',*,*,#5935,.T.);
#8335=ORIENTED_EDGE('',*,*,#5932,.T.);
#8336=ORIENTED_EDGE('',*,*,#5929,.T.);
#8337=ORIENTED_EDGE('',*,*,#5926,.T.);
#8338=ORIENTED_EDGE('',*,*,#5923,.T.);
#8339=ORIENTED_EDGE('',*,*,#5949,.T.);
#8340=ORIENTED_EDGE('',*,*,#5971,.T.);
#8341=ORIENTED_EDGE('',*,*,#5968,.T.);
#8342=ORIENTED_EDGE('',*,*,#5965,.T.);
#8343=ORIENTED_EDGE('',*,*,#5962,.T.);
#8344=ORIENTED_EDGE('',*,*,#5959,.T.);
#8345=ORIENTED_EDGE('',*,*,#5956,.T.);
#8346=ORIENTED_EDGE('',*,*,#5953,.T.);
#8347=ORIENTED_EDGE('',*,*,#5985,.T.);
#8348=ORIENTED_EDGE('',*,*,#6025,.T.);
#8349=ORIENTED_EDGE('',*,*,#6022,.T.);
#8350=ORIENTED_EDGE('',*,*,#6019,.T.);
#8351=ORIENTED_EDGE('',*,*,#6016,.T.);
#8352=ORIENTED_EDGE('',*,*,#6013,.T.);
#8353=ORIENTED_EDGE('',*,*,#6010,.T.);
#8354=ORIENTED_EDGE('',*,*,#6007,.T.);
#8355=ORIENTED_EDGE('',*,*,#6004,.T.);
#8356=ORIENTED_EDGE('',*,*,#6001,.T.);
#8357=ORIENTED_EDGE('',*,*,#5998,.T.);
#8358=ORIENTED_EDGE('',*,*,#5995,.T.);
#8359=ORIENTED_EDGE('',*,*,#5992,.T.);
#8360=ORIENTED_EDGE('',*,*,#5989,.T.);
#8361=ORIENTED_EDGE('',*,*,#6039,.T.);
#8362=ORIENTED_EDGE('',*,*,#6073,.T.);
#8363=ORIENTED_EDGE('',*,*,#6070,.T.);
#8364=ORIENTED_EDGE('',*,*,#6067,.T.);
#8365=ORIENTED_EDGE('',*,*,#6064,.T.);
#8366=ORIENTED_EDGE('',*,*,#6061,.T.);
#8367=ORIENTED_EDGE('',*,*,#6058,.T.);
#8368=ORIENTED_EDGE('',*,*,#6055,.T.);
#8369=ORIENTED_EDGE('',*,*,#6052,.T.);
#8370=ORIENTED_EDGE('',*,*,#6049,.T.);
#8371=ORIENTED_EDGE('',*,*,#6046,.T.);
#8372=ORIENTED_EDGE('',*,*,#6043,.T.);
#8373=ORIENTED_EDGE('',*,*,#6075,.T.);
#8374=ORIENTED_EDGE('',*,*,#6109,.T.);
#8375=ORIENTED_EDGE('',*,*,#6106,.T.);
#8376=ORIENTED_EDGE('',*,*,#6103,.T.);
#8377=ORIENTED_EDGE('',*,*,#6100,.T.);
#8378=ORIENTED_EDGE('',*,*,#6097,.T.);
#8379=ORIENTED_EDGE('',*,*,#6094,.T.);
#8380=ORIENTED_EDGE('',*,*,#6091,.T.);
#8381=ORIENTED_EDGE('',*,*,#6088,.T.);
#8382=ORIENTED_EDGE('',*,*,#6085,.T.);
#8383=ORIENTED_EDGE('',*,*,#6082,.T.);
#8384=ORIENTED_EDGE('',*,*,#6079,.T.);
#8385=ORIENTED_EDGE('',*,*,#6124,.T.);
#8386=ORIENTED_EDGE('',*,*,#6145,.T.);
#8387=ORIENTED_EDGE('',*,*,#6142,.T.);
#8388=ORIENTED_EDGE('',*,*,#6139,.T.);
#8389=ORIENTED_EDGE('',*,*,#6136,.T.);
#8390=ORIENTED_EDGE('',*,*,#6133,.T.);
#8391=ORIENTED_EDGE('',*,*,#6130,.T.);
#8392=ORIENTED_EDGE('',*,*,#6115,.T.);
#8393=ORIENTED_EDGE('',*,*,#6111,.T.);
#8394=ORIENTED_EDGE('',*,*,#6122,.T.);
#8395=ORIENTED_EDGE('',*,*,#6118,.T.);
#8396=ORIENTED_EDGE('',*,*,#6128,.T.);
#8397=ORIENTED_EDGE('',*,*,#6147,.T.);
#8398=ORIENTED_EDGE('',*,*,#6205,.T.);
#8399=ORIENTED_EDGE('',*,*,#6202,.T.);
#8400=ORIENTED_EDGE('',*,*,#6199,.T.);
#8401=ORIENTED_EDGE('',*,*,#6196,.T.);
#8402=ORIENTED_EDGE('',*,*,#6193,.T.);
#8403=ORIENTED_EDGE('',*,*,#6190,.T.);
#8404=ORIENTED_EDGE('',*,*,#6187,.T.);
#8405=ORIENTED_EDGE('',*,*,#6184,.T.);
#8406=ORIENTED_EDGE('',*,*,#6181,.T.);
#8407=ORIENTED_EDGE('',*,*,#6178,.T.);
#8408=ORIENTED_EDGE('',*,*,#6175,.T.);
#8409=ORIENTED_EDGE('',*,*,#6172,.T.);
#8410=ORIENTED_EDGE('',*,*,#6169,.T.);
#8411=ORIENTED_EDGE('',*,*,#6166,.T.);
#8412=ORIENTED_EDGE('',*,*,#6163,.T.);
#8413=ORIENTED_EDGE('',*,*,#6160,.T.);
#8414=ORIENTED_EDGE('',*,*,#6157,.T.);
#8415=ORIENTED_EDGE('',*,*,#6154,.T.);
#8416=ORIENTED_EDGE('',*,*,#6151,.T.);
#8417=ORIENTED_EDGE('',*,*,#6207,.T.);
#8418=ORIENTED_EDGE('',*,*,#6229,.T.);
#8419=ORIENTED_EDGE('',*,*,#6226,.T.);
#8420=ORIENTED_EDGE('',*,*,#6223,.T.);
#8421=ORIENTED_EDGE('',*,*,#6220,.T.);
#8422=ORIENTED_EDGE('',*,*,#6217,.T.);
#8423=ORIENTED_EDGE('',*,*,#6214,.T.);
#8424=ORIENTED_EDGE('',*,*,#6211,.T.);
#8425=ORIENTED_EDGE('',*,*,#6247,.F.);
#8426=ORIENTED_EDGE('',*,*,#6027,.T.);
#8427=ORIENTED_EDGE('',*,*,#6037,.T.);
#8428=ORIENTED_EDGE('',*,*,#6034,.T.);
#8429=ORIENTED_EDGE('',*,*,#6031,.T.);
#8430=ORIENTED_EDGE('',*,*,#5973,.T.);
#8431=ORIENTED_EDGE('',*,*,#5983,.T.);
#8432=ORIENTED_EDGE('',*,*,#5980,.T.);
#8433=ORIENTED_EDGE('',*,*,#5977,.T.);
#8434=ORIENTED_EDGE('',*,*,#5907,.T.);
#8435=ORIENTED_EDGE('',*,*,#5917,.T.);
#8436=ORIENTED_EDGE('',*,*,#5914,.T.);
#8437=ORIENTED_EDGE('',*,*,#5911,.T.);
#8438=ORIENTED_EDGE('',*,*,#6248,.T.);
#8439=ORIENTED_EDGE('',*,*,#6249,.T.);
#8440=ORIENTED_EDGE('',*,*,#6250,.T.);
#8441=ORIENTED_EDGE('',*,*,#6251,.T.);
#8442=ORIENTED_EDGE('',*,*,#6248,.F.);
#8443=ORIENTED_EDGE('',*,*,#6252,.T.);
#8444=ORIENTED_EDGE('',*,*,#6253,.T.);
#8445=ORIENTED_EDGE('',*,*,#6254,.T.);
#8446=ORIENTED_EDGE('',*,*,#6255,.T.);
#8447=ORIENTED_EDGE('',*,*,#6256,.T.);
#8448=ORIENTED_EDGE('',*,*,#6253,.F.);
#8449=ORIENTED_EDGE('',*,*,#6257,.T.);
#8450=ORIENTED_EDGE('',*,*,#6258,.T.);
#8451=ORIENTED_EDGE('',*,*,#6259,.T.);
#8452=ORIENTED_EDGE('',*,*,#6260,.T.);
#8453=ORIENTED_EDGE('',*,*,#6261,.T.);
#8454=ORIENTED_EDGE('',*,*,#6262,.T.);
#8455=ORIENTED_EDGE('',*,*,#6263,.T.);
#8456=ORIENTED_EDGE('',*,*,#6264,.T.);
#8457=ORIENTED_EDGE('',*,*,#6265,.T.);
#8458=ORIENTED_EDGE('',*,*,#6262,.F.);
#8459=ORIENTED_EDGE('',*,*,#6266,.T.);
#8460=ORIENTED_EDGE('',*,*,#6267,.T.);
#8461=ORIENTED_EDGE('',*,*,#6268,.T.);
#8462=ORIENTED_EDGE('',*,*,#6269,.T.);
#8463=ORIENTED_EDGE('',*,*,#6270,.T.);
#8464=ORIENTED_EDGE('',*,*,#6267,.F.);
#8465=ORIENTED_EDGE('',*,*,#6271,.T.);
#8466=ORIENTED_EDGE('',*,*,#6272,.T.);
#8467=ORIENTED_EDGE('',*,*,#6273,.T.);
#8468=ORIENTED_EDGE('',*,*,#6274,.T.);
#8469=ORIENTED_EDGE('',*,*,#6275,.T.);
#8470=ORIENTED_EDGE('',*,*,#6276,.T.);
#8471=ORIENTED_EDGE('',*,*,#6277,.T.);
#8472=ORIENTED_EDGE('',*,*,#6278,.T.);
#8473=ORIENTED_EDGE('',*,*,#6279,.T.);
#8474=ORIENTED_EDGE('',*,*,#6276,.F.);
#8475=ORIENTED_EDGE('',*,*,#6280,.T.);
#8476=ORIENTED_EDGE('',*,*,#6281,.T.);
#8477=ORIENTED_EDGE('',*,*,#6282,.T.);
#8478=ORIENTED_EDGE('',*,*,#6283,.T.);
#8479=ORIENTED_EDGE('',*,*,#6284,.T.);
#8480=ORIENTED_EDGE('',*,*,#6281,.F.);
#8481=ORIENTED_EDGE('',*,*,#6285,.T.);
#8482=ORIENTED_EDGE('',*,*,#6286,.T.);
#8483=ORIENTED_EDGE('',*,*,#6287,.T.);
#8484=ORIENTED_EDGE('',*,*,#6288,.T.);
#8485=ORIENTED_EDGE('',*,*,#6289,.T.);
#8486=ORIENTED_EDGE('',*,*,#6290,.T.);
#8487=ORIENTED_EDGE('',*,*,#6291,.T.);
#8488=ORIENTED_EDGE('',*,*,#6292,.T.);
#8489=ORIENTED_EDGE('',*,*,#6293,.T.);
#8490=ORIENTED_EDGE('',*,*,#6290,.F.);
#8491=ORIENTED_EDGE('',*,*,#6294,.T.);
#8492=ORIENTED_EDGE('',*,*,#6295,.T.);
#8493=ORIENTED_EDGE('',*,*,#6296,.T.);
#8494=ORIENTED_EDGE('',*,*,#6297,.T.);
#8495=ORIENTED_EDGE('',*,*,#6298,.T.);
#8496=ORIENTED_EDGE('',*,*,#6295,.F.);
#8497=ORIENTED_EDGE('',*,*,#6299,.T.);
#8498=ORIENTED_EDGE('',*,*,#6300,.T.);
#8499=ORIENTED_EDGE('',*,*,#6301,.T.);
#8500=ORIENTED_EDGE('',*,*,#6302,.T.);
#8501=ORIENTED_EDGE('',*,*,#6303,.T.);
#8502=ORIENTED_EDGE('',*,*,#6304,.T.);
#8503=ORIENTED_EDGE('',*,*,#6303,.F.);
#8504=ORIENTED_EDGE('',*,*,#6305,.T.);
#8505=ORIENTED_EDGE('',*,*,#6306,.T.);
#8506=ORIENTED_EDGE('',*,*,#6307,.T.);
#8507=ORIENTED_EDGE('',*,*,#6306,.F.);
#8508=ORIENTED_EDGE('',*,*,#6308,.T.);
#8509=ORIENTED_EDGE('',*,*,#6309,.T.);
#8510=ORIENTED_EDGE('',*,*,#6310,.T.);
#8511=ORIENTED_EDGE('',*,*,#6309,.F.);
#8512=ORIENTED_EDGE('',*,*,#6311,.T.);
#8513=ORIENTED_EDGE('',*,*,#6312,.T.);
#8514=ORIENTED_EDGE('',*,*,#6313,.T.);
#8515=ORIENTED_EDGE('',*,*,#6312,.F.);
#8516=ORIENTED_EDGE('',*,*,#6314,.T.);
#8517=ORIENTED_EDGE('',*,*,#6315,.T.);
#8518=ORIENTED_EDGE('',*,*,#6316,.T.);
#8519=ORIENTED_EDGE('',*,*,#6315,.F.);
#8520=ORIENTED_EDGE('',*,*,#6317,.T.);
#8521=ORIENTED_EDGE('',*,*,#6318,.T.);
#8522=ORIENTED_EDGE('',*,*,#6319,.T.);
#8523=ORIENTED_EDGE('',*,*,#6318,.F.);
#8524=ORIENTED_EDGE('',*,*,#6320,.T.);
#8525=ORIENTED_EDGE('',*,*,#6321,.T.);
#8526=ORIENTED_EDGE('',*,*,#6322,.T.);
#8527=ORIENTED_EDGE('',*,*,#6323,.T.);
#8528=ORIENTED_EDGE('',*,*,#6324,.T.);
#8529=ORIENTED_EDGE('',*,*,#6321,.F.);
#8530=ORIENTED_EDGE('',*,*,#6325,.T.);
#8531=ORIENTED_EDGE('',*,*,#6326,.T.);
#8532=ORIENTED_EDGE('',*,*,#6327,.T.);
#8533=ORIENTED_EDGE('',*,*,#6323,.F.);
#8534=ORIENTED_EDGE('',*,*,#6328,.T.);
#8535=ORIENTED_EDGE('',*,*,#6329,.T.);
#8536=ORIENTED_EDGE('',*,*,#6330,.T.);
#8537=ORIENTED_EDGE('',*,*,#6326,.F.);
#8538=ORIENTED_EDGE('',*,*,#6331,.T.);
#8539=ORIENTED_EDGE('',*,*,#6332,.T.);
#8540=ORIENTED_EDGE('',*,*,#6333,.T.);
#8541=ORIENTED_EDGE('',*,*,#6329,.F.);
#8542=ORIENTED_EDGE('',*,*,#6334,.T.);
#8543=ORIENTED_EDGE('',*,*,#6335,.T.);
#8544=ORIENTED_EDGE('',*,*,#6336,.T.);
#8545=ORIENTED_EDGE('',*,*,#6332,.F.);
#8546=ORIENTED_EDGE('',*,*,#6337,.T.);
#8547=ORIENTED_EDGE('',*,*,#6338,.T.);
#8548=ORIENTED_EDGE('',*,*,#6339,.T.);
#8549=ORIENTED_EDGE('',*,*,#6335,.F.);
#8550=ORIENTED_EDGE('',*,*,#6340,.T.);
#8551=ORIENTED_EDGE('',*,*,#6341,.T.);
#8552=ORIENTED_EDGE('',*,*,#6342,.T.);
#8553=ORIENTED_EDGE('',*,*,#6338,.F.);
#8554=ORIENTED_EDGE('',*,*,#6343,.T.);
#8555=ORIENTED_EDGE('',*,*,#6344,.T.);
#8556=ORIENTED_EDGE('',*,*,#6345,.T.);
#8557=ORIENTED_EDGE('',*,*,#6341,.F.);
#8558=ORIENTED_EDGE('',*,*,#6346,.T.);
#8559=ORIENTED_EDGE('',*,*,#6347,.T.);
#8560=ORIENTED_EDGE('',*,*,#6348,.T.);
#8561=ORIENTED_EDGE('',*,*,#6344,.F.);
#8562=ORIENTED_EDGE('',*,*,#6349,.T.);
#8563=ORIENTED_EDGE('',*,*,#6347,.F.);
#8564=ORIENTED_EDGE('',*,*,#6350,.T.);
#8565=ORIENTED_EDGE('',*,*,#6351,.T.);
#8566=ORIENTED_EDGE('',*,*,#6352,.T.);
#8567=ORIENTED_EDGE('',*,*,#6351,.F.);
#8568=ORIENTED_EDGE('',*,*,#6353,.T.);
#8569=ORIENTED_EDGE('',*,*,#6354,.T.);
#8570=ORIENTED_EDGE('',*,*,#6355,.T.);
#8571=ORIENTED_EDGE('',*,*,#6356,.T.);
#8572=ORIENTED_EDGE('',*,*,#6357,.T.);
#8573=ORIENTED_EDGE('',*,*,#6354,.F.);
#8574=ORIENTED_EDGE('',*,*,#6301,.F.);
#8575=ORIENTED_EDGE('',*,*,#6358,.T.);
#8576=ORIENTED_EDGE('',*,*,#6292,.F.);
#8577=ORIENTED_EDGE('',*,*,#6297,.F.);
#8578=ORIENTED_EDGE('',*,*,#6359,.T.);
#8579=ORIENTED_EDGE('',*,*,#6288,.F.);
#8580=ORIENTED_EDGE('',*,*,#6286,.F.);
#8581=ORIENTED_EDGE('',*,*,#6360,.T.);
#8582=ORIENTED_EDGE('',*,*,#6278,.F.);
#8583=ORIENTED_EDGE('',*,*,#6283,.F.);
#8584=ORIENTED_EDGE('',*,*,#6361,.T.);
#8585=ORIENTED_EDGE('',*,*,#6274,.F.);
#8586=ORIENTED_EDGE('',*,*,#6272,.F.);
#8587=ORIENTED_EDGE('',*,*,#6362,.T.);
#8588=ORIENTED_EDGE('',*,*,#6264,.F.);
#8589=ORIENTED_EDGE('',*,*,#6269,.F.);
#8590=ORIENTED_EDGE('',*,*,#6363,.T.);
#8591=ORIENTED_EDGE('',*,*,#6260,.F.);
#8592=ORIENTED_EDGE('',*,*,#6258,.F.);
#8593=ORIENTED_EDGE('',*,*,#6364,.T.);
#8594=ORIENTED_EDGE('',*,*,#6250,.F.);
#8595=ORIENTED_EDGE('',*,*,#6255,.F.);
#8596=ORIENTED_EDGE('',*,*,#6365,.T.);
#8597=ORIENTED_EDGE('',*,*,#6356,.F.);
#8598=ORIENTED_EDGE('',*,*,#6251,.F.);
#8599=ORIENTED_EDGE('',*,*,#6366,.F.);
#8600=ORIENTED_EDGE('',*,*,#6367,.F.);
#8601=ORIENTED_EDGE('',*,*,#6368,.F.);
#8602=ORIENTED_EDGE('',*,*,#6364,.F.);
#8603=ORIENTED_EDGE('',*,*,#6369,.T.);
#8604=ORIENTED_EDGE('',*,*,#6370,.F.);
#8605=ORIENTED_EDGE('',*,*,#6366,.T.);
#8606=ORIENTED_EDGE('',*,*,#6261,.F.);
#8607=ORIENTED_EDGE('',*,*,#6371,.F.);
#8608=ORIENTED_EDGE('',*,*,#6372,.F.);
#8609=ORIENTED_EDGE('',*,*,#6369,.F.);
#8610=ORIENTED_EDGE('',*,*,#6363,.F.);
#8611=ORIENTED_EDGE('',*,*,#6373,.T.);
#8612=ORIENTED_EDGE('',*,*,#6374,.F.);
#8613=ORIENTED_EDGE('',*,*,#6371,.T.);
#8614=ORIENTED_EDGE('',*,*,#6271,.F.);
#8615=ORIENTED_EDGE('',*,*,#6375,.F.);
#8616=ORIENTED_EDGE('',*,*,#6376,.F.);
#8617=ORIENTED_EDGE('',*,*,#6373,.F.);
#8618=ORIENTED_EDGE('',*,*,#6266,.F.);
#8619=ORIENTED_EDGE('',*,*,#6377,.T.);
#8620=ORIENTED_EDGE('',*,*,#6378,.F.);
#8621=ORIENTED_EDGE('',*,*,#6375,.T.);
#8622=ORIENTED_EDGE('',*,*,#6265,.F.);
#8623=ORIENTED_EDGE('',*,*,#6379,.F.);
#8624=ORIENTED_EDGE('',*,*,#6380,.F.);
#8625=ORIENTED_EDGE('',*,*,#6377,.F.);
#8626=ORIENTED_EDGE('',*,*,#6362,.F.);
#8627=ORIENTED_EDGE('',*,*,#6381,.T.);
#8628=ORIENTED_EDGE('',*,*,#6382,.F.);
#8629=ORIENTED_EDGE('',*,*,#6379,.T.);
#8630=ORIENTED_EDGE('',*,*,#6275,.F.);
#8631=ORIENTED_EDGE('',*,*,#6383,.F.);
#8632=ORIENTED_EDGE('',*,*,#6384,.F.);
#8633=ORIENTED_EDGE('',*,*,#6381,.F.);
#8634=ORIENTED_EDGE('',*,*,#6361,.F.);
#8635=ORIENTED_EDGE('',*,*,#6385,.T.);
#8636=ORIENTED_EDGE('',*,*,#6386,.F.);
#8637=ORIENTED_EDGE('',*,*,#6383,.T.);
#8638=ORIENTED_EDGE('',*,*,#6285,.F.);
#8639=ORIENTED_EDGE('',*,*,#6387,.F.);
#8640=ORIENTED_EDGE('',*,*,#6388,.F.);
#8641=ORIENTED_EDGE('',*,*,#6385,.F.);
#8642=ORIENTED_EDGE('',*,*,#6280,.F.);
#8643=ORIENTED_EDGE('',*,*,#6389,.T.);
#8644=ORIENTED_EDGE('',*,*,#6390,.F.);
#8645=ORIENTED_EDGE('',*,*,#6387,.T.);
#8646=ORIENTED_EDGE('',*,*,#6279,.F.);
#8647=ORIENTED_EDGE('',*,*,#6391,.F.);
#8648=ORIENTED_EDGE('',*,*,#6392,.F.);
#8649=ORIENTED_EDGE('',*,*,#6389,.F.);
#8650=ORIENTED_EDGE('',*,*,#6360,.F.);
#8651=ORIENTED_EDGE('',*,*,#6393,.T.);
#8652=ORIENTED_EDGE('',*,*,#6394,.F.);
#8653=ORIENTED_EDGE('',*,*,#6391,.T.);
#8654=ORIENTED_EDGE('',*,*,#6289,.F.);
#8655=ORIENTED_EDGE('',*,*,#6395,.F.);
#8656=ORIENTED_EDGE('',*,*,#6396,.F.);
#8657=ORIENTED_EDGE('',*,*,#6393,.F.);
#8658=ORIENTED_EDGE('',*,*,#6359,.F.);
#8659=ORIENTED_EDGE('',*,*,#6397,.T.);
#8660=ORIENTED_EDGE('',*,*,#6398,.F.);
#8661=ORIENTED_EDGE('',*,*,#6395,.T.);
#8662=ORIENTED_EDGE('',*,*,#6299,.F.);
#8663=ORIENTED_EDGE('',*,*,#6399,.F.);
#8664=ORIENTED_EDGE('',*,*,#6400,.F.);
#8665=ORIENTED_EDGE('',*,*,#6397,.F.);
#8666=ORIENTED_EDGE('',*,*,#6294,.F.);
#8667=ORIENTED_EDGE('',*,*,#6401,.T.);
#8668=ORIENTED_EDGE('',*,*,#6402,.F.);
#8669=ORIENTED_EDGE('',*,*,#6399,.T.);
#8670=ORIENTED_EDGE('',*,*,#6293,.F.);
#8671=ORIENTED_EDGE('',*,*,#6403,.F.);
#8672=ORIENTED_EDGE('',*,*,#6404,.F.);
#8673=ORIENTED_EDGE('',*,*,#6401,.F.);
#8674=ORIENTED_EDGE('',*,*,#6358,.F.);
#8675=ORIENTED_EDGE('',*,*,#6405,.T.);
#8676=ORIENTED_EDGE('',*,*,#6406,.F.);
#8677=ORIENTED_EDGE('',*,*,#6403,.T.);
#8678=ORIENTED_EDGE('',*,*,#6291,.F.);
#8679=ORIENTED_EDGE('',*,*,#6296,.F.);
#8680=ORIENTED_EDGE('',*,*,#6298,.F.);
#8681=ORIENTED_EDGE('',*,*,#6287,.F.);
#8682=ORIENTED_EDGE('',*,*,#6277,.F.);
#8683=ORIENTED_EDGE('',*,*,#6282,.F.);
#8684=ORIENTED_EDGE('',*,*,#6284,.F.);
#8685=ORIENTED_EDGE('',*,*,#6273,.F.);
#8686=ORIENTED_EDGE('',*,*,#6263,.F.);
#8687=ORIENTED_EDGE('',*,*,#6268,.F.);
#8688=ORIENTED_EDGE('',*,*,#6270,.F.);
#8689=ORIENTED_EDGE('',*,*,#6259,.F.);
#8690=ORIENTED_EDGE('',*,*,#6249,.F.);
#8691=ORIENTED_EDGE('',*,*,#6254,.F.);
#8692=ORIENTED_EDGE('',*,*,#6256,.F.);
#8693=ORIENTED_EDGE('',*,*,#6355,.F.);
#8694=ORIENTED_EDGE('',*,*,#6353,.F.);
#8695=ORIENTED_EDGE('',*,*,#6350,.F.);
#8696=ORIENTED_EDGE('',*,*,#6346,.F.);
#8697=ORIENTED_EDGE('',*,*,#6343,.F.);
#8698=ORIENTED_EDGE('',*,*,#6340,.F.);
#8699=ORIENTED_EDGE('',*,*,#6337,.F.);
#8700=ORIENTED_EDGE('',*,*,#6334,.F.);
#8701=ORIENTED_EDGE('',*,*,#6331,.F.);
#8702=ORIENTED_EDGE('',*,*,#6328,.F.);
#8703=ORIENTED_EDGE('',*,*,#6325,.F.);
#8704=ORIENTED_EDGE('',*,*,#6322,.F.);
#8705=ORIENTED_EDGE('',*,*,#6320,.F.);
#8706=ORIENTED_EDGE('',*,*,#6317,.F.);
#8707=ORIENTED_EDGE('',*,*,#6314,.F.);
#8708=ORIENTED_EDGE('',*,*,#6311,.F.);
#8709=ORIENTED_EDGE('',*,*,#6308,.F.);
#8710=ORIENTED_EDGE('',*,*,#6305,.F.);
#8711=ORIENTED_EDGE('',*,*,#6302,.F.);
#8712=ORIENTED_EDGE('',*,*,#6247,.T.);
#8713=ORIENTED_EDGE('',*,*,#6407,.T.);
#8714=ORIENTED_EDGE('',*,*,#6408,.T.);
#8715=ORIENTED_EDGE('',*,*,#6407,.F.);
#8716=ORIENTED_EDGE('',*,*,#5691,.T.);
#8717=ORIENTED_EDGE('',*,*,#5701,.T.);
#8718=ORIENTED_EDGE('',*,*,#5698,.T.);
#8719=ORIENTED_EDGE('',*,*,#5695,.T.);
#8720=ORIENTED_EDGE('',*,*,#6408,.F.);
#8721=ORIENTED_EDGE('',*,*,#6409,.T.);
#8722=ORIENTED_EDGE('',*,*,#6410,.F.);
#8723=ORIENTED_EDGE('',*,*,#6409,.F.);
#8724=ORIENTED_EDGE('',*,*,#6411,.T.);
#8725=ORIENTED_EDGE('',*,*,#6231,.T.);
#8726=ORIENTED_EDGE('',*,*,#6412,.T.);
#8727=ORIENTED_EDGE('',*,*,#6380,.T.);
#8728=ORIENTED_EDGE('',*,*,#6413,.T.);
#8729=ORIENTED_EDGE('',*,*,#6378,.T.);
#8730=ORIENTED_EDGE('',*,*,#6412,.F.);
#8731=ORIENTED_EDGE('',*,*,#6246,.T.);
#8732=ORIENTED_EDGE('',*,*,#6414,.T.);
#8733=ORIENTED_EDGE('',*,*,#6376,.T.);
#8734=ORIENTED_EDGE('',*,*,#6413,.F.);
#8735=ORIENTED_EDGE('',*,*,#6245,.T.);
#8736=ORIENTED_EDGE('',*,*,#6415,.T.);
#8737=ORIENTED_EDGE('',*,*,#6244,.T.);
#8738=ORIENTED_EDGE('',*,*,#6416,.T.);
#8739=ORIENTED_EDGE('',*,*,#6372,.T.);
#8740=ORIENTED_EDGE('',*,*,#6415,.F.);
#8741=ORIENTED_EDGE('',*,*,#6374,.T.);
#8742=ORIENTED_EDGE('',*,*,#6414,.F.);
#8743=ORIENTED_EDGE('',*,*,#6417,.T.);
#8744=ORIENTED_EDGE('',*,*,#6243,.T.);
#8745=ORIENTED_EDGE('',*,*,#6418,.T.);
#8746=ORIENTED_EDGE('',*,*,#6367,.T.);
#8747=ORIENTED_EDGE('',*,*,#6419,.T.);
#8748=ORIENTED_EDGE('',*,*,#6420,.T.);
#8749=ORIENTED_EDGE('',*,*,#6418,.F.);
#8750=ORIENTED_EDGE('',*,*,#6242,.T.);
#8751=ORIENTED_EDGE('',*,*,#6421,.T.);
#8752=ORIENTED_EDGE('',*,*,#6422,.T.);
#8753=ORIENTED_EDGE('',*,*,#6419,.F.);
#8754=ORIENTED_EDGE('',*,*,#6241,.T.);
#8755=ORIENTED_EDGE('',*,*,#6417,.F.);
#8756=ORIENTED_EDGE('',*,*,#6370,.T.);
#8757=ORIENTED_EDGE('',*,*,#6416,.F.);
#8758=ORIENTED_EDGE('',*,*,#6423,.T.);
#8759=ORIENTED_EDGE('',*,*,#6240,.T.);
#8760=ORIENTED_EDGE('',*,*,#6424,.T.);
#8761=ORIENTED_EDGE('',*,*,#6425,.T.);
#8762=ORIENTED_EDGE('',*,*,#6423,.F.);
#8763=ORIENTED_EDGE('',*,*,#6426,.T.);
#8764=ORIENTED_EDGE('',*,*,#6421,.F.);
#8765=ORIENTED_EDGE('',*,*,#6427,.T.);
#8766=ORIENTED_EDGE('',*,*,#6239,.T.);
#8767=ORIENTED_EDGE('',*,*,#6428,.T.);
#8768=ORIENTED_EDGE('',*,*,#6404,.T.);
#8769=ORIENTED_EDGE('',*,*,#6429,.T.);
#8770=ORIENTED_EDGE('',*,*,#6402,.T.);
#8771=ORIENTED_EDGE('',*,*,#6428,.F.);
#8772=ORIENTED_EDGE('',*,*,#6238,.T.);
#8773=ORIENTED_EDGE('',*,*,#6430,.T.);
#8774=ORIENTED_EDGE('',*,*,#6400,.T.);
#8775=ORIENTED_EDGE('',*,*,#6429,.F.);
#8776=ORIENTED_EDGE('',*,*,#6237,.T.);
#8777=ORIENTED_EDGE('',*,*,#6427,.F.);
#8778=ORIENTED_EDGE('',*,*,#6406,.T.);
#8779=ORIENTED_EDGE('',*,*,#6424,.F.);
#8780=ORIENTED_EDGE('',*,*,#6431,.T.);
#8781=ORIENTED_EDGE('',*,*,#6236,.T.);
#8782=ORIENTED_EDGE('',*,*,#6432,.T.);
#8783=ORIENTED_EDGE('',*,*,#6396,.T.);
#8784=ORIENTED_EDGE('',*,*,#6431,.F.);
#8785=ORIENTED_EDGE('',*,*,#6398,.T.);
#8786=ORIENTED_EDGE('',*,*,#6430,.F.);
#8787=ORIENTED_EDGE('',*,*,#6433,.T.);
#8788=ORIENTED_EDGE('',*,*,#6235,.T.);
#8789=ORIENTED_EDGE('',*,*,#6434,.T.);
#8790=ORIENTED_EDGE('',*,*,#6392,.T.);
#8791=ORIENTED_EDGE('',*,*,#6435,.T.);
#8792=ORIENTED_EDGE('',*,*,#6390,.T.);
#8793=ORIENTED_EDGE('',*,*,#6434,.F.);
#8794=ORIENTED_EDGE('',*,*,#6234,.T.);
#8795=ORIENTED_EDGE('',*,*,#6436,.T.);
#8796=ORIENTED_EDGE('',*,*,#6388,.T.);
#8797=ORIENTED_EDGE('',*,*,#6435,.F.);
#8798=ORIENTED_EDGE('',*,*,#6233,.T.);
#8799=ORIENTED_EDGE('',*,*,#6433,.F.);
#8800=ORIENTED_EDGE('',*,*,#6394,.T.);
#8801=ORIENTED_EDGE('',*,*,#6432,.F.);
#8802=ORIENTED_EDGE('',*,*,#6437,.T.);
#8803=ORIENTED_EDGE('',*,*,#6232,.T.);
#8804=ORIENTED_EDGE('',*,*,#6438,.T.);
#8805=ORIENTED_EDGE('',*,*,#6384,.T.);
#8806=ORIENTED_EDGE('',*,*,#6437,.F.);
#8807=ORIENTED_EDGE('',*,*,#6386,.T.);
#8808=ORIENTED_EDGE('',*,*,#6436,.F.);
#8809=ORIENTED_EDGE('',*,*,#6411,.F.);
#8810=ORIENTED_EDGE('',*,*,#6382,.T.);
#8811=ORIENTED_EDGE('',*,*,#6438,.F.);
#8812=ORIENTED_EDGE('',*,*,#6349,.F.);
#8813=ORIENTED_EDGE('',*,*,#6439,.T.);
#8814=ORIENTED_EDGE('',*,*,#6440,.T.);
#8815=ORIENTED_EDGE('',*,*,#6441,.T.);
#8816=ORIENTED_EDGE('',*,*,#6352,.F.);
#8817=ORIENTED_EDGE('',*,*,#6442,.F.);
#8818=ORIENTED_EDGE('',*,*,#6443,.F.);
#8819=ORIENTED_EDGE('',*,*,#6439,.F.);
#8820=ORIENTED_EDGE('',*,*,#6307,.F.);
#8821=ORIENTED_EDGE('',*,*,#6444,.T.);
#8822=ORIENTED_EDGE('',*,*,#6445,.T.);
#8823=ORIENTED_EDGE('',*,*,#6446,.T.);
#8824=ORIENTED_EDGE('',*,*,#6310,.F.);
#8825=ORIENTED_EDGE('',*,*,#6447,.F.);
#8826=ORIENTED_EDGE('',*,*,#6448,.F.);
#8827=ORIENTED_EDGE('',*,*,#6444,.F.);
#8828=ORIENTED_EDGE('',*,*,#6357,.F.);
#8829=ORIENTED_EDGE('',*,*,#6449,.F.);
#8830=ORIENTED_EDGE('',*,*,#6425,.F.);
#8831=ORIENTED_EDGE('',*,*,#6405,.F.);
#8832=ORIENTED_EDGE('',*,*,#6300,.F.);
#8833=ORIENTED_EDGE('',*,*,#6450,.F.);
#8834=ORIENTED_EDGE('',*,*,#6451,.F.);
#8835=ORIENTED_EDGE('',*,*,#6442,.T.);
#8836=ORIENTED_EDGE('',*,*,#6365,.F.);
#8837=ORIENTED_EDGE('',*,*,#6452,.T.);
#8838=ORIENTED_EDGE('',*,*,#6426,.F.);
#8839=ORIENTED_EDGE('',*,*,#6449,.T.);
#8840=ORIENTED_EDGE('',*,*,#6257,.F.);
#8841=ORIENTED_EDGE('',*,*,#6453,.F.);
#8842=ORIENTED_EDGE('',*,*,#6422,.F.);
#8843=ORIENTED_EDGE('',*,*,#6452,.F.);
#8844=ORIENTED_EDGE('',*,*,#6252,.F.);
#8845=ORIENTED_EDGE('',*,*,#6368,.T.);
#8846=ORIENTED_EDGE('',*,*,#6420,.F.);
#8847=ORIENTED_EDGE('',*,*,#6453,.T.);
#8848=ORIENTED_EDGE('',*,*,#6454,.F.);
#8849=ORIENTED_EDGE('',*,*,#6455,.T.);
#8850=ORIENTED_EDGE('',*,*,#6456,.T.);
#8851=ORIENTED_EDGE('',*,*,#6455,.F.);
#8852=ORIENTED_EDGE('',*,*,#6456,.F.);
#8853=ORIENTED_EDGE('',*,*,#6457,.F.);
#8854=ORIENTED_EDGE('',*,*,#6458,.F.);
#8855=ORIENTED_EDGE('',*,*,#6459,.F.);
#8856=ORIENTED_EDGE('',*,*,#6460,.F.);
#8857=ORIENTED_EDGE('',*,*,#6454,.T.);
#8858=ORIENTED_EDGE('',*,*,#6461,.F.);
#8859=ORIENTED_EDGE('',*,*,#6462,.T.);
#8860=ORIENTED_EDGE('',*,*,#6463,.T.);
#8861=ORIENTED_EDGE('',*,*,#6464,.F.);
#8862=ORIENTED_EDGE('',*,*,#6465,.F.);
#8863=ORIENTED_EDGE('',*,*,#6466,.T.);
#8864=ORIENTED_EDGE('',*,*,#6467,.T.);
#8865=ORIENTED_EDGE('',*,*,#6468,.F.);
#8866=ORIENTED_EDGE('',*,*,#6469,.F.);
#8867=ORIENTED_EDGE('',*,*,#6470,.T.);
#8868=ORIENTED_EDGE('',*,*,#6471,.T.);
#8869=ORIENTED_EDGE('',*,*,#6466,.F.);
#8870=ORIENTED_EDGE('',*,*,#6472,.F.);
#8871=ORIENTED_EDGE('',*,*,#6473,.T.);
#8872=ORIENTED_EDGE('',*,*,#6474,.T.);
#8873=ORIENTED_EDGE('',*,*,#6475,.F.);
#8874=ORIENTED_EDGE('',*,*,#6474,.F.);
#8875=ORIENTED_EDGE('',*,*,#6463,.F.);
#8876=ORIENTED_EDGE('',*,*,#6467,.F.);
#8877=ORIENTED_EDGE('',*,*,#6471,.F.);
#8878=ORIENTED_EDGE('',*,*,#6476,.F.);
#8879=ORIENTED_EDGE('',*,*,#6475,.T.);
#8880=ORIENTED_EDGE('',*,*,#6477,.T.);
#8881=ORIENTED_EDGE('',*,*,#6478,.F.);
#8882=ORIENTED_EDGE('',*,*,#6479,.F.);
#8883=ORIENTED_EDGE('',*,*,#6480,.T.);
#8884=ORIENTED_EDGE('',*,*,#6481,.T.);
#8885=ORIENTED_EDGE('',*,*,#6470,.F.);
#8886=ORIENTED_EDGE('',*,*,#6482,.F.);
#8887=ORIENTED_EDGE('',*,*,#6483,.T.);
#8888=ORIENTED_EDGE('',*,*,#6484,.T.);
#8889=ORIENTED_EDGE('',*,*,#6480,.F.);
#8890=ORIENTED_EDGE('',*,*,#6485,.F.);
#8891=ORIENTED_EDGE('',*,*,#6486,.T.);
#8892=ORIENTED_EDGE('',*,*,#6487,.T.);
#8893=ORIENTED_EDGE('',*,*,#6488,.F.);
#8894=ORIENTED_EDGE('',*,*,#6487,.F.);
#8895=ORIENTED_EDGE('',*,*,#6477,.F.);
#8896=ORIENTED_EDGE('',*,*,#6481,.F.);
#8897=ORIENTED_EDGE('',*,*,#6484,.F.);
#8898=ORIENTED_EDGE('',*,*,#6489,.F.);
#8899=ORIENTED_EDGE('',*,*,#6490,.T.);
#8900=ORIENTED_EDGE('',*,*,#6491,.T.);
#8901=ORIENTED_EDGE('',*,*,#6492,.F.);
#8902=ORIENTED_EDGE('',*,*,#6493,.F.);
#8903=ORIENTED_EDGE('',*,*,#6494,.T.);
#8904=ORIENTED_EDGE('',*,*,#6495,.T.);
#8905=ORIENTED_EDGE('',*,*,#6490,.F.);
#8906=ORIENTED_EDGE('',*,*,#6496,.F.);
#8907=ORIENTED_EDGE('',*,*,#6497,.T.);
#8908=ORIENTED_EDGE('',*,*,#6498,.T.);
#8909=ORIENTED_EDGE('',*,*,#6494,.F.);
#8910=ORIENTED_EDGE('',*,*,#6499,.F.);
#8911=ORIENTED_EDGE('',*,*,#6500,.F.);
#8912=ORIENTED_EDGE('',*,*,#6501,.T.);
#8913=ORIENTED_EDGE('',*,*,#6497,.F.);
#8914=ORIENTED_EDGE('',*,*,#6502,.F.);
#8915=ORIENTED_EDGE('',*,*,#6503,.T.);
#8916=ORIENTED_EDGE('',*,*,#6504,.T.);
#8917=ORIENTED_EDGE('',*,*,#6505,.F.);
#8918=ORIENTED_EDGE('',*,*,#6506,.F.);
#8919=ORIENTED_EDGE('',*,*,#6507,.T.);
#8920=ORIENTED_EDGE('',*,*,#6508,.T.);
#8921=ORIENTED_EDGE('',*,*,#6503,.F.);
#8922=ORIENTED_EDGE('',*,*,#6509,.F.);
#8923=ORIENTED_EDGE('',*,*,#6510,.T.);
#8924=ORIENTED_EDGE('',*,*,#6511,.T.);
#8925=ORIENTED_EDGE('',*,*,#6507,.F.);
#8926=ORIENTED_EDGE('',*,*,#6512,.F.);
#8927=ORIENTED_EDGE('',*,*,#6513,.T.);
#8928=ORIENTED_EDGE('',*,*,#6514,.T.);
#8929=ORIENTED_EDGE('',*,*,#6510,.F.);
#8930=ORIENTED_EDGE('',*,*,#6515,.F.);
#8931=ORIENTED_EDGE('',*,*,#6516,.T.);
#8932=ORIENTED_EDGE('',*,*,#6517,.T.);
#8933=ORIENTED_EDGE('',*,*,#6518,.F.);
#8934=ORIENTED_EDGE('',*,*,#6519,.F.);
#8935=ORIENTED_EDGE('',*,*,#6520,.T.);
#8936=ORIENTED_EDGE('',*,*,#6521,.T.);
#8937=ORIENTED_EDGE('',*,*,#6516,.F.);
#8938=ORIENTED_EDGE('',*,*,#6522,.F.);
#8939=ORIENTED_EDGE('',*,*,#6523,.T.);
#8940=ORIENTED_EDGE('',*,*,#6524,.T.);
#8941=ORIENTED_EDGE('',*,*,#6525,.F.);
#8942=ORIENTED_EDGE('',*,*,#6526,.F.);
#8943=ORIENTED_EDGE('',*,*,#6527,.T.);
#8944=ORIENTED_EDGE('',*,*,#6528,.T.);
#8945=ORIENTED_EDGE('',*,*,#6523,.F.);
#8946=ORIENTED_EDGE('',*,*,#6529,.F.);
#8947=ORIENTED_EDGE('',*,*,#6530,.T.);
#8948=ORIENTED_EDGE('',*,*,#6531,.T.);
#8949=ORIENTED_EDGE('',*,*,#6527,.F.);
#8950=ORIENTED_EDGE('',*,*,#6532,.F.);
#8951=ORIENTED_EDGE('',*,*,#6533,.T.);
#8952=ORIENTED_EDGE('',*,*,#6534,.T.);
#8953=ORIENTED_EDGE('',*,*,#6530,.F.);
#8954=ORIENTED_EDGE('',*,*,#6535,.F.);
#8955=ORIENTED_EDGE('',*,*,#6536,.T.);
#8956=ORIENTED_EDGE('',*,*,#6537,.T.);
#8957=ORIENTED_EDGE('',*,*,#6533,.F.);
#8958=ORIENTED_EDGE('',*,*,#6538,.F.);
#8959=ORIENTED_EDGE('',*,*,#6539,.T.);
#8960=ORIENTED_EDGE('',*,*,#6540,.T.);
#8961=ORIENTED_EDGE('',*,*,#6536,.F.);
#8962=ORIENTED_EDGE('',*,*,#6541,.F.);
#8963=ORIENTED_EDGE('',*,*,#6542,.T.);
#8964=ORIENTED_EDGE('',*,*,#6543,.T.);
#8965=ORIENTED_EDGE('',*,*,#6544,.F.);
#8966=ORIENTED_EDGE('',*,*,#6545,.F.);
#8967=ORIENTED_EDGE('',*,*,#6546,.T.);
#8968=ORIENTED_EDGE('',*,*,#6547,.T.);
#8969=ORIENTED_EDGE('',*,*,#6542,.F.);
#8970=ORIENTED_EDGE('',*,*,#6548,.F.);
#8971=ORIENTED_EDGE('',*,*,#6549,.T.);
#8972=ORIENTED_EDGE('',*,*,#6550,.T.);
#8973=ORIENTED_EDGE('',*,*,#6546,.F.);
#8974=ORIENTED_EDGE('',*,*,#6551,.F.);
#8975=ORIENTED_EDGE('',*,*,#6552,.T.);
#8976=ORIENTED_EDGE('',*,*,#6553,.T.);
#8977=ORIENTED_EDGE('',*,*,#6554,.F.);
#8978=ORIENTED_EDGE('',*,*,#6555,.F.);
#8979=ORIENTED_EDGE('',*,*,#6556,.T.);
#8980=ORIENTED_EDGE('',*,*,#6557,.T.);
#8981=ORIENTED_EDGE('',*,*,#6552,.F.);
#8982=ORIENTED_EDGE('',*,*,#6558,.F.);
#8983=ORIENTED_EDGE('',*,*,#6559,.T.);
#8984=ORIENTED_EDGE('',*,*,#6560,.T.);
#8985=ORIENTED_EDGE('',*,*,#6556,.F.);
#8986=ORIENTED_EDGE('',*,*,#6561,.F.);
#8987=ORIENTED_EDGE('',*,*,#6562,.T.);
#8988=ORIENTED_EDGE('',*,*,#6563,.T.);
#8989=ORIENTED_EDGE('',*,*,#6559,.F.);
#8990=ORIENTED_EDGE('',*,*,#6564,.F.);
#8991=ORIENTED_EDGE('',*,*,#6565,.T.);
#8992=ORIENTED_EDGE('',*,*,#6566,.T.);
#8993=ORIENTED_EDGE('',*,*,#6567,.F.);
#8994=ORIENTED_EDGE('',*,*,#6568,.F.);
#8995=ORIENTED_EDGE('',*,*,#6569,.T.);
#8996=ORIENTED_EDGE('',*,*,#6570,.T.);
#8997=ORIENTED_EDGE('',*,*,#6565,.F.);
#8998=ORIENTED_EDGE('',*,*,#6571,.F.);
#8999=ORIENTED_EDGE('',*,*,#6572,.F.);
#9000=ORIENTED_EDGE('',*,*,#6573,.F.);
#9001=ORIENTED_EDGE('',*,*,#6504,.F.);
#9002=ORIENTED_EDGE('',*,*,#6508,.F.);
#9003=ORIENTED_EDGE('',*,*,#6511,.F.);
#9004=ORIENTED_EDGE('',*,*,#6514,.F.);
#9005=ORIENTED_EDGE('',*,*,#6517,.F.);
#9006=ORIENTED_EDGE('',*,*,#6521,.F.);
#9007=ORIENTED_EDGE('',*,*,#6524,.F.);
#9008=ORIENTED_EDGE('',*,*,#6528,.F.);
#9009=ORIENTED_EDGE('',*,*,#6531,.F.);
#9010=ORIENTED_EDGE('',*,*,#6534,.F.);
#9011=ORIENTED_EDGE('',*,*,#6537,.F.);
#9012=ORIENTED_EDGE('',*,*,#6540,.F.);
#9013=ORIENTED_EDGE('',*,*,#6543,.F.);
#9014=ORIENTED_EDGE('',*,*,#6547,.F.);
#9015=ORIENTED_EDGE('',*,*,#6550,.F.);
#9016=ORIENTED_EDGE('',*,*,#6553,.F.);
#9017=ORIENTED_EDGE('',*,*,#6557,.F.);
#9018=ORIENTED_EDGE('',*,*,#6560,.F.);
#9019=ORIENTED_EDGE('',*,*,#6563,.F.);
#9020=ORIENTED_EDGE('',*,*,#6566,.F.);
#9021=ORIENTED_EDGE('',*,*,#6570,.F.);
#9022=ORIENTED_EDGE('',*,*,#6491,.F.);
#9023=ORIENTED_EDGE('',*,*,#6495,.F.);
#9024=ORIENTED_EDGE('',*,*,#6498,.F.);
#9025=ORIENTED_EDGE('',*,*,#6501,.F.);
#9026=ORIENTED_EDGE('',*,*,#6574,.F.);
#9027=ORIENTED_EDGE('',*,*,#6575,.T.);
#9028=ORIENTED_EDGE('',*,*,#6576,.T.);
#9029=ORIENTED_EDGE('',*,*,#6577,.F.);
#9030=ORIENTED_EDGE('',*,*,#6578,.F.);
#9031=ORIENTED_EDGE('',*,*,#6579,.T.);
#9032=ORIENTED_EDGE('',*,*,#6580,.T.);
#9033=ORIENTED_EDGE('',*,*,#6575,.F.);
#9034=ORIENTED_EDGE('',*,*,#6581,.F.);
#9035=ORIENTED_EDGE('',*,*,#6554,.T.);
#9036=ORIENTED_EDGE('',*,*,#6582,.T.);
#9037=ORIENTED_EDGE('',*,*,#6579,.F.);
#9038=ORIENTED_EDGE('',*,*,#6583,.F.);
#9039=ORIENTED_EDGE('',*,*,#6544,.T.);
#9040=ORIENTED_EDGE('',*,*,#6584,.T.);
#9041=ORIENTED_EDGE('',*,*,#6549,.F.);
#9042=ORIENTED_EDGE('',*,*,#6585,.F.);
#9043=ORIENTED_EDGE('',*,*,#6586,.T.);
#9044=ORIENTED_EDGE('',*,*,#6587,.T.);
#9045=ORIENTED_EDGE('',*,*,#6539,.F.);
#9046=ORIENTED_EDGE('',*,*,#6588,.F.);
#9047=ORIENTED_EDGE('',*,*,#6577,.T.);
#9048=ORIENTED_EDGE('',*,*,#6589,.T.);
#9049=ORIENTED_EDGE('',*,*,#6586,.F.);
#9050=ORIENTED_EDGE('',*,*,#6589,.F.);
#9051=ORIENTED_EDGE('',*,*,#6576,.F.);
#9052=ORIENTED_EDGE('',*,*,#6580,.F.);
#9053=ORIENTED_EDGE('',*,*,#6582,.F.);
#9054=ORIENTED_EDGE('',*,*,#6584,.F.);
#9055=ORIENTED_EDGE('',*,*,#6587,.F.);
#9056=ORIENTED_EDGE('',*,*,#6590,.F.);
#9057=ORIENTED_EDGE('',*,*,#6591,.T.);
#9058=ORIENTED_EDGE('',*,*,#6592,.T.);
#9059=ORIENTED_EDGE('',*,*,#6593,.F.);
#9060=ORIENTED_EDGE('',*,*,#6594,.F.);
#9061=ORIENTED_EDGE('',*,*,#6595,.T.);
#9062=ORIENTED_EDGE('',*,*,#6596,.T.);
#9063=ORIENTED_EDGE('',*,*,#6597,.F.);
#9064=ORIENTED_EDGE('',*,*,#6598,.F.);
#9065=ORIENTED_EDGE('',*,*,#6599,.T.);
#9066=ORIENTED_EDGE('',*,*,#6600,.T.);
#9067=ORIENTED_EDGE('',*,*,#6601,.F.);
#9068=ORIENTED_EDGE('',*,*,#6602,.F.);
#9069=ORIENTED_EDGE('',*,*,#6593,.T.);
#9070=ORIENTED_EDGE('',*,*,#6603,.T.);
#9071=ORIENTED_EDGE('',*,*,#6604,.F.);
#9072=ORIENTED_EDGE('',*,*,#6603,.F.);
#9073=ORIENTED_EDGE('',*,*,#6592,.F.);
#9074=ORIENTED_EDGE('',*,*,#6596,.F.);
#9075=ORIENTED_EDGE('',*,*,#6600,.F.);
#9076=ORIENTED_EDGE('',*,*,#6605,.F.);
#9077=ORIENTED_EDGE('',*,*,#6606,.T.);
#9078=ORIENTED_EDGE('',*,*,#6607,.T.);
#9079=ORIENTED_EDGE('',*,*,#6608,.F.);
#9080=ORIENTED_EDGE('',*,*,#6609,.F.);
#9081=ORIENTED_EDGE('',*,*,#6492,.T.);
#9082=ORIENTED_EDGE('',*,*,#6610,.T.);
#9083=ORIENTED_EDGE('',*,*,#6606,.F.);
#9084=ORIENTED_EDGE('',*,*,#6611,.F.);
#9085=ORIENTED_EDGE('',*,*,#6612,.T.);
#9086=ORIENTED_EDGE('',*,*,#6613,.T.);
#9087=ORIENTED_EDGE('',*,*,#6569,.F.);
#9088=ORIENTED_EDGE('',*,*,#6614,.F.);
#9089=ORIENTED_EDGE('',*,*,#6567,.T.);
#9090=ORIENTED_EDGE('',*,*,#6615,.T.);
#9091=ORIENTED_EDGE('',*,*,#6612,.F.);
#9092=ORIENTED_EDGE('',*,*,#6616,.F.);
#9093=ORIENTED_EDGE('',*,*,#6617,.T.);
#9094=ORIENTED_EDGE('',*,*,#6618,.T.);
#9095=ORIENTED_EDGE('',*,*,#6562,.F.);
#9096=ORIENTED_EDGE('',*,*,#6619,.F.);
#9097=ORIENTED_EDGE('',*,*,#6604,.T.);
#9098=ORIENTED_EDGE('',*,*,#6620,.T.);
#9099=ORIENTED_EDGE('',*,*,#6617,.F.);
#9100=ORIENTED_EDGE('',*,*,#6621,.F.);
#9101=ORIENTED_EDGE('',*,*,#6622,.T.);
#9102=ORIENTED_EDGE('',*,*,#6623,.T.);
#9103=ORIENTED_EDGE('',*,*,#6599,.F.);
#9104=ORIENTED_EDGE('',*,*,#6624,.F.);
#9105=ORIENTED_EDGE('',*,*,#6625,.T.);
#9106=ORIENTED_EDGE('',*,*,#6626,.T.);
#9107=ORIENTED_EDGE('',*,*,#6622,.F.);
#9108=ORIENTED_EDGE('',*,*,#6626,.F.);
#9109=ORIENTED_EDGE('',*,*,#6607,.F.);
#9110=ORIENTED_EDGE('',*,*,#6610,.F.);
#9111=ORIENTED_EDGE('',*,*,#6613,.F.);
#9112=ORIENTED_EDGE('',*,*,#6615,.F.);
#9113=ORIENTED_EDGE('',*,*,#6618,.F.);
#9114=ORIENTED_EDGE('',*,*,#6620,.F.);
#9115=ORIENTED_EDGE('',*,*,#6623,.F.);
#9116=ORIENTED_EDGE('',*,*,#6627,.F.);
#9117=ORIENTED_EDGE('',*,*,#6601,.T.);
#9118=ORIENTED_EDGE('',*,*,#6628,.T.);
#9119=ORIENTED_EDGE('',*,*,#6625,.F.);
#9120=ORIENTED_EDGE('',*,*,#6629,.F.);
#9121=ORIENTED_EDGE('',*,*,#6630,.T.);
#9122=ORIENTED_EDGE('',*,*,#6631,.T.);
#9123=ORIENTED_EDGE('',*,*,#6595,.F.);
#9124=ORIENTED_EDGE('',*,*,#6632,.F.);
#9125=ORIENTED_EDGE('',*,*,#6633,.T.);
#9126=ORIENTED_EDGE('',*,*,#6634,.T.);
#9127=ORIENTED_EDGE('',*,*,#6635,.F.);
#9128=ORIENTED_EDGE('',*,*,#6636,.F.);
#9129=ORIENTED_EDGE('',*,*,#6608,.T.);
#9130=ORIENTED_EDGE('',*,*,#6637,.T.);
#9131=ORIENTED_EDGE('',*,*,#6633,.F.);
#9132=ORIENTED_EDGE('',*,*,#6637,.F.);
#9133=ORIENTED_EDGE('',*,*,#6628,.F.);
#9134=ORIENTED_EDGE('',*,*,#6631,.F.);
#9135=ORIENTED_EDGE('',*,*,#6634,.F.);
#9136=ORIENTED_EDGE('',*,*,#6638,.F.);
#9137=ORIENTED_EDGE('',*,*,#6597,.T.);
#9138=ORIENTED_EDGE('',*,*,#6639,.T.);
#9139=ORIENTED_EDGE('',*,*,#6640,.F.);
#9140=ORIENTED_EDGE('',*,*,#6641,.F.);
#9141=ORIENTED_EDGE('',*,*,#6642,.T.);
#9142=ORIENTED_EDGE('',*,*,#6643,.T.);
#9143=ORIENTED_EDGE('',*,*,#6591,.F.);
#9144=ORIENTED_EDGE('',*,*,#6644,.F.);
#9145=ORIENTED_EDGE('',*,*,#6645,.T.);
#9146=ORIENTED_EDGE('',*,*,#6646,.T.);
#9147=ORIENTED_EDGE('',*,*,#6642,.F.);
#9148=ORIENTED_EDGE('',*,*,#6647,.F.);
#9149=ORIENTED_EDGE('',*,*,#6648,.T.);
#9150=ORIENTED_EDGE('',*,*,#6649,.T.);
#9151=ORIENTED_EDGE('',*,*,#6645,.F.);
#9152=ORIENTED_EDGE('',*,*,#6650,.F.);
#9153=ORIENTED_EDGE('',*,*,#6651,.T.);
#9154=ORIENTED_EDGE('',*,*,#6652,.T.);
#9155=ORIENTED_EDGE('',*,*,#6648,.F.);
#9156=ORIENTED_EDGE('',*,*,#6653,.F.);
#9157=ORIENTED_EDGE('',*,*,#6654,.T.);
#9158=ORIENTED_EDGE('',*,*,#6655,.T.);
#9159=ORIENTED_EDGE('',*,*,#6651,.F.);
#9160=ORIENTED_EDGE('',*,*,#6656,.F.);
#9161=ORIENTED_EDGE('',*,*,#6657,.T.);
#9162=ORIENTED_EDGE('',*,*,#6658,.T.);
#9163=ORIENTED_EDGE('',*,*,#6654,.F.);
#9164=ORIENTED_EDGE('',*,*,#6659,.F.);
#9165=ORIENTED_EDGE('',*,*,#6660,.T.);
#9166=ORIENTED_EDGE('',*,*,#6661,.T.);
#9167=ORIENTED_EDGE('',*,*,#6657,.F.);
#9168=ORIENTED_EDGE('',*,*,#6662,.F.);
#9169=ORIENTED_EDGE('',*,*,#6663,.T.);
#9170=ORIENTED_EDGE('',*,*,#6664,.T.);
#9171=ORIENTED_EDGE('',*,*,#6660,.F.);
#9172=ORIENTED_EDGE('',*,*,#6665,.F.);
#9173=ORIENTED_EDGE('',*,*,#6666,.T.);
#9174=ORIENTED_EDGE('',*,*,#6667,.T.);
#9175=ORIENTED_EDGE('',*,*,#6663,.F.);
#9176=ORIENTED_EDGE('',*,*,#6668,.F.);
#9177=ORIENTED_EDGE('',*,*,#6669,.T.);
#9178=ORIENTED_EDGE('',*,*,#6670,.T.);
#9179=ORIENTED_EDGE('',*,*,#6666,.F.);
#9180=ORIENTED_EDGE('',*,*,#6671,.F.);
#9181=ORIENTED_EDGE('',*,*,#6672,.T.);
#9182=ORIENTED_EDGE('',*,*,#6673,.T.);
#9183=ORIENTED_EDGE('',*,*,#6669,.F.);
#9184=ORIENTED_EDGE('',*,*,#6674,.F.);
#9185=ORIENTED_EDGE('',*,*,#6675,.T.);
#9186=ORIENTED_EDGE('',*,*,#6676,.T.);
#9187=ORIENTED_EDGE('',*,*,#6672,.F.);
#9188=ORIENTED_EDGE('',*,*,#6677,.F.);
#9189=ORIENTED_EDGE('',*,*,#6468,.T.);
#9190=ORIENTED_EDGE('',*,*,#6678,.T.);
#9191=ORIENTED_EDGE('',*,*,#6675,.F.);
#9192=ORIENTED_EDGE('',*,*,#6679,.F.);
#9193=ORIENTED_EDGE('',*,*,#6680,.T.);
#9194=ORIENTED_EDGE('',*,*,#6681,.T.);
#9195=ORIENTED_EDGE('',*,*,#6462,.F.);
#9196=ORIENTED_EDGE('',*,*,#6682,.F.);
#9197=ORIENTED_EDGE('',*,*,#6683,.T.);
#9198=ORIENTED_EDGE('',*,*,#6684,.T.);
#9199=ORIENTED_EDGE('',*,*,#6680,.F.);
#9200=ORIENTED_EDGE('',*,*,#6685,.F.);
#9201=ORIENTED_EDGE('',*,*,#6686,.T.);
#9202=ORIENTED_EDGE('',*,*,#6687,.T.);
#9203=ORIENTED_EDGE('',*,*,#6688,.F.);
#9204=ORIENTED_EDGE('',*,*,#6689,.F.);
#9205=ORIENTED_EDGE('',*,*,#6690,.T.);
#9206=ORIENTED_EDGE('',*,*,#6691,.T.);
#9207=ORIENTED_EDGE('',*,*,#6686,.F.);
#9208=ORIENTED_EDGE('',*,*,#6692,.F.);
#9209=ORIENTED_EDGE('',*,*,#6693,.T.);
#9210=ORIENTED_EDGE('',*,*,#6694,.T.);
#9211=ORIENTED_EDGE('',*,*,#6690,.F.);
#9212=ORIENTED_EDGE('',*,*,#6695,.F.);
#9213=ORIENTED_EDGE('',*,*,#6696,.T.);
#9214=ORIENTED_EDGE('',*,*,#6697,.T.);
#9215=ORIENTED_EDGE('',*,*,#6693,.F.);
#9216=ORIENTED_EDGE('',*,*,#6698,.F.);
#9217=ORIENTED_EDGE('',*,*,#6635,.T.);
#9218=ORIENTED_EDGE('',*,*,#6699,.T.);
#9219=ORIENTED_EDGE('',*,*,#6696,.F.);
#9220=ORIENTED_EDGE('',*,*,#6700,.F.);
#9221=ORIENTED_EDGE('',*,*,#6640,.T.);
#9222=ORIENTED_EDGE('',*,*,#6701,.T.);
#9223=ORIENTED_EDGE('',*,*,#6630,.F.);
#9224=ORIENTED_EDGE('',*,*,#6701,.F.);
#9225=ORIENTED_EDGE('',*,*,#6639,.F.);
#9226=ORIENTED_EDGE('',*,*,#6643,.F.);
#9227=ORIENTED_EDGE('',*,*,#6646,.F.);
#9228=ORIENTED_EDGE('',*,*,#6649,.F.);
#9229=ORIENTED_EDGE('',*,*,#6652,.F.);
#9230=ORIENTED_EDGE('',*,*,#6655,.F.);
#9231=ORIENTED_EDGE('',*,*,#6658,.F.);
#9232=ORIENTED_EDGE('',*,*,#6661,.F.);
#9233=ORIENTED_EDGE('',*,*,#6664,.F.);
#9234=ORIENTED_EDGE('',*,*,#6667,.F.);
#9235=ORIENTED_EDGE('',*,*,#6670,.F.);
#9236=ORIENTED_EDGE('',*,*,#6673,.F.);
#9237=ORIENTED_EDGE('',*,*,#6676,.F.);
#9238=ORIENTED_EDGE('',*,*,#6678,.F.);
#9239=ORIENTED_EDGE('',*,*,#6681,.F.);
#9240=ORIENTED_EDGE('',*,*,#6684,.F.);
#9241=ORIENTED_EDGE('',*,*,#6687,.F.);
#9242=ORIENTED_EDGE('',*,*,#6691,.F.);
#9243=ORIENTED_EDGE('',*,*,#6694,.F.);
#9244=ORIENTED_EDGE('',*,*,#6697,.F.);
#9245=ORIENTED_EDGE('',*,*,#6699,.F.);
#9246=ORIENTED_EDGE('',*,*,#6702,.F.);
#9247=ORIENTED_EDGE('',*,*,#6703,.T.);
#9248=ORIENTED_EDGE('',*,*,#6704,.T.);
#9249=ORIENTED_EDGE('',*,*,#6705,.F.);
#9250=ORIENTED_EDGE('',*,*,#6706,.F.);
#9251=ORIENTED_EDGE('',*,*,#6488,.T.);
#9252=ORIENTED_EDGE('',*,*,#6707,.T.);
#9253=ORIENTED_EDGE('',*,*,#6703,.F.);
#9254=ORIENTED_EDGE('',*,*,#6708,.F.);
#9255=ORIENTED_EDGE('',*,*,#6709,.T.);
#9256=ORIENTED_EDGE('',*,*,#6710,.T.);
#9257=ORIENTED_EDGE('',*,*,#6483,.F.);
#9258=ORIENTED_EDGE('',*,*,#6711,.F.);
#9259=ORIENTED_EDGE('',*,*,#6712,.T.);
#9260=ORIENTED_EDGE('',*,*,#6713,.T.);
#9261=ORIENTED_EDGE('',*,*,#6709,.F.);
#9262=ORIENTED_EDGE('',*,*,#6714,.F.);
#9263=ORIENTED_EDGE('',*,*,#6715,.T.);
#9264=ORIENTED_EDGE('',*,*,#6716,.T.);
#9265=ORIENTED_EDGE('',*,*,#6712,.F.);
#9266=ORIENTED_EDGE('',*,*,#6717,.F.);
#9267=ORIENTED_EDGE('',*,*,#6718,.T.);
#9268=ORIENTED_EDGE('',*,*,#6719,.T.);
#9269=ORIENTED_EDGE('',*,*,#6715,.F.);
#9270=ORIENTED_EDGE('',*,*,#6720,.F.);
#9271=ORIENTED_EDGE('',*,*,#6721,.T.);
#9272=ORIENTED_EDGE('',*,*,#6722,.T.);
#9273=ORIENTED_EDGE('',*,*,#6718,.F.);
#9274=ORIENTED_EDGE('',*,*,#6723,.F.);
#9275=ORIENTED_EDGE('',*,*,#6724,.T.);
#9276=ORIENTED_EDGE('',*,*,#6725,.T.);
#9277=ORIENTED_EDGE('',*,*,#6721,.F.);
#9278=ORIENTED_EDGE('',*,*,#6726,.F.);
#9279=ORIENTED_EDGE('',*,*,#6727,.T.);
#9280=ORIENTED_EDGE('',*,*,#6728,.T.);
#9281=ORIENTED_EDGE('',*,*,#6729,.F.);
#9282=ORIENTED_EDGE('',*,*,#6730,.F.);
#9283=ORIENTED_EDGE('',*,*,#6731,.T.);
#9284=ORIENTED_EDGE('',*,*,#6732,.T.);
#9285=ORIENTED_EDGE('',*,*,#6727,.F.);
#9286=ORIENTED_EDGE('',*,*,#6733,.F.);
#9287=ORIENTED_EDGE('',*,*,#6734,.T.);
#9288=ORIENTED_EDGE('',*,*,#6735,.T.);
#9289=ORIENTED_EDGE('',*,*,#6736,.F.);
#9290=ORIENTED_EDGE('',*,*,#6737,.F.);
#9291=ORIENTED_EDGE('',*,*,#6738,.T.);
#9292=ORIENTED_EDGE('',*,*,#6739,.T.);
#9293=ORIENTED_EDGE('',*,*,#6740,.F.);
#9294=ORIENTED_EDGE('',*,*,#6741,.F.);
#9295=ORIENTED_EDGE('',*,*,#6742,.T.);
#9296=ORIENTED_EDGE('',*,*,#6743,.T.);
#9297=ORIENTED_EDGE('',*,*,#6738,.F.);
#9298=ORIENTED_EDGE('',*,*,#6744,.F.);
#9299=ORIENTED_EDGE('',*,*,#6745,.T.);
#9300=ORIENTED_EDGE('',*,*,#6746,.T.);
#9301=ORIENTED_EDGE('',*,*,#6742,.F.);
#9302=ORIENTED_EDGE('',*,*,#6747,.F.);
#9303=ORIENTED_EDGE('',*,*,#6748,.T.);
#9304=ORIENTED_EDGE('',*,*,#6749,.T.);
#9305=ORIENTED_EDGE('',*,*,#6745,.F.);
#9306=ORIENTED_EDGE('',*,*,#6750,.F.);
#9307=ORIENTED_EDGE('',*,*,#6751,.T.);
#9308=ORIENTED_EDGE('',*,*,#6752,.T.);
#9309=ORIENTED_EDGE('',*,*,#6748,.F.);
#9310=ORIENTED_EDGE('',*,*,#6752,.F.);
#9311=ORIENTED_EDGE('',*,*,#6704,.F.);
#9312=ORIENTED_EDGE('',*,*,#6707,.F.);
#9313=ORIENTED_EDGE('',*,*,#6710,.F.);
#9314=ORIENTED_EDGE('',*,*,#6713,.F.);
#9315=ORIENTED_EDGE('',*,*,#6716,.F.);
#9316=ORIENTED_EDGE('',*,*,#6719,.F.);
#9317=ORIENTED_EDGE('',*,*,#6722,.F.);
#9318=ORIENTED_EDGE('',*,*,#6725,.F.);
#9319=ORIENTED_EDGE('',*,*,#6728,.F.);
#9320=ORIENTED_EDGE('',*,*,#6732,.F.);
#9321=ORIENTED_EDGE('',*,*,#6735,.F.);
#9322=ORIENTED_EDGE('',*,*,#6739,.F.);
#9323=ORIENTED_EDGE('',*,*,#6743,.F.);
#9324=ORIENTED_EDGE('',*,*,#6746,.F.);
#9325=ORIENTED_EDGE('',*,*,#6749,.F.);
#9326=ORIENTED_EDGE('',*,*,#6753,.F.);
#9327=ORIENTED_EDGE('',*,*,#6464,.T.);
#9328=ORIENTED_EDGE('',*,*,#6754,.T.);
#9329=ORIENTED_EDGE('',*,*,#6683,.F.);
#9330=ORIENTED_EDGE('',*,*,#6755,.F.);
#9331=ORIENTED_EDGE('',*,*,#6756,.T.);
#9332=ORIENTED_EDGE('',*,*,#6757,.T.);
#9333=ORIENTED_EDGE('',*,*,#6473,.F.);
#9334=ORIENTED_EDGE('',*,*,#6758,.F.);
#9335=ORIENTED_EDGE('',*,*,#6759,.T.);
#9336=ORIENTED_EDGE('',*,*,#6760,.T.);
#9337=ORIENTED_EDGE('',*,*,#6761,.F.);
#9338=ORIENTED_EDGE('',*,*,#6762,.F.);
#9339=ORIENTED_EDGE('',*,*,#6688,.T.);
#9340=ORIENTED_EDGE('',*,*,#6763,.T.);
#9341=ORIENTED_EDGE('',*,*,#6759,.F.);
#9342=ORIENTED_EDGE('',*,*,#6763,.F.);
#9343=ORIENTED_EDGE('',*,*,#6754,.F.);
#9344=ORIENTED_EDGE('',*,*,#6757,.F.);
#9345=ORIENTED_EDGE('',*,*,#6760,.F.);
#9346=ORIENTED_EDGE('',*,*,#6764,.F.);
#9347=ORIENTED_EDGE('',*,*,#6478,.T.);
#9348=ORIENTED_EDGE('',*,*,#6765,.T.);
#9349=ORIENTED_EDGE('',*,*,#6756,.F.);
#9350=ORIENTED_EDGE('',*,*,#6766,.F.);
#9351=ORIENTED_EDGE('',*,*,#6705,.T.);
#9352=ORIENTED_EDGE('',*,*,#6767,.T.);
#9353=ORIENTED_EDGE('',*,*,#6486,.F.);
#9354=ORIENTED_EDGE('',*,*,#6768,.F.);
#9355=ORIENTED_EDGE('',*,*,#6769,.T.);
#9356=ORIENTED_EDGE('',*,*,#6770,.T.);
#9357=ORIENTED_EDGE('',*,*,#6751,.F.);
#9358=ORIENTED_EDGE('',*,*,#6771,.F.);
#9359=ORIENTED_EDGE('',*,*,#6761,.T.);
#9360=ORIENTED_EDGE('',*,*,#6772,.T.);
#9361=ORIENTED_EDGE('',*,*,#6769,.F.);
#9362=ORIENTED_EDGE('',*,*,#6772,.F.);
#9363=ORIENTED_EDGE('',*,*,#6765,.F.);
#9364=ORIENTED_EDGE('',*,*,#6767,.F.);
#9365=ORIENTED_EDGE('',*,*,#6770,.F.);
#9366=ORIENTED_EDGE('',*,*,#6773,.F.);
#9367=ORIENTED_EDGE('',*,*,#6736,.T.);
#9368=ORIENTED_EDGE('',*,*,#6774,.T.);
#9369=ORIENTED_EDGE('',*,*,#6775,.F.);
#9370=ORIENTED_EDGE('',*,*,#6776,.F.);
#9371=ORIENTED_EDGE('',*,*,#6777,.T.);
#9372=ORIENTED_EDGE('',*,*,#6778,.T.);
#9373=ORIENTED_EDGE('',*,*,#6731,.F.);
#9374=ORIENTED_EDGE('',*,*,#6779,.F.);
#9375=ORIENTED_EDGE('',*,*,#6729,.T.);
#9376=ORIENTED_EDGE('',*,*,#6780,.T.);
#9377=ORIENTED_EDGE('',*,*,#6777,.F.);
#9378=ORIENTED_EDGE('',*,*,#6781,.F.);
#9379=ORIENTED_EDGE('',*,*,#6782,.T.);
#9380=ORIENTED_EDGE('',*,*,#6783,.T.);
#9381=ORIENTED_EDGE('',*,*,#6724,.F.);
#9382=ORIENTED_EDGE('',*,*,#6784,.F.);
#9383=ORIENTED_EDGE('',*,*,#6785,.T.);
#9384=ORIENTED_EDGE('',*,*,#6786,.T.);
#9385=ORIENTED_EDGE('',*,*,#6782,.F.);
#9386=ORIENTED_EDGE('',*,*,#6787,.F.);
#9387=ORIENTED_EDGE('',*,*,#6788,.T.);
#9388=ORIENTED_EDGE('',*,*,#6789,.T.);
#9389=ORIENTED_EDGE('',*,*,#6785,.F.);
#9390=ORIENTED_EDGE('',*,*,#6790,.F.);
#9391=ORIENTED_EDGE('',*,*,#6791,.T.);
#9392=ORIENTED_EDGE('',*,*,#6792,.T.);
#9393=ORIENTED_EDGE('',*,*,#6788,.F.);
#9394=ORIENTED_EDGE('',*,*,#6793,.F.);
#9395=ORIENTED_EDGE('',*,*,#6794,.T.);
#9396=ORIENTED_EDGE('',*,*,#6795,.T.);
#9397=ORIENTED_EDGE('',*,*,#6791,.F.);
#9398=ORIENTED_EDGE('',*,*,#6795,.F.);
#9399=ORIENTED_EDGE('',*,*,#6774,.F.);
#9400=ORIENTED_EDGE('',*,*,#6778,.F.);
#9401=ORIENTED_EDGE('',*,*,#6780,.F.);
#9402=ORIENTED_EDGE('',*,*,#6783,.F.);
#9403=ORIENTED_EDGE('',*,*,#6786,.F.);
#9404=ORIENTED_EDGE('',*,*,#6789,.F.);
#9405=ORIENTED_EDGE('',*,*,#6792,.F.);
#9406=ORIENTED_EDGE('',*,*,#6796,.F.);
#9407=ORIENTED_EDGE('',*,*,#6797,.T.);
#9408=ORIENTED_EDGE('',*,*,#6798,.T.);
#9409=ORIENTED_EDGE('',*,*,#6799,.F.);
#9410=ORIENTED_EDGE('',*,*,#6800,.F.);
#9411=ORIENTED_EDGE('',*,*,#6801,.T.);
#9412=ORIENTED_EDGE('',*,*,#6802,.T.);
#9413=ORIENTED_EDGE('',*,*,#6803,.F.);
#9414=ORIENTED_EDGE('',*,*,#6804,.F.);
#9415=ORIENTED_EDGE('',*,*,#6805,.T.);
#9416=ORIENTED_EDGE('',*,*,#6806,.T.);
#9417=ORIENTED_EDGE('',*,*,#6807,.F.);
#9418=ORIENTED_EDGE('',*,*,#6808,.F.);
#9419=ORIENTED_EDGE('',*,*,#6799,.T.);
#9420=ORIENTED_EDGE('',*,*,#6809,.T.);
#9421=ORIENTED_EDGE('',*,*,#6810,.F.);
#9422=ORIENTED_EDGE('',*,*,#6809,.F.);
#9423=ORIENTED_EDGE('',*,*,#6798,.F.);
#9424=ORIENTED_EDGE('',*,*,#6802,.F.);
#9425=ORIENTED_EDGE('',*,*,#6806,.F.);
#9426=ORIENTED_EDGE('',*,*,#6811,.F.);
#9427=ORIENTED_EDGE('',*,*,#6810,.T.);
#9428=ORIENTED_EDGE('',*,*,#6812,.T.);
#9429=ORIENTED_EDGE('',*,*,#6813,.F.);
#9430=ORIENTED_EDGE('',*,*,#6814,.F.);
#9431=ORIENTED_EDGE('',*,*,#6815,.T.);
#9432=ORIENTED_EDGE('',*,*,#6816,.T.);
#9433=ORIENTED_EDGE('',*,*,#6805,.F.);
#9434=ORIENTED_EDGE('',*,*,#6817,.F.);
#9435=ORIENTED_EDGE('',*,*,#6818,.T.);
#9436=ORIENTED_EDGE('',*,*,#6819,.T.);
#9437=ORIENTED_EDGE('',*,*,#6820,.F.);
#9438=ORIENTED_EDGE('',*,*,#6821,.F.);
#9439=ORIENTED_EDGE('',*,*,#6813,.T.);
#9440=ORIENTED_EDGE('',*,*,#6822,.T.);
#9441=ORIENTED_EDGE('',*,*,#6823,.F.);
#9442=ORIENTED_EDGE('',*,*,#6822,.F.);
#9443=ORIENTED_EDGE('',*,*,#6812,.F.);
#9444=ORIENTED_EDGE('',*,*,#6816,.F.);
#9445=ORIENTED_EDGE('',*,*,#6819,.F.);
#9446=ORIENTED_EDGE('',*,*,#6824,.F.);
#9447=ORIENTED_EDGE('',*,*,#6825,.T.);
#9448=ORIENTED_EDGE('',*,*,#6826,.T.);
#9449=ORIENTED_EDGE('',*,*,#6794,.F.);
#9450=ORIENTED_EDGE('',*,*,#6827,.F.);
#9451=ORIENTED_EDGE('',*,*,#6828,.T.);
#9452=ORIENTED_EDGE('',*,*,#6829,.T.);
#9453=ORIENTED_EDGE('',*,*,#6825,.F.);
#9454=ORIENTED_EDGE('',*,*,#6830,.F.);
#9455=ORIENTED_EDGE('',*,*,#6831,.T.);
#9456=ORIENTED_EDGE('',*,*,#6832,.T.);
#9457=ORIENTED_EDGE('',*,*,#6828,.F.);
#9458=ORIENTED_EDGE('',*,*,#6833,.F.);
#9459=ORIENTED_EDGE('',*,*,#6834,.T.);
#9460=ORIENTED_EDGE('',*,*,#6835,.T.);
#9461=ORIENTED_EDGE('',*,*,#6831,.F.);
#9462=ORIENTED_EDGE('',*,*,#6836,.F.);
#9463=ORIENTED_EDGE('',*,*,#6837,.T.);
#9464=ORIENTED_EDGE('',*,*,#6838,.T.);
#9465=ORIENTED_EDGE('',*,*,#6839,.F.);
#9466=ORIENTED_EDGE('',*,*,#6840,.F.);
#9467=ORIENTED_EDGE('',*,*,#6803,.T.);
#9468=ORIENTED_EDGE('',*,*,#6841,.T.);
#9469=ORIENTED_EDGE('',*,*,#6837,.F.);
#9470=ORIENTED_EDGE('',*,*,#6842,.F.);
#9471=ORIENTED_EDGE('',*,*,#6843,.T.);
#9472=ORIENTED_EDGE('',*,*,#6844,.T.);
#9473=ORIENTED_EDGE('',*,*,#6797,.F.);
#9474=ORIENTED_EDGE('',*,*,#6845,.F.);
#9475=ORIENTED_EDGE('',*,*,#6846,.T.);
#9476=ORIENTED_EDGE('',*,*,#6847,.T.);
#9477=ORIENTED_EDGE('',*,*,#6843,.F.);
#9478=ORIENTED_EDGE('',*,*,#6848,.F.);
#9479=ORIENTED_EDGE('',*,*,#6849,.T.);
#9480=ORIENTED_EDGE('',*,*,#6850,.T.);
#9481=ORIENTED_EDGE('',*,*,#6846,.F.);
#9482=ORIENTED_EDGE('',*,*,#6851,.F.);
#9483=ORIENTED_EDGE('',*,*,#6740,.T.);
#9484=ORIENTED_EDGE('',*,*,#6852,.T.);
#9485=ORIENTED_EDGE('',*,*,#6849,.F.);
#9486=ORIENTED_EDGE('',*,*,#6853,.F.);
#9487=ORIENTED_EDGE('',*,*,#6854,.T.);
#9488=ORIENTED_EDGE('',*,*,#6855,.T.);
#9489=ORIENTED_EDGE('',*,*,#6734,.F.);
#9490=ORIENTED_EDGE('',*,*,#6856,.F.);
#9491=ORIENTED_EDGE('',*,*,#6775,.T.);
#9492=ORIENTED_EDGE('',*,*,#6857,.T.);
#9493=ORIENTED_EDGE('',*,*,#6854,.F.);
#9494=ORIENTED_EDGE('',*,*,#6857,.F.);
#9495=ORIENTED_EDGE('',*,*,#6826,.F.);
#9496=ORIENTED_EDGE('',*,*,#6829,.F.);
#9497=ORIENTED_EDGE('',*,*,#6832,.F.);
#9498=ORIENTED_EDGE('',*,*,#6835,.F.);
#9499=ORIENTED_EDGE('',*,*,#6838,.F.);
#9500=ORIENTED_EDGE('',*,*,#6841,.F.);
#9501=ORIENTED_EDGE('',*,*,#6844,.F.);
#9502=ORIENTED_EDGE('',*,*,#6847,.F.);
#9503=ORIENTED_EDGE('',*,*,#6850,.F.);
#9504=ORIENTED_EDGE('',*,*,#6852,.F.);
#9505=ORIENTED_EDGE('',*,*,#6855,.F.);
#9506=ORIENTED_EDGE('',*,*,#6858,.F.);
#9507=ORIENTED_EDGE('',*,*,#6820,.T.);
#9508=ORIENTED_EDGE('',*,*,#6859,.T.);
#9509=ORIENTED_EDGE('',*,*,#6860,.F.);
#9510=ORIENTED_EDGE('',*,*,#6861,.F.);
#9511=ORIENTED_EDGE('',*,*,#6862,.T.);
#9512=ORIENTED_EDGE('',*,*,#6863,.T.);
#9513=ORIENTED_EDGE('',*,*,#6815,.F.);
#9514=ORIENTED_EDGE('',*,*,#6864,.F.);
#9515=ORIENTED_EDGE('',*,*,#6865,.T.);
#9516=ORIENTED_EDGE('',*,*,#6866,.T.);
#9517=ORIENTED_EDGE('',*,*,#6867,.F.);
#9518=ORIENTED_EDGE('',*,*,#6868,.F.);
#9519=ORIENTED_EDGE('',*,*,#6869,.T.);
#9520=ORIENTED_EDGE('',*,*,#6870,.T.);
#9521=ORIENTED_EDGE('',*,*,#6865,.F.);
#9522=ORIENTED_EDGE('',*,*,#6870,.F.);
#9523=ORIENTED_EDGE('',*,*,#6859,.F.);
#9524=ORIENTED_EDGE('',*,*,#6863,.F.);
#9525=ORIENTED_EDGE('',*,*,#6866,.F.);
#9526=ORIENTED_EDGE('',*,*,#6871,.F.);
#9527=ORIENTED_EDGE('',*,*,#6807,.T.);
#9528=ORIENTED_EDGE('',*,*,#6872,.T.);
#9529=ORIENTED_EDGE('',*,*,#6862,.F.);
#9530=ORIENTED_EDGE('',*,*,#6873,.F.);
#9531=ORIENTED_EDGE('',*,*,#6839,.T.);
#9532=ORIENTED_EDGE('',*,*,#6874,.T.);
#9533=ORIENTED_EDGE('',*,*,#6801,.F.);
#9534=ORIENTED_EDGE('',*,*,#6875,.F.);
#9535=ORIENTED_EDGE('',*,*,#6876,.T.);
#9536=ORIENTED_EDGE('',*,*,#6877,.T.);
#9537=ORIENTED_EDGE('',*,*,#6834,.F.);
#9538=ORIENTED_EDGE('',*,*,#6878,.F.);
#9539=ORIENTED_EDGE('',*,*,#6867,.T.);
#9540=ORIENTED_EDGE('',*,*,#6879,.T.);
#9541=ORIENTED_EDGE('',*,*,#6876,.F.);
#9542=ORIENTED_EDGE('',*,*,#6879,.F.);
#9543=ORIENTED_EDGE('',*,*,#6872,.F.);
#9544=ORIENTED_EDGE('',*,*,#6874,.F.);
#9545=ORIENTED_EDGE('',*,*,#6877,.F.);
#9546=ORIENTED_EDGE('',*,*,#6880,.F.);
#9547=ORIENTED_EDGE('',*,*,#6881,.T.);
#9548=ORIENTED_EDGE('',*,*,#6882,.T.);
#9549=ORIENTED_EDGE('',*,*,#6520,.F.);
#9550=ORIENTED_EDGE('',*,*,#6883,.F.);
#9551=ORIENTED_EDGE('',*,*,#6518,.T.);
#9552=ORIENTED_EDGE('',*,*,#6884,.T.);
#9553=ORIENTED_EDGE('',*,*,#6881,.F.);
#9554=ORIENTED_EDGE('',*,*,#6885,.F.);
#9555=ORIENTED_EDGE('',*,*,#6886,.T.);
#9556=ORIENTED_EDGE('',*,*,#6887,.T.);
#9557=ORIENTED_EDGE('',*,*,#6513,.F.);
#9558=ORIENTED_EDGE('',*,*,#6888,.F.);
#9559=ORIENTED_EDGE('',*,*,#6889,.T.);
#9560=ORIENTED_EDGE('',*,*,#6890,.T.);
#9561=ORIENTED_EDGE('',*,*,#6886,.F.);
#9562=ORIENTED_EDGE('',*,*,#6891,.F.);
#9563=ORIENTED_EDGE('',*,*,#6892,.T.);
#9564=ORIENTED_EDGE('',*,*,#6893,.T.);
#9565=ORIENTED_EDGE('',*,*,#6889,.F.);
#9566=ORIENTED_EDGE('',*,*,#6894,.F.);
#9567=ORIENTED_EDGE('',*,*,#6895,.T.);
#9568=ORIENTED_EDGE('',*,*,#6896,.T.);
#9569=ORIENTED_EDGE('',*,*,#6892,.F.);
#9570=ORIENTED_EDGE('',*,*,#6897,.F.);
#9571=ORIENTED_EDGE('',*,*,#6898,.T.);
#9572=ORIENTED_EDGE('',*,*,#6899,.T.);
#9573=ORIENTED_EDGE('',*,*,#6895,.F.);
#9574=ORIENTED_EDGE('',*,*,#6900,.F.);
#9575=ORIENTED_EDGE('',*,*,#6901,.T.);
#9576=ORIENTED_EDGE('',*,*,#6902,.T.);
#9577=ORIENTED_EDGE('',*,*,#6898,.F.);
#9578=ORIENTED_EDGE('',*,*,#6903,.F.);
#9579=ORIENTED_EDGE('',*,*,#6823,.T.);
#9580=ORIENTED_EDGE('',*,*,#6904,.T.);
#9581=ORIENTED_EDGE('',*,*,#6901,.F.);
#9582=ORIENTED_EDGE('',*,*,#6905,.F.);
#9583=ORIENTED_EDGE('',*,*,#6906,.T.);
#9584=ORIENTED_EDGE('',*,*,#6907,.T.);
#9585=ORIENTED_EDGE('',*,*,#6818,.F.);
#9586=ORIENTED_EDGE('',*,*,#6908,.F.);
#9587=ORIENTED_EDGE('',*,*,#6860,.T.);
#9588=ORIENTED_EDGE('',*,*,#6909,.T.);
#9589=ORIENTED_EDGE('',*,*,#6906,.F.);
#9590=ORIENTED_EDGE('',*,*,#6910,.F.);
#9591=ORIENTED_EDGE('',*,*,#6911,.T.);
#9592=ORIENTED_EDGE('',*,*,#6912,.T.);
#9593=ORIENTED_EDGE('',*,*,#6869,.F.);
#9594=ORIENTED_EDGE('',*,*,#6913,.F.);
#9595=ORIENTED_EDGE('',*,*,#6914,.T.);
#9596=ORIENTED_EDGE('',*,*,#6915,.T.);
#9597=ORIENTED_EDGE('',*,*,#6911,.F.);
#9598=ORIENTED_EDGE('',*,*,#6916,.F.);
#9599=ORIENTED_EDGE('',*,*,#6917,.F.);
#9600=ORIENTED_EDGE('',*,*,#6918,.T.);
#9601=ORIENTED_EDGE('',*,*,#6914,.F.);
#9602=ORIENTED_EDGE('',*,*,#6919,.F.);
#9603=ORIENTED_EDGE('',*,*,#6920,.T.);
#9604=ORIENTED_EDGE('',*,*,#6921,.T.);
#9605=ORIENTED_EDGE('',*,*,#6922,.F.);
#9606=ORIENTED_EDGE('',*,*,#6923,.F.);
#9607=ORIENTED_EDGE('',*,*,#6924,.T.);
#9608=ORIENTED_EDGE('',*,*,#6925,.T.);
#9609=ORIENTED_EDGE('',*,*,#6926,.F.);
#9610=ORIENTED_EDGE('',*,*,#6927,.F.);
#9611=ORIENTED_EDGE('',*,*,#6928,.T.);
#9612=ORIENTED_EDGE('',*,*,#6929,.T.);
#9613=ORIENTED_EDGE('',*,*,#6924,.F.);
#9614=ORIENTED_EDGE('',*,*,#6930,.F.);
#9615=ORIENTED_EDGE('',*,*,#6931,.T.);
#9616=ORIENTED_EDGE('',*,*,#6932,.T.);
#9617=ORIENTED_EDGE('',*,*,#6928,.F.);
#9618=ORIENTED_EDGE('',*,*,#6933,.F.);
#9619=ORIENTED_EDGE('',*,*,#6926,.T.);
#9620=ORIENTED_EDGE('',*,*,#6934,.T.);
#9621=ORIENTED_EDGE('',*,*,#6931,.F.);
#9622=ORIENTED_EDGE('',*,*,#6935,.F.);
#9623=ORIENTED_EDGE('',*,*,#6936,.T.);
#9624=ORIENTED_EDGE('',*,*,#6937,.T.);
#9625=ORIENTED_EDGE('',*,*,#6920,.F.);
#9626=ORIENTED_EDGE('',*,*,#6938,.F.);
#9627=ORIENTED_EDGE('',*,*,#6939,.F.);
#9628=ORIENTED_EDGE('',*,*,#6940,.T.);
#9629=ORIENTED_EDGE('',*,*,#6936,.F.);
#9630=ORIENTED_EDGE('',*,*,#6941,.F.);
#9631=ORIENTED_EDGE('',*,*,#6942,.T.);
#9632=ORIENTED_EDGE('',*,*,#6943,.T.);
#9633=ORIENTED_EDGE('',*,*,#6944,.F.);
#9634=ORIENTED_EDGE('',*,*,#6945,.F.);
#9635=ORIENTED_EDGE('',*,*,#6946,.T.);
#9636=ORIENTED_EDGE('',*,*,#6947,.T.);
#9637=ORIENTED_EDGE('',*,*,#6942,.F.);
#9638=ORIENTED_EDGE('',*,*,#6948,.F.);
#9639=ORIENTED_EDGE('',*,*,#6949,.T.);
#9640=ORIENTED_EDGE('',*,*,#6950,.T.);
#9641=ORIENTED_EDGE('',*,*,#6946,.F.);
#9642=ORIENTED_EDGE('',*,*,#6951,.F.);
#9643=ORIENTED_EDGE('',*,*,#6952,.T.);
#9644=ORIENTED_EDGE('',*,*,#6953,.T.);
#9645=ORIENTED_EDGE('',*,*,#6949,.F.);
#9646=ORIENTED_EDGE('',*,*,#6954,.F.);
#9647=ORIENTED_EDGE('',*,*,#6955,.T.);
#9648=ORIENTED_EDGE('',*,*,#6956,.T.);
#9649=ORIENTED_EDGE('',*,*,#6952,.F.);
#9650=ORIENTED_EDGE('',*,*,#6957,.F.);
#9651=ORIENTED_EDGE('',*,*,#6958,.T.);
#9652=ORIENTED_EDGE('',*,*,#6959,.T.);
#9653=ORIENTED_EDGE('',*,*,#6955,.F.);
#9654=ORIENTED_EDGE('',*,*,#6960,.F.);
#9655=ORIENTED_EDGE('',*,*,#6525,.T.);
#9656=ORIENTED_EDGE('',*,*,#6961,.T.);
#9657=ORIENTED_EDGE('',*,*,#6958,.F.);
#9658=ORIENTED_EDGE('',*,*,#6962,.F.);
#9659=ORIENTED_EDGE('',*,*,#6963,.F.);
#9660=ORIENTED_EDGE('',*,*,#6921,.F.);
#9661=ORIENTED_EDGE('',*,*,#6925,.F.);
#9662=ORIENTED_EDGE('',*,*,#6929,.F.);
#9663=ORIENTED_EDGE('',*,*,#6932,.F.);
#9664=ORIENTED_EDGE('',*,*,#6934,.F.);
#9665=ORIENTED_EDGE('',*,*,#6937,.F.);
#9666=ORIENTED_EDGE('',*,*,#6940,.F.);
#9667=ORIENTED_EDGE('',*,*,#6964,.F.);
#9668=ORIENTED_EDGE('',*,*,#6965,.F.);
#9669=ORIENTED_EDGE('',*,*,#6943,.F.);
#9670=ORIENTED_EDGE('',*,*,#6947,.F.);
#9671=ORIENTED_EDGE('',*,*,#6950,.F.);
#9672=ORIENTED_EDGE('',*,*,#6953,.F.);
#9673=ORIENTED_EDGE('',*,*,#6956,.F.);
#9674=ORIENTED_EDGE('',*,*,#6959,.F.);
#9675=ORIENTED_EDGE('',*,*,#6961,.F.);
#9676=ORIENTED_EDGE('',*,*,#6882,.F.);
#9677=ORIENTED_EDGE('',*,*,#6884,.F.);
#9678=ORIENTED_EDGE('',*,*,#6887,.F.);
#9679=ORIENTED_EDGE('',*,*,#6890,.F.);
#9680=ORIENTED_EDGE('',*,*,#6893,.F.);
#9681=ORIENTED_EDGE('',*,*,#6896,.F.);
#9682=ORIENTED_EDGE('',*,*,#6899,.F.);
#9683=ORIENTED_EDGE('',*,*,#6902,.F.);
#9684=ORIENTED_EDGE('',*,*,#6904,.F.);
#9685=ORIENTED_EDGE('',*,*,#6907,.F.);
#9686=ORIENTED_EDGE('',*,*,#6909,.F.);
#9687=ORIENTED_EDGE('',*,*,#6912,.F.);
#9688=ORIENTED_EDGE('',*,*,#6915,.F.);
#9689=ORIENTED_EDGE('',*,*,#6918,.F.);
#9690=ORIENTED_EDGE('',*,*,#6966,.T.);
#9691=ORIENTED_EDGE('',*,*,#6967,.T.);
#9692=ORIENTED_EDGE('',*,*,#6968,.F.);
#9693=ORIENTED_EDGE('',*,*,#6571,.T.);
#9694=ORIENTED_EDGE('',*,*,#6500,.T.);
#9695=ORIENTED_EDGE('',*,*,#6969,.F.);
#9696=ORIENTED_EDGE('',*,*,#6970,.T.);
#9697=ORIENTED_EDGE('',*,*,#6971,.T.);
#9698=ORIENTED_EDGE('',*,*,#6966,.F.);
#9699=ORIENTED_EDGE('',*,*,#6972,.F.);
#9700=ORIENTED_EDGE('',*,*,#6573,.T.);
#9701=ORIENTED_EDGE('',*,*,#6973,.T.);
#9702=ORIENTED_EDGE('',*,*,#6974,.T.);
#9703=ORIENTED_EDGE('',*,*,#6970,.F.);
#9704=ORIENTED_EDGE('',*,*,#6975,.F.);
#9705=ORIENTED_EDGE('',*,*,#6505,.T.);
#9706=ORIENTED_EDGE('',*,*,#6976,.T.);
#9707=ORIENTED_EDGE('',*,*,#6977,.T.);
#9708=ORIENTED_EDGE('',*,*,#6978,.F.);
#9709=ORIENTED_EDGE('',*,*,#6979,.F.);
#9710=ORIENTED_EDGE('',*,*,#6980,.T.);
#9711=ORIENTED_EDGE('',*,*,#6981,.T.);
#9712=ORIENTED_EDGE('',*,*,#6976,.F.);
#9713=ORIENTED_EDGE('',*,*,#6982,.F.);
#9714=ORIENTED_EDGE('',*,*,#6983,.T.);
#9715=ORIENTED_EDGE('',*,*,#6984,.T.);
#9716=ORIENTED_EDGE('',*,*,#6980,.F.);
#9717=ORIENTED_EDGE('',*,*,#6985,.F.);
#9718=ORIENTED_EDGE('',*,*,#6986,.T.);
#9719=ORIENTED_EDGE('',*,*,#6987,.T.);
#9720=ORIENTED_EDGE('',*,*,#6983,.F.);
#9721=ORIENTED_EDGE('',*,*,#6988,.F.);
#9722=ORIENTED_EDGE('',*,*,#6933,.T.);
#9723=ORIENTED_EDGE('',*,*,#6930,.T.);
#9724=ORIENTED_EDGE('',*,*,#6927,.T.);
#9725=ORIENTED_EDGE('',*,*,#6923,.T.);
#9726=ORIENTED_EDGE('',*,*,#6519,.T.);
#9727=ORIENTED_EDGE('',*,*,#6515,.T.);
#9728=ORIENTED_EDGE('',*,*,#6883,.T.);
#9729=ORIENTED_EDGE('',*,*,#6880,.T.);
#9730=ORIENTED_EDGE('',*,*,#6499,.T.);
#9731=ORIENTED_EDGE('',*,*,#6496,.T.);
#9732=ORIENTED_EDGE('',*,*,#6493,.T.);
#9733=ORIENTED_EDGE('',*,*,#6489,.T.);
#9734=ORIENTED_EDGE('',*,*,#6609,.T.);
#9735=ORIENTED_EDGE('',*,*,#6605,.T.);
#9736=ORIENTED_EDGE('',*,*,#6636,.T.);
#9737=ORIENTED_EDGE('',*,*,#6632,.T.);
#9738=ORIENTED_EDGE('',*,*,#6698,.T.);
#9739=ORIENTED_EDGE('',*,*,#6695,.T.);
#9740=ORIENTED_EDGE('',*,*,#6692,.T.);
#9741=ORIENTED_EDGE('',*,*,#6689,.T.);
#9742=ORIENTED_EDGE('',*,*,#6685,.T.);
#9743=ORIENTED_EDGE('',*,*,#6762,.T.);
#9744=ORIENTED_EDGE('',*,*,#6758,.T.);
#9745=ORIENTED_EDGE('',*,*,#6771,.T.);
#9746=ORIENTED_EDGE('',*,*,#6768,.T.);
#9747=ORIENTED_EDGE('',*,*,#6750,.T.);
#9748=ORIENTED_EDGE('',*,*,#6747,.T.);
#9749=ORIENTED_EDGE('',*,*,#6744,.T.);
#9750=ORIENTED_EDGE('',*,*,#6741,.T.);
#9751=ORIENTED_EDGE('',*,*,#6737,.T.);
#9752=ORIENTED_EDGE('',*,*,#6851,.T.);
#9753=ORIENTED_EDGE('',*,*,#6848,.T.);
#9754=ORIENTED_EDGE('',*,*,#6845,.T.);
#9755=ORIENTED_EDGE('',*,*,#6842,.T.);
#9756=ORIENTED_EDGE('',*,*,#6796,.T.);
#9757=ORIENTED_EDGE('',*,*,#6808,.T.);
#9758=ORIENTED_EDGE('',*,*,#6811,.T.);
#9759=ORIENTED_EDGE('',*,*,#6821,.T.);
#9760=ORIENTED_EDGE('',*,*,#6903,.T.);
#9761=ORIENTED_EDGE('',*,*,#6900,.T.);
#9762=ORIENTED_EDGE('',*,*,#6897,.T.);
#9763=ORIENTED_EDGE('',*,*,#6894,.T.);
#9764=ORIENTED_EDGE('',*,*,#6891,.T.);
#9765=ORIENTED_EDGE('',*,*,#6888,.T.);
#9766=ORIENTED_EDGE('',*,*,#6885,.T.);
#9767=ORIENTED_EDGE('',*,*,#6512,.T.);
#9768=ORIENTED_EDGE('',*,*,#6509,.T.);
#9769=ORIENTED_EDGE('',*,*,#6506,.T.);
#9770=ORIENTED_EDGE('',*,*,#6502,.T.);
#9771=ORIENTED_EDGE('',*,*,#6975,.T.);
#9772=ORIENTED_EDGE('',*,*,#6972,.T.);
#9773=ORIENTED_EDGE('',*,*,#6969,.T.);
#9774=ORIENTED_EDGE('',*,*,#6989,.T.);
#9775=ORIENTED_EDGE('',*,*,#6990,.T.);
#9776=ORIENTED_EDGE('',*,*,#6991,.T.);
#9777=ORIENTED_EDGE('',*,*,#6992,.T.);
#9778=ORIENTED_EDGE('',*,*,#6993,.T.);
#9779=ORIENTED_EDGE('',*,*,#6994,.T.);
#9780=ORIENTED_EDGE('',*,*,#6995,.T.);
#9781=ORIENTED_EDGE('',*,*,#6996,.T.);
#9782=ORIENTED_EDGE('',*,*,#6997,.T.);
#9783=ORIENTED_EDGE('',*,*,#6998,.T.);
#9784=ORIENTED_EDGE('',*,*,#6999,.T.);
#9785=ORIENTED_EDGE('',*,*,#7000,.T.);
#9786=ORIENTED_EDGE('',*,*,#7001,.T.);
#9787=ORIENTED_EDGE('',*,*,#7002,.T.);
#9788=ORIENTED_EDGE('',*,*,#7003,.T.);
#9789=ORIENTED_EDGE('',*,*,#7004,.T.);
#9790=ORIENTED_EDGE('',*,*,#7005,.T.);
#9791=ORIENTED_EDGE('',*,*,#7006,.T.);
#9792=ORIENTED_EDGE('',*,*,#7007,.T.);
#9793=ORIENTED_EDGE('',*,*,#7008,.T.);
#9794=ORIENTED_EDGE('',*,*,#7009,.T.);
#9795=ORIENTED_EDGE('',*,*,#7010,.T.);
#9796=ORIENTED_EDGE('',*,*,#7011,.T.);
#9797=ORIENTED_EDGE('',*,*,#7012,.T.);
#9798=ORIENTED_EDGE('',*,*,#7013,.T.);
#9799=ORIENTED_EDGE('',*,*,#7014,.T.);
#9800=ORIENTED_EDGE('',*,*,#7015,.T.);
#9801=ORIENTED_EDGE('',*,*,#7016,.T.);
#9802=ORIENTED_EDGE('',*,*,#7017,.T.);
#9803=ORIENTED_EDGE('',*,*,#7018,.T.);
#9804=ORIENTED_EDGE('',*,*,#7019,.T.);
#9805=ORIENTED_EDGE('',*,*,#7020,.T.);
#9806=ORIENTED_EDGE('',*,*,#6814,.T.);
#9807=ORIENTED_EDGE('',*,*,#6804,.T.);
#9808=ORIENTED_EDGE('',*,*,#6871,.T.);
#9809=ORIENTED_EDGE('',*,*,#6861,.T.);
#9810=ORIENTED_EDGE('',*,*,#6800,.T.);
#9811=ORIENTED_EDGE('',*,*,#6840,.T.);
#9812=ORIENTED_EDGE('',*,*,#6836,.T.);
#9813=ORIENTED_EDGE('',*,*,#6873,.T.);
#9814=ORIENTED_EDGE('',*,*,#6733,.T.);
#9815=ORIENTED_EDGE('',*,*,#6773,.T.);
#9816=ORIENTED_EDGE('',*,*,#6856,.T.);
#9817=ORIENTED_EDGE('',*,*,#6853,.T.);
#9818=ORIENTED_EDGE('',*,*,#6730,.T.);
#9819=ORIENTED_EDGE('',*,*,#6726,.T.);
#9820=ORIENTED_EDGE('',*,*,#6779,.T.);
#9821=ORIENTED_EDGE('',*,*,#6776,.T.);
#9822=ORIENTED_EDGE('',*,*,#6766,.T.);
#9823=ORIENTED_EDGE('',*,*,#6485,.T.);
#9824=ORIENTED_EDGE('',*,*,#6706,.T.);
#9825=ORIENTED_EDGE('',*,*,#6702,.T.);
#9826=ORIENTED_EDGE('',*,*,#6764,.T.);
#9827=ORIENTED_EDGE('',*,*,#6755,.T.);
#9828=ORIENTED_EDGE('',*,*,#6472,.T.);
#9829=ORIENTED_EDGE('',*,*,#6476,.T.);
#9830=ORIENTED_EDGE('',*,*,#6753,.T.);
#9831=ORIENTED_EDGE('',*,*,#6682,.T.);
#9832=ORIENTED_EDGE('',*,*,#6679,.T.);
#9833=ORIENTED_EDGE('',*,*,#6461,.T.);
#9834=ORIENTED_EDGE('',*,*,#6629,.T.);
#9835=ORIENTED_EDGE('',*,*,#6594,.T.);
#9836=ORIENTED_EDGE('',*,*,#6638,.T.);
#9837=ORIENTED_EDGE('',*,*,#6700,.T.);
#9838=ORIENTED_EDGE('',*,*,#6627,.T.);
#9839=ORIENTED_EDGE('',*,*,#6624,.T.);
#9840=ORIENTED_EDGE('',*,*,#6621,.T.);
#9841=ORIENTED_EDGE('',*,*,#6598,.T.);
#9842=ORIENTED_EDGE('',*,*,#6568,.T.);
#9843=ORIENTED_EDGE('',*,*,#6564,.T.);
#9844=ORIENTED_EDGE('',*,*,#6614,.T.);
#9845=ORIENTED_EDGE('',*,*,#6611,.T.);
#9846=ORIENTED_EDGE('',*,*,#6817,.T.);
#9847=ORIENTED_EDGE('',*,*,#6858,.T.);
#9848=ORIENTED_EDGE('',*,*,#6908,.T.);
#9849=ORIENTED_EDGE('',*,*,#6905,.T.);
#9850=ORIENTED_EDGE('',*,*,#6548,.T.);
#9851=ORIENTED_EDGE('',*,*,#6545,.T.);
#9852=ORIENTED_EDGE('',*,*,#6541,.T.);
#9853=ORIENTED_EDGE('',*,*,#6583,.T.);
#9854=ORIENTED_EDGE('',*,*,#7021,.T.);
#9855=ORIENTED_EDGE('',*,*,#6445,.F.);
#9856=ORIENTED_EDGE('',*,*,#6448,.T.);
#9857=ORIENTED_EDGE('',*,*,#7022,.T.);
#9858=ORIENTED_EDGE('',*,*,#7023,.T.);
#9859=ORIENTED_EDGE('',*,*,#7024,.T.);
#9860=ORIENTED_EDGE('',*,*,#7025,.T.);
#9861=ORIENTED_EDGE('',*,*,#7026,.T.);
#9862=ORIENTED_EDGE('',*,*,#7027,.T.);
#9863=ORIENTED_EDGE('',*,*,#7028,.T.);
#9864=ORIENTED_EDGE('',*,*,#7029,.T.);
#9865=ORIENTED_EDGE('',*,*,#7030,.T.);
#9866=ORIENTED_EDGE('',*,*,#7031,.T.);
#9867=ORIENTED_EDGE('',*,*,#7032,.T.);
#9868=ORIENTED_EDGE('',*,*,#7033,.T.);
#9869=ORIENTED_EDGE('',*,*,#6440,.F.);
#9870=ORIENTED_EDGE('',*,*,#6443,.T.);
#9871=ORIENTED_EDGE('',*,*,#6451,.T.);
#9872=ORIENTED_EDGE('',*,*,#6410,.T.);
#9873=ORIENTED_EDGE('',*,*,#7034,.T.);
#9874=ORIENTED_EDGE('',*,*,#7035,.T.);
#9875=ORIENTED_EDGE('',*,*,#7036,.T.);
#9876=ORIENTED_EDGE('',*,*,#7037,.T.);
#9877=ORIENTED_EDGE('',*,*,#7038,.T.);
#9878=ORIENTED_EDGE('',*,*,#7039,.T.);
#9879=ORIENTED_EDGE('',*,*,#7040,.T.);
#9880=ORIENTED_EDGE('',*,*,#7041,.T.);
#9881=ORIENTED_EDGE('',*,*,#6916,.T.);
#9882=ORIENTED_EDGE('',*,*,#6913,.T.);
#9883=ORIENTED_EDGE('',*,*,#6910,.T.);
#9884=ORIENTED_EDGE('',*,*,#6868,.T.);
#9885=ORIENTED_EDGE('',*,*,#6864,.T.);
#9886=ORIENTED_EDGE('',*,*,#6878,.T.);
#9887=ORIENTED_EDGE('',*,*,#6875,.T.);
#9888=ORIENTED_EDGE('',*,*,#6833,.T.);
#9889=ORIENTED_EDGE('',*,*,#6830,.T.);
#9890=ORIENTED_EDGE('',*,*,#6827,.T.);
#9891=ORIENTED_EDGE('',*,*,#6824,.T.);
#9892=ORIENTED_EDGE('',*,*,#6793,.T.);
#9893=ORIENTED_EDGE('',*,*,#6790,.T.);
#9894=ORIENTED_EDGE('',*,*,#6787,.T.);
#9895=ORIENTED_EDGE('',*,*,#6784,.T.);
#9896=ORIENTED_EDGE('',*,*,#6781,.T.);
#9897=ORIENTED_EDGE('',*,*,#6723,.T.);
#9898=ORIENTED_EDGE('',*,*,#6720,.T.);
#9899=ORIENTED_EDGE('',*,*,#6717,.T.);
#9900=ORIENTED_EDGE('',*,*,#6714,.T.);
#9901=ORIENTED_EDGE('',*,*,#6711,.T.);
#9902=ORIENTED_EDGE('',*,*,#6708,.T.);
#9903=ORIENTED_EDGE('',*,*,#6482,.T.);
#9904=ORIENTED_EDGE('',*,*,#6479,.T.);
#9905=ORIENTED_EDGE('',*,*,#6469,.T.);
#9906=ORIENTED_EDGE('',*,*,#6465,.T.);
#9907=ORIENTED_EDGE('',*,*,#6677,.T.);
#9908=ORIENTED_EDGE('',*,*,#6674,.T.);
#9909=ORIENTED_EDGE('',*,*,#6671,.T.);
#9910=ORIENTED_EDGE('',*,*,#6668,.T.);
#9911=ORIENTED_EDGE('',*,*,#6665,.T.);
#9912=ORIENTED_EDGE('',*,*,#6662,.T.);
#9913=ORIENTED_EDGE('',*,*,#6659,.T.);
#9914=ORIENTED_EDGE('',*,*,#6656,.T.);
#9915=ORIENTED_EDGE('',*,*,#6653,.T.);
#9916=ORIENTED_EDGE('',*,*,#6650,.T.);
#9917=ORIENTED_EDGE('',*,*,#6647,.T.);
#9918=ORIENTED_EDGE('',*,*,#6644,.T.);
#9919=ORIENTED_EDGE('',*,*,#6641,.T.);
#9920=ORIENTED_EDGE('',*,*,#6590,.T.);
#9921=ORIENTED_EDGE('',*,*,#6602,.T.);
#9922=ORIENTED_EDGE('',*,*,#6619,.T.);
#9923=ORIENTED_EDGE('',*,*,#6616,.T.);
#9924=ORIENTED_EDGE('',*,*,#6561,.T.);
#9925=ORIENTED_EDGE('',*,*,#6558,.T.);
#9926=ORIENTED_EDGE('',*,*,#6555,.T.);
#9927=ORIENTED_EDGE('',*,*,#6551,.T.);
#9928=ORIENTED_EDGE('',*,*,#6581,.T.);
#9929=ORIENTED_EDGE('',*,*,#6578,.T.);
#9930=ORIENTED_EDGE('',*,*,#6574,.T.);
#9931=ORIENTED_EDGE('',*,*,#6588,.T.);
#9932=ORIENTED_EDGE('',*,*,#6585,.T.);
#9933=ORIENTED_EDGE('',*,*,#6538,.T.);
#9934=ORIENTED_EDGE('',*,*,#6535,.T.);
#9935=ORIENTED_EDGE('',*,*,#6532,.T.);
#9936=ORIENTED_EDGE('',*,*,#6529,.T.);
#9937=ORIENTED_EDGE('',*,*,#6526,.T.);
#9938=ORIENTED_EDGE('',*,*,#6522,.T.);
#9939=ORIENTED_EDGE('',*,*,#6960,.T.);
#9940=ORIENTED_EDGE('',*,*,#6957,.T.);
#9941=ORIENTED_EDGE('',*,*,#6954,.T.);
#9942=ORIENTED_EDGE('',*,*,#6951,.T.);
#9943=ORIENTED_EDGE('',*,*,#6948,.T.);
#9944=ORIENTED_EDGE('',*,*,#6945,.T.);
#9945=ORIENTED_EDGE('',*,*,#6941,.T.);
#9946=ORIENTED_EDGE('',*,*,#7042,.T.);
#9947=ORIENTED_EDGE('',*,*,#7043,.T.);
#9948=ORIENTED_EDGE('',*,*,#7044,.T.);
#9949=ORIENTED_EDGE('',*,*,#7045,.T.);
#9950=ORIENTED_EDGE('',*,*,#7046,.T.);
#9951=ORIENTED_EDGE('',*,*,#7047,.T.);
#9952=ORIENTED_EDGE('',*,*,#7048,.T.);
#9953=ORIENTED_EDGE('',*,*,#7049,.T.);
#9954=ORIENTED_EDGE('',*,*,#7050,.T.);
#9955=ORIENTED_EDGE('',*,*,#7051,.T.);
#9956=ORIENTED_EDGE('',*,*,#7052,.T.);
#9957=ORIENTED_EDGE('',*,*,#7053,.T.);
#9958=ORIENTED_EDGE('',*,*,#7054,.T.);
#9959=ORIENTED_EDGE('',*,*,#7055,.T.);
#9960=ORIENTED_EDGE('',*,*,#7056,.T.);
#9961=ORIENTED_EDGE('',*,*,#7057,.T.);
#9962=ORIENTED_EDGE('',*,*,#6938,.T.);
#9963=ORIENTED_EDGE('',*,*,#6935,.T.);
#9964=ORIENTED_EDGE('',*,*,#6919,.T.);
#9965=ORIENTED_EDGE('',*,*,#7058,.T.);
#9966=ORIENTED_EDGE('',*,*,#6988,.T.);
#9967=ORIENTED_EDGE('',*,*,#6985,.T.);
#9968=ORIENTED_EDGE('',*,*,#6982,.T.);
#9969=ORIENTED_EDGE('',*,*,#6979,.T.);
#9970=ORIENTED_EDGE('',*,*,#7059,.T.);
#9971=ORIENTED_EDGE('',*,*,#7060,.T.);
#9972=ORIENTED_EDGE('',*,*,#7061,.T.);
#9973=ORIENTED_EDGE('',*,*,#7062,.T.);
#9974=ORIENTED_EDGE('',*,*,#7063,.T.);
#9975=ORIENTED_EDGE('',*,*,#7064,.T.);
#9976=ORIENTED_EDGE('',*,*,#7065,.T.);
#9977=ORIENTED_EDGE('',*,*,#7066,.T.);
#9978=ORIENTED_EDGE('',*,*,#7067,.T.);
#9979=ORIENTED_EDGE('',*,*,#7068,.T.);
#9980=ORIENTED_EDGE('',*,*,#7069,.T.);
#9981=ORIENTED_EDGE('',*,*,#7070,.T.);
#9982=ORIENTED_EDGE('',*,*,#7071,.T.);
#9983=ORIENTED_EDGE('',*,*,#7072,.T.);
#9984=ORIENTED_EDGE('',*,*,#7073,.T.);
#9985=ORIENTED_EDGE('',*,*,#7074,.T.);
#9986=ORIENTED_EDGE('',*,*,#7075,.T.);
#9987=ORIENTED_EDGE('',*,*,#7076,.T.);
#9988=ORIENTED_EDGE('',*,*,#7077,.T.);
#9989=ORIENTED_EDGE('',*,*,#7078,.T.);
#9990=ORIENTED_EDGE('',*,*,#7079,.T.);
#9991=ORIENTED_EDGE('',*,*,#7080,.T.);
#9992=ORIENTED_EDGE('',*,*,#7081,.T.);
#9993=ORIENTED_EDGE('',*,*,#7082,.T.);
#9994=ORIENTED_EDGE('',*,*,#7083,.T.);
#9995=ORIENTED_EDGE('',*,*,#7084,.T.);
#9996=ORIENTED_EDGE('',*,*,#7085,.T.);
#9997=ORIENTED_EDGE('',*,*,#7086,.T.);
#9998=ORIENTED_EDGE('',*,*,#7087,.T.);
#9999=ORIENTED_EDGE('',*,*,#7088,.T.);
#10000=ORIENTED_EDGE('',*,*,#7089,.T.);
#10001=ORIENTED_EDGE('',*,*,#7090,.T.);
#10002=ORIENTED_EDGE('',*,*,#7091,.T.);
#10003=ORIENTED_EDGE('',*,*,#7092,.T.);
#10004=ORIENTED_EDGE('',*,*,#7093,.T.);
#10005=ORIENTED_EDGE('',*,*,#7094,.T.);
#10006=ORIENTED_EDGE('',*,*,#7095,.T.);
#10007=ORIENTED_EDGE('',*,*,#7096,.T.);
#10008=ORIENTED_EDGE('',*,*,#7097,.T.);
#10009=ORIENTED_EDGE('',*,*,#7098,.T.);
#10010=ORIENTED_EDGE('',*,*,#7099,.T.);
#10011=ORIENTED_EDGE('',*,*,#7100,.T.);
#10012=ORIENTED_EDGE('',*,*,#7101,.T.);
#10013=ORIENTED_EDGE('',*,*,#7102,.T.);
#10014=ORIENTED_EDGE('',*,*,#7103,.T.);
#10015=ORIENTED_EDGE('',*,*,#7104,.T.);
#10016=ORIENTED_EDGE('',*,*,#7105,.T.);
#10017=ORIENTED_EDGE('',*,*,#7106,.T.);
#10018=ORIENTED_EDGE('',*,*,#7107,.T.);
#10019=ORIENTED_EDGE('',*,*,#7108,.T.);
#10020=ORIENTED_EDGE('',*,*,#7109,.T.);
#10021=ORIENTED_EDGE('',*,*,#7110,.T.);
#10022=ORIENTED_EDGE('',*,*,#7111,.T.);
#10023=ORIENTED_EDGE('',*,*,#7112,.T.);
#10024=ORIENTED_EDGE('',*,*,#7113,.T.);
#10025=ORIENTED_EDGE('',*,*,#6963,.T.);
#10026=ORIENTED_EDGE('',*,*,#7114,.T.);
#10027=ORIENTED_EDGE('',*,*,#7115,.T.);
#10028=ORIENTED_EDGE('',*,*,#6986,.F.);
#10029=ORIENTED_EDGE('',*,*,#7058,.F.);
#10030=ORIENTED_EDGE('',*,*,#6922,.T.);
#10031=ORIENTED_EDGE('',*,*,#7116,.T.);
#10032=ORIENTED_EDGE('',*,*,#7117,.T.);
#10033=ORIENTED_EDGE('',*,*,#7118,.F.);
#10034=ORIENTED_EDGE('',*,*,#7053,.F.);
#10035=ORIENTED_EDGE('',*,*,#7119,.T.);
#10036=ORIENTED_EDGE('',*,*,#7120,.T.);
#10037=ORIENTED_EDGE('',*,*,#7116,.F.);
#10038=ORIENTED_EDGE('',*,*,#7052,.F.);
#10039=ORIENTED_EDGE('',*,*,#7121,.T.);
#10040=ORIENTED_EDGE('',*,*,#7122,.T.);
#10041=ORIENTED_EDGE('',*,*,#7123,.F.);
#10042=ORIENTED_EDGE('',*,*,#7050,.F.);
#10043=ORIENTED_EDGE('',*,*,#7124,.T.);
#10044=ORIENTED_EDGE('',*,*,#7125,.T.);
#10045=ORIENTED_EDGE('',*,*,#7126,.F.);
#10046=ORIENTED_EDGE('',*,*,#7043,.F.);
#10047=ORIENTED_EDGE('',*,*,#7127,.T.);
#10048=ORIENTED_EDGE('',*,*,#7128,.T.);
#10049=ORIENTED_EDGE('',*,*,#7121,.F.);
#10050=ORIENTED_EDGE('',*,*,#7049,.F.);
#10051=ORIENTED_EDGE('',*,*,#6964,.T.);
#10052=ORIENTED_EDGE('',*,*,#6939,.T.);
#10053=ORIENTED_EDGE('',*,*,#7057,.F.);
#10054=ORIENTED_EDGE('',*,*,#7129,.T.);
#10055=ORIENTED_EDGE('',*,*,#7130,.T.);
#10056=ORIENTED_EDGE('',*,*,#7131,.F.);
#10057=ORIENTED_EDGE('',*,*,#7132,.T.);
#10058=ORIENTED_EDGE('',*,*,#7133,.T.);
#10059=ORIENTED_EDGE('',*,*,#7127,.F.);
#10060=ORIENTED_EDGE('',*,*,#7048,.F.);
#10061=ORIENTED_EDGE('',*,*,#7134,.T.);
#10062=ORIENTED_EDGE('',*,*,#7135,.T.);
#10063=ORIENTED_EDGE('',*,*,#7136,.F.);
#10064=ORIENTED_EDGE('',*,*,#6997,.F.);
#10065=ORIENTED_EDGE('',*,*,#7137,.T.);
#10066=ORIENTED_EDGE('',*,*,#7138,.T.);
#10067=ORIENTED_EDGE('',*,*,#7134,.F.);
#10068=ORIENTED_EDGE('',*,*,#7008,.F.);
#10069=ORIENTED_EDGE('',*,*,#7139,.T.);
#10070=ORIENTED_EDGE('',*,*,#7140,.T.);
#10071=ORIENTED_EDGE('',*,*,#7141,.F.);
#10072=ORIENTED_EDGE('',*,*,#7006,.F.);
#10073=ORIENTED_EDGE('',*,*,#7142,.T.);
#10074=ORIENTED_EDGE('',*,*,#7143,.T.);
#10075=ORIENTED_EDGE('',*,*,#7139,.F.);
#10076=ORIENTED_EDGE('',*,*,#7005,.F.);
#10077=ORIENTED_EDGE('',*,*,#7144,.T.);
#10078=ORIENTED_EDGE('',*,*,#7145,.T.);
#10079=ORIENTED_EDGE('',*,*,#7146,.F.);
#10080=ORIENTED_EDGE('',*,*,#7001,.F.);
#10081=ORIENTED_EDGE('',*,*,#7147,.T.);
#10082=ORIENTED_EDGE('',*,*,#7148,.T.);
#10083=ORIENTED_EDGE('',*,*,#7142,.F.);
#10084=ORIENTED_EDGE('',*,*,#7004,.F.);
#10085=ORIENTED_EDGE('',*,*,#7149,.T.);
#10086=ORIENTED_EDGE('',*,*,#7150,.T.);
#10087=ORIENTED_EDGE('',*,*,#7151,.F.);
#10088=ORIENTED_EDGE('',*,*,#7038,.F.);
#10089=ORIENTED_EDGE('',*,*,#7152,.T.);
#10090=ORIENTED_EDGE('',*,*,#7153,.T.);
#10091=ORIENTED_EDGE('',*,*,#7149,.F.);
#10092=ORIENTED_EDGE('',*,*,#7041,.F.);
#10093=ORIENTED_EDGE('',*,*,#7154,.T.);
#10094=ORIENTED_EDGE('',*,*,#7155,.T.);
#10095=ORIENTED_EDGE('',*,*,#7156,.F.);
#10096=ORIENTED_EDGE('',*,*,#7094,.F.);
#10097=ORIENTED_EDGE('',*,*,#7157,.T.);
#10098=ORIENTED_EDGE('',*,*,#7158,.T.);
#10099=ORIENTED_EDGE('',*,*,#7154,.F.);
#10100=ORIENTED_EDGE('',*,*,#7093,.F.);
#10101=ORIENTED_EDGE('',*,*,#7159,.T.);
#10102=ORIENTED_EDGE('',*,*,#7160,.T.);
#10103=ORIENTED_EDGE('',*,*,#7161,.F.);
#10104=ORIENTED_EDGE('',*,*,#7102,.F.);
#10105=ORIENTED_EDGE('',*,*,#7162,.T.);
#10106=ORIENTED_EDGE('',*,*,#7163,.T.);
#10107=ORIENTED_EDGE('',*,*,#7164,.F.);
#10108=ORIENTED_EDGE('',*,*,#7091,.F.);
#10109=ORIENTED_EDGE('',*,*,#7165,.T.);
#10110=ORIENTED_EDGE('',*,*,#7166,.T.);
#10111=ORIENTED_EDGE('',*,*,#7159,.F.);
#10112=ORIENTED_EDGE('',*,*,#7101,.F.);
#10113=ORIENTED_EDGE('',*,*,#7167,.T.);
#10114=ORIENTED_EDGE('',*,*,#7168,.T.);
#10115=ORIENTED_EDGE('',*,*,#7169,.F.);
#10116=ORIENTED_EDGE('',*,*,#7099,.F.);
#10117=ORIENTED_EDGE('',*,*,#7170,.T.);
#10118=ORIENTED_EDGE('',*,*,#7171,.T.);
#10119=ORIENTED_EDGE('',*,*,#7162,.F.);
#10120=ORIENTED_EDGE('',*,*,#7090,.F.);
#10121=ORIENTED_EDGE('',*,*,#7172,.T.);
#10122=ORIENTED_EDGE('',*,*,#7173,.T.);
#10123=ORIENTED_EDGE('',*,*,#7174,.F.);
#10124=ORIENTED_EDGE('',*,*,#7110,.F.);
#10125=ORIENTED_EDGE('',*,*,#7175,.T.);
#10126=ORIENTED_EDGE('',*,*,#7176,.T.);
#10127=ORIENTED_EDGE('',*,*,#7172,.F.);
#10128=ORIENTED_EDGE('',*,*,#7113,.F.);
#10129=ORIENTED_EDGE('',*,*,#7177,.T.);
#10130=ORIENTED_EDGE('',*,*,#7178,.T.);
#10131=ORIENTED_EDGE('',*,*,#7179,.F.);
#10132=ORIENTED_EDGE('',*,*,#7089,.F.);
#10133=ORIENTED_EDGE('',*,*,#7180,.T.);
#10134=ORIENTED_EDGE('',*,*,#7181,.T.);
#10135=ORIENTED_EDGE('',*,*,#7182,.F.);
#10136=ORIENTED_EDGE('',*,*,#7085,.F.);
#10137=ORIENTED_EDGE('',*,*,#7183,.T.);
#10138=ORIENTED_EDGE('',*,*,#7184,.T.);
#10139=ORIENTED_EDGE('',*,*,#7177,.F.);
#10140=ORIENTED_EDGE('',*,*,#7088,.F.);
#10141=ORIENTED_EDGE('',*,*,#7185,.T.);
#10142=ORIENTED_EDGE('',*,*,#7186,.T.);
#10143=ORIENTED_EDGE('',*,*,#7187,.F.);
#10144=ORIENTED_EDGE('',*,*,#7106,.F.);
#10145=ORIENTED_EDGE('',*,*,#7188,.T.);
#10146=ORIENTED_EDGE('',*,*,#7189,.T.);
#10147=ORIENTED_EDGE('',*,*,#7185,.F.);
#10148=ORIENTED_EDGE('',*,*,#7109,.F.);
#10149=ORIENTED_EDGE('',*,*,#7190,.T.);
#10150=ORIENTED_EDGE('',*,*,#7191,.T.);
#10151=ORIENTED_EDGE('',*,*,#7192,.F.);
#10152=ORIENTED_EDGE('',*,*,#7077,.F.);
#10153=ORIENTED_EDGE('',*,*,#7193,.T.);
#10154=ORIENTED_EDGE('',*,*,#7194,.T.);
#10155=ORIENTED_EDGE('',*,*,#7190,.F.);
#10156=ORIENTED_EDGE('',*,*,#7076,.F.);
#10157=ORIENTED_EDGE('',*,*,#7195,.T.);
#10158=ORIENTED_EDGE('',*,*,#7196,.T.);
#10159=ORIENTED_EDGE('',*,*,#7197,.F.);
#10160=ORIENTED_EDGE('',*,*,#7074,.F.);
#10161=ORIENTED_EDGE('',*,*,#7198,.T.);
#10162=ORIENTED_EDGE('',*,*,#7199,.T.);
#10163=ORIENTED_EDGE('',*,*,#7195,.F.);
#10164=ORIENTED_EDGE('',*,*,#7081,.F.);
#10165=ORIENTED_EDGE('',*,*,#7200,.T.);
#10166=ORIENTED_EDGE('',*,*,#7201,.T.);
#10167=ORIENTED_EDGE('',*,*,#7202,.F.);
#10168=ORIENTED_EDGE('',*,*,#7017,.F.);
#10169=ORIENTED_EDGE('',*,*,#7203,.T.);
#10170=ORIENTED_EDGE('',*,*,#7204,.T.);
#10171=ORIENTED_EDGE('',*,*,#7200,.F.);
#10172=ORIENTED_EDGE('',*,*,#7020,.F.);
#10173=ORIENTED_EDGE('',*,*,#7205,.T.);
#10174=ORIENTED_EDGE('',*,*,#7206,.T.);
#10175=ORIENTED_EDGE('',*,*,#7207,.F.);
#10176=ORIENTED_EDGE('',*,*,#7073,.F.);
#10177=ORIENTED_EDGE('',*,*,#7208,.T.);
#10178=ORIENTED_EDGE('',*,*,#7209,.T.);
#10179=ORIENTED_EDGE('',*,*,#7210,.F.);
#10180=ORIENTED_EDGE('',*,*,#7067,.F.);
#10181=ORIENTED_EDGE('',*,*,#7211,.T.);
#10182=ORIENTED_EDGE('',*,*,#7212,.T.);
#10183=ORIENTED_EDGE('',*,*,#7208,.F.);
#10184=ORIENTED_EDGE('',*,*,#7066,.F.);
#10185=ORIENTED_EDGE('',*,*,#7213,.T.);
#10186=ORIENTED_EDGE('',*,*,#7214,.T.);
#10187=ORIENTED_EDGE('',*,*,#7205,.F.);
#10188=ORIENTED_EDGE('',*,*,#7072,.F.);
#10189=ORIENTED_EDGE('',*,*,#7215,.T.);
#10190=ORIENTED_EDGE('',*,*,#7216,.T.);
#10191=ORIENTED_EDGE('',*,*,#7217,.F.);
#10192=ORIENTED_EDGE('',*,*,#7064,.F.);
#10193=ORIENTED_EDGE('',*,*,#7218,.T.);
#10194=ORIENTED_EDGE('',*,*,#7219,.T.);
#10195=ORIENTED_EDGE('',*,*,#7213,.F.);
#10196=ORIENTED_EDGE('',*,*,#7071,.F.);
#10197=ORIENTED_EDGE('',*,*,#7220,.T.);
#10198=ORIENTED_EDGE('',*,*,#7221,.T.);
#10199=ORIENTED_EDGE('',*,*,#7222,.F.);
#10200=ORIENTED_EDGE('',*,*,#7016,.F.);
#10201=ORIENTED_EDGE('',*,*,#7223,.T.);
#10202=ORIENTED_EDGE('',*,*,#7224,.T.);
#10203=ORIENTED_EDGE('',*,*,#7220,.F.);
#10204=ORIENTED_EDGE('',*,*,#7015,.F.);
#10205=ORIENTED_EDGE('',*,*,#7225,.T.);
#10206=ORIENTED_EDGE('',*,*,#7226,.T.);
#10207=ORIENTED_EDGE('',*,*,#7227,.F.);
#10208=ORIENTED_EDGE('',*,*,#7011,.F.);
#10209=ORIENTED_EDGE('',*,*,#7228,.T.);
#10210=ORIENTED_EDGE('',*,*,#7229,.T.);
#10211=ORIENTED_EDGE('',*,*,#7223,.F.);
#10212=ORIENTED_EDGE('',*,*,#7014,.F.);
#10213=ORIENTED_EDGE('',*,*,#7230,.T.);
#10214=ORIENTED_EDGE('',*,*,#7231,.T.);
#10215=ORIENTED_EDGE('',*,*,#7232,.F.);
#10216=ORIENTED_EDGE('',*,*,#6989,.F.);
#10217=ORIENTED_EDGE('',*,*,#7233,.T.);
#10218=ORIENTED_EDGE('',*,*,#7234,.T.);
#10219=ORIENTED_EDGE('',*,*,#7230,.F.);
#10220=ORIENTED_EDGE('',*,*,#6992,.F.);
#10221=ORIENTED_EDGE('',*,*,#7235,.T.);
#10222=ORIENTED_EDGE('',*,*,#7236,.T.);
#10223=ORIENTED_EDGE('',*,*,#7237,.F.);
#10224=ORIENTED_EDGE('',*,*,#6993,.F.);
#10225=ORIENTED_EDGE('',*,*,#7238,.T.);
#10226=ORIENTED_EDGE('',*,*,#7239,.T.);
#10227=ORIENTED_EDGE('',*,*,#7235,.F.);
#10228=ORIENTED_EDGE('',*,*,#6996,.F.);
#10229=ORIENTED_EDGE('',*,*,#7240,.T.);
#10230=ORIENTED_EDGE('',*,*,#7241,.T.);
#10231=ORIENTED_EDGE('',*,*,#7175,.F.);
#10232=ORIENTED_EDGE('',*,*,#7112,.F.);
#10233=ORIENTED_EDGE('',*,*,#7174,.T.);
#10234=ORIENTED_EDGE('',*,*,#7242,.T.);
#10235=ORIENTED_EDGE('',*,*,#7240,.F.);
#10236=ORIENTED_EDGE('',*,*,#7111,.F.);
#10237=ORIENTED_EDGE('',*,*,#7242,.F.);
#10238=ORIENTED_EDGE('',*,*,#7173,.F.);
#10239=ORIENTED_EDGE('',*,*,#7176,.F.);
#10240=ORIENTED_EDGE('',*,*,#7241,.F.);
#10241=ORIENTED_EDGE('',*,*,#7243,.T.);
#10242=ORIENTED_EDGE('',*,*,#7244,.T.);
#10243=ORIENTED_EDGE('',*,*,#7203,.F.);
#10244=ORIENTED_EDGE('',*,*,#7019,.F.);
#10245=ORIENTED_EDGE('',*,*,#7202,.T.);
#10246=ORIENTED_EDGE('',*,*,#7245,.T.);
#10247=ORIENTED_EDGE('',*,*,#7243,.F.);
#10248=ORIENTED_EDGE('',*,*,#7018,.F.);
#10249=ORIENTED_EDGE('',*,*,#7245,.F.);
#10250=ORIENTED_EDGE('',*,*,#7201,.F.);
#10251=ORIENTED_EDGE('',*,*,#7204,.F.);
#10252=ORIENTED_EDGE('',*,*,#7244,.F.);
#10253=ORIENTED_EDGE('',*,*,#7246,.T.);
#10254=ORIENTED_EDGE('',*,*,#7247,.T.);
#10255=ORIENTED_EDGE('',*,*,#7188,.F.);
#10256=ORIENTED_EDGE('',*,*,#7108,.F.);
#10257=ORIENTED_EDGE('',*,*,#7187,.T.);
#10258=ORIENTED_EDGE('',*,*,#7248,.T.);
#10259=ORIENTED_EDGE('',*,*,#7246,.F.);
#10260=ORIENTED_EDGE('',*,*,#7107,.F.);
#10261=ORIENTED_EDGE('',*,*,#7248,.F.);
#10262=ORIENTED_EDGE('',*,*,#7186,.F.);
#10263=ORIENTED_EDGE('',*,*,#7189,.F.);
#10264=ORIENTED_EDGE('',*,*,#7247,.F.);
#10265=ORIENTED_EDGE('',*,*,#7249,.T.);
#10266=ORIENTED_EDGE('',*,*,#7250,.T.);
#10267=ORIENTED_EDGE('',*,*,#7228,.F.);
#10268=ORIENTED_EDGE('',*,*,#7013,.F.);
#10269=ORIENTED_EDGE('',*,*,#7227,.T.);
#10270=ORIENTED_EDGE('',*,*,#7251,.T.);
#10271=ORIENTED_EDGE('',*,*,#7249,.F.);
#10272=ORIENTED_EDGE('',*,*,#7012,.F.);
#10273=ORIENTED_EDGE('',*,*,#7251,.F.);
#10274=ORIENTED_EDGE('',*,*,#7226,.F.);
#10275=ORIENTED_EDGE('',*,*,#7229,.F.);
#10276=ORIENTED_EDGE('',*,*,#7250,.F.);
#10277=ORIENTED_EDGE('',*,*,#7222,.T.);
#10278=ORIENTED_EDGE('',*,*,#7252,.T.);
#10279=ORIENTED_EDGE('',*,*,#7253,.F.);
#10280=ORIENTED_EDGE('',*,*,#7009,.F.);
#10281=ORIENTED_EDGE('',*,*,#7253,.T.);
#10282=ORIENTED_EDGE('',*,*,#7254,.T.);
#10283=ORIENTED_EDGE('',*,*,#7225,.F.);
#10284=ORIENTED_EDGE('',*,*,#7010,.F.);
#10285=ORIENTED_EDGE('',*,*,#7254,.F.);
#10286=ORIENTED_EDGE('',*,*,#7252,.F.);
#10287=ORIENTED_EDGE('',*,*,#7221,.F.);
#10288=ORIENTED_EDGE('',*,*,#7224,.F.);
#10289=ORIENTED_EDGE('',*,*,#7255,.T.);
#10290=ORIENTED_EDGE('',*,*,#7256,.T.);
#10291=ORIENTED_EDGE('',*,*,#7257,.F.);
#10292=ORIENTED_EDGE('',*,*,#7096,.F.);
#10293=ORIENTED_EDGE('',*,*,#7156,.T.);
#10294=ORIENTED_EDGE('',*,*,#7258,.T.);
#10295=ORIENTED_EDGE('',*,*,#7255,.F.);
#10296=ORIENTED_EDGE('',*,*,#7095,.F.);
#10297=ORIENTED_EDGE('',*,*,#7258,.F.);
#10298=ORIENTED_EDGE('',*,*,#7155,.F.);
#10299=ORIENTED_EDGE('',*,*,#7158,.F.);
#10300=ORIENTED_EDGE('',*,*,#7256,.F.);
#10301=ORIENTED_EDGE('',*,*,#7259,.T.);
#10302=ORIENTED_EDGE('',*,*,#7260,.T.);
#10303=ORIENTED_EDGE('',*,*,#7170,.F.);
#10304=ORIENTED_EDGE('',*,*,#7105,.F.);
#10305=ORIENTED_EDGE('',*,*,#7169,.T.);
#10306=ORIENTED_EDGE('',*,*,#7261,.T.);
#10307=ORIENTED_EDGE('',*,*,#7165,.F.);
#10308=ORIENTED_EDGE('',*,*,#7100,.F.);
#10309=ORIENTED_EDGE('',*,*,#7168,.F.);
#10310=ORIENTED_EDGE('',*,*,#7171,.F.);
#10311=ORIENTED_EDGE('',*,*,#7260,.F.);
#10312=ORIENTED_EDGE('',*,*,#7261,.F.);
#10313=ORIENTED_EDGE('',*,*,#7164,.T.);
#10314=ORIENTED_EDGE('',*,*,#7262,.T.);
#10315=ORIENTED_EDGE('',*,*,#7157,.F.);
#10316=ORIENTED_EDGE('',*,*,#7092,.F.);
#10317=ORIENTED_EDGE('',*,*,#7263,.T.);
#10318=ORIENTED_EDGE('',*,*,#7264,.T.);
#10319=ORIENTED_EDGE('',*,*,#7167,.F.);
#10320=ORIENTED_EDGE('',*,*,#7098,.F.);
#10321=ORIENTED_EDGE('',*,*,#7257,.T.);
#10322=ORIENTED_EDGE('',*,*,#7265,.T.);
#10323=ORIENTED_EDGE('',*,*,#7263,.F.);
#10324=ORIENTED_EDGE('',*,*,#7097,.F.);
#10325=ORIENTED_EDGE('',*,*,#7265,.F.);
#10326=ORIENTED_EDGE('',*,*,#7262,.F.);
#10327=ORIENTED_EDGE('',*,*,#7163,.F.);
#10328=ORIENTED_EDGE('',*,*,#7264,.F.);
#10329=ORIENTED_EDGE('',*,*,#7266,.T.);
#10330=ORIENTED_EDGE('',*,*,#7267,.T.);
#10331=ORIENTED_EDGE('',*,*,#7259,.F.);
#10332=ORIENTED_EDGE('',*,*,#7104,.F.);
#10333=ORIENTED_EDGE('',*,*,#7161,.T.);
#10334=ORIENTED_EDGE('',*,*,#7268,.T.);
#10335=ORIENTED_EDGE('',*,*,#7266,.F.);
#10336=ORIENTED_EDGE('',*,*,#7103,.F.);
#10337=ORIENTED_EDGE('',*,*,#7166,.F.);
#10338=ORIENTED_EDGE('',*,*,#7267,.F.);
#10339=ORIENTED_EDGE('',*,*,#7268,.F.);
#10340=ORIENTED_EDGE('',*,*,#7160,.F.);
#10341=ORIENTED_EDGE('',*,*,#7269,.T.);
#10342=ORIENTED_EDGE('',*,*,#7270,.T.);
#10343=ORIENTED_EDGE('',*,*,#7271,.F.);
#10344=ORIENTED_EDGE('',*,*,#7060,.F.);
#10345=ORIENTED_EDGE('',*,*,#6978,.T.);
#10346=ORIENTED_EDGE('',*,*,#7272,.T.);
#10347=ORIENTED_EDGE('',*,*,#7269,.F.);
#10348=ORIENTED_EDGE('',*,*,#7059,.F.);
#10349=ORIENTED_EDGE('',*,*,#6981,.F.);
#10350=ORIENTED_EDGE('',*,*,#7270,.F.);
#10351=ORIENTED_EDGE('',*,*,#7272,.F.);
#10352=ORIENTED_EDGE('',*,*,#6977,.F.);
#10353=ORIENTED_EDGE('',*,*,#7271,.T.);
#10354=ORIENTED_EDGE('',*,*,#7273,.T.);
#10355=ORIENTED_EDGE('',*,*,#7114,.F.);
#10356=ORIENTED_EDGE('',*,*,#6962,.T.);
#10357=ORIENTED_EDGE('',*,*,#6917,.T.);
#10358=ORIENTED_EDGE('',*,*,#7061,.F.);
#10359=ORIENTED_EDGE('',*,*,#7115,.F.);
#10360=ORIENTED_EDGE('',*,*,#7273,.F.);
#10361=ORIENTED_EDGE('',*,*,#6984,.F.);
#10362=ORIENTED_EDGE('',*,*,#6987,.F.);
#10363=ORIENTED_EDGE('',*,*,#7274,.T.);
#10364=ORIENTED_EDGE('',*,*,#7275,.T.);
#10365=ORIENTED_EDGE('',*,*,#7183,.F.);
#10366=ORIENTED_EDGE('',*,*,#7087,.F.);
#10367=ORIENTED_EDGE('',*,*,#7182,.T.);
#10368=ORIENTED_EDGE('',*,*,#7276,.T.);
#10369=ORIENTED_EDGE('',*,*,#7274,.F.);
#10370=ORIENTED_EDGE('',*,*,#7086,.F.);
#10371=ORIENTED_EDGE('',*,*,#7181,.F.);
#10372=ORIENTED_EDGE('',*,*,#7184,.F.);
#10373=ORIENTED_EDGE('',*,*,#7275,.F.);
#10374=ORIENTED_EDGE('',*,*,#7276,.F.);
#10375=ORIENTED_EDGE('',*,*,#7179,.T.);
#10376=ORIENTED_EDGE('',*,*,#7277,.T.);
#10377=ORIENTED_EDGE('',*,*,#7278,.F.);
#10378=ORIENTED_EDGE('',*,*,#7082,.F.);
#10379=ORIENTED_EDGE('',*,*,#7279,.T.);
#10380=ORIENTED_EDGE('',*,*,#7280,.T.);
#10381=ORIENTED_EDGE('',*,*,#7180,.F.);
#10382=ORIENTED_EDGE('',*,*,#7084,.F.);
#10383=ORIENTED_EDGE('',*,*,#7278,.T.);
#10384=ORIENTED_EDGE('',*,*,#7281,.T.);
#10385=ORIENTED_EDGE('',*,*,#7279,.F.);
#10386=ORIENTED_EDGE('',*,*,#7083,.F.);
#10387=ORIENTED_EDGE('',*,*,#7281,.F.);
#10388=ORIENTED_EDGE('',*,*,#7277,.F.);
#10389=ORIENTED_EDGE('',*,*,#7178,.F.);
#10390=ORIENTED_EDGE('',*,*,#7280,.F.);
#10391=ORIENTED_EDGE('',*,*,#7282,.T.);
#10392=ORIENTED_EDGE('',*,*,#7283,.T.);
#10393=ORIENTED_EDGE('',*,*,#7198,.F.);
#10394=ORIENTED_EDGE('',*,*,#7080,.F.);
#10395=ORIENTED_EDGE('',*,*,#7197,.T.);
#10396=ORIENTED_EDGE('',*,*,#7284,.T.);
#10397=ORIENTED_EDGE('',*,*,#7193,.F.);
#10398=ORIENTED_EDGE('',*,*,#7075,.F.);
#10399=ORIENTED_EDGE('',*,*,#7284,.F.);
#10400=ORIENTED_EDGE('',*,*,#7196,.F.);
#10401=ORIENTED_EDGE('',*,*,#7199,.F.);
#10402=ORIENTED_EDGE('',*,*,#7283,.F.);
#10403=ORIENTED_EDGE('',*,*,#7285,.T.);
#10404=ORIENTED_EDGE('',*,*,#7286,.T.);
#10405=ORIENTED_EDGE('',*,*,#7282,.F.);
#10406=ORIENTED_EDGE('',*,*,#7079,.F.);
#10407=ORIENTED_EDGE('',*,*,#7192,.T.);
#10408=ORIENTED_EDGE('',*,*,#7287,.T.);
#10409=ORIENTED_EDGE('',*,*,#7285,.F.);
#10410=ORIENTED_EDGE('',*,*,#7078,.F.);
#10411=ORIENTED_EDGE('',*,*,#7191,.F.);
#10412=ORIENTED_EDGE('',*,*,#7194,.F.);
#10413=ORIENTED_EDGE('',*,*,#7286,.F.);
#10414=ORIENTED_EDGE('',*,*,#7287,.F.);
#10415=ORIENTED_EDGE('',*,*,#7207,.T.);
#10416=ORIENTED_EDGE('',*,*,#7288,.T.);
#10417=ORIENTED_EDGE('',*,*,#7289,.F.);
#10418=ORIENTED_EDGE('',*,*,#7062,.F.);
#10419=ORIENTED_EDGE('',*,*,#7289,.T.);
#10420=ORIENTED_EDGE('',*,*,#7290,.T.);
#10421=ORIENTED_EDGE('',*,*,#7215,.F.);
#10422=ORIENTED_EDGE('',*,*,#7063,.F.);
#10423=ORIENTED_EDGE('',*,*,#7290,.F.);
#10424=ORIENTED_EDGE('',*,*,#7288,.F.);
#10425=ORIENTED_EDGE('',*,*,#7206,.F.);
#10426=ORIENTED_EDGE('',*,*,#7214,.F.);
#10427=ORIENTED_EDGE('',*,*,#7291,.T.);
#10428=ORIENTED_EDGE('',*,*,#7292,.T.);
#10429=ORIENTED_EDGE('',*,*,#7218,.F.);
#10430=ORIENTED_EDGE('',*,*,#7070,.F.);
#10431=ORIENTED_EDGE('',*,*,#7217,.T.);
#10432=ORIENTED_EDGE('',*,*,#7293,.T.);
#10433=ORIENTED_EDGE('',*,*,#7211,.F.);
#10434=ORIENTED_EDGE('',*,*,#7065,.F.);
#10435=ORIENTED_EDGE('',*,*,#7293,.F.);
#10436=ORIENTED_EDGE('',*,*,#7216,.F.);
#10437=ORIENTED_EDGE('',*,*,#7219,.F.);
#10438=ORIENTED_EDGE('',*,*,#7292,.F.);
#10439=ORIENTED_EDGE('',*,*,#7294,.T.);
#10440=ORIENTED_EDGE('',*,*,#7295,.T.);
#10441=ORIENTED_EDGE('',*,*,#7291,.F.);
#10442=ORIENTED_EDGE('',*,*,#7069,.F.);
#10443=ORIENTED_EDGE('',*,*,#7210,.T.);
#10444=ORIENTED_EDGE('',*,*,#7296,.T.);
#10445=ORIENTED_EDGE('',*,*,#7294,.F.);
#10446=ORIENTED_EDGE('',*,*,#7068,.F.);
#10447=ORIENTED_EDGE('',*,*,#7209,.F.);
#10448=ORIENTED_EDGE('',*,*,#7212,.F.);
#10449=ORIENTED_EDGE('',*,*,#7295,.F.);
#10450=ORIENTED_EDGE('',*,*,#7296,.F.);
#10451=ORIENTED_EDGE('',*,*,#7297,.T.);
#10452=ORIENTED_EDGE('',*,*,#7298,.T.);
#10453=ORIENTED_EDGE('',*,*,#7132,.F.);
#10454=ORIENTED_EDGE('',*,*,#7047,.F.);
#10455=ORIENTED_EDGE('',*,*,#6965,.T.);
#10456=ORIENTED_EDGE('',*,*,#7131,.T.);
#10457=ORIENTED_EDGE('',*,*,#7299,.T.);
#10458=ORIENTED_EDGE('',*,*,#7124,.F.);
#10459=ORIENTED_EDGE('',*,*,#7042,.F.);
#10460=ORIENTED_EDGE('',*,*,#6944,.T.);
#10461=ORIENTED_EDGE('',*,*,#7133,.F.);
#10462=ORIENTED_EDGE('',*,*,#7298,.F.);
#10463=ORIENTED_EDGE('',*,*,#7299,.F.);
#10464=ORIENTED_EDGE('',*,*,#7130,.F.);
#10465=ORIENTED_EDGE('',*,*,#7300,.T.);
#10466=ORIENTED_EDGE('',*,*,#7301,.T.);
#10467=ORIENTED_EDGE('',*,*,#7302,.F.);
#10468=ORIENTED_EDGE('',*,*,#7045,.F.);
#10469=ORIENTED_EDGE('',*,*,#7126,.T.);
#10470=ORIENTED_EDGE('',*,*,#7303,.T.);
#10471=ORIENTED_EDGE('',*,*,#7300,.F.);
#10472=ORIENTED_EDGE('',*,*,#7044,.F.);
#10473=ORIENTED_EDGE('',*,*,#7302,.T.);
#10474=ORIENTED_EDGE('',*,*,#7304,.T.);
#10475=ORIENTED_EDGE('',*,*,#7297,.F.);
#10476=ORIENTED_EDGE('',*,*,#7046,.F.);
#10477=ORIENTED_EDGE('',*,*,#7304,.F.);
#10478=ORIENTED_EDGE('',*,*,#7301,.F.);
#10479=ORIENTED_EDGE('',*,*,#7303,.F.);
#10480=ORIENTED_EDGE('',*,*,#7125,.F.);
#10481=ORIENTED_EDGE('',*,*,#7305,.T.);
#10482=ORIENTED_EDGE('',*,*,#7306,.T.);
#10483=ORIENTED_EDGE('',*,*,#7307,.F.);
#10484=ORIENTED_EDGE('',*,*,#7055,.F.);
#10485=ORIENTED_EDGE('',*,*,#7118,.T.);
#10486=ORIENTED_EDGE('',*,*,#7308,.T.);
#10487=ORIENTED_EDGE('',*,*,#7305,.F.);
#10488=ORIENTED_EDGE('',*,*,#7054,.F.);
#10489=ORIENTED_EDGE('',*,*,#7120,.F.);
#10490=ORIENTED_EDGE('',*,*,#7306,.F.);
#10491=ORIENTED_EDGE('',*,*,#7308,.F.);
#10492=ORIENTED_EDGE('',*,*,#7117,.F.);
#10493=ORIENTED_EDGE('',*,*,#7307,.T.);
#10494=ORIENTED_EDGE('',*,*,#7309,.T.);
#10495=ORIENTED_EDGE('',*,*,#7129,.F.);
#10496=ORIENTED_EDGE('',*,*,#7056,.F.);
#10497=ORIENTED_EDGE('',*,*,#7123,.T.);
#10498=ORIENTED_EDGE('',*,*,#7310,.T.);
#10499=ORIENTED_EDGE('',*,*,#7119,.F.);
#10500=ORIENTED_EDGE('',*,*,#7051,.F.);
#10501=ORIENTED_EDGE('',*,*,#7122,.F.);
#10502=ORIENTED_EDGE('',*,*,#7128,.F.);
#10503=ORIENTED_EDGE('',*,*,#7309,.F.);
#10504=ORIENTED_EDGE('',*,*,#7310,.F.);
#10505=ORIENTED_EDGE('',*,*,#7141,.T.);
#10506=ORIENTED_EDGE('',*,*,#7311,.T.);
#10507=ORIENTED_EDGE('',*,*,#7137,.F.);
#10508=ORIENTED_EDGE('',*,*,#7007,.F.);
#10509=ORIENTED_EDGE('',*,*,#7312,.T.);
#10510=ORIENTED_EDGE('',*,*,#7313,.T.);
#10511=ORIENTED_EDGE('',*,*,#7144,.F.);
#10512=ORIENTED_EDGE('',*,*,#7000,.F.);
#10513=ORIENTED_EDGE('',*,*,#7313,.F.);
#10514=ORIENTED_EDGE('',*,*,#7311,.F.);
#10515=ORIENTED_EDGE('',*,*,#7140,.F.);
#10516=ORIENTED_EDGE('',*,*,#7143,.F.);
#10517=ORIENTED_EDGE('',*,*,#7314,.T.);
#10518=ORIENTED_EDGE('',*,*,#7315,.T.);
#10519=ORIENTED_EDGE('',*,*,#7147,.F.);
#10520=ORIENTED_EDGE('',*,*,#7003,.F.);
#10521=ORIENTED_EDGE('',*,*,#7146,.T.);
#10522=ORIENTED_EDGE('',*,*,#7316,.T.);
#10523=ORIENTED_EDGE('',*,*,#7314,.F.);
#10524=ORIENTED_EDGE('',*,*,#7002,.F.);
#10525=ORIENTED_EDGE('',*,*,#7316,.F.);
#10526=ORIENTED_EDGE('',*,*,#7145,.F.);
#10527=ORIENTED_EDGE('',*,*,#7148,.F.);
#10528=ORIENTED_EDGE('',*,*,#7315,.F.);
#10529=ORIENTED_EDGE('',*,*,#7317,.T.);
#10530=ORIENTED_EDGE('',*,*,#7318,.T.);
#10531=ORIENTED_EDGE('',*,*,#7312,.F.);
#10532=ORIENTED_EDGE('',*,*,#6999,.F.);
#10533=ORIENTED_EDGE('',*,*,#7136,.T.);
#10534=ORIENTED_EDGE('',*,*,#7319,.T.);
#10535=ORIENTED_EDGE('',*,*,#7317,.F.);
#10536=ORIENTED_EDGE('',*,*,#6998,.F.);
#10537=ORIENTED_EDGE('',*,*,#7319,.F.);
#10538=ORIENTED_EDGE('',*,*,#7135,.F.);
#10539=ORIENTED_EDGE('',*,*,#7138,.F.);
#10540=ORIENTED_EDGE('',*,*,#7318,.F.);
#10541=ORIENTED_EDGE('',*,*,#7320,.T.);
#10542=ORIENTED_EDGE('',*,*,#7321,.T.);
#10543=ORIENTED_EDGE('',*,*,#7238,.F.);
#10544=ORIENTED_EDGE('',*,*,#6995,.F.);
#10545=ORIENTED_EDGE('',*,*,#7237,.T.);
#10546=ORIENTED_EDGE('',*,*,#7322,.T.);
#10547=ORIENTED_EDGE('',*,*,#7320,.F.);
#10548=ORIENTED_EDGE('',*,*,#6994,.F.);
#10549=ORIENTED_EDGE('',*,*,#7322,.F.);
#10550=ORIENTED_EDGE('',*,*,#7236,.F.);
#10551=ORIENTED_EDGE('',*,*,#7239,.F.);
#10552=ORIENTED_EDGE('',*,*,#7321,.F.);
#10553=ORIENTED_EDGE('',*,*,#7323,.T.);
#10554=ORIENTED_EDGE('',*,*,#7324,.T.);
#10555=ORIENTED_EDGE('',*,*,#7233,.F.);
#10556=ORIENTED_EDGE('',*,*,#6991,.F.);
#10557=ORIENTED_EDGE('',*,*,#7232,.T.);
#10558=ORIENTED_EDGE('',*,*,#7325,.T.);
#10559=ORIENTED_EDGE('',*,*,#7323,.F.);
#10560=ORIENTED_EDGE('',*,*,#6990,.F.);
#10561=ORIENTED_EDGE('',*,*,#7325,.F.);
#10562=ORIENTED_EDGE('',*,*,#7231,.F.);
#10563=ORIENTED_EDGE('',*,*,#7234,.F.);
#10564=ORIENTED_EDGE('',*,*,#7324,.F.);
#10565=ORIENTED_EDGE('',*,*,#6572,.T.);
#10566=ORIENTED_EDGE('',*,*,#6968,.T.);
#10567=ORIENTED_EDGE('',*,*,#7326,.T.);
#10568=ORIENTED_EDGE('',*,*,#6973,.F.);
#10569=ORIENTED_EDGE('',*,*,#7326,.F.);
#10570=ORIENTED_EDGE('',*,*,#6967,.F.);
#10571=ORIENTED_EDGE('',*,*,#6971,.F.);
#10572=ORIENTED_EDGE('',*,*,#6974,.F.);
#10573=ORIENTED_EDGE('',*,*,#7327,.T.);
#10574=ORIENTED_EDGE('',*,*,#7328,.T.);
#10575=ORIENTED_EDGE('',*,*,#7152,.F.);
#10576=ORIENTED_EDGE('',*,*,#7040,.F.);
#10577=ORIENTED_EDGE('',*,*,#7151,.T.);
#10578=ORIENTED_EDGE('',*,*,#7329,.T.);
#10579=ORIENTED_EDGE('',*,*,#7327,.F.);
#10580=ORIENTED_EDGE('',*,*,#7039,.F.);
#10581=ORIENTED_EDGE('',*,*,#7329,.F.);
#10582=ORIENTED_EDGE('',*,*,#7150,.F.);
#10583=ORIENTED_EDGE('',*,*,#7153,.F.);
#10584=ORIENTED_EDGE('',*,*,#7328,.F.);
#10585=ORIENTED_EDGE('',*,*,#7034,.F.);
#10586=ORIENTED_EDGE('',*,*,#7330,.T.);
#10587=ORIENTED_EDGE('',*,*,#6457,.T.);
#10588=ORIENTED_EDGE('',*,*,#7331,.F.);
#10589=ORIENTED_EDGE('',*,*,#7037,.F.);
#10590=ORIENTED_EDGE('',*,*,#7332,.T.);
#10591=ORIENTED_EDGE('',*,*,#6458,.T.);
#10592=ORIENTED_EDGE('',*,*,#7330,.F.);
#10593=ORIENTED_EDGE('',*,*,#7036,.F.);
#10594=ORIENTED_EDGE('',*,*,#7333,.T.);
#10595=ORIENTED_EDGE('',*,*,#6459,.T.);
#10596=ORIENTED_EDGE('',*,*,#7332,.F.);
#10597=ORIENTED_EDGE('',*,*,#7035,.F.);
#10598=ORIENTED_EDGE('',*,*,#7331,.T.);
#10599=ORIENTED_EDGE('',*,*,#6460,.T.);
#10600=ORIENTED_EDGE('',*,*,#7333,.F.);
#10601=ORIENTED_EDGE('',*,*,#6304,.F.);
#10602=ORIENTED_EDGE('',*,*,#6446,.F.);
#10603=ORIENTED_EDGE('',*,*,#7021,.F.);
#10604=ORIENTED_EDGE('',*,*,#6450,.T.);
#10605=ORIENTED_EDGE('',*,*,#6313,.F.);
#10606=ORIENTED_EDGE('',*,*,#7334,.F.);
#10607=ORIENTED_EDGE('',*,*,#7022,.F.);
#10608=ORIENTED_EDGE('',*,*,#6447,.T.);
#10609=ORIENTED_EDGE('',*,*,#6316,.F.);
#10610=ORIENTED_EDGE('',*,*,#7335,.F.);
#10611=ORIENTED_EDGE('',*,*,#7023,.F.);
#10612=ORIENTED_EDGE('',*,*,#7334,.T.);
#10613=ORIENTED_EDGE('',*,*,#6319,.F.);
#10614=ORIENTED_EDGE('',*,*,#7336,.F.);
#10615=ORIENTED_EDGE('',*,*,#7024,.F.);
#10616=ORIENTED_EDGE('',*,*,#7335,.T.);
#10617=ORIENTED_EDGE('',*,*,#6324,.F.);
#10618=ORIENTED_EDGE('',*,*,#7337,.F.);
#10619=ORIENTED_EDGE('',*,*,#7025,.F.);
#10620=ORIENTED_EDGE('',*,*,#7336,.T.);
#10621=ORIENTED_EDGE('',*,*,#6327,.F.);
#10622=ORIENTED_EDGE('',*,*,#7338,.F.);
#10623=ORIENTED_EDGE('',*,*,#7026,.F.);
#10624=ORIENTED_EDGE('',*,*,#7337,.T.);
#10625=ORIENTED_EDGE('',*,*,#6330,.F.);
#10626=ORIENTED_EDGE('',*,*,#7339,.F.);
#10627=ORIENTED_EDGE('',*,*,#7027,.F.);
#10628=ORIENTED_EDGE('',*,*,#7338,.T.);
#10629=ORIENTED_EDGE('',*,*,#6333,.F.);
#10630=ORIENTED_EDGE('',*,*,#7340,.F.);
#10631=ORIENTED_EDGE('',*,*,#7028,.F.);
#10632=ORIENTED_EDGE('',*,*,#7339,.T.);
#10633=ORIENTED_EDGE('',*,*,#6336,.F.);
#10634=ORIENTED_EDGE('',*,*,#7341,.F.);
#10635=ORIENTED_EDGE('',*,*,#7029,.F.);
#10636=ORIENTED_EDGE('',*,*,#7340,.T.);
#10637=ORIENTED_EDGE('',*,*,#6339,.F.);
#10638=ORIENTED_EDGE('',*,*,#7342,.F.);
#10639=ORIENTED_EDGE('',*,*,#7030,.F.);
#10640=ORIENTED_EDGE('',*,*,#7341,.T.);
#10641=ORIENTED_EDGE('',*,*,#6342,.F.);
#10642=ORIENTED_EDGE('',*,*,#7343,.F.);
#10643=ORIENTED_EDGE('',*,*,#7031,.F.);
#10644=ORIENTED_EDGE('',*,*,#7342,.T.);
#10645=ORIENTED_EDGE('',*,*,#6345,.F.);
#10646=ORIENTED_EDGE('',*,*,#7344,.F.);
#10647=ORIENTED_EDGE('',*,*,#7032,.F.);
#10648=ORIENTED_EDGE('',*,*,#7343,.T.);
#10649=ORIENTED_EDGE('',*,*,#6348,.F.);
#10650=ORIENTED_EDGE('',*,*,#6441,.F.);
#10651=ORIENTED_EDGE('',*,*,#7033,.F.);
#10652=ORIENTED_EDGE('',*,*,#7344,.T.);
#10653=PLANE('',#11946);
#10654=PLANE('',#11947);
#10655=PLANE('',#11948);
#10656=PLANE('',#11949);
#10657=PLANE('',#11950);
#10658=PLANE('',#11951);
#10659=PLANE('',#11952);
#10660=PLANE('',#11953);
#10661=PLANE('',#11954);
#10662=PLANE('',#11955);
#10663=PLANE('',#11956);
#10664=PLANE('',#11957);
#10665=PLANE('',#11958);
#10666=PLANE('',#11959);
#10667=PLANE('',#11960);
#10668=PLANE('',#11961);
#10669=PLANE('',#11962);
#10670=PLANE('',#11963);
#10671=PLANE('',#11964);
#10672=PLANE('',#11965);
#10673=PLANE('',#11966);
#10674=PLANE('',#11967);
#10675=PLANE('',#11968);
#10676=PLANE('',#11969);
#10677=PLANE('',#11970);
#10678=PLANE('',#11971);
#10679=PLANE('',#11972);
#10680=PLANE('',#11973);
#10681=PLANE('',#11974);
#10682=PLANE('',#11975);
#10683=PLANE('',#11976);
#10684=PLANE('',#11977);
#10685=PLANE('',#11978);
#10686=PLANE('',#11979);
#10687=PLANE('',#11980);
#10688=PLANE('',#11981);
#10689=PLANE('',#11982);
#10690=PLANE('',#11983);
#10691=PLANE('',#11984);
#10692=PLANE('',#11985);
#10693=PLANE('',#11986);
#10694=PLANE('',#11987);
#10695=PLANE('',#11988);
#10696=PLANE('',#11989);
#10697=PLANE('',#11990);
#10698=PLANE('',#11991);
#10699=PLANE('',#11992);
#10700=PLANE('',#11993);
#10701=PLANE('',#11994);
#10702=PLANE('',#11995);
#10703=PLANE('',#11996);
#10704=PLANE('',#11997);
#10705=PLANE('',#11998);
#10706=PLANE('',#11999);
#10707=PLANE('',#12000);
#10708=PLANE('',#12001);
#10709=PLANE('',#12002);
#10710=PLANE('',#12003);
#10711=PLANE('',#12004);
#10712=PLANE('',#12005);
#10713=PLANE('',#12006);
#10714=PLANE('',#12007);
#10715=PLANE('',#12008);
#10716=PLANE('',#12009);
#10717=PLANE('',#12010);
#10718=PLANE('',#12011);
#10719=PLANE('',#12012);
#10720=PLANE('',#12013);
#10721=PLANE('',#12014);
#10722=PLANE('',#12015);
#10723=PLANE('',#12016);
#10724=PLANE('',#12017);
#10725=PLANE('',#12018);
#10726=PLANE('',#12019);
#10727=PLANE('',#12020);
#10728=PLANE('',#12021);
#10729=PLANE('',#12022);
#10730=PLANE('',#12023);
#10731=PLANE('',#12024);
#10732=PLANE('',#12025);
#10733=PLANE('',#12026);
#10734=PLANE('',#12027);
#10735=PLANE('',#12028);
#10736=PLANE('',#12029);
#10737=PLANE('',#12030);
#10738=PLANE('',#12031);
#10739=PLANE('',#12032);
#10740=PLANE('',#12033);
#10741=PLANE('',#12034);
#10742=PLANE('',#12035);
#10743=PLANE('',#12036);
#10744=PLANE('',#12037);
#10745=PLANE('',#12038);
#10746=PLANE('',#12039);
#10747=PLANE('',#12040);
#10748=PLANE('',#12041);
#10749=PLANE('',#12042);
#10750=PLANE('',#12043);
#10751=PLANE('',#12044);
#10752=PLANE('',#12045);
#10753=PLANE('',#12046);
#10754=PLANE('',#12047);
#10755=PLANE('',#12048);
#10756=PLANE('',#12049);
#10757=PLANE('',#12050);
#10758=PLANE('',#12051);
#10759=PLANE('',#12052);
#10760=PLANE('',#12053);
#10761=PLANE('',#12054);
#10762=PLANE('',#12055);
#10763=PLANE('',#12056);
#10764=PLANE('',#12057);
#10765=PLANE('',#12058);
#10766=PLANE('',#12059);
#10767=PLANE('',#12060);
#10768=PLANE('',#12061);
#10769=PLANE('',#12062);
#10770=PLANE('',#12063);
#10771=PLANE('',#12064);
#10772=PLANE('',#12065);
#10773=PLANE('',#12066);
#10774=PLANE('',#12067);
#10775=PLANE('',#12068);
#10776=PLANE('',#12069);
#10777=PLANE('',#12070);
#10778=PLANE('',#12071);
#10779=PLANE('',#12072);
#10780=PLANE('',#12073);
#10781=PLANE('',#12074);
#10782=PLANE('',#12075);
#10783=PLANE('',#12076);
#10784=PLANE('',#12077);
#10785=PLANE('',#12078);
#10786=PLANE('',#12079);
#10787=PLANE('',#12080);
#10788=PLANE('',#12081);
#10789=PLANE('',#12082);
#10790=PLANE('',#12083);
#10791=PLANE('',#12084);
#10792=PLANE('',#12085);
#10793=PLANE('',#12086);
#10794=PLANE('',#12087);
#10795=PLANE('',#12088);
#10796=PLANE('',#12089);
#10797=PLANE('',#12090);
#10798=PLANE('',#12091);
#10799=PLANE('',#12092);
#10800=PLANE('',#12093);
#10801=PLANE('',#12094);
#10802=PLANE('',#12095);
#10803=PLANE('',#12096);
#10804=PLANE('',#12097);
#10805=PLANE('',#12098);
#10806=PLANE('',#12099);
#10807=PLANE('',#12100);
#10808=PLANE('',#12101);
#10809=PLANE('',#12102);
#10810=PLANE('',#12103);
#10811=PLANE('',#12104);
#10812=PLANE('',#12105);
#10813=PLANE('',#12106);
#10814=PLANE('',#12107);
#10815=PLANE('',#12108);
#10816=PLANE('',#12109);
#10817=PLANE('',#12110);
#10818=PLANE('',#12111);
#10819=PLANE('',#12112);
#10820=PLANE('',#12113);
#10821=PLANE('',#12114);
#10822=PLANE('',#12115);
#10823=PLANE('',#12116);
#10824=PLANE('',#12117);
#10825=PLANE('',#12118);
#10826=PLANE('',#12119);
#10827=PLANE('',#12120);
#10828=PLANE('',#12121);
#10829=PLANE('',#12122);
#10830=PLANE('',#12123);
#10831=PLANE('',#12124);
#10832=PLANE('',#12125);
#10833=PLANE('',#12126);
#10834=PLANE('',#12127);
#10835=PLANE('',#12128);
#10836=PLANE('',#12129);
#10837=PLANE('',#12130);
#10838=PLANE('',#12131);
#10839=PLANE('',#12132);
#10840=PLANE('',#12133);
#10841=PLANE('',#12134);
#10842=PLANE('',#12135);
#10843=PLANE('',#12136);
#10844=PLANE('',#12137);
#10845=PLANE('',#12138);
#10846=PLANE('',#12139);
#10847=PLANE('',#12145);
#10848=PLANE('',#12146);
#10849=PLANE('',#12147);
#10850=PLANE('',#12148);
#10851=PLANE('',#12152);
#10852=PLANE('',#12153);
#10853=PLANE('',#12154);
#10854=PLANE('',#12158);
#10855=PLANE('',#12159);
#10856=PLANE('',#12160);
#10857=PLANE('',#12164);
#10858=PLANE('',#12165);
#10859=PLANE('',#12166);
#10860=PLANE('',#12170);
#10861=PLANE('',#12171);
#10862=PLANE('',#12172);
#10863=PLANE('',#12173);
#10864=PLANE('',#12174);
#10865=PLANE('',#12175);
#10866=PLANE('',#12176);
#10867=PLANE('',#12177);
#10868=PLANE('',#12178);
#10869=PLANE('',#12179);
#10870=PLANE('',#12180);
#10871=PLANE('',#12181);
#10872=PLANE('',#12182);
#10873=PLANE('',#12183);
#10874=PLANE('',#12184);
#10875=PLANE('',#12185);
#10876=PLANE('',#12186);
#10877=PLANE('',#12187);
#10878=PLANE('',#12188);
#10879=PLANE('',#12189);
#10880=PLANE('',#12206);
#10881=PLANE('',#12209);
#10882=PLANE('',#12212);
#10883=PLANE('',#12215);
#10884=PLANE('',#12218);
#10885=PLANE('',#12221);
#10886=PLANE('',#12224);
#10887=PLANE('',#12227);
#10888=PLANE('',#12230);
#10889=PLANE('',#12233);
#10890=PLANE('',#12236);
#10891=PLANE('',#12239);
#10892=PLANE('',#12242);
#10893=PLANE('',#12244);
#10894=PLANE('',#12245);
#10895=PLANE('',#12247);
#10896=PLANE('',#12250);
#10897=PLANE('',#12252);
#10898=PLANE('',#12255);
#10899=PLANE('',#12257);
#10900=PLANE('',#12259);
#10901=PLANE('',#12261);
#10902=PLANE('',#12263);
#10903=PLANE('',#12265);
#10904=PLANE('',#12268);
#10905=PLANE('',#12269);
#10906=PLANE('',#12270);
#10907=PLANE('',#12271);
#10908=PLANE('',#12272);
#10909=PLANE('',#12274);
#10910=PLANE('',#12279);
#10911=PLANE('',#12280);
#10912=PLANE('',#12281);
#10913=PLANE('',#12282);
#10914=PLANE('',#12283);
#10915=PLANE('',#12284);
#10916=PLANE('',#12285);
#10917=PLANE('',#12286);
#10918=PLANE('',#12287);
#10919=PLANE('',#12288);
#10920=PLANE('',#12289);
#10921=PLANE('',#12290);
#10922=PLANE('',#12291);
#10923=PLANE('',#12292);
#10924=PLANE('',#12293);
#10925=PLANE('',#12294);
#10926=PLANE('',#12295);
#10927=PLANE('',#12296);
#10928=PLANE('',#12297);
#10929=PLANE('',#12298);
#10930=PLANE('',#12299);
#10931=PLANE('',#12300);
#10932=PLANE('',#12301);
#10933=PLANE('',#12302);
#10934=PLANE('',#12303);
#10935=PLANE('',#12304);
#10936=PLANE('',#12305);
#10937=PLANE('',#12306);
#10938=PLANE('',#12307);
#10939=PLANE('',#12308);
#10940=PLANE('',#12309);
#10941=PLANE('',#12310);
#10942=PLANE('',#12311);
#10943=PLANE('',#12312);
#10944=PLANE('',#12313);
#10945=PLANE('',#12314);
#10946=PLANE('',#12315);
#10947=PLANE('',#12316);
#10948=PLANE('',#12317);
#10949=PLANE('',#12318);
#10950=PLANE('',#12319);
#10951=PLANE('',#12320);
#10952=PLANE('',#12321);
#10953=PLANE('',#12322);
#10954=PLANE('',#12323);
#10955=PLANE('',#12324);
#10956=PLANE('',#12325);
#10957=PLANE('',#12326);
#10958=PLANE('',#12327);
#10959=PLANE('',#12328);
#10960=PLANE('',#12329);
#10961=PLANE('',#12330);
#10962=PLANE('',#12331);
#10963=PLANE('',#12332);
#10964=PLANE('',#12333);
#10965=PLANE('',#12334);
#10966=PLANE('',#12335);
#10967=PLANE('',#12336);
#10968=PLANE('',#12337);
#10969=PLANE('',#12338);
#10970=PLANE('',#12339);
#10971=PLANE('',#12340);
#10972=PLANE('',#12341);
#10973=PLANE('',#12342);
#10974=PLANE('',#12343);
#10975=PLANE('',#12344);
#10976=PLANE('',#12345);
#10977=PLANE('',#12346);
#10978=PLANE('',#12347);
#10979=PLANE('',#12348);
#10980=PLANE('',#12349);
#10981=PLANE('',#12350);
#10982=PLANE('',#12351);
#10983=PLANE('',#12352);
#10984=PLANE('',#12353);
#10985=PLANE('',#12354);
#10986=PLANE('',#12355);
#10987=PLANE('',#12356);
#10988=PLANE('',#12357);
#10989=PLANE('',#12358);
#10990=PLANE('',#12359);
#10991=PLANE('',#12360);
#10992=PLANE('',#12361);
#10993=PLANE('',#12362);
#10994=PLANE('',#12363);
#10995=PLANE('',#12364);
#10996=PLANE('',#12365);
#10997=PLANE('',#12366);
#10998=PLANE('',#12367);
#10999=PLANE('',#12368);
#11000=PLANE('',#12369);
#11001=PLANE('',#12370);
#11002=PLANE('',#12371);
#11003=PLANE('',#12372);
#11004=PLANE('',#12373);
#11005=PLANE('',#12374);
#11006=PLANE('',#12375);
#11007=PLANE('',#12376);
#11008=PLANE('',#12377);
#11009=PLANE('',#12378);
#11010=PLANE('',#12379);
#11011=PLANE('',#12380);
#11012=PLANE('',#12381);
#11013=PLANE('',#12382);
#11014=PLANE('',#12383);
#11015=PLANE('',#12384);
#11016=PLANE('',#12385);
#11017=PLANE('',#12386);
#11018=PLANE('',#12387);
#11019=PLANE('',#12388);
#11020=PLANE('',#12389);
#11021=PLANE('',#12390);
#11022=PLANE('',#12391);
#11023=PLANE('',#12392);
#11024=PLANE('',#12393);
#11025=PLANE('',#12394);
#11026=PLANE('',#12395);
#11027=PLANE('',#12396);
#11028=PLANE('',#12397);
#11029=PLANE('',#12398);
#11030=PLANE('',#12399);
#11031=PLANE('',#12400);
#11032=PLANE('',#12401);
#11033=PLANE('',#12402);
#11034=PLANE('',#12403);
#11035=PLANE('',#12404);
#11036=PLANE('',#12405);
#11037=PLANE('',#12406);
#11038=PLANE('',#12407);
#11039=PLANE('',#12408);
#11040=PLANE('',#12409);
#11041=PLANE('',#12410);
#11042=PLANE('',#12411);
#11043=PLANE('',#12412);
#11044=PLANE('',#12413);
#11045=PLANE('',#12414);
#11046=PLANE('',#12415);
#11047=PLANE('',#12416);
#11048=PLANE('',#12417);
#11049=PLANE('',#12418);
#11050=PLANE('',#12419);
#11051=PLANE('',#12420);
#11052=PLANE('',#12421);
#11053=PLANE('',#12422);
#11054=PLANE('',#12423);
#11055=PLANE('',#12424);
#11056=PLANE('',#12425);
#11057=PLANE('',#12426);
#11058=PLANE('',#12427);
#11059=PLANE('',#12428);
#11060=PLANE('',#12429);
#11061=PLANE('',#12430);
#11062=PLANE('',#12431);
#11063=PLANE('',#12432);
#11064=PLANE('',#12433);
#11065=PLANE('',#12434);
#11066=PLANE('',#12435);
#11067=PLANE('',#12436);
#11068=PLANE('',#12437);
#11069=PLANE('',#12438);
#11070=PLANE('',#12439);
#11071=PLANE('',#12440);
#11072=PLANE('',#12441);
#11073=PLANE('',#12442);
#11074=PLANE('',#12443);
#11075=PLANE('',#12444);
#11076=PLANE('',#12445);
#11077=PLANE('',#12446);
#11078=PLANE('',#12447);
#11079=PLANE('',#12448);
#11080=PLANE('',#12449);
#11081=PLANE('',#12450);
#11082=PLANE('',#12451);
#11083=PLANE('',#12452);
#11084=PLANE('',#12453);
#11085=PLANE('',#12454);
#11086=PLANE('',#12455);
#11087=PLANE('',#12456);
#11088=PLANE('',#12457);
#11089=PLANE('',#12458);
#11090=PLANE('',#12459);
#11091=PLANE('',#12460);
#11092=PLANE('',#12461);
#11093=PLANE('',#12462);
#11094=PLANE('',#12463);
#11095=PLANE('',#12464);
#11096=PLANE('',#12465);
#11097=PLANE('',#12466);
#11098=PLANE('',#12467);
#11099=PLANE('',#12468);
#11100=PLANE('',#12469);
#11101=PLANE('',#12470);
#11102=PLANE('',#12471);
#11103=PLANE('',#12472);
#11104=PLANE('',#12473);
#11105=PLANE('',#12474);
#11106=PLANE('',#12475);
#11107=PLANE('',#12476);
#11108=PLANE('',#12477);
#11109=PLANE('',#12478);
#11110=PLANE('',#12479);
#11111=PLANE('',#12480);
#11112=PLANE('',#12481);
#11113=PLANE('',#12482);
#11114=PLANE('',#12483);
#11115=PLANE('',#12484);
#11116=PLANE('',#12485);
#11117=PLANE('',#12486);
#11118=PLANE('',#12487);
#11119=PLANE('',#12488);
#11120=PLANE('',#12489);
#11121=PLANE('',#12490);
#11122=PLANE('',#12491);
#11123=PLANE('',#12492);
#11124=PLANE('',#12493);
#11125=PLANE('',#12494);
#11126=PLANE('',#12495);
#11127=PLANE('',#12496);
#11128=PLANE('',#12497);
#11129=PLANE('',#12498);
#11130=PLANE('',#12499);
#11131=PLANE('',#12500);
#11132=PLANE('',#12501);
#11133=PLANE('',#12502);
#11134=PLANE('',#12503);
#11135=PLANE('',#12504);
#11136=PLANE('',#12505);
#11137=PLANE('',#12506);
#11138=PLANE('',#12507);
#11139=PLANE('',#12508);
#11140=PLANE('',#12509);
#11141=PLANE('',#12510);
#11142=PLANE('',#12511);
#11143=PLANE('',#12512);
#11144=PLANE('',#12513);
#11145=PLANE('',#12514);
#11146=PLANE('',#12515);
#11147=PLANE('',#12516);
#11148=PLANE('',#12517);
#11149=PLANE('',#12518);
#11150=PLANE('',#12519);
#11151=PLANE('',#12520);
#11152=PLANE('',#12521);
#11153=PLANE('',#12522);
#11154=PLANE('',#12523);
#11155=PLANE('',#12524);
#11156=PLANE('',#12525);
#11157=PLANE('',#12526);
#11158=PLANE('',#12527);
#11159=PLANE('',#12528);
#11160=PLANE('',#12529);
#11161=PLANE('',#12530);
#11162=PLANE('',#12531);
#11163=PLANE('',#12532);
#11164=PLANE('',#12533);
#11165=PLANE('',#12534);
#11166=PLANE('',#12535);
#11167=PLANE('',#12536);
#11168=PLANE('',#12537);
#11169=PLANE('',#12538);
#11170=PLANE('',#12539);
#11171=PLANE('',#12540);
#11172=PLANE('',#12541);
#11173=PLANE('',#12542);
#11174=PLANE('',#12543);
#11175=PLANE('',#12544);
#11176=PLANE('',#12545);
#11177=PLANE('',#12546);
#11178=PLANE('',#12547);
#11179=PLANE('',#12548);
#11180=PLANE('',#12549);
#11181=PLANE('',#12550);
#11182=PLANE('',#12551);
#11183=PLANE('',#12552);
#11184=PLANE('',#12553);
#11185=PLANE('',#12554);
#11186=PLANE('',#12555);
#11187=PLANE('',#12556);
#11188=PLANE('',#12557);
#11189=PLANE('',#12558);
#11190=PLANE('',#12559);
#11191=PLANE('',#12560);
#11192=PLANE('',#12561);
#11193=PLANE('',#12562);
#11194=PLANE('',#12563);
#11195=PLANE('',#12564);
#11196=PLANE('',#12565);
#11197=PLANE('',#12566);
#11198=PLANE('',#12567);
#11199=PLANE('',#12568);
#11200=PLANE('',#12569);
#11201=PLANE('',#12570);
#11202=PLANE('',#12571);
#11203=PLANE('',#12572);
#11204=PLANE('',#12573);
#11205=PLANE('',#12574);
#11206=PLANE('',#12575);
#11207=PLANE('',#12576);
#11208=PLANE('',#12577);
#11209=PLANE('',#12578);
#11210=PLANE('',#12579);
#11211=PLANE('',#12580);
#11212=PLANE('',#12581);
#11213=PLANE('',#12582);
#11214=PLANE('',#12583);
#11215=PLANE('',#12584);
#11216=PLANE('',#12585);
#11217=PLANE('',#12586);
#11218=PLANE('',#12587);
#11219=PLANE('',#12588);
#11220=PLANE('',#12589);
#11221=PLANE('',#12590);
#11222=PLANE('',#12591);
#11223=PLANE('',#12592);
#11224=PLANE('',#12593);
#11225=PLANE('',#12594);
#11226=PLANE('',#12595);
#11227=PLANE('',#12596);
#11228=PLANE('',#12597);
#11229=PLANE('',#12598);
#11230=PLANE('',#12599);
#11231=PLANE('',#12600);
#11232=PLANE('',#12601);
#11233=PLANE('',#12602);
#11234=PLANE('',#12603);
#11235=PLANE('',#12604);
#11236=PLANE('',#12605);
#11237=PLANE('',#12606);
#11238=PLANE('',#12607);
#11239=PLANE('',#12608);
#11240=PLANE('',#12609);
#11241=PLANE('',#12610);
#11242=PLANE('',#12611);
#11243=PLANE('',#12612);
#11244=PLANE('',#12613);
#11245=PLANE('',#12614);
#11246=PLANE('',#12615);
#11247=PLANE('',#12616);
#11248=PLANE('',#12617);
#11249=PLANE('',#12618);
#11250=PLANE('',#12619);
#11251=PLANE('',#12620);
#11252=PLANE('',#12621);
#11253=PLANE('',#12622);
#11254=PLANE('',#12623);
#11255=PLANE('',#12624);
#11256=PLANE('',#12625);
#11257=PLANE('',#12626);
#11258=PLANE('',#12627);
#11259=PLANE('',#12628);
#11260=PLANE('',#12629);
#11261=PLANE('',#12630);
#11262=PLANE('',#12631);
#11263=PLANE('',#12632);
#11264=PLANE('',#12633);
#11265=PLANE('',#12634);
#11266=PLANE('',#12635);
#11267=PLANE('',#12636);
#11268=PLANE('',#12637);
#11269=PLANE('',#12638);
#11270=PLANE('',#12639);
#11271=PLANE('',#12640);
#11272=PLANE('',#12641);
#11273=ADVANCED_FACE('',(#125),#10653,.F.);
#11274=ADVANCED_FACE('',(#126),#10654,.F.);
#11275=ADVANCED_FACE('',(#127),#10655,.F.);
#11276=ADVANCED_FACE('',(#128),#10656,.F.);
#11277=ADVANCED_FACE('',(#129),#10657,.F.);
#11278=ADVANCED_FACE('',(#130),#10658,.F.);
#11279=ADVANCED_FACE('',(#131),#10659,.F.);
#11280=ADVANCED_FACE('',(#132),#10660,.F.);
#11281=ADVANCED_FACE('',(#133),#10661,.F.);
#11282=ADVANCED_FACE('',(#134),#10662,.F.);
#11283=ADVANCED_FACE('',(#135),#10663,.F.);
#11284=ADVANCED_FACE('',(#136),#10664,.F.);
#11285=ADVANCED_FACE('',(#137),#10665,.F.);
#11286=ADVANCED_FACE('',(#138),#10666,.F.);
#11287=ADVANCED_FACE('',(#139),#10667,.F.);
#11288=ADVANCED_FACE('',(#140),#10668,.F.);
#11289=ADVANCED_FACE('',(#141),#10669,.F.);
#11290=ADVANCED_FACE('',(#142),#10670,.F.);
#11291=ADVANCED_FACE('',(#143,#92),#10671,.F.);
#11292=ADVANCED_FACE('',(#144),#10672,.F.);
#11293=ADVANCED_FACE('',(#145),#10673,.F.);
#11294=ADVANCED_FACE('',(#146),#10674,.F.);
#11295=ADVANCED_FACE('',(#147),#10675,.F.);
#11296=ADVANCED_FACE('',(#148),#10676,.F.);
#11297=ADVANCED_FACE('',(#149),#10677,.F.);
#11298=ADVANCED_FACE('',(#150),#10678,.F.);
#11299=ADVANCED_FACE('',(#151),#10679,.F.);
#11300=ADVANCED_FACE('',(#152),#10680,.F.);
#11301=ADVANCED_FACE('',(#153),#10681,.F.);
#11302=ADVANCED_FACE('',(#154),#10682,.F.);
#11303=ADVANCED_FACE('',(#155),#10683,.F.);
#11304=ADVANCED_FACE('',(#156),#10684,.F.);
#11305=ADVANCED_FACE('',(#157),#10685,.F.);
#11306=ADVANCED_FACE('',(#158),#10686,.F.);
#11307=ADVANCED_FACE('',(#159),#10687,.F.);
#11308=ADVANCED_FACE('',(#160),#10688,.F.);
#11309=ADVANCED_FACE('',(#161),#10689,.F.);
#11310=ADVANCED_FACE('',(#162),#10690,.F.);
#11311=ADVANCED_FACE('',(#163),#10691,.F.);
#11312=ADVANCED_FACE('',(#164),#10692,.F.);
#11313=ADVANCED_FACE('',(#165),#10693,.F.);
#11314=ADVANCED_FACE('',(#166),#10694,.F.);
#11315=ADVANCED_FACE('',(#167),#10695,.F.);
#11316=ADVANCED_FACE('',(#168),#10696,.F.);
#11317=ADVANCED_FACE('',(#169),#10697,.F.);
#11318=ADVANCED_FACE('',(#170),#10698,.F.);
#11319=ADVANCED_FACE('',(#171),#10699,.F.);
#11320=ADVANCED_FACE('',(#172),#10700,.F.);
#11321=ADVANCED_FACE('',(#173),#10701,.F.);
#11322=ADVANCED_FACE('',(#174),#10702,.F.);
#11323=ADVANCED_FACE('',(#175),#10703,.F.);
#11324=ADVANCED_FACE('',(#176),#10704,.F.);
#11325=ADVANCED_FACE('',(#177),#10705,.F.);
#11326=ADVANCED_FACE('',(#178),#10706,.F.);
#11327=ADVANCED_FACE('',(#179),#10707,.F.);
#11328=ADVANCED_FACE('',(#180),#10708,.F.);
#11329=ADVANCED_FACE('',(#181),#10709,.F.);
#11330=ADVANCED_FACE('',(#182),#10710,.F.);
#11331=ADVANCED_FACE('',(#183),#10711,.F.);
#11332=ADVANCED_FACE('',(#184),#10712,.F.);
#11333=ADVANCED_FACE('',(#185),#10713,.F.);
#11334=ADVANCED_FACE('',(#186),#10714,.F.);
#11335=ADVANCED_FACE('',(#187),#10715,.F.);
#11336=ADVANCED_FACE('',(#188),#10716,.F.);
#11337=ADVANCED_FACE('',(#189),#10717,.F.);
#11338=ADVANCED_FACE('',(#190),#10718,.F.);
#11339=ADVANCED_FACE('',(#191),#10719,.F.);
#11340=ADVANCED_FACE('',(#192),#10720,.F.);
#11341=ADVANCED_FACE('',(#193),#10721,.F.);
#11342=ADVANCED_FACE('',(#194),#10722,.F.);
#11343=ADVANCED_FACE('',(#195),#10723,.F.);
#11344=ADVANCED_FACE('',(#196),#10724,.F.);
#11345=ADVANCED_FACE('',(#197),#10725,.F.);
#11346=ADVANCED_FACE('',(#198),#10726,.F.);
#11347=ADVANCED_FACE('',(#199),#10727,.F.);
#11348=ADVANCED_FACE('',(#200),#10728,.F.);
#11349=ADVANCED_FACE('',(#201),#10729,.F.);
#11350=ADVANCED_FACE('',(#202),#10730,.F.);
#11351=ADVANCED_FACE('',(#203),#10731,.F.);
#11352=ADVANCED_FACE('',(#204),#10732,.F.);
#11353=ADVANCED_FACE('',(#205),#10733,.F.);
#11354=ADVANCED_FACE('',(#206),#10734,.F.);
#11355=ADVANCED_FACE('',(#207),#10735,.F.);
#11356=ADVANCED_FACE('',(#208),#10736,.F.);
#11357=ADVANCED_FACE('',(#209),#10737,.F.);
#11358=ADVANCED_FACE('',(#210),#10738,.F.);
#11359=ADVANCED_FACE('',(#211),#10739,.F.);
#11360=ADVANCED_FACE('',(#212),#10740,.F.);
#11361=ADVANCED_FACE('',(#213),#10741,.F.);
#11362=ADVANCED_FACE('',(#214),#10742,.F.);
#11363=ADVANCED_FACE('',(#215,#93),#10743,.F.);
#11364=ADVANCED_FACE('',(#216),#10744,.F.);
#11365=ADVANCED_FACE('',(#217),#10745,.F.);
#11366=ADVANCED_FACE('',(#218),#10746,.F.);
#11367=ADVANCED_FACE('',(#219),#10747,.F.);
#11368=ADVANCED_FACE('',(#220),#10748,.F.);
#11369=ADVANCED_FACE('',(#221),#10749,.F.);
#11370=ADVANCED_FACE('',(#222),#10750,.F.);
#11371=ADVANCED_FACE('',(#223),#10751,.F.);
#11372=ADVANCED_FACE('',(#224),#10752,.F.);
#11373=ADVANCED_FACE('',(#225),#10753,.F.);
#11374=ADVANCED_FACE('',(#226),#10754,.F.);
#11375=ADVANCED_FACE('',(#227),#10755,.F.);
#11376=ADVANCED_FACE('',(#228),#10756,.F.);
#11377=ADVANCED_FACE('',(#229),#10757,.F.);
#11378=ADVANCED_FACE('',(#230),#10758,.F.);
#11379=ADVANCED_FACE('',(#231),#10759,.F.);
#11380=ADVANCED_FACE('',(#232),#10760,.F.);
#11381=ADVANCED_FACE('',(#233),#10761,.F.);
#11382=ADVANCED_FACE('',(#234),#10762,.F.);
#11383=ADVANCED_FACE('',(#235),#10763,.F.);
#11384=ADVANCED_FACE('',(#236),#10764,.F.);
#11385=ADVANCED_FACE('',(#237),#10765,.F.);
#11386=ADVANCED_FACE('',(#238),#10766,.F.);
#11387=ADVANCED_FACE('',(#239),#10767,.F.);
#11388=ADVANCED_FACE('',(#240),#10768,.F.);
#11389=ADVANCED_FACE('',(#241),#10769,.F.);
#11390=ADVANCED_FACE('',(#242),#10770,.F.);
#11391=ADVANCED_FACE('',(#243,#94),#10771,.F.);
#11392=ADVANCED_FACE('',(#244),#10772,.F.);
#11393=ADVANCED_FACE('',(#245),#10773,.F.);
#11394=ADVANCED_FACE('',(#246),#10774,.F.);
#11395=ADVANCED_FACE('',(#247),#10775,.F.);
#11396=ADVANCED_FACE('',(#248),#10776,.F.);
#11397=ADVANCED_FACE('',(#249),#10777,.F.);
#11398=ADVANCED_FACE('',(#250),#10778,.F.);
#11399=ADVANCED_FACE('',(#251),#10779,.F.);
#11400=ADVANCED_FACE('',(#252),#10780,.F.);
#11401=ADVANCED_FACE('',(#253),#10781,.F.);
#11402=ADVANCED_FACE('',(#254),#10782,.F.);
#11403=ADVANCED_FACE('',(#255),#10783,.F.);
#11404=ADVANCED_FACE('',(#256),#10784,.F.);
#11405=ADVANCED_FACE('',(#257),#10785,.F.);
#11406=ADVANCED_FACE('',(#258),#10786,.F.);
#11407=ADVANCED_FACE('',(#259),#10787,.F.);
#11408=ADVANCED_FACE('',(#260,#95),#10788,.F.);
#11409=ADVANCED_FACE('',(#261),#10789,.F.);
#11410=ADVANCED_FACE('',(#262),#10790,.F.);
#11411=ADVANCED_FACE('',(#263),#10791,.F.);
#11412=ADVANCED_FACE('',(#264),#10792,.F.);
#11413=ADVANCED_FACE('',(#265),#10793,.F.);
#11414=ADVANCED_FACE('',(#266),#10794,.F.);
#11415=ADVANCED_FACE('',(#267),#10795,.F.);
#11416=ADVANCED_FACE('',(#268),#10796,.F.);
#11417=ADVANCED_FACE('',(#269),#10797,.F.);
#11418=ADVANCED_FACE('',(#270),#10798,.F.);
#11419=ADVANCED_FACE('',(#271),#10799,.F.);
#11420=ADVANCED_FACE('',(#272),#10800,.F.);
#11421=ADVANCED_FACE('',(#273),#10801,.F.);
#11422=ADVANCED_FACE('',(#274),#10802,.F.);
#11423=ADVANCED_FACE('',(#275),#10803,.F.);
#11424=ADVANCED_FACE('',(#276),#10804,.F.);
#11425=ADVANCED_FACE('',(#277),#10805,.F.);
#11426=ADVANCED_FACE('',(#278),#10806,.F.);
#11427=ADVANCED_FACE('',(#279),#10807,.F.);
#11428=ADVANCED_FACE('',(#280),#10808,.F.);
#11429=ADVANCED_FACE('',(#281),#10809,.F.);
#11430=ADVANCED_FACE('',(#282),#10810,.F.);
#11431=ADVANCED_FACE('',(#283),#10811,.F.);
#11432=ADVANCED_FACE('',(#284),#10812,.F.);
#11433=ADVANCED_FACE('',(#285),#10813,.F.);
#11434=ADVANCED_FACE('',(#286),#10814,.F.);
#11435=ADVANCED_FACE('',(#287),#10815,.F.);
#11436=ADVANCED_FACE('',(#288),#10816,.F.);
#11437=ADVANCED_FACE('',(#289),#10817,.F.);
#11438=ADVANCED_FACE('',(#290),#10818,.F.);
#11439=ADVANCED_FACE('',(#291),#10819,.F.);
#11440=ADVANCED_FACE('',(#292),#10820,.F.);
#11441=ADVANCED_FACE('',(#293),#10821,.F.);
#11442=ADVANCED_FACE('',(#294),#10822,.F.);
#11443=ADVANCED_FACE('',(#295),#10823,.F.);
#11444=ADVANCED_FACE('',(#296),#10824,.F.);
#11445=ADVANCED_FACE('',(#297),#10825,.F.);
#11446=ADVANCED_FACE('',(#298),#10826,.F.);
#11447=ADVANCED_FACE('',(#299),#10827,.F.);
#11448=ADVANCED_FACE('',(#300),#10828,.F.);
#11449=ADVANCED_FACE('',(#301),#10829,.F.);
#11450=ADVANCED_FACE('',(#302),#10830,.F.);
#11451=ADVANCED_FACE('',(#303),#10831,.F.);
#11452=ADVANCED_FACE('',(#304),#10832,.F.);
#11453=ADVANCED_FACE('',(#305),#10833,.F.);
#11454=ADVANCED_FACE('',(#306),#10834,.F.);
#11455=ADVANCED_FACE('',(#307),#10835,.F.);
#11456=ADVANCED_FACE('',(#308),#10836,.F.);
#11457=ADVANCED_FACE('',(#309),#10837,.F.);
#11458=ADVANCED_FACE('',(#310),#10838,.F.);
#11459=ADVANCED_FACE('',(#311),#10839,.F.);
#11460=ADVANCED_FACE('',(#312),#10840,.F.);
#11461=ADVANCED_FACE('',(#313),#10841,.F.);
#11462=ADVANCED_FACE('',(#314),#10842,.F.);
#11463=ADVANCED_FACE('',(#315),#10843,.F.);
#11464=ADVANCED_FACE('',(#316),#10844,.F.);
#11465=ADVANCED_FACE('',(#317),#10845,.F.);
#11466=ADVANCED_FACE('',(#318,#96,#97,#98,#99,#100,#101,#102,#103,#104,
#105,#106,#107,#108),#10846,.F.);
#11467=ADVANCED_FACE('',(#319),#10847,.F.);
#11468=ADVANCED_FACE('',(#320),#10848,.F.);
#11469=ADVANCED_FACE('',(#321),#10849,.F.);
#11470=ADVANCED_FACE('',(#322),#10850,.T.);
#11471=ADVANCED_FACE('',(#323),#30,.F.);
#11472=ADVANCED_FACE('',(#324),#10851,.T.);
#11473=ADVANCED_FACE('',(#325),#10852,.T.);
#11474=ADVANCED_FACE('',(#326),#10853,.T.);
#11475=ADVANCED_FACE('',(#327),#31,.F.);
#11476=ADVANCED_FACE('',(#328),#10854,.T.);
#11477=ADVANCED_FACE('',(#329),#10855,.T.);
#11478=ADVANCED_FACE('',(#330),#10856,.T.);
#11479=ADVANCED_FACE('',(#331),#32,.F.);
#11480=ADVANCED_FACE('',(#332),#10857,.T.);
#11481=ADVANCED_FACE('',(#333),#10858,.T.);
#11482=ADVANCED_FACE('',(#334),#10859,.T.);
#11483=ADVANCED_FACE('',(#335),#33,.F.);
#11484=ADVANCED_FACE('',(#336),#10860,.T.);
#11485=ADVANCED_FACE('',(#337),#10861,.T.);
#11486=ADVANCED_FACE('',(#338),#10862,.T.);
#11487=ADVANCED_FACE('',(#339),#10863,.T.);
#11488=ADVANCED_FACE('',(#340),#10864,.T.);
#11489=ADVANCED_FACE('',(#341),#10865,.T.);
#11490=ADVANCED_FACE('',(#342),#10866,.T.);
#11491=ADVANCED_FACE('',(#343),#10867,.T.);
#11492=ADVANCED_FACE('',(#344),#10868,.T.);
#11493=ADVANCED_FACE('',(#345),#10869,.T.);
#11494=ADVANCED_FACE('',(#346),#10870,.T.);
#11495=ADVANCED_FACE('',(#347),#10871,.T.);
#11496=ADVANCED_FACE('',(#348),#10872,.T.);
#11497=ADVANCED_FACE('',(#349),#10873,.T.);
#11498=ADVANCED_FACE('',(#350),#10874,.T.);
#11499=ADVANCED_FACE('',(#351),#10875,.T.);
#11500=ADVANCED_FACE('',(#352),#10876,.T.);
#11501=ADVANCED_FACE('',(#353),#10877,.T.);
#11502=ADVANCED_FACE('',(#354),#10878,.T.);
#11503=ADVANCED_FACE('',(#355),#10879,.T.);
#11504=ADVANCED_FACE('',(#356),#34,.T.);
#11505=ADVANCED_FACE('',(#357),#35,.T.);
#11506=ADVANCED_FACE('',(#358),#36,.T.);
#11507=ADVANCED_FACE('',(#359),#37,.T.);
#11508=ADVANCED_FACE('',(#360),#38,.T.);
#11509=ADVANCED_FACE('',(#361),#39,.T.);
#11510=ADVANCED_FACE('',(#362),#40,.T.);
#11511=ADVANCED_FACE('',(#363),#41,.T.);
#11512=ADVANCED_FACE('',(#364),#10880,.T.);
#11513=ADVANCED_FACE('',(#365),#16,.T.);
#11514=ADVANCED_FACE('',(#366),#10881,.T.);
#11515=ADVANCED_FACE('',(#367),#17,.T.);
#11516=ADVANCED_FACE('',(#368),#10882,.T.);
#11517=ADVANCED_FACE('',(#369),#18,.F.);
#11518=ADVANCED_FACE('',(#370),#10883,.T.);
#11519=ADVANCED_FACE('',(#371),#19,.T.);
#11520=ADVANCED_FACE('',(#372),#10884,.T.);
#11521=ADVANCED_FACE('',(#373),#20,.T.);
#11522=ADVANCED_FACE('',(#374),#10885,.T.);
#11523=ADVANCED_FACE('',(#375),#21,.F.);
#11524=ADVANCED_FACE('',(#376),#10886,.T.);
#11525=ADVANCED_FACE('',(#377),#22,.T.);
#11526=ADVANCED_FACE('',(#378),#10887,.T.);
#11527=ADVANCED_FACE('',(#379),#23,.T.);
#11528=ADVANCED_FACE('',(#380),#10888,.T.);
#11529=ADVANCED_FACE('',(#381),#24,.F.);
#11530=ADVANCED_FACE('',(#382),#10889,.T.);
#11531=ADVANCED_FACE('',(#383),#25,.T.);
#11532=ADVANCED_FACE('',(#384),#10890,.T.);
#11533=ADVANCED_FACE('',(#385),#42,.F.);
#11534=ADVANCED_FACE('',(#386),#10891,.F.);
#11535=ADVANCED_FACE('',(#387),#26,.F.);
#11536=ADVANCED_FACE('',(#388),#10892,.T.);
#11537=ADVANCED_FACE('',(#389),#43,.F.);
#11538=ADVANCED_FACE('',(#390),#10893,.T.);
#11539=ADVANCED_FACE('',(#391),#10894,.T.);
#11540=ADVANCED_FACE('',(#392),#44,.T.);
#11541=ADVANCED_FACE('',(#393),#10895,.T.);
#11542=ADVANCED_FACE('',(#394),#45,.F.);
#11543=ADVANCED_FACE('',(#395),#10896,.T.);
#11544=ADVANCED_FACE('',(#396),#46,.T.);
#11545=ADVANCED_FACE('',(#397),#10897,.T.);
#11546=ADVANCED_FACE('',(#398),#47,.T.);
#11547=ADVANCED_FACE('',(#399),#10898,.T.);
#11548=ADVANCED_FACE('',(#400),#48,.F.);
#11549=ADVANCED_FACE('',(#401),#10899,.T.);
#11550=ADVANCED_FACE('',(#402),#49,.T.);
#11551=ADVANCED_FACE('',(#403),#10900,.T.);
#11552=ADVANCED_FACE('',(#404),#50,.T.);
#11553=ADVANCED_FACE('',(#405),#10901,.T.);
#11554=ADVANCED_FACE('',(#406),#51,.F.);
#11555=ADVANCED_FACE('',(#407),#10902,.T.);
#11556=ADVANCED_FACE('',(#408),#52,.T.);
#11557=ADVANCED_FACE('',(#409),#10903,.T.);
#11558=ADVANCED_FACE('',(#410),#53,.T.);
#11559=ADVANCED_FACE('',(#411),#54,.T.);
#11560=ADVANCED_FACE('',(#412),#10904,.T.);
#11561=ADVANCED_FACE('',(#413),#10905,.T.);
#11562=ADVANCED_FACE('',(#414),#10906,.T.);
#11563=ADVANCED_FACE('',(#415),#10907,.T.);
#11564=ADVANCED_FACE('',(#416),#10908,.T.);
#11565=ADVANCED_FACE('',(#417),#27,.T.);
#11566=ADVANCED_FACE('',(#418),#10909,.T.);
#11567=ADVANCED_FACE('',(#419),#28,.F.);
#11568=ADVANCED_FACE('',(#420),#29,.F.);
#11569=ADVANCED_FACE('',(#421),#10910,.T.);
#11570=ADVANCED_FACE('',(#422,#109),#10911,.F.);
#11571=ADVANCED_FACE('',(#423),#10912,.F.);
#11572=ADVANCED_FACE('',(#424),#10913,.F.);
#11573=ADVANCED_FACE('',(#425),#10914,.F.);
#11574=ADVANCED_FACE('',(#426),#10915,.F.);
#11575=ADVANCED_FACE('',(#427),#10916,.F.);
#11576=ADVANCED_FACE('',(#428),#10917,.F.);
#11577=ADVANCED_FACE('',(#429),#10918,.F.);
#11578=ADVANCED_FACE('',(#430),#10919,.F.);
#11579=ADVANCED_FACE('',(#431),#10920,.F.);
#11580=ADVANCED_FACE('',(#432),#10921,.F.);
#11581=ADVANCED_FACE('',(#433),#10922,.F.);
#11582=ADVANCED_FACE('',(#434),#10923,.F.);
#11583=ADVANCED_FACE('',(#435),#10924,.F.);
#11584=ADVANCED_FACE('',(#436),#10925,.F.);
#11585=ADVANCED_FACE('',(#437),#10926,.F.);
#11586=ADVANCED_FACE('',(#438),#10927,.F.);
#11587=ADVANCED_FACE('',(#439),#10928,.F.);
#11588=ADVANCED_FACE('',(#440),#10929,.F.);
#11589=ADVANCED_FACE('',(#441),#10930,.F.);
#11590=ADVANCED_FACE('',(#442),#10931,.F.);
#11591=ADVANCED_FACE('',(#443),#10932,.F.);
#11592=ADVANCED_FACE('',(#444),#10933,.F.);
#11593=ADVANCED_FACE('',(#445),#10934,.F.);
#11594=ADVANCED_FACE('',(#446),#10935,.F.);
#11595=ADVANCED_FACE('',(#447),#10936,.F.);
#11596=ADVANCED_FACE('',(#448),#10937,.F.);
#11597=ADVANCED_FACE('',(#449),#10938,.F.);
#11598=ADVANCED_FACE('',(#450),#10939,.F.);
#11599=ADVANCED_FACE('',(#451),#10940,.F.);
#11600=ADVANCED_FACE('',(#452),#10941,.F.);
#11601=ADVANCED_FACE('',(#453),#10942,.F.);
#11602=ADVANCED_FACE('',(#454),#10943,.F.);
#11603=ADVANCED_FACE('',(#455),#10944,.F.);
#11604=ADVANCED_FACE('',(#456),#10945,.F.);
#11605=ADVANCED_FACE('',(#457),#10946,.F.);
#11606=ADVANCED_FACE('',(#458),#10947,.F.);
#11607=ADVANCED_FACE('',(#459),#10948,.F.);
#11608=ADVANCED_FACE('',(#460),#10949,.F.);
#11609=ADVANCED_FACE('',(#461),#10950,.F.);
#11610=ADVANCED_FACE('',(#462),#10951,.F.);
#11611=ADVANCED_FACE('',(#463),#10952,.F.);
#11612=ADVANCED_FACE('',(#464),#10953,.F.);
#11613=ADVANCED_FACE('',(#465),#10954,.F.);
#11614=ADVANCED_FACE('',(#466),#10955,.F.);
#11615=ADVANCED_FACE('',(#467),#10956,.F.);
#11616=ADVANCED_FACE('',(#468),#10957,.F.);
#11617=ADVANCED_FACE('',(#469),#10958,.F.);
#11618=ADVANCED_FACE('',(#470),#10959,.F.);
#11619=ADVANCED_FACE('',(#471),#10960,.F.);
#11620=ADVANCED_FACE('',(#472),#10961,.F.);
#11621=ADVANCED_FACE('',(#473),#10962,.F.);
#11622=ADVANCED_FACE('',(#474),#10963,.F.);
#11623=ADVANCED_FACE('',(#475),#10964,.F.);
#11624=ADVANCED_FACE('',(#476),#10965,.F.);
#11625=ADVANCED_FACE('',(#477),#10966,.F.);
#11626=ADVANCED_FACE('',(#478),#10967,.F.);
#11627=ADVANCED_FACE('',(#479),#10968,.F.);
#11628=ADVANCED_FACE('',(#480),#10969,.F.);
#11629=ADVANCED_FACE('',(#481),#10970,.F.);
#11630=ADVANCED_FACE('',(#482),#10971,.F.);
#11631=ADVANCED_FACE('',(#483),#10972,.F.);
#11632=ADVANCED_FACE('',(#484),#10973,.F.);
#11633=ADVANCED_FACE('',(#485),#10974,.F.);
#11634=ADVANCED_FACE('',(#486),#10975,.F.);
#11635=ADVANCED_FACE('',(#487),#10976,.F.);
#11636=ADVANCED_FACE('',(#488),#10977,.F.);
#11637=ADVANCED_FACE('',(#489),#10978,.F.);
#11638=ADVANCED_FACE('',(#490),#10979,.F.);
#11639=ADVANCED_FACE('',(#491),#10980,.F.);
#11640=ADVANCED_FACE('',(#492),#10981,.F.);
#11641=ADVANCED_FACE('',(#493),#10982,.F.);
#11642=ADVANCED_FACE('',(#494),#10983,.F.);
#11643=ADVANCED_FACE('',(#495),#10984,.F.);
#11644=ADVANCED_FACE('',(#496),#10985,.F.);
#11645=ADVANCED_FACE('',(#497),#10986,.F.);
#11646=ADVANCED_FACE('',(#498),#10987,.F.);
#11647=ADVANCED_FACE('',(#499),#10988,.F.);
#11648=ADVANCED_FACE('',(#500),#10989,.F.);
#11649=ADVANCED_FACE('',(#501),#10990,.F.);
#11650=ADVANCED_FACE('',(#502),#10991,.F.);
#11651=ADVANCED_FACE('',(#503),#10992,.F.);
#11652=ADVANCED_FACE('',(#504),#10993,.F.);
#11653=ADVANCED_FACE('',(#505),#10994,.F.);
#11654=ADVANCED_FACE('',(#506),#10995,.F.);
#11655=ADVANCED_FACE('',(#507),#10996,.F.);
#11656=ADVANCED_FACE('',(#508),#10997,.F.);
#11657=ADVANCED_FACE('',(#509),#10998,.F.);
#11658=ADVANCED_FACE('',(#510),#10999,.F.);
#11659=ADVANCED_FACE('',(#511),#11000,.F.);
#11660=ADVANCED_FACE('',(#512),#11001,.F.);
#11661=ADVANCED_FACE('',(#513),#11002,.F.);
#11662=ADVANCED_FACE('',(#514),#11003,.F.);
#11663=ADVANCED_FACE('',(#515),#11004,.F.);
#11664=ADVANCED_FACE('',(#516),#11005,.F.);
#11665=ADVANCED_FACE('',(#517),#11006,.F.);
#11666=ADVANCED_FACE('',(#518),#11007,.F.);
#11667=ADVANCED_FACE('',(#519),#11008,.F.);
#11668=ADVANCED_FACE('',(#520),#11009,.F.);
#11669=ADVANCED_FACE('',(#521),#11010,.F.);
#11670=ADVANCED_FACE('',(#522),#11011,.F.);
#11671=ADVANCED_FACE('',(#523),#11012,.F.);
#11672=ADVANCED_FACE('',(#524),#11013,.F.);
#11673=ADVANCED_FACE('',(#525),#11014,.F.);
#11674=ADVANCED_FACE('',(#526),#11015,.F.);
#11675=ADVANCED_FACE('',(#527),#11016,.F.);
#11676=ADVANCED_FACE('',(#528),#11017,.F.);
#11677=ADVANCED_FACE('',(#529),#11018,.F.);
#11678=ADVANCED_FACE('',(#530),#11019,.F.);
#11679=ADVANCED_FACE('',(#531),#11020,.F.);
#11680=ADVANCED_FACE('',(#532),#11021,.F.);
#11681=ADVANCED_FACE('',(#533),#11022,.F.);
#11682=ADVANCED_FACE('',(#534),#11023,.F.);
#11683=ADVANCED_FACE('',(#535),#11024,.F.);
#11684=ADVANCED_FACE('',(#536),#11025,.F.);
#11685=ADVANCED_FACE('',(#537),#11026,.F.);
#11686=ADVANCED_FACE('',(#538),#11027,.F.);
#11687=ADVANCED_FACE('',(#539),#11028,.F.);
#11688=ADVANCED_FACE('',(#540),#11029,.F.);
#11689=ADVANCED_FACE('',(#541),#11030,.F.);
#11690=ADVANCED_FACE('',(#542),#11031,.F.);
#11691=ADVANCED_FACE('',(#543),#11032,.F.);
#11692=ADVANCED_FACE('',(#544),#11033,.F.);
#11693=ADVANCED_FACE('',(#545),#11034,.F.);
#11694=ADVANCED_FACE('',(#546),#11035,.F.);
#11695=ADVANCED_FACE('',(#547),#11036,.F.);
#11696=ADVANCED_FACE('',(#548),#11037,.F.);
#11697=ADVANCED_FACE('',(#549),#11038,.F.);
#11698=ADVANCED_FACE('',(#550),#11039,.F.);
#11699=ADVANCED_FACE('',(#551),#11040,.F.);
#11700=ADVANCED_FACE('',(#552),#11041,.F.);
#11701=ADVANCED_FACE('',(#553),#11042,.F.);
#11702=ADVANCED_FACE('',(#554),#11043,.F.);
#11703=ADVANCED_FACE('',(#555),#11044,.F.);
#11704=ADVANCED_FACE('',(#556),#11045,.F.);
#11705=ADVANCED_FACE('',(#557),#11046,.F.);
#11706=ADVANCED_FACE('',(#558),#11047,.F.);
#11707=ADVANCED_FACE('',(#559),#11048,.F.);
#11708=ADVANCED_FACE('',(#560),#11049,.F.);
#11709=ADVANCED_FACE('',(#561),#11050,.F.);
#11710=ADVANCED_FACE('',(#562),#11051,.F.);
#11711=ADVANCED_FACE('',(#563),#11052,.F.);
#11712=ADVANCED_FACE('',(#564),#11053,.F.);
#11713=ADVANCED_FACE('',(#565),#11054,.F.);
#11714=ADVANCED_FACE('',(#566),#11055,.F.);
#11715=ADVANCED_FACE('',(#567),#11056,.F.);
#11716=ADVANCED_FACE('',(#568),#11057,.F.);
#11717=ADVANCED_FACE('',(#569),#11058,.F.);
#11718=ADVANCED_FACE('',(#570),#11059,.F.);
#11719=ADVANCED_FACE('',(#571),#11060,.F.);
#11720=ADVANCED_FACE('',(#572),#11061,.F.);
#11721=ADVANCED_FACE('',(#573),#11062,.F.);
#11722=ADVANCED_FACE('',(#574),#11063,.F.);
#11723=ADVANCED_FACE('',(#575),#11064,.F.);
#11724=ADVANCED_FACE('',(#576),#11065,.F.);
#11725=ADVANCED_FACE('',(#577),#11066,.F.);
#11726=ADVANCED_FACE('',(#578),#11067,.F.);
#11727=ADVANCED_FACE('',(#579),#11068,.F.);
#11728=ADVANCED_FACE('',(#580),#11069,.F.);
#11729=ADVANCED_FACE('',(#581),#11070,.F.);
#11730=ADVANCED_FACE('',(#582),#11071,.F.);
#11731=ADVANCED_FACE('',(#583),#11072,.F.);
#11732=ADVANCED_FACE('',(#584),#11073,.F.);
#11733=ADVANCED_FACE('',(#585),#11074,.F.);
#11734=ADVANCED_FACE('',(#586),#11075,.F.);
#11735=ADVANCED_FACE('',(#587),#11076,.F.);
#11736=ADVANCED_FACE('',(#588),#11077,.F.);
#11737=ADVANCED_FACE('',(#589),#11078,.F.);
#11738=ADVANCED_FACE('',(#590),#11079,.F.);
#11739=ADVANCED_FACE('',(#591),#11080,.F.);
#11740=ADVANCED_FACE('',(#592),#11081,.F.);
#11741=ADVANCED_FACE('',(#593),#11082,.F.);
#11742=ADVANCED_FACE('',(#594),#11083,.F.);
#11743=ADVANCED_FACE('',(#595),#11084,.F.);
#11744=ADVANCED_FACE('',(#596),#11085,.F.);
#11745=ADVANCED_FACE('',(#597),#11086,.F.);
#11746=ADVANCED_FACE('',(#598),#11087,.F.);
#11747=ADVANCED_FACE('',(#599),#11088,.F.);
#11748=ADVANCED_FACE('',(#600),#11089,.F.);
#11749=ADVANCED_FACE('',(#601),#11090,.F.);
#11750=ADVANCED_FACE('',(#602),#11091,.F.);
#11751=ADVANCED_FACE('',(#603),#11092,.F.);
#11752=ADVANCED_FACE('',(#604),#11093,.F.);
#11753=ADVANCED_FACE('',(#605),#11094,.F.);
#11754=ADVANCED_FACE('',(#606),#11095,.F.);
#11755=ADVANCED_FACE('',(#607),#11096,.F.);
#11756=ADVANCED_FACE('',(#608),#11097,.F.);
#11757=ADVANCED_FACE('',(#609),#11098,.F.);
#11758=ADVANCED_FACE('',(#610),#11099,.F.);
#11759=ADVANCED_FACE('',(#611),#11100,.F.);
#11760=ADVANCED_FACE('',(#612),#11101,.F.);
#11761=ADVANCED_FACE('',(#613),#11102,.T.);
#11762=ADVANCED_FACE('',(#614),#11103,.T.);
#11763=ADVANCED_FACE('',(#615,#110,#111,#112,#113,#114),#11104,.T.);
#11764=ADVANCED_FACE('',(#616),#11105,.T.);
#11765=ADVANCED_FACE('',(#617),#11106,.T.);
#11766=ADVANCED_FACE('',(#618),#11107,.T.);
#11767=ADVANCED_FACE('',(#619),#11108,.T.);
#11768=ADVANCED_FACE('',(#620),#11109,.T.);
#11769=ADVANCED_FACE('',(#621),#11110,.T.);
#11770=ADVANCED_FACE('',(#622),#11111,.T.);
#11771=ADVANCED_FACE('',(#623),#11112,.T.);
#11772=ADVANCED_FACE('',(#624),#11113,.T.);
#11773=ADVANCED_FACE('',(#625),#11114,.T.);
#11774=ADVANCED_FACE('',(#626),#11115,.T.);
#11775=ADVANCED_FACE('',(#627),#11116,.T.);
#11776=ADVANCED_FACE('',(#628,#115,#116,#117,#118,#119,#120,#121,#122,#123,
#124),#11117,.T.);
#11777=ADVANCED_FACE('',(#629),#11118,.F.);
#11778=ADVANCED_FACE('',(#630),#11119,.F.);
#11779=ADVANCED_FACE('',(#631),#11120,.F.);
#11780=ADVANCED_FACE('',(#632),#11121,.F.);
#11781=ADVANCED_FACE('',(#633),#11122,.F.);
#11782=ADVANCED_FACE('',(#634),#11123,.F.);
#11783=ADVANCED_FACE('',(#635),#11124,.F.);
#11784=ADVANCED_FACE('',(#636),#11125,.F.);
#11785=ADVANCED_FACE('',(#637),#11126,.F.);
#11786=ADVANCED_FACE('',(#638),#11127,.F.);
#11787=ADVANCED_FACE('',(#639),#11128,.F.);
#11788=ADVANCED_FACE('',(#640),#11129,.F.);
#11789=ADVANCED_FACE('',(#641),#11130,.F.);
#11790=ADVANCED_FACE('',(#642),#11131,.F.);
#11791=ADVANCED_FACE('',(#643),#11132,.F.);
#11792=ADVANCED_FACE('',(#644),#11133,.F.);
#11793=ADVANCED_FACE('',(#645),#11134,.F.);
#11794=ADVANCED_FACE('',(#646),#11135,.F.);
#11795=ADVANCED_FACE('',(#647),#11136,.F.);
#11796=ADVANCED_FACE('',(#648),#11137,.F.);
#11797=ADVANCED_FACE('',(#649),#11138,.F.);
#11798=ADVANCED_FACE('',(#650),#11139,.F.);
#11799=ADVANCED_FACE('',(#651),#11140,.F.);
#11800=ADVANCED_FACE('',(#652),#11141,.F.);
#11801=ADVANCED_FACE('',(#653),#11142,.F.);
#11802=ADVANCED_FACE('',(#654),#11143,.F.);
#11803=ADVANCED_FACE('',(#655),#11144,.F.);
#11804=ADVANCED_FACE('',(#656),#11145,.F.);
#11805=ADVANCED_FACE('',(#657),#11146,.F.);
#11806=ADVANCED_FACE('',(#658),#11147,.F.);
#11807=ADVANCED_FACE('',(#659),#11148,.F.);
#11808=ADVANCED_FACE('',(#660),#11149,.F.);
#11809=ADVANCED_FACE('',(#661),#11150,.F.);
#11810=ADVANCED_FACE('',(#662),#11151,.F.);
#11811=ADVANCED_FACE('',(#663),#11152,.F.);
#11812=ADVANCED_FACE('',(#664),#11153,.F.);
#11813=ADVANCED_FACE('',(#665),#11154,.F.);
#11814=ADVANCED_FACE('',(#666),#11155,.F.);
#11815=ADVANCED_FACE('',(#667),#11156,.F.);
#11816=ADVANCED_FACE('',(#668),#11157,.F.);
#11817=ADVANCED_FACE('',(#669),#11158,.F.);
#11818=ADVANCED_FACE('',(#670),#11159,.F.);
#11819=ADVANCED_FACE('',(#671),#11160,.F.);
#11820=ADVANCED_FACE('',(#672),#11161,.F.);
#11821=ADVANCED_FACE('',(#673),#11162,.F.);
#11822=ADVANCED_FACE('',(#674),#11163,.F.);
#11823=ADVANCED_FACE('',(#675),#11164,.F.);
#11824=ADVANCED_FACE('',(#676),#11165,.F.);
#11825=ADVANCED_FACE('',(#677),#11166,.F.);
#11826=ADVANCED_FACE('',(#678),#11167,.F.);
#11827=ADVANCED_FACE('',(#679),#11168,.F.);
#11828=ADVANCED_FACE('',(#680),#11169,.F.);
#11829=ADVANCED_FACE('',(#681),#11170,.F.);
#11830=ADVANCED_FACE('',(#682),#11171,.F.);
#11831=ADVANCED_FACE('',(#683),#11172,.F.);
#11832=ADVANCED_FACE('',(#684),#11173,.F.);
#11833=ADVANCED_FACE('',(#685),#11174,.F.);
#11834=ADVANCED_FACE('',(#686),#11175,.F.);
#11835=ADVANCED_FACE('',(#687),#11176,.F.);
#11836=ADVANCED_FACE('',(#688),#11177,.F.);
#11837=ADVANCED_FACE('',(#689),#11178,.F.);
#11838=ADVANCED_FACE('',(#690),#11179,.F.);
#11839=ADVANCED_FACE('',(#691),#11180,.F.);
#11840=ADVANCED_FACE('',(#692),#11181,.F.);
#11841=ADVANCED_FACE('',(#693),#11182,.F.);
#11842=ADVANCED_FACE('',(#694),#11183,.F.);
#11843=ADVANCED_FACE('',(#695),#11184,.F.);
#11844=ADVANCED_FACE('',(#696),#11185,.F.);
#11845=ADVANCED_FACE('',(#697),#11186,.F.);
#11846=ADVANCED_FACE('',(#698),#11187,.F.);
#11847=ADVANCED_FACE('',(#699),#11188,.F.);
#11848=ADVANCED_FACE('',(#700),#11189,.F.);
#11849=ADVANCED_FACE('',(#701),#11190,.F.);
#11850=ADVANCED_FACE('',(#702),#11191,.F.);
#11851=ADVANCED_FACE('',(#703),#11192,.F.);
#11852=ADVANCED_FACE('',(#704),#11193,.F.);
#11853=ADVANCED_FACE('',(#705),#11194,.F.);
#11854=ADVANCED_FACE('',(#706),#11195,.F.);
#11855=ADVANCED_FACE('',(#707),#11196,.F.);
#11856=ADVANCED_FACE('',(#708),#11197,.F.);
#11857=ADVANCED_FACE('',(#709),#11198,.F.);
#11858=ADVANCED_FACE('',(#710),#11199,.F.);
#11859=ADVANCED_FACE('',(#711),#11200,.F.);
#11860=ADVANCED_FACE('',(#712),#11201,.F.);
#11861=ADVANCED_FACE('',(#713),#11202,.F.);
#11862=ADVANCED_FACE('',(#714),#11203,.F.);
#11863=ADVANCED_FACE('',(#715),#11204,.F.);
#11864=ADVANCED_FACE('',(#716),#11205,.F.);
#11865=ADVANCED_FACE('',(#717),#11206,.F.);
#11866=ADVANCED_FACE('',(#718),#11207,.F.);
#11867=ADVANCED_FACE('',(#719),#11208,.F.);
#11868=ADVANCED_FACE('',(#720),#11209,.F.);
#11869=ADVANCED_FACE('',(#721),#11210,.F.);
#11870=ADVANCED_FACE('',(#722),#11211,.F.);
#11871=ADVANCED_FACE('',(#723),#11212,.F.);
#11872=ADVANCED_FACE('',(#724),#11213,.F.);
#11873=ADVANCED_FACE('',(#725),#11214,.F.);
#11874=ADVANCED_FACE('',(#726),#11215,.F.);
#11875=ADVANCED_FACE('',(#727),#11216,.F.);
#11876=ADVANCED_FACE('',(#728),#11217,.F.);
#11877=ADVANCED_FACE('',(#729),#11218,.F.);
#11878=ADVANCED_FACE('',(#730),#11219,.F.);
#11879=ADVANCED_FACE('',(#731),#11220,.F.);
#11880=ADVANCED_FACE('',(#732),#11221,.F.);
#11881=ADVANCED_FACE('',(#733),#11222,.F.);
#11882=ADVANCED_FACE('',(#734),#11223,.F.);
#11883=ADVANCED_FACE('',(#735),#11224,.F.);
#11884=ADVANCED_FACE('',(#736),#11225,.F.);
#11885=ADVANCED_FACE('',(#737),#11226,.F.);
#11886=ADVANCED_FACE('',(#738),#11227,.F.);
#11887=ADVANCED_FACE('',(#739),#11228,.F.);
#11888=ADVANCED_FACE('',(#740),#11229,.F.);
#11889=ADVANCED_FACE('',(#741),#11230,.F.);
#11890=ADVANCED_FACE('',(#742),#11231,.F.);
#11891=ADVANCED_FACE('',(#743),#11232,.F.);
#11892=ADVANCED_FACE('',(#744),#11233,.F.);
#11893=ADVANCED_FACE('',(#745),#11234,.F.);
#11894=ADVANCED_FACE('',(#746),#11235,.F.);
#11895=ADVANCED_FACE('',(#747),#11236,.F.);
#11896=ADVANCED_FACE('',(#748),#11237,.F.);
#11897=ADVANCED_FACE('',(#749),#11238,.F.);
#11898=ADVANCED_FACE('',(#750),#11239,.F.);
#11899=ADVANCED_FACE('',(#751),#11240,.F.);
#11900=ADVANCED_FACE('',(#752),#11241,.F.);
#11901=ADVANCED_FACE('',(#753),#11242,.F.);
#11902=ADVANCED_FACE('',(#754),#11243,.F.);
#11903=ADVANCED_FACE('',(#755),#11244,.F.);
#11904=ADVANCED_FACE('',(#756),#11245,.F.);
#11905=ADVANCED_FACE('',(#757),#11246,.F.);
#11906=ADVANCED_FACE('',(#758),#11247,.F.);
#11907=ADVANCED_FACE('',(#759),#11248,.F.);
#11908=ADVANCED_FACE('',(#760),#11249,.F.);
#11909=ADVANCED_FACE('',(#761),#11250,.F.);
#11910=ADVANCED_FACE('',(#762),#11251,.F.);
#11911=ADVANCED_FACE('',(#763),#11252,.F.);
#11912=ADVANCED_FACE('',(#764),#11253,.F.);
#11913=ADVANCED_FACE('',(#765),#11254,.F.);
#11914=ADVANCED_FACE('',(#766),#11255,.F.);
#11915=ADVANCED_FACE('',(#767),#11256,.F.);
#11916=ADVANCED_FACE('',(#768),#11257,.F.);
#11917=ADVANCED_FACE('',(#769),#11258,.F.);
#11918=ADVANCED_FACE('',(#770),#11259,.F.);
#11919=ADVANCED_FACE('',(#771),#11260,.T.);
#11920=ADVANCED_FACE('',(#772),#11261,.T.);
#11921=ADVANCED_FACE('',(#773),#11262,.T.);
#11922=ADVANCED_FACE('',(#774),#11263,.T.);
#11923=ADVANCED_FACE('',(#775),#11264,.T.);
#11924=ADVANCED_FACE('',(#776),#11265,.T.);
#11925=ADVANCED_FACE('',(#777),#11266,.T.);
#11926=ADVANCED_FACE('',(#778),#11267,.T.);
#11927=ADVANCED_FACE('',(#779),#11268,.T.);
#11928=ADVANCED_FACE('',(#780),#11269,.T.);
#11929=ADVANCED_FACE('',(#781),#11270,.T.);
#11930=ADVANCED_FACE('',(#782),#11271,.T.);
#11931=ADVANCED_FACE('',(#783),#11272,.T.);
#11932=CLOSED_SHELL('',(#11273,#11274,#11275,#11276,#11277,#11278,#11279,
#11280,#11281,#11282,#11283,#11284,#11285,#11286,#11287,#11288,#11289,#11290,
#11291,#11292,#11293,#11294,#11295,#11296,#11297,#11298,#11299,#11300,#11301,
#11302,#11303,#11304,#11305,#11306,#11307,#11308,#11309,#11310,#11311,#11312,
#11313,#11314,#11315,#11316,#11317,#11318,#11319,#11320,#11321,#11322,#11323,
#11324,#11325,#11326,#11327,#11328,#11329,#11330,#11331,#11332,#11333,#11334,
#11335,#11336,#11337,#11338,#11339,#11340,#11341,#11342,#11343,#11344,#11345,
#11346,#11347,#11348,#11349,#11350,#11351,#11352,#11353,#11354,#11355,#11356,
#11357,#11358,#11359,#11360,#11361,#11362,#11363,#11364,#11365,#11366,#11367,
#11368,#11369,#11370,#11371,#11372,#11373,#11374,#11375,#11376,#11377,#11378,
#11379,#11380,#11381,#11382,#11383,#11384,#11385,#11386,#11387,#11388,#11389,
#11390,#11391,#11392,#11393,#11394,#11395,#11396,#11397,#11398,#11399,#11400,
#11401,#11402,#11403,#11404,#11405,#11406,#11407,#11408,#11409,#11410,#11411,
#11412,#11413,#11414,#11415,#11416,#11417,#11418,#11419,#11420,#11421,#11422,
#11423,#11424,#11425,#11426,#11427,#11428,#11429,#11430,#11431,#11432,#11433,
#11434,#11435,#11436,#11437,#11438,#11439,#11440,#11441,#11442,#11443,#11444,
#11445,#11446,#11447,#11448,#11449,#11450,#11451,#11452,#11453,#11454,#11455,
#11456,#11457,#11458,#11459,#11460,#11461,#11462,#11463,#11464,#11465,#11466,
#11467,#11468,#11469,#11470,#11471,#11472,#11473,#11474,#11475,#11476,#11477,
#11478,#11479,#11480,#11481,#11482,#11483,#11484,#11485,#11486,#11487,#11488,
#11489,#11490,#11491,#11492,#11493,#11494,#11495,#11496,#11497,#11498,#11499,
#11500,#11501,#11502,#11503,#11504,#11505,#11506,#11507,#11508,#11509,#11510,
#11511,#11512,#11513,#11514,#11515,#11516,#11517,#11518,#11519,#11520,#11521,
#11522,#11523,#11524,#11525,#11526,#11527,#11528,#11529,#11530,#11531,#11532,
#11533,#11534,#11535,#11536,#11537,#11538,#11539,#11540,#11541,#11542,#11543,
#11544,#11545,#11546,#11547,#11548,#11549,#11550,#11551,#11552,#11553,#11554,
#11555,#11556,#11557,#11558,#11559,#11560,#11561,#11562,#11563,#11564,#11565,
#11566,#11567,#11568,#11569,#11570,#11571,#11572,#11573,#11574,#11575,#11576,
#11577,#11578,#11579,#11580,#11581,#11582,#11583,#11584,#11585,#11586,#11587,
#11588,#11589,#11590,#11591,#11592,#11593,#11594,#11595,#11596,#11597,#11598,
#11599,#11600,#11601,#11602,#11603,#11604,#11605,#11606,#11607,#11608,#11609,
#11610,#11611,#11612,#11613,#11614,#11615,#11616,#11617,#11618,#11619,#11620,
#11621,#11622,#11623,#11624,#11625,#11626,#11627,#11628,#11629,#11630,#11631,
#11632,#11633,#11634,#11635,#11636,#11637,#11638,#11639,#11640,#11641,#11642,
#11643,#11644,#11645,#11646,#11647,#11648,#11649,#11650,#11651,#11652,#11653,
#11654,#11655,#11656,#11657,#11658,#11659,#11660,#11661,#11662,#11663,#11664,
#11665,#11666,#11667,#11668,#11669,#11670,#11671,#11672,#11673,#11674,#11675,
#11676,#11677,#11678,#11679,#11680,#11681,#11682,#11683,#11684,#11685,#11686,
#11687,#11688,#11689,#11690,#11691,#11692,#11693,#11694,#11695,#11696,#11697,
#11698,#11699,#11700,#11701,#11702,#11703,#11704,#11705,#11706,#11707,#11708,
#11709,#11710,#11711,#11712,#11713,#11714,#11715,#11716,#11717,#11718,#11719,
#11720,#11721,#11722,#11723,#11724,#11725,#11726,#11727,#11728,#11729,#11730,
#11731,#11732,#11733,#11734,#11735,#11736,#11737,#11738,#11739,#11740,#11741,
#11742,#11743,#11744,#11745,#11746,#11747,#11748,#11749,#11750,#11751,#11752,
#11753,#11754,#11755,#11756,#11757,#11758,#11759,#11760,#11761,#11762,#11763,
#11764,#11765,#11766,#11767,#11768,#11769,#11770,#11771,#11772,#11773,#11774,
#11775,#11776,#11777,#11778,#11779,#11780,#11781,#11782,#11783,#11784,#11785,
#11786,#11787,#11788,#11789,#11790,#11791,#11792,#11793,#11794,#11795,#11796,
#11797,#11798,#11799,#11800,#11801,#11802,#11803,#11804,#11805,#11806,#11807,
#11808,#11809,#11810,#11811,#11812,#11813,#11814,#11815,#11816,#11817,#11818,
#11819,#11820,#11821,#11822,#11823,#11824,#11825,#11826,#11827,#11828,#11829,
#11830,#11831,#11832,#11833,#11834,#11835,#11836,#11837,#11838,#11839,#11840,
#11841,#11842,#11843,#11844,#11845,#11846,#11847,#11848,#11849,#11850,#11851,
#11852,#11853,#11854,#11855,#11856,#11857,#11858,#11859,#11860,#11861,#11862,
#11863,#11864,#11865,#11866,#11867,#11868,#11869,#11870,#11871,#11872,#11873,
#11874,#11875,#11876,#11877,#11878,#11879,#11880,#11881,#11882,#11883,#11884,
#11885,#11886,#11887,#11888,#11889,#11890,#11891,#11892,#11893,#11894,#11895,
#11896,#11897,#11898,#11899,#11900,#11901,#11902,#11903,#11904,#11905,#11906,
#11907,#11908,#11909,#11910,#11911,#11912,#11913,#11914,#11915,#11916,#11917,
#11918,#11919,#11920,#11921,#11922,#11923,#11924,#11925,#11926,#11927,#11928,
#11929,#11930,#11931));
#11933=DERIVED_UNIT_ELEMENT(#11935,1.);
#11934=DERIVED_UNIT_ELEMENT(#18953,-3.);
#11935=(
MASS_UNIT()
NAMED_UNIT(*)
SI_UNIT(.KILO.,.GRAM.)
);
#11936=DERIVED_UNIT((#11933,#11934));
#11937=MEASURE_REPRESENTATION_ITEM('density measure',
POSITIVE_RATIO_MEASURE(1060.),#11936);
#11938=PROPERTY_DEFINITION_REPRESENTATION(#11943,#11940);
#11939=PROPERTY_DEFINITION_REPRESENTATION(#11944,#11941);
#11940=REPRESENTATION('material name',(#11942),#18950);
#11941=REPRESENTATION('density',(#11937),#18950);
#11942=DESCRIPTIVE_REPRESENTATION_ITEM('ABS Plastic','ABS Plastic');
#11943=PROPERTY_DEFINITION('material property','material name',#18960);
#11944=PROPERTY_DEFINITION('material property','density of part',#18960);
#11945=AXIS2_PLACEMENT_3D('',#15653,#12642,#12643);
#11946=AXIS2_PLACEMENT_3D('',#15654,#12644,#12645);
#11947=AXIS2_PLACEMENT_3D('',#15663,#12650,#12651);
#11948=AXIS2_PLACEMENT_3D('',#15669,#12655,#12656);
#11949=AXIS2_PLACEMENT_3D('',#15675,#12660,#12661);
#11950=AXIS2_PLACEMENT_3D('',#15678,#12664,#12665);
#11951=AXIS2_PLACEMENT_3D('',#15687,#12670,#12671);
#11952=AXIS2_PLACEMENT_3D('',#15693,#12675,#12676);
#11953=AXIS2_PLACEMENT_3D('',#15699,#12680,#12681);
#11954=AXIS2_PLACEMENT_3D('',#15705,#12685,#12686);
#11955=AXIS2_PLACEMENT_3D('',#15711,#12690,#12691);
#11956=AXIS2_PLACEMENT_3D('',#15717,#12695,#12696);
#11957=AXIS2_PLACEMENT_3D('',#15723,#12700,#12701);
#11958=AXIS2_PLACEMENT_3D('',#15729,#12705,#12706);
#11959=AXIS2_PLACEMENT_3D('',#15735,#12710,#12711);
#11960=AXIS2_PLACEMENT_3D('',#15741,#12715,#12716);
#11961=AXIS2_PLACEMENT_3D('',#15747,#12720,#12721);
#11962=AXIS2_PLACEMENT_3D('',#15753,#12725,#12726);
#11963=AXIS2_PLACEMENT_3D('',#15759,#12730,#12731);
#11964=AXIS2_PLACEMENT_3D('',#15762,#12734,#12735);
#11965=AXIS2_PLACEMENT_3D('',#15763,#12736,#12737);
#11966=AXIS2_PLACEMENT_3D('',#15772,#12742,#12743);
#11967=AXIS2_PLACEMENT_3D('',#15778,#12747,#12748);
#11968=AXIS2_PLACEMENT_3D('',#15784,#12752,#12753);
#11969=AXIS2_PLACEMENT_3D('',#15790,#12757,#12758);
#11970=AXIS2_PLACEMENT_3D('',#15796,#12762,#12763);
#11971=AXIS2_PLACEMENT_3D('',#15802,#12767,#12768);
#11972=AXIS2_PLACEMENT_3D('',#15808,#12772,#12773);
#11973=AXIS2_PLACEMENT_3D('',#15814,#12777,#12778);
#11974=AXIS2_PLACEMENT_3D('',#15820,#12782,#12783);
#11975=AXIS2_PLACEMENT_3D('',#15826,#12787,#12788);
#11976=AXIS2_PLACEMENT_3D('',#15832,#12792,#12793);
#11977=AXIS2_PLACEMENT_3D('',#15838,#12797,#12798);
#11978=AXIS2_PLACEMENT_3D('',#15844,#12802,#12803);
#11979=AXIS2_PLACEMENT_3D('',#15850,#12807,#12808);
#11980=AXIS2_PLACEMENT_3D('',#15856,#12812,#12813);
#11981=AXIS2_PLACEMENT_3D('',#15859,#12816,#12817);
#11982=AXIS2_PLACEMENT_3D('',#15860,#12818,#12819);
#11983=AXIS2_PLACEMENT_3D('',#15869,#12824,#12825);
#11984=AXIS2_PLACEMENT_3D('',#15875,#12829,#12830);
#11985=AXIS2_PLACEMENT_3D('',#15881,#12834,#12835);
#11986=AXIS2_PLACEMENT_3D('',#15887,#12839,#12840);
#11987=AXIS2_PLACEMENT_3D('',#15893,#12844,#12845);
#11988=AXIS2_PLACEMENT_3D('',#15899,#12849,#12850);
#11989=AXIS2_PLACEMENT_3D('',#15905,#12854,#12855);
#11990=AXIS2_PLACEMENT_3D('',#15911,#12859,#12860);
#11991=AXIS2_PLACEMENT_3D('',#15917,#12864,#12865);
#11992=AXIS2_PLACEMENT_3D('',#15923,#12869,#12870);
#11993=AXIS2_PLACEMENT_3D('',#15929,#12874,#12875);
#11994=AXIS2_PLACEMENT_3D('',#15935,#12879,#12880);
#11995=AXIS2_PLACEMENT_3D('',#15941,#12884,#12885);
#11996=AXIS2_PLACEMENT_3D('',#15947,#12889,#12890);
#11997=AXIS2_PLACEMENT_3D('',#15953,#12894,#12895);
#11998=AXIS2_PLACEMENT_3D('',#15959,#12899,#12900);
#11999=AXIS2_PLACEMENT_3D('',#15965,#12904,#12905);
#12000=AXIS2_PLACEMENT_3D('',#15971,#12909,#12910);
#12001=AXIS2_PLACEMENT_3D('',#15977,#12914,#12915);
#12002=AXIS2_PLACEMENT_3D('',#15983,#12919,#12920);
#12003=AXIS2_PLACEMENT_3D('',#15989,#12924,#12925);
#12004=AXIS2_PLACEMENT_3D('',#15995,#12929,#12930);
#12005=AXIS2_PLACEMENT_3D('',#16001,#12934,#12935);
#12006=AXIS2_PLACEMENT_3D('',#16007,#12939,#12940);
#12007=AXIS2_PLACEMENT_3D('',#16013,#12944,#12945);
#12008=AXIS2_PLACEMENT_3D('',#16019,#12949,#12950);
#12009=AXIS2_PLACEMENT_3D('',#16025,#12954,#12955);
#12010=AXIS2_PLACEMENT_3D('',#16028,#12958,#12959);
#12011=AXIS2_PLACEMENT_3D('',#16029,#12960,#12961);
#12012=AXIS2_PLACEMENT_3D('',#16038,#12966,#12967);
#12013=AXIS2_PLACEMENT_3D('',#16044,#12971,#12972);
#12014=AXIS2_PLACEMENT_3D('',#16050,#12976,#12977);
#12015=AXIS2_PLACEMENT_3D('',#16056,#12981,#12982);
#12016=AXIS2_PLACEMENT_3D('',#16062,#12986,#12987);
#12017=AXIS2_PLACEMENT_3D('',#16068,#12991,#12992);
#12018=AXIS2_PLACEMENT_3D('',#16074,#12996,#12997);
#12019=AXIS2_PLACEMENT_3D('',#16080,#13001,#13002);
#12020=AXIS2_PLACEMENT_3D('',#16086,#13006,#13007);
#12021=AXIS2_PLACEMENT_3D('',#16089,#13010,#13011);
#12022=AXIS2_PLACEMENT_3D('',#16090,#13012,#13013);
#12023=AXIS2_PLACEMENT_3D('',#16099,#13018,#13019);
#12024=AXIS2_PLACEMENT_3D('',#16105,#13023,#13024);
#12025=AXIS2_PLACEMENT_3D('',#16111,#13028,#13029);
#12026=AXIS2_PLACEMENT_3D('',#16114,#13032,#13033);
#12027=AXIS2_PLACEMENT_3D('',#16123,#13038,#13039);
#12028=AXIS2_PLACEMENT_3D('',#16129,#13043,#13044);
#12029=AXIS2_PLACEMENT_3D('',#16135,#13048,#13049);
#12030=AXIS2_PLACEMENT_3D('',#16141,#13053,#13054);
#12031=AXIS2_PLACEMENT_3D('',#16147,#13058,#13059);
#12032=AXIS2_PLACEMENT_3D('',#16153,#13063,#13064);
#12033=AXIS2_PLACEMENT_3D('',#16159,#13068,#13069);
#12034=AXIS2_PLACEMENT_3D('',#16165,#13073,#13074);
#12035=AXIS2_PLACEMENT_3D('',#16171,#13078,#13079);
#12036=AXIS2_PLACEMENT_3D('',#16174,#13082,#13083);
#12037=AXIS2_PLACEMENT_3D('',#16175,#13084,#13085);
#12038=AXIS2_PLACEMENT_3D('',#16184,#13090,#13091);
#12039=AXIS2_PLACEMENT_3D('',#16190,#13095,#13096);
#12040=AXIS2_PLACEMENT_3D('',#16196,#13100,#13101);
#12041=AXIS2_PLACEMENT_3D('',#16202,#13105,#13106);
#12042=AXIS2_PLACEMENT_3D('',#16208,#13110,#13111);
#12043=AXIS2_PLACEMENT_3D('',#16214,#13115,#13116);
#12044=AXIS2_PLACEMENT_3D('',#16220,#13120,#13121);
#12045=AXIS2_PLACEMENT_3D('',#16223,#13124,#13125);
#12046=AXIS2_PLACEMENT_3D('',#16224,#13126,#13127);
#12047=AXIS2_PLACEMENT_3D('',#16233,#13132,#13133);
#12048=AXIS2_PLACEMENT_3D('',#16239,#13137,#13138);
#12049=AXIS2_PLACEMENT_3D('',#16245,#13142,#13143);
#12050=AXIS2_PLACEMENT_3D('',#16248,#13146,#13147);
#12051=AXIS2_PLACEMENT_3D('',#16257,#13152,#13153);
#12052=AXIS2_PLACEMENT_3D('',#16263,#13157,#13158);
#12053=AXIS2_PLACEMENT_3D('',#16269,#13162,#13163);
#12054=AXIS2_PLACEMENT_3D('',#16275,#13167,#13168);
#12055=AXIS2_PLACEMENT_3D('',#16281,#13172,#13173);
#12056=AXIS2_PLACEMENT_3D('',#16287,#13177,#13178);
#12057=AXIS2_PLACEMENT_3D('',#16293,#13182,#13183);
#12058=AXIS2_PLACEMENT_3D('',#16299,#13187,#13188);
#12059=AXIS2_PLACEMENT_3D('',#16305,#13192,#13193);
#12060=AXIS2_PLACEMENT_3D('',#16311,#13197,#13198);
#12061=AXIS2_PLACEMENT_3D('',#16317,#13202,#13203);
#12062=AXIS2_PLACEMENT_3D('',#16323,#13207,#13208);
#12063=AXIS2_PLACEMENT_3D('',#16329,#13212,#13213);
#12064=AXIS2_PLACEMENT_3D('',#16332,#13216,#13217);
#12065=AXIS2_PLACEMENT_3D('',#16333,#13218,#13219);
#12066=AXIS2_PLACEMENT_3D('',#16342,#13224,#13225);
#12067=AXIS2_PLACEMENT_3D('',#16348,#13229,#13230);
#12068=AXIS2_PLACEMENT_3D('',#16354,#13234,#13235);
#12069=AXIS2_PLACEMENT_3D('',#16357,#13238,#13239);
#12070=AXIS2_PLACEMENT_3D('',#16366,#13244,#13245);
#12071=AXIS2_PLACEMENT_3D('',#16372,#13249,#13250);
#12072=AXIS2_PLACEMENT_3D('',#16378,#13254,#13255);
#12073=AXIS2_PLACEMENT_3D('',#16384,#13259,#13260);
#12074=AXIS2_PLACEMENT_3D('',#16390,#13264,#13265);
#12075=AXIS2_PLACEMENT_3D('',#16396,#13269,#13270);
#12076=AXIS2_PLACEMENT_3D('',#16402,#13274,#13275);
#12077=AXIS2_PLACEMENT_3D('',#16408,#13279,#13280);
#12078=AXIS2_PLACEMENT_3D('',#16414,#13284,#13285);
#12079=AXIS2_PLACEMENT_3D('',#16420,#13289,#13290);
#12080=AXIS2_PLACEMENT_3D('',#16426,#13294,#13295);
#12081=AXIS2_PLACEMENT_3D('',#16429,#13298,#13299);
#12082=AXIS2_PLACEMENT_3D('',#16430,#13300,#13301);
#12083=AXIS2_PLACEMENT_3D('',#16439,#13306,#13307);
#12084=AXIS2_PLACEMENT_3D('',#16445,#13311,#13312);
#12085=AXIS2_PLACEMENT_3D('',#16451,#13316,#13317);
#12086=AXIS2_PLACEMENT_3D('',#16457,#13321,#13322);
#12087=AXIS2_PLACEMENT_3D('',#16463,#13326,#13327);
#12088=AXIS2_PLACEMENT_3D('',#16469,#13331,#13332);
#12089=AXIS2_PLACEMENT_3D('',#16475,#13336,#13337);
#12090=AXIS2_PLACEMENT_3D('',#16481,#13341,#13342);
#12091=AXIS2_PLACEMENT_3D('',#16487,#13346,#13347);
#12092=AXIS2_PLACEMENT_3D('',#16493,#13351,#13352);
#12093=AXIS2_PLACEMENT_3D('',#16499,#13356,#13357);
#12094=AXIS2_PLACEMENT_3D('',#16502,#13360,#13361);
#12095=AXIS2_PLACEMENT_3D('',#16503,#13362,#13363);
#12096=AXIS2_PLACEMENT_3D('',#16512,#13368,#13369);
#12097=AXIS2_PLACEMENT_3D('',#16518,#13373,#13374);
#12098=AXIS2_PLACEMENT_3D('',#16525,#13379,#13380);
#12099=AXIS2_PLACEMENT_3D('',#16528,#13383,#13384);
#12100=AXIS2_PLACEMENT_3D('',#16529,#13385,#13386);
#12101=AXIS2_PLACEMENT_3D('',#16538,#13391,#13392);
#12102=AXIS2_PLACEMENT_3D('',#16541,#13395,#13396);
#12103=AXIS2_PLACEMENT_3D('',#16547,#13400,#13401);
#12104=AXIS2_PLACEMENT_3D('',#16553,#13405,#13406);
#12105=AXIS2_PLACEMENT_3D('',#16559,#13410,#13411);
#12106=AXIS2_PLACEMENT_3D('',#16565,#13415,#13416);
#12107=AXIS2_PLACEMENT_3D('',#16571,#13420,#13421);
#12108=AXIS2_PLACEMENT_3D('',#16574,#13424,#13425);
#12109=AXIS2_PLACEMENT_3D('',#16575,#13426,#13427);
#12110=AXIS2_PLACEMENT_3D('',#16584,#13432,#13433);
#12111=AXIS2_PLACEMENT_3D('',#16590,#13437,#13438);
#12112=AXIS2_PLACEMENT_3D('',#16596,#13442,#13443);
#12113=AXIS2_PLACEMENT_3D('',#16602,#13447,#13448);
#12114=AXIS2_PLACEMENT_3D('',#16608,#13452,#13453);
#12115=AXIS2_PLACEMENT_3D('',#16614,#13457,#13458);
#12116=AXIS2_PLACEMENT_3D('',#16620,#13462,#13463);
#12117=AXIS2_PLACEMENT_3D('',#16626,#13467,#13468);
#12118=AXIS2_PLACEMENT_3D('',#16632,#13472,#13473);
#12119=AXIS2_PLACEMENT_3D('',#16638,#13477,#13478);
#12120=AXIS2_PLACEMENT_3D('',#16644,#13482,#13483);
#12121=AXIS2_PLACEMENT_3D('',#16650,#13487,#13488);
#12122=AXIS2_PLACEMENT_3D('',#16656,#13492,#13493);
#12123=AXIS2_PLACEMENT_3D('',#16662,#13497,#13498);
#12124=AXIS2_PLACEMENT_3D('',#16668,#13502,#13503);
#12125=AXIS2_PLACEMENT_3D('',#16674,#13507,#13508);
#12126=AXIS2_PLACEMENT_3D('',#16680,#13512,#13513);
#12127=AXIS2_PLACEMENT_3D('',#16686,#13517,#13518);
#12128=AXIS2_PLACEMENT_3D('',#16692,#13522,#13523);
#12129=AXIS2_PLACEMENT_3D('',#16695,#13526,#13527);
#12130=AXIS2_PLACEMENT_3D('',#16696,#13528,#13529);
#12131=AXIS2_PLACEMENT_3D('',#16705,#13534,#13535);
#12132=AXIS2_PLACEMENT_3D('',#16711,#13539,#13540);
#12133=AXIS2_PLACEMENT_3D('',#16717,#13544,#13545);
#12134=AXIS2_PLACEMENT_3D('',#16723,#13549,#13550);
#12135=AXIS2_PLACEMENT_3D('',#16729,#13554,#13555);
#12136=AXIS2_PLACEMENT_3D('',#16735,#13559,#13560);
#12137=AXIS2_PLACEMENT_3D('',#16741,#13564,#13565);
#12138=AXIS2_PLACEMENT_3D('',#16744,#13568,#13569);
#12139=AXIS2_PLACEMENT_3D('',#16745,#13570,#13571);
#12140=AXIS2_PLACEMENT_3D('',#16754,#13575,#13576);
#12141=AXIS2_PLACEMENT_3D('',#16762,#13580,#13581);
#12142=AXIS2_PLACEMENT_3D('',#16770,#13585,#13586);
#12143=AXIS2_PLACEMENT_3D('',#16777,#13590,#13591);
#12144=AXIS2_PLACEMENT_3D('',#16779,#13592,#13593);
#12145=AXIS2_PLACEMENT_3D('',#16780,#13594,#13595);
#12146=AXIS2_PLACEMENT_3D('',#16781,#13596,#13597);
#12147=AXIS2_PLACEMENT_3D('',#16782,#13598,#13599);
#12148=AXIS2_PLACEMENT_3D('',#16783,#13600,#13601);
#12149=AXIS2_PLACEMENT_3D('',#16792,#13606,#13607);
#12150=AXIS2_PLACEMENT_3D('',#16794,#13608,#13609);
#12151=AXIS2_PLACEMENT_3D('',#16797,#13611,#13612);
#12152=AXIS2_PLACEMENT_3D('',#16798,#13613,#13614);
#12153=AXIS2_PLACEMENT_3D('',#16804,#13618,#13619);
#12154=AXIS2_PLACEMENT_3D('',#16812,#13624,#13625);
#12155=AXIS2_PLACEMENT_3D('',#16821,#13630,#13631);
#12156=AXIS2_PLACEMENT_3D('',#16823,#13632,#13633);
#12157=AXIS2_PLACEMENT_3D('',#16826,#13635,#13636);
#12158=AXIS2_PLACEMENT_3D('',#16827,#13637,#13638);
#12159=AXIS2_PLACEMENT_3D('',#16832,#13642,#13643);
#12160=AXIS2_PLACEMENT_3D('',#16840,#13648,#13649);
#12161=AXIS2_PLACEMENT_3D('',#16849,#13654,#13655);
#12162=AXIS2_PLACEMENT_3D('',#16851,#13656,#13657);
#12163=AXIS2_PLACEMENT_3D('',#16854,#13659,#13660);
#12164=AXIS2_PLACEMENT_3D('',#16855,#13661,#13662);
#12165=AXIS2_PLACEMENT_3D('',#16860,#13666,#13667);
#12166=AXIS2_PLACEMENT_3D('',#16868,#13672,#13673);
#12167=AXIS2_PLACEMENT_3D('',#16877,#13678,#13679);
#12168=AXIS2_PLACEMENT_3D('',#16879,#13680,#13681);
#12169=AXIS2_PLACEMENT_3D('',#16882,#13683,#13684);
#12170=AXIS2_PLACEMENT_3D('',#16883,#13685,#13686);
#12171=AXIS2_PLACEMENT_3D('',#16888,#13690,#13691);
#12172=AXIS2_PLACEMENT_3D('',#16896,#13696,#13697);
#12173=AXIS2_PLACEMENT_3D('',#16902,#13701,#13702);
#12174=AXIS2_PLACEMENT_3D('',#16908,#13706,#13707);
#12175=AXIS2_PLACEMENT_3D('',#16914,#13711,#13712);
#12176=AXIS2_PLACEMENT_3D('',#16920,#13716,#13717);
#12177=AXIS2_PLACEMENT_3D('',#16926,#13721,#13722);
#12178=AXIS2_PLACEMENT_3D('',#16932,#13726,#13727);
#12179=AXIS2_PLACEMENT_3D('',#16938,#13731,#13732);
#12180=AXIS2_PLACEMENT_3D('',#16944,#13736,#13737);
#12181=AXIS2_PLACEMENT_3D('',#16950,#13741,#13742);
#12182=AXIS2_PLACEMENT_3D('',#16956,#13746,#13747);
#12183=AXIS2_PLACEMENT_3D('',#16962,#13751,#13752);
#12184=AXIS2_PLACEMENT_3D('',#16968,#13756,#13757);
#12185=AXIS2_PLACEMENT_3D('',#16974,#13761,#13762);
#12186=AXIS2_PLACEMENT_3D('',#16980,#13766,#13767);
#12187=AXIS2_PLACEMENT_3D('',#16986,#13771,#13772);
#12188=AXIS2_PLACEMENT_3D('',#16992,#13776,#13777);
#12189=AXIS2_PLACEMENT_3D('',#16998,#13781,#13782);
#12190=AXIS2_PLACEMENT_3D('',#17003,#13786,#13787);
#12191=AXIS2_PLACEMENT_3D('',#17004,#13788,#13789);
#12192=AXIS2_PLACEMENT_3D('',#17005,#13790,#13791);
#12193=AXIS2_PLACEMENT_3D('',#17006,#13792,#13793);
#12194=AXIS2_PLACEMENT_3D('',#17007,#13794,#13795);
#12195=AXIS2_PLACEMENT_3D('',#17008,#13796,#13797);
#12196=AXIS2_PLACEMENT_3D('',#17009,#13798,#13799);
#12197=AXIS2_PLACEMENT_3D('',#17010,#13800,#13801);
#12198=AXIS2_PLACEMENT_3D('',#17011,#13802,#13803);
#12199=AXIS2_PLACEMENT_3D('',#17012,#13804,#13805);
#12200=AXIS2_PLACEMENT_3D('',#17013,#13806,#13807);
#12201=AXIS2_PLACEMENT_3D('',#17014,#13808,#13809);
#12202=AXIS2_PLACEMENT_3D('',#17015,#13810,#13811);
#12203=AXIS2_PLACEMENT_3D('',#17016,#13812,#13813);
#12204=AXIS2_PLACEMENT_3D('',#17017,#13814,#13815);
#12205=AXIS2_PLACEMENT_3D('',#17018,#13816,#13817);
#12206=AXIS2_PLACEMENT_3D('',#17019,#13818,#13819);
#12207=AXIS2_PLACEMENT_3D('',#17025,#13823,#13824);
#12208=AXIS2_PLACEMENT_3D('',#17028,#13826,#13827);
#12209=AXIS2_PLACEMENT_3D('',#17029,#13828,#13829);
#12210=AXIS2_PLACEMENT_3D('',#17033,#13832,#13833);
#12211=AXIS2_PLACEMENT_3D('',#17036,#13835,#13836);
#12212=AXIS2_PLACEMENT_3D('',#17037,#13837,#13838);
#12213=AXIS2_PLACEMENT_3D('',#17041,#13841,#13842);
#12214=AXIS2_PLACEMENT_3D('',#17044,#13844,#13845);
#12215=AXIS2_PLACEMENT_3D('',#17045,#13846,#13847);
#12216=AXIS2_PLACEMENT_3D('',#17049,#13850,#13851);
#12217=AXIS2_PLACEMENT_3D('',#17052,#13853,#13854);
#12218=AXIS2_PLACEMENT_3D('',#17053,#13855,#13856);
#12219=AXIS2_PLACEMENT_3D('',#17057,#13859,#13860);
#12220=AXIS2_PLACEMENT_3D('',#17060,#13862,#13863);
#12221=AXIS2_PLACEMENT_3D('',#17061,#13864,#13865);
#12222=AXIS2_PLACEMENT_3D('',#17065,#13868,#13869);
#12223=AXIS2_PLACEMENT_3D('',#17068,#13871,#13872);
#12224=AXIS2_PLACEMENT_3D('',#17069,#13873,#13874);
#12225=AXIS2_PLACEMENT_3D('',#17073,#13877,#13878);
#12226=AXIS2_PLACEMENT_3D('',#17076,#13880,#13881);
#12227=AXIS2_PLACEMENT_3D('',#17077,#13882,#13883);
#12228=AXIS2_PLACEMENT_3D('',#17081,#13886,#13887);
#12229=AXIS2_PLACEMENT_3D('',#17084,#13889,#13890);
#12230=AXIS2_PLACEMENT_3D('',#17085,#13891,#13892);
#12231=AXIS2_PLACEMENT_3D('',#17089,#13895,#13896);
#12232=AXIS2_PLACEMENT_3D('',#17092,#13898,#13899);
#12233=AXIS2_PLACEMENT_3D('',#17093,#13900,#13901);
#12234=AXIS2_PLACEMENT_3D('',#17097,#13904,#13905);
#12235=AXIS2_PLACEMENT_3D('',#17100,#13907,#13908);
#12236=AXIS2_PLACEMENT_3D('',#17101,#13909,#13910);
#12237=AXIS2_PLACEMENT_3D('',#17102,#13911,#13912);
#12238=AXIS2_PLACEMENT_3D('',#17105,#13914,#13915);
#12239=AXIS2_PLACEMENT_3D('',#17106,#13916,#13917);
#12240=AXIS2_PLACEMENT_3D('',#17107,#13918,#13919);
#12241=AXIS2_PLACEMENT_3D('',#17110,#13921,#13922);
#12242=AXIS2_PLACEMENT_3D('',#17111,#13923,#13924);
#12243=AXIS2_PLACEMENT_3D('',#17114,#13927,#13928);
#12244=AXIS2_PLACEMENT_3D('',#17116,#13930,#13931);
#12245=AXIS2_PLACEMENT_3D('',#17118,#13933,#13934);
#12246=AXIS2_PLACEMENT_3D('',#17121,#13937,#13938);
#12247=AXIS2_PLACEMENT_3D('',#17122,#13939,#13940);
#12248=AXIS2_PLACEMENT_3D('',#17125,#13943,#13944);
#12249=AXIS2_PLACEMENT_3D('',#17128,#13946,#13947);
#12250=AXIS2_PLACEMENT_3D('',#17129,#13948,#13949);
#12251=AXIS2_PLACEMENT_3D('',#17133,#13952,#13953);
#12252=AXIS2_PLACEMENT_3D('',#17134,#13954,#13955);
#12253=AXIS2_PLACEMENT_3D('',#17139,#13959,#13960);
#12254=AXIS2_PLACEMENT_3D('',#17140,#13961,#13962);
#12255=AXIS2_PLACEMENT_3D('',#17141,#13963,#13964);
#12256=AXIS2_PLACEMENT_3D('',#17144,#13967,#13968);
#12257=AXIS2_PLACEMENT_3D('',#17146,#13970,#13971);
#12258=AXIS2_PLACEMENT_3D('',#17148,#13973,#13974);
#12259=AXIS2_PLACEMENT_3D('',#17149,#13975,#13976);
#12260=AXIS2_PLACEMENT_3D('',#17152,#13979,#13980);
#12261=AXIS2_PLACEMENT_3D('',#17153,#13981,#13982);
#12262=AXIS2_PLACEMENT_3D('',#17156,#13985,#13986);
#12263=AXIS2_PLACEMENT_3D('',#17158,#13988,#13989);
#12264=AXIS2_PLACEMENT_3D('',#17160,#13991,#13992);
#12265=AXIS2_PLACEMENT_3D('',#17161,#13993,#13994);
#12266=AXIS2_PLACEMENT_3D('',#17164,#13997,#13998);
#12267=AXIS2_PLACEMENT_3D('',#17165,#13999,#14000);
#12268=AXIS2_PLACEMENT_3D('',#17166,#14001,#14002);
#12269=AXIS2_PLACEMENT_3D('',#17172,#14006,#14007);
#12270=AXIS2_PLACEMENT_3D('',#17176,#14010,#14011);
#12271=AXIS2_PLACEMENT_3D('',#17182,#14015,#14016);
#12272=AXIS2_PLACEMENT_3D('',#17186,#14019,#14020);
#12273=AXIS2_PLACEMENT_3D('',#17191,#14024,#14025);
#12274=AXIS2_PLACEMENT_3D('',#17193,#14027,#14028);
#12275=AXIS2_PLACEMENT_3D('',#17195,#14030,#14031);
#12276=AXIS2_PLACEMENT_3D('',#17196,#14032,#14033);
#12277=AXIS2_PLACEMENT_3D('',#17198,#14034,#14035);
#12278=AXIS2_PLACEMENT_3D('',#17201,#14037,#14038);
#12279=AXIS2_PLACEMENT_3D('',#17202,#14039,#14040);
#12280=AXIS2_PLACEMENT_3D('',#17203,#14041,#14042);
#12281=AXIS2_PLACEMENT_3D('',#17212,#14047,#14048);
#12282=AXIS2_PLACEMENT_3D('',#17221,#14053,#14054);
#12283=AXIS2_PLACEMENT_3D('',#17228,#14059,#14060);
#12284=AXIS2_PLACEMENT_3D('',#17234,#14064,#14065);
#12285=AXIS2_PLACEMENT_3D('',#17239,#14070,#14071);
#12286=AXIS2_PLACEMENT_3D('',#17240,#14072,#14073);
#12287=AXIS2_PLACEMENT_3D('',#17246,#14077,#14078);
#12288=AXIS2_PLACEMENT_3D('',#17252,#14082,#14083);
#12289=AXIS2_PLACEMENT_3D('',#17258,#14087,#14088);
#12290=AXIS2_PLACEMENT_3D('',#17263,#14093,#14094);
#12291=AXIS2_PLACEMENT_3D('',#17264,#14095,#14096);
#12292=AXIS2_PLACEMENT_3D('',#17273,#14101,#14102);
#12293=AXIS2_PLACEMENT_3D('',#17279,#14106,#14107);
#12294=AXIS2_PLACEMENT_3D('',#17285,#14111,#14112);
#12295=AXIS2_PLACEMENT_3D('',#17291,#14116,#14117);
#12296=AXIS2_PLACEMENT_3D('',#17300,#14122,#14123);
#12297=AXIS2_PLACEMENT_3D('',#17306,#14127,#14128);
#12298=AXIS2_PLACEMENT_3D('',#17312,#14132,#14133);
#12299=AXIS2_PLACEMENT_3D('',#17318,#14137,#14138);
#12300=AXIS2_PLACEMENT_3D('',#17325,#14143,#14144);
#12301=AXIS2_PLACEMENT_3D('',#17331,#14148,#14149);
#12302=AXIS2_PLACEMENT_3D('',#17338,#14154,#14155);
#12303=AXIS2_PLACEMENT_3D('',#17344,#14159,#14160);
#12304=AXIS2_PLACEMENT_3D('',#17350,#14164,#14165);
#12305=AXIS2_PLACEMENT_3D('',#17356,#14169,#14170);
#12306=AXIS2_PLACEMENT_3D('',#17362,#14174,#14175);
#12307=AXIS2_PLACEMENT_3D('',#17368,#14179,#14180);
#12308=AXIS2_PLACEMENT_3D('',#17375,#14185,#14186);
#12309=AXIS2_PLACEMENT_3D('',#17381,#14190,#14191);
#12310=AXIS2_PLACEMENT_3D('',#17387,#14195,#14196);
#12311=AXIS2_PLACEMENT_3D('',#17394,#14201,#14202);
#12312=AXIS2_PLACEMENT_3D('',#17400,#14206,#14207);
#12313=AXIS2_PLACEMENT_3D('',#17406,#14211,#14212);
#12314=AXIS2_PLACEMENT_3D('',#17412,#14216,#14217);
#12315=AXIS2_PLACEMENT_3D('',#17419,#14222,#14223);
#12316=AXIS2_PLACEMENT_3D('',#17423,#14227,#14228);
#12317=AXIS2_PLACEMENT_3D('',#17429,#14232,#14233);
#12318=AXIS2_PLACEMENT_3D('',#17438,#14238,#14239);
#12319=AXIS2_PLACEMENT_3D('',#17444,#14243,#14244);
#12320=AXIS2_PLACEMENT_3D('',#17447,#14247,#14248);
#12321=AXIS2_PLACEMENT_3D('',#17450,#14251,#14252);
#12322=AXIS2_PLACEMENT_3D('',#17456,#14256,#14257);
#12323=AXIS2_PLACEMENT_3D('',#17459,#14260,#14261);
#12324=AXIS2_PLACEMENT_3D('',#17460,#14262,#14263);
#12325=AXIS2_PLACEMENT_3D('',#17469,#14268,#14269);
#12326=AXIS2_PLACEMENT_3D('',#17476,#14274,#14275);
#12327=AXIS2_PLACEMENT_3D('',#17483,#14280,#14281);
#12328=AXIS2_PLACEMENT_3D('',#17487,#14285,#14286);
#12329=AXIS2_PLACEMENT_3D('',#17488,#14287,#14288);
#12330=AXIS2_PLACEMENT_3D('',#17497,#14293,#14294);
#12331=AXIS2_PLACEMENT_3D('',#17500,#14297,#14298);
#12332=AXIS2_PLACEMENT_3D('',#17506,#14302,#14303);
#12333=AXIS2_PLACEMENT_3D('',#17509,#14306,#14307);
#12334=AXIS2_PLACEMENT_3D('',#17515,#14311,#14312);
#12335=AXIS2_PLACEMENT_3D('',#17518,#14315,#14316);
#12336=AXIS2_PLACEMENT_3D('',#17524,#14320,#14321);
#12337=AXIS2_PLACEMENT_3D('',#17528,#14325,#14326);
#12338=AXIS2_PLACEMENT_3D('',#17529,#14327,#14328);
#12339=AXIS2_PLACEMENT_3D('',#17532,#14331,#14332);
#12340=AXIS2_PLACEMENT_3D('',#17538,#14336,#14337);
#12341=AXIS2_PLACEMENT_3D('',#17545,#14342,#14343);
#12342=AXIS2_PLACEMENT_3D('',#17548,#14346,#14347);
#12343=AXIS2_PLACEMENT_3D('',#17549,#14348,#14349);
#12344=AXIS2_PLACEMENT_3D('',#17555,#14353,#14354);
#12345=AXIS2_PLACEMENT_3D('',#17561,#14358,#14359);
#12346=AXIS2_PLACEMENT_3D('',#17567,#14363,#14364);
#12347=AXIS2_PLACEMENT_3D('',#17573,#14368,#14369);
#12348=AXIS2_PLACEMENT_3D('',#17579,#14373,#14374);
#12349=AXIS2_PLACEMENT_3D('',#17585,#14378,#14379);
#12350=AXIS2_PLACEMENT_3D('',#17591,#14383,#14384);
#12351=AXIS2_PLACEMENT_3D('',#17597,#14388,#14389);
#12352=AXIS2_PLACEMENT_3D('',#17603,#14393,#14394);
#12353=AXIS2_PLACEMENT_3D('',#17609,#14398,#14399);
#12354=AXIS2_PLACEMENT_3D('',#17615,#14403,#14404);
#12355=AXIS2_PLACEMENT_3D('',#17621,#14408,#14409);
#12356=AXIS2_PLACEMENT_3D('',#17627,#14413,#14414);
#12357=AXIS2_PLACEMENT_3D('',#17630,#14417,#14418);
#12358=AXIS2_PLACEMENT_3D('',#17636,#14422,#14423);
#12359=AXIS2_PLACEMENT_3D('',#17642,#14427,#14428);
#12360=AXIS2_PLACEMENT_3D('',#17649,#14433,#14434);
#12361=AXIS2_PLACEMENT_3D('',#17655,#14438,#14439);
#12362=AXIS2_PLACEMENT_3D('',#17661,#14443,#14444);
#12363=AXIS2_PLACEMENT_3D('',#17667,#14448,#14449);
#12364=AXIS2_PLACEMENT_3D('',#17670,#14452,#14453);
#12365=AXIS2_PLACEMENT_3D('',#17673,#14456,#14457);
#12366=AXIS2_PLACEMENT_3D('',#17674,#14458,#14459);
#12367=AXIS2_PLACEMENT_3D('',#17683,#14464,#14465);
#12368=AXIS2_PLACEMENT_3D('',#17686,#14468,#14469);
#12369=AXIS2_PLACEMENT_3D('',#17692,#14473,#14474);
#12370=AXIS2_PLACEMENT_3D('',#17698,#14478,#14479);
#12371=AXIS2_PLACEMENT_3D('',#17704,#14483,#14484);
#12372=AXIS2_PLACEMENT_3D('',#17710,#14488,#14489);
#12373=AXIS2_PLACEMENT_3D('',#17716,#14493,#14494);
#12374=AXIS2_PLACEMENT_3D('',#17722,#14498,#14499);
#12375=AXIS2_PLACEMENT_3D('',#17729,#14504,#14505);
#12376=AXIS2_PLACEMENT_3D('',#17735,#14509,#14510);
#12377=AXIS2_PLACEMENT_3D('',#17742,#14515,#14516);
#12378=AXIS2_PLACEMENT_3D('',#17749,#14521,#14522);
#12379=AXIS2_PLACEMENT_3D('',#17755,#14526,#14527);
#12380=AXIS2_PLACEMENT_3D('',#17761,#14531,#14532);
#12381=AXIS2_PLACEMENT_3D('',#17767,#14536,#14537);
#12382=AXIS2_PLACEMENT_3D('',#17771,#14541,#14542);
#12383=AXIS2_PLACEMENT_3D('',#17772,#14543,#14544);
#12384=AXIS2_PLACEMENT_3D('',#17775,#14547,#14548);
#12385=AXIS2_PLACEMENT_3D('',#17781,#14552,#14553);
#12386=AXIS2_PLACEMENT_3D('',#17788,#14558,#14559);
#12387=AXIS2_PLACEMENT_3D('',#17791,#14562,#14563);
#12388=AXIS2_PLACEMENT_3D('',#17792,#14564,#14565);
#12389=AXIS2_PLACEMENT_3D('',#17795,#14568,#14569);
#12390=AXIS2_PLACEMENT_3D('',#17798,#14572,#14573);
#12391=AXIS2_PLACEMENT_3D('',#17804,#14577,#14578);
#12392=AXIS2_PLACEMENT_3D('',#17807,#14581,#14582);
#12393=AXIS2_PLACEMENT_3D('',#17808,#14583,#14584);
#12394=AXIS2_PLACEMENT_3D('',#17814,#14588,#14589);
#12395=AXIS2_PLACEMENT_3D('',#17820,#14593,#14594);
#12396=AXIS2_PLACEMENT_3D('',#17823,#14597,#14598);
#12397=AXIS2_PLACEMENT_3D('',#17829,#14602,#14603);
#12398=AXIS2_PLACEMENT_3D('',#17835,#14607,#14608);
#12399=AXIS2_PLACEMENT_3D('',#17841,#14612,#14613);
#12400=AXIS2_PLACEMENT_3D('',#17847,#14617,#14618);
#12401=AXIS2_PLACEMENT_3D('',#17851,#14622,#14623);
#12402=AXIS2_PLACEMENT_3D('',#17852,#14624,#14625);
#12403=AXIS2_PLACEMENT_3D('',#17861,#14630,#14631);
#12404=AXIS2_PLACEMENT_3D('',#17868,#14636,#14637);
#12405=AXIS2_PLACEMENT_3D('',#17875,#14642,#14643);
#12406=AXIS2_PLACEMENT_3D('',#17879,#14647,#14648);
#12407=AXIS2_PLACEMENT_3D('',#17880,#14649,#14650);
#12408=AXIS2_PLACEMENT_3D('',#17886,#14654,#14655);
#12409=AXIS2_PLACEMENT_3D('',#17892,#14659,#14660);
#12410=AXIS2_PLACEMENT_3D('',#17899,#14665,#14666);
#12411=AXIS2_PLACEMENT_3D('',#17903,#14670,#14671);
#12412=AXIS2_PLACEMENT_3D('',#17904,#14672,#14673);
#12413=AXIS2_PLACEMENT_3D('',#17910,#14677,#14678);
#12414=AXIS2_PLACEMENT_3D('',#17916,#14682,#14683);
#12415=AXIS2_PLACEMENT_3D('',#17922,#14687,#14688);
#12416=AXIS2_PLACEMENT_3D('',#17928,#14692,#14693);
#12417=AXIS2_PLACEMENT_3D('',#17935,#14698,#14699);
#12418=AXIS2_PLACEMENT_3D('',#17938,#14702,#14703);
#12419=AXIS2_PLACEMENT_3D('',#17944,#14707,#14708);
#12420=AXIS2_PLACEMENT_3D('',#17950,#14712,#14713);
#12421=AXIS2_PLACEMENT_3D('',#17956,#14717,#14718);
#12422=AXIS2_PLACEMENT_3D('',#17959,#14721,#14722);
#12423=AXIS2_PLACEMENT_3D('',#17965,#14726,#14727);
#12424=AXIS2_PLACEMENT_3D('',#17968,#14730,#14731);
#12425=AXIS2_PLACEMENT_3D('',#17969,#14732,#14733);
#12426=AXIS2_PLACEMENT_3D('',#17975,#14737,#14738);
#12427=AXIS2_PLACEMENT_3D('',#17981,#14742,#14743);
#12428=AXIS2_PLACEMENT_3D('',#17988,#14748,#14749);
#12429=AXIS2_PLACEMENT_3D('',#17992,#14753,#14754);
#12430=AXIS2_PLACEMENT_3D('',#17993,#14755,#14756);
#12431=AXIS2_PLACEMENT_3D('',#17996,#14759,#14760);
#12432=AXIS2_PLACEMENT_3D('',#17999,#14763,#14764);
#12433=AXIS2_PLACEMENT_3D('',#18005,#14768,#14769);
#12434=AXIS2_PLACEMENT_3D('',#18008,#14772,#14773);
#12435=AXIS2_PLACEMENT_3D('',#18009,#14774,#14775);
#12436=AXIS2_PLACEMENT_3D('',#18015,#14779,#14780);
#12437=AXIS2_PLACEMENT_3D('',#18018,#14783,#14784);
#12438=AXIS2_PLACEMENT_3D('',#18024,#14788,#14789);
#12439=AXIS2_PLACEMENT_3D('',#18030,#14793,#14794);
#12440=AXIS2_PLACEMENT_3D('',#18036,#14798,#14799);
#12441=AXIS2_PLACEMENT_3D('',#18042,#14803,#14804);
#12442=AXIS2_PLACEMENT_3D('',#18048,#14808,#14809);
#12443=AXIS2_PLACEMENT_3D('',#18054,#14813,#14814);
#12444=AXIS2_PLACEMENT_3D('',#18057,#14817,#14818);
#12445=AXIS2_PLACEMENT_3D('',#18063,#14822,#14823);
#12446=AXIS2_PLACEMENT_3D('',#18066,#14826,#14827);
#12447=AXIS2_PLACEMENT_3D('',#18072,#14831,#14832);
#12448=AXIS2_PLACEMENT_3D('',#18078,#14836,#14837);
#12449=AXIS2_PLACEMENT_3D('',#18084,#14841,#14842);
#12450=AXIS2_PLACEMENT_3D('',#18093,#14847,#14848);
#12451=AXIS2_PLACEMENT_3D('',#18100,#14853,#14854);
#12452=AXIS2_PLACEMENT_3D('',#18106,#14858,#14859);
#12453=AXIS2_PLACEMENT_3D('',#18112,#14863,#14864);
#12454=AXIS2_PLACEMENT_3D('',#18115,#14867,#14868);
#12455=AXIS2_PLACEMENT_3D('',#18121,#14872,#14873);
#12456=AXIS2_PLACEMENT_3D('',#18127,#14877,#14878);
#12457=AXIS2_PLACEMENT_3D('',#18136,#14883,#14884);
#12458=AXIS2_PLACEMENT_3D('',#18142,#14888,#14889);
#12459=AXIS2_PLACEMENT_3D('',#18148,#14893,#14894);
#12460=AXIS2_PLACEMENT_3D('',#18154,#14898,#14899);
#12461=AXIS2_PLACEMENT_3D('',#18160,#14903,#14904);
#12462=AXIS2_PLACEMENT_3D('',#18166,#14908,#14909);
#12463=AXIS2_PLACEMENT_3D('',#18169,#14912,#14913);
#12464=AXIS2_PLACEMENT_3D('',#18176,#14918,#14919);
#12465=AXIS2_PLACEMENT_3D('',#18184,#14924,#14925);
#12466=AXIS2_PLACEMENT_3D('',#18190,#14929,#14930);
#12467=AXIS2_PLACEMENT_3D('',#18195,#14934,#14935);
#12468=AXIS2_PLACEMENT_3D('',#18204,#14940,#14941);
#12469=AXIS2_PLACEMENT_3D('',#18210,#14945,#14946);
#12470=AXIS2_PLACEMENT_3D('',#18216,#14950,#14951);
#12471=AXIS2_PLACEMENT_3D('',#18222,#14955,#14956);
#12472=AXIS2_PLACEMENT_3D('',#18223,#14957,#14958);
#12473=AXIS2_PLACEMENT_3D('',#18224,#14959,#14960);
#12474=AXIS2_PLACEMENT_3D('',#18286,#14993,#14994);
#12475=AXIS2_PLACEMENT_3D('',#18287,#14995,#14996);
#12476=AXIS2_PLACEMENT_3D('',#18288,#14997,#14998);
#12477=AXIS2_PLACEMENT_3D('',#18289,#14999,#15000);
#12478=AXIS2_PLACEMENT_3D('',#18290,#15001,#15002);
#12479=AXIS2_PLACEMENT_3D('',#18291,#15003,#15004);
#12480=AXIS2_PLACEMENT_3D('',#18292,#15005,#15006);
#12481=AXIS2_PLACEMENT_3D('',#18293,#15007,#15008);
#12482=AXIS2_PLACEMENT_3D('',#18294,#15009,#15010);
#12483=AXIS2_PLACEMENT_3D('',#18295,#15011,#15012);
#12484=AXIS2_PLACEMENT_3D('',#18296,#15013,#15014);
#12485=AXIS2_PLACEMENT_3D('',#18297,#15015,#15016);
#12486=AXIS2_PLACEMENT_3D('',#18298,#15017,#15018);
#12487=AXIS2_PLACEMENT_3D('',#18469,#15112,#15113);
#12488=AXIS2_PLACEMENT_3D('',#18473,#15116,#15117);
#12489=AXIS2_PLACEMENT_3D('',#18479,#15121,#15122);
#12490=AXIS2_PLACEMENT_3D('',#18483,#15125,#15126);
#12491=AXIS2_PLACEMENT_3D('',#18489,#15130,#15131);
#12492=AXIS2_PLACEMENT_3D('',#18495,#15135,#15136);
#12493=AXIS2_PLACEMENT_3D('',#18499,#15139,#15140);
#12494=AXIS2_PLACEMENT_3D('',#18504,#15144,#15145);
#12495=AXIS2_PLACEMENT_3D('',#18508,#15148,#15149);
#12496=AXIS2_PLACEMENT_3D('',#18514,#15153,#15154);
#12497=AXIS2_PLACEMENT_3D('',#18518,#15157,#15158);
#12498=AXIS2_PLACEMENT_3D('',#18524,#15162,#15163);
#12499=AXIS2_PLACEMENT_3D('',#18528,#15166,#15167);
#12500=AXIS2_PLACEMENT_3D('',#18533,#15171,#15172);
#12501=AXIS2_PLACEMENT_3D('',#18537,#15175,#15176);
#12502=AXIS2_PLACEMENT_3D('',#18543,#15180,#15181);
#12503=AXIS2_PLACEMENT_3D('',#18547,#15184,#15185);
#12504=AXIS2_PLACEMENT_3D('',#18553,#15189,#15190);
#12505=AXIS2_PLACEMENT_3D('',#18557,#15193,#15194);
#12506=AXIS2_PLACEMENT_3D('',#18563,#15198,#15199);
#12507=AXIS2_PLACEMENT_3D('',#18569,#15203,#15204);
#12508=AXIS2_PLACEMENT_3D('',#18573,#15207,#15208);
#12509=AXIS2_PLACEMENT_3D('',#18578,#15212,#15213);
#12510=AXIS2_PLACEMENT_3D('',#18582,#15216,#15217);
#12511=AXIS2_PLACEMENT_3D('',#18588,#15221,#15222);
#12512=AXIS2_PLACEMENT_3D('',#18592,#15225,#15226);
#12513=AXIS2_PLACEMENT_3D('',#18598,#15230,#15231);
#12514=AXIS2_PLACEMENT_3D('',#18603,#15235,#15236);
#12515=AXIS2_PLACEMENT_3D('',#18607,#15239,#15240);
#12516=AXIS2_PLACEMENT_3D('',#18613,#15244,#15245);
#12517=AXIS2_PLACEMENT_3D('',#18617,#15248,#15249);
#12518=AXIS2_PLACEMENT_3D('',#18623,#15253,#15254);
#12519=AXIS2_PLACEMENT_3D('',#18627,#15257,#15258);
#12520=AXIS2_PLACEMENT_3D('',#18633,#15262,#15263);
#12521=AXIS2_PLACEMENT_3D('',#18637,#15266,#15267);
#12522=AXIS2_PLACEMENT_3D('',#18643,#15271,#15272);
#12523=AXIS2_PLACEMENT_3D('',#18647,#15275,#15276);
#12524=AXIS2_PLACEMENT_3D('',#18653,#15280,#15281);
#12525=AXIS2_PLACEMENT_3D('',#18659,#15285,#15286);
#12526=AXIS2_PLACEMENT_3D('',#18663,#15289,#15290);
#12527=AXIS2_PLACEMENT_3D('',#18667,#15293,#15294);
#12528=AXIS2_PLACEMENT_3D('',#18672,#15298,#15299);
#12529=AXIS2_PLACEMENT_3D('',#18676,#15302,#15303);
#12530=AXIS2_PLACEMENT_3D('',#18682,#15307,#15308);
#12531=AXIS2_PLACEMENT_3D('',#18686,#15311,#15312);
#12532=AXIS2_PLACEMENT_3D('',#18691,#15316,#15317);
#12533=AXIS2_PLACEMENT_3D('',#18695,#15320,#15321);
#12534=AXIS2_PLACEMENT_3D('',#18701,#15325,#15326);
#12535=AXIS2_PLACEMENT_3D('',#18705,#15329,#15330);
#12536=AXIS2_PLACEMENT_3D('',#18711,#15334,#15335);
#12537=AXIS2_PLACEMENT_3D('',#18715,#15338,#15339);
#12538=AXIS2_PLACEMENT_3D('',#18719,#15342,#15343);
#12539=AXIS2_PLACEMENT_3D('',#18721,#15345,#15346);
#12540=AXIS2_PLACEMENT_3D('',#18722,#15347,#15348);
#12541=AXIS2_PLACEMENT_3D('',#18726,#15351,#15352);
#12542=AXIS2_PLACEMENT_3D('',#18728,#15354,#15355);
#12543=AXIS2_PLACEMENT_3D('',#18729,#15356,#15357);
#12544=AXIS2_PLACEMENT_3D('',#18733,#15360,#15361);
#12545=AXIS2_PLACEMENT_3D('',#18735,#15363,#15364);
#12546=AXIS2_PLACEMENT_3D('',#18736,#15365,#15366);
#12547=AXIS2_PLACEMENT_3D('',#18740,#15369,#15370);
#12548=AXIS2_PLACEMENT_3D('',#18742,#15372,#15373);
#12549=AXIS2_PLACEMENT_3D('',#18743,#15374,#15375);
#12550=AXIS2_PLACEMENT_3D('',#18747,#15378,#15379);
#12551=AXIS2_PLACEMENT_3D('',#18749,#15381,#15382);
#12552=AXIS2_PLACEMENT_3D('',#18750,#15383,#15384);
#12553=AXIS2_PLACEMENT_3D('',#18755,#15388,#15389);
#12554=AXIS2_PLACEMENT_3D('',#18757,#15391,#15392);
#12555=AXIS2_PLACEMENT_3D('',#18758,#15393,#15394);
#12556=AXIS2_PLACEMENT_3D('',#18761,#15397,#15398);
#12557=AXIS2_PLACEMENT_3D('',#18763,#15400,#15401);
#12558=AXIS2_PLACEMENT_3D('',#18764,#15402,#15403);
#12559=AXIS2_PLACEMENT_3D('',#18766,#15405,#15406);
#12560=AXIS2_PLACEMENT_3D('',#18770,#15409,#15410);
#12561=AXIS2_PLACEMENT_3D('',#18772,#15412,#15413);
#12562=AXIS2_PLACEMENT_3D('',#18773,#15414,#15415);
#12563=AXIS2_PLACEMENT_3D('',#18777,#15418,#15419);
#12564=AXIS2_PLACEMENT_3D('',#18779,#15421,#15422);
#12565=AXIS2_PLACEMENT_3D('',#18780,#15423,#15424);
#12566=AXIS2_PLACEMENT_3D('',#18785,#15428,#15429);
#12567=AXIS2_PLACEMENT_3D('',#18787,#15431,#15432);
#12568=AXIS2_PLACEMENT_3D('',#18788,#15433,#15434);
#12569=AXIS2_PLACEMENT_3D('',#18790,#15436,#15437);
#12570=AXIS2_PLACEMENT_3D('',#18791,#15438,#15439);
#12571=AXIS2_PLACEMENT_3D('',#18795,#15442,#15443);
#12572=AXIS2_PLACEMENT_3D('',#18797,#15445,#15446);
#12573=AXIS2_PLACEMENT_3D('',#18798,#15447,#15448);
#12574=AXIS2_PLACEMENT_3D('',#18802,#15451,#15452);
#12575=AXIS2_PLACEMENT_3D('',#18806,#15455,#15456);
#12576=AXIS2_PLACEMENT_3D('',#18808,#15458,#15459);
#12577=AXIS2_PLACEMENT_3D('',#18809,#15460,#15461);
#12578=AXIS2_PLACEMENT_3D('',#18812,#15464,#15465);
#12579=AXIS2_PLACEMENT_3D('',#18814,#15467,#15468);
#12580=AXIS2_PLACEMENT_3D('',#18815,#15469,#15470);
#12581=AXIS2_PLACEMENT_3D('',#18819,#15473,#15474);
#12582=AXIS2_PLACEMENT_3D('',#18821,#15476,#15477);
#12583=AXIS2_PLACEMENT_3D('',#18822,#15478,#15479);
#12584=AXIS2_PLACEMENT_3D('',#18826,#15482,#15483);
#12585=AXIS2_PLACEMENT_3D('',#18828,#15485,#15486);
#12586=AXIS2_PLACEMENT_3D('',#18829,#15487,#15488);
#12587=AXIS2_PLACEMENT_3D('',#18832,#15491,#15492);
#12588=AXIS2_PLACEMENT_3D('',#18834,#15494,#15495);
#12589=AXIS2_PLACEMENT_3D('',#18835,#15496,#15497);
#12590=AXIS2_PLACEMENT_3D('',#18839,#15500,#15501);
#12591=AXIS2_PLACEMENT_3D('',#18841,#15503,#15504);
#12592=AXIS2_PLACEMENT_3D('',#18842,#15505,#15506);
#12593=AXIS2_PLACEMENT_3D('',#18845,#15509,#15510);
#12594=AXIS2_PLACEMENT_3D('',#18847,#15512,#15513);
#12595=AXIS2_PLACEMENT_3D('',#18848,#15514,#15515);
#12596=AXIS2_PLACEMENT_3D('',#18854,#15519,#15520);
#12597=AXIS2_PLACEMENT_3D('',#18856,#15522,#15523);
#12598=AXIS2_PLACEMENT_3D('',#18858,#15525,#15526);
#12599=AXIS2_PLACEMENT_3D('',#18859,#15527,#15528);
#12600=AXIS2_PLACEMENT_3D('',#18864,#15532,#15533);
#12601=AXIS2_PLACEMENT_3D('',#18866,#15535,#15536);
#12602=AXIS2_PLACEMENT_3D('',#18867,#15537,#15538);
#12603=AXIS2_PLACEMENT_3D('',#18869,#15540,#15541);
#12604=AXIS2_PLACEMENT_3D('',#18871,#15543,#15544);
#12605=AXIS2_PLACEMENT_3D('',#18872,#15545,#15546);
#12606=AXIS2_PLACEMENT_3D('',#18874,#15548,#15549);
#12607=AXIS2_PLACEMENT_3D('',#18877,#15552,#15553);
#12608=AXIS2_PLACEMENT_3D('',#18878,#15554,#15555);
#12609=AXIS2_PLACEMENT_3D('',#18882,#15558,#15559);
#12610=AXIS2_PLACEMENT_3D('',#18884,#15561,#15562);
#12611=AXIS2_PLACEMENT_3D('',#18885,#15563,#15564);
#12612=AXIS2_PLACEMENT_3D('',#18889,#15567,#15568);
#12613=AXIS2_PLACEMENT_3D('',#18891,#15570,#15571);
#12614=AXIS2_PLACEMENT_3D('',#18892,#15572,#15573);
#12615=AXIS2_PLACEMENT_3D('',#18896,#15576,#15577);
#12616=AXIS2_PLACEMENT_3D('',#18898,#15579,#15580);
#12617=AXIS2_PLACEMENT_3D('',#18899,#15581,#15582);
#12618=AXIS2_PLACEMENT_3D('',#18903,#15585,#15586);
#12619=AXIS2_PLACEMENT_3D('',#18905,#15588,#15589);
#12620=AXIS2_PLACEMENT_3D('',#18906,#15590,#15591);
#12621=AXIS2_PLACEMENT_3D('',#18908,#15593,#15594);
#12622=AXIS2_PLACEMENT_3D('',#18909,#15595,#15596);
#12623=AXIS2_PLACEMENT_3D('',#18913,#15599,#15600);
#12624=AXIS2_PLACEMENT_3D('',#18915,#15602,#15603);
#12625=AXIS2_PLACEMENT_3D('',#18916,#15604,#15605);
#12626=AXIS2_PLACEMENT_3D('',#18919,#15608,#15609);
#12627=AXIS2_PLACEMENT_3D('',#18921,#15611,#15612);
#12628=AXIS2_PLACEMENT_3D('',#18923,#15614,#15615);
#12629=AXIS2_PLACEMENT_3D('',#18924,#15616,#15617);
#12630=AXIS2_PLACEMENT_3D('',#18925,#15618,#15619);
#12631=AXIS2_PLACEMENT_3D('',#18927,#15621,#15622);
#12632=AXIS2_PLACEMENT_3D('',#18929,#15624,#15625);
#12633=AXIS2_PLACEMENT_3D('',#18931,#15627,#15628);
#12634=AXIS2_PLACEMENT_3D('',#18933,#15630,#15631);
#12635=AXIS2_PLACEMENT_3D('',#18935,#15633,#15634);
#12636=AXIS2_PLACEMENT_3D('',#18937,#15636,#15637);
#12637=AXIS2_PLACEMENT_3D('',#18939,#15639,#15640);
#12638=AXIS2_PLACEMENT_3D('',#18941,#15642,#15643);
#12639=AXIS2_PLACEMENT_3D('',#18943,#15645,#15646);
#12640=AXIS2_PLACEMENT_3D('',#18945,#15648,#15649);
#12641=AXIS2_PLACEMENT_3D('',#18947,#15651,#15652);
#12642=DIRECTION('axis',(0.,0.,1.));
#12643=DIRECTION('refdir',(1.,0.,0.));
#12644=DIRECTION('center_axis',(-1.,4.93519102790707E-15,0.));
#12645=DIRECTION('ref_axis',(-4.93519102790707E-15,-1.,0.));
#12646=DIRECTION('',(-4.93519102790707E-15,-1.,0.));
#12647=DIRECTION('',(0.,0.,1.));
#12648=DIRECTION('',(-4.93519102790707E-15,-1.,0.));
#12649=DIRECTION('',(0.,0.,1.));
#12650=DIRECTION('center_axis',(-8.21715409940919E-16,-1.,0.));
#12651=DIRECTION('ref_axis',(1.,-8.2171540994092E-16,0.));
#12652=DIRECTION('',(1.,-8.2171540994092E-16,0.));
#12653=DIRECTION('',(0.,0.,1.));
#12654=DIRECTION('',(1.,-8.2171540994092E-16,0.));
#12655=DIRECTION('center_axis',(1.,0.,0.));
#12656=DIRECTION('ref_axis',(0.,1.,0.));
#12657=DIRECTION('',(0.,1.,0.));
#12658=DIRECTION('',(0.,0.,1.));
#12659=DIRECTION('',(0.,1.,0.));
#12660=DIRECTION('center_axis',(8.21715409940921E-16,1.,0.));
#12661=DIRECTION('ref_axis',(-1.,8.21715409940921E-16,0.));
#12662=DIRECTION('',(-1.,8.21715409940921E-16,0.));
#12663=DIRECTION('',(-1.,8.21715409940921E-16,0.));
#12664=DIRECTION('center_axis',(0.,1.,0.));
#12665=DIRECTION('ref_axis',(-1.,0.,0.));
#12666=DIRECTION('',(-1.,0.,0.));
#12667=DIRECTION('',(0.,0.,1.));
#12668=DIRECTION('',(-1.,0.,0.));
#12669=DIRECTION('',(0.,0.,1.));
#12670=DIRECTION('center_axis',(-1.,-2.46702986265124E-15,0.));
#12671=DIRECTION('ref_axis',(2.46702986265124E-15,-1.,0.));
#12672=DIRECTION('',(2.46702986265124E-15,-1.,0.));
#12673=DIRECTION('',(0.,0.,1.));
#12674=DIRECTION('',(2.46702986265124E-15,-1.,0.));
#12675=DIRECTION('center_axis',(0.,-1.,0.));
#12676=DIRECTION('ref_axis',(1.,0.,0.));
#12677=DIRECTION('',(1.,0.,0.));
#12678=DIRECTION('',(0.,0.,1.));
#12679=DIRECTION('',(1.,0.,0.));
#12680=DIRECTION('center_axis',(-1.,1.84815411873295E-15,0.));
#12681=DIRECTION('ref_axis',(-1.84815411873295E-15,-1.,0.));
#12682=DIRECTION('',(-1.84815411873295E-15,-1.,0.));
#12683=DIRECTION('',(0.,0.,1.));
#12684=DIRECTION('',(-1.84815411873295E-15,-1.,0.));
#12685=DIRECTION('center_axis',(0.,1.,0.));
#12686=DIRECTION('ref_axis',(-1.,0.,0.));
#12687=DIRECTION('',(-1.,0.,0.));
#12688=DIRECTION('',(0.,0.,1.));
#12689=DIRECTION('',(-1.,0.,0.));
#12690=DIRECTION('center_axis',(-1.,-4.93405972530248E-15,0.));
#12691=DIRECTION('ref_axis',(4.93405972530248E-15,-1.,0.));
#12692=DIRECTION('',(4.93405972530248E-15,-1.,0.));
#12693=DIRECTION('',(0.,0.,1.));
#12694=DIRECTION('',(4.93405972530248E-15,-1.,0.));
#12695=DIRECTION('center_axis',(0.,1.,0.));
#12696=DIRECTION('ref_axis',(-1.,0.,0.));
#12697=DIRECTION('',(-1.,0.,0.));
#12698=DIRECTION('',(0.,0.,1.));
#12699=DIRECTION('',(-1.,0.,0.));
#12700=DIRECTION('center_axis',(1.,-2.46702986265124E-15,0.));
#12701=DIRECTION('ref_axis',(2.46702986265124E-15,1.,0.));
#12702=DIRECTION('',(2.46702986265124E-15,1.,0.));
#12703=DIRECTION('',(0.,0.,1.));
#12704=DIRECTION('',(2.46702986265124E-15,1.,0.));
#12705=DIRECTION('center_axis',(0.,1.,0.));
#12706=DIRECTION('ref_axis',(-1.,0.,0.));
#12707=DIRECTION('',(-1.,0.,0.));
#12708=DIRECTION('',(0.,0.,1.));
#12709=DIRECTION('',(-1.,0.,0.));
#12710=DIRECTION('center_axis',(1.,8.21715409940919E-16,0.));
#12711=DIRECTION('ref_axis',(-8.2171540994092E-16,1.,0.));
#12712=DIRECTION('',(-8.2171540994092E-16,1.,0.));
#12713=DIRECTION('',(0.,0.,1.));
#12714=DIRECTION('',(-8.2171540994092E-16,1.,0.));
#12715=DIRECTION('center_axis',(-2.46703849659958E-15,-1.,0.));
#12716=DIRECTION('ref_axis',(1.,-2.46703849659958E-15,0.));
#12717=DIRECTION('',(1.,-2.46703849659958E-15,0.));
#12718=DIRECTION('',(0.,0.,1.));
#12719=DIRECTION('',(1.,-2.46703849659958E-15,0.));
#12720=DIRECTION('center_axis',(1.,0.,0.));
#12721=DIRECTION('ref_axis',(0.,1.,0.));
#12722=DIRECTION('',(0.,1.,0.));
#12723=DIRECTION('',(0.,0.,1.));
#12724=DIRECTION('',(0.,1.,0.));
#12725=DIRECTION('center_axis',(4.92953624950264E-16,-1.,0.));
#12726=DIRECTION('ref_axis',(1.,4.92953624950264E-16,0.));
#12727=DIRECTION('',(1.,4.92953624950264E-16,0.));
#12728=DIRECTION('',(0.,0.,1.));
#12729=DIRECTION('',(1.,4.92953624950264E-16,0.));
#12730=DIRECTION('center_axis',(-1.,0.,0.));
#12731=DIRECTION('ref_axis',(0.,-1.,0.));
#12732=DIRECTION('',(0.,-1.,0.));
#12733=DIRECTION('',(0.,-1.,0.));
#12734=DIRECTION('center_axis',(0.,0.,1.));
#12735=DIRECTION('ref_axis',(1.,0.,0.));
#12736=DIRECTION('center_axis',(0.,1.,0.));
#12737=DIRECTION('ref_axis',(-1.,0.,0.));
#12738=DIRECTION('',(-1.,0.,0.));
#12739=DIRECTION('',(0.,0.,1.));
#12740=DIRECTION('',(-1.,0.,0.));
#12741=DIRECTION('',(0.,0.,1.));
#12742=DIRECTION('center_axis',(-1.,-3.28686163976368E-15,0.));
#12743=DIRECTION('ref_axis',(3.28686163976368E-15,-1.,0.));
#12744=DIRECTION('',(3.28686163976368E-15,-1.,0.));
#12745=DIRECTION('',(0.,0.,1.));
#12746=DIRECTION('',(3.28686163976368E-15,-1.,0.));
#12747=DIRECTION('center_axis',(0.,-1.,0.));
#12748=DIRECTION('ref_axis',(1.,0.,0.));
#12749=DIRECTION('',(1.,0.,0.));
#12750=DIRECTION('',(0.,0.,1.));
#12751=DIRECTION('',(1.,0.,0.));
#12752=DIRECTION('center_axis',(-1.,9.86811945060496E-15,0.));
#12753=DIRECTION('ref_axis',(-9.86811945060496E-15,-1.,0.));
#12754=DIRECTION('',(-9.86811945060496E-15,-1.,0.));
#12755=DIRECTION('',(0.,0.,1.));
#12756=DIRECTION('',(-9.86811945060496E-15,-1.,0.));
#12757=DIRECTION('center_axis',(0.,1.,0.));
#12758=DIRECTION('ref_axis',(-1.,0.,0.));
#12759=DIRECTION('',(-1.,0.,0.));
#12760=DIRECTION('',(0.,0.,1.));
#12761=DIRECTION('',(-1.,0.,0.));
#12762=DIRECTION('center_axis',(-1.,-3.2870110726959E-15,0.));
#12763=DIRECTION('ref_axis',(3.2870110726959E-15,-1.,0.));
#12764=DIRECTION('',(3.2870110726959E-15,-1.,0.));
#12765=DIRECTION('',(0.,0.,1.));
#12766=DIRECTION('',(3.2870110726959E-15,-1.,0.));
#12767=DIRECTION('center_axis',(0.,1.,0.));
#12768=DIRECTION('ref_axis',(-1.,0.,0.));
#12769=DIRECTION('',(-1.,0.,0.));
#12770=DIRECTION('',(0.,0.,1.));
#12771=DIRECTION('',(-1.,0.,0.));
#12772=DIRECTION('center_axis',(1.,0.,0.));
#12773=DIRECTION('ref_axis',(0.,1.,0.));
#12774=DIRECTION('',(0.,1.,0.));
#12775=DIRECTION('',(0.,0.,1.));
#12776=DIRECTION('',(0.,1.,0.));
#12777=DIRECTION('center_axis',(0.,1.,0.));
#12778=DIRECTION('ref_axis',(-1.,0.,0.));
#12779=DIRECTION('',(-1.,0.,0.));
#12780=DIRECTION('',(0.,0.,1.));
#12781=DIRECTION('',(-1.,0.,0.));
#12782=DIRECTION('center_axis',(1.,0.,0.));
#12783=DIRECTION('ref_axis',(0.,1.,0.));
#12784=DIRECTION('',(0.,1.,0.));
#12785=DIRECTION('',(0.,0.,1.));
#12786=DIRECTION('',(0.,1.,0.));
#12787=DIRECTION('center_axis',(0.,-1.,0.));
#12788=DIRECTION('ref_axis',(1.,0.,0.));
#12789=DIRECTION('',(1.,0.,0.));
#12790=DIRECTION('',(0.,0.,1.));
#12791=DIRECTION('',(1.,0.,0.));
#12792=DIRECTION('center_axis',(1.,3.28686163976368E-15,0.));
#12793=DIRECTION('ref_axis',(-3.28686163976368E-15,1.,0.));
#12794=DIRECTION('',(-3.28686163976368E-15,1.,0.));
#12795=DIRECTION('',(0.,0.,1.));
#12796=DIRECTION('',(-3.28686163976368E-15,1.,0.));
#12797=DIRECTION('center_axis',(-2.46082906636729E-15,-1.,0.));
#12798=DIRECTION('ref_axis',(1.,-2.46082906636729E-15,0.));
#12799=DIRECTION('',(1.,-2.46082906636729E-15,0.));
#12800=DIRECTION('',(0.,0.,1.));
#12801=DIRECTION('',(1.,-2.46082906636729E-15,0.));
#12802=DIRECTION('center_axis',(1.,0.,0.));
#12803=DIRECTION('ref_axis',(0.,1.,0.));
#12804=DIRECTION('',(0.,1.,0.));
#12805=DIRECTION('',(0.,0.,1.));
#12806=DIRECTION('',(0.,1.,0.));
#12807=DIRECTION('center_axis',(8.2171445208217E-16,-1.,0.));
#12808=DIRECTION('ref_axis',(1.,8.2171445208217E-16,0.));
#12809=DIRECTION('',(1.,8.2171445208217E-16,0.));
#12810=DIRECTION('',(0.,0.,1.));
#12811=DIRECTION('',(1.,8.2171445208217E-16,0.));
#12812=DIRECTION('center_axis',(-1.,9.87038205581414E-15,0.));
#12813=DIRECTION('ref_axis',(-9.87038205581414E-15,-1.,0.));
#12814=DIRECTION('',(-9.87038205581414E-15,-1.,0.));
#12815=DIRECTION('',(-9.87038205581414E-15,-1.,0.));
#12816=DIRECTION('center_axis',(0.,0.,1.));
#12817=DIRECTION('ref_axis',(1.,0.,0.));
#12818=DIRECTION('center_axis',(0.,-1.,0.));
#12819=DIRECTION('ref_axis',(1.,0.,0.));
#12820=DIRECTION('',(1.,0.,0.));
#12821=DIRECTION('',(0.,0.,1.));
#12822=DIRECTION('',(1.,0.,0.));
#12823=DIRECTION('',(0.,0.,1.));
#12824=DIRECTION('center_axis',(-1.,0.,0.));
#12825=DIRECTION('ref_axis',(0.,-1.,0.));
#12826=DIRECTION('',(0.,-1.,0.));
#12827=DIRECTION('',(0.,0.,1.));
#12828=DIRECTION('',(0.,-1.,0.));
#12829=DIRECTION('center_axis',(0.,1.,0.));
#12830=DIRECTION('ref_axis',(-1.,0.,0.));
#12831=DIRECTION('',(-1.,0.,0.));
#12832=DIRECTION('',(0.,0.,1.));
#12833=DIRECTION('',(-1.,0.,0.));
#12834=DIRECTION('center_axis',(1.,9.86811945060491E-15,0.));
#12835=DIRECTION('ref_axis',(-9.86811945060491E-15,1.,0.));
#12836=DIRECTION('',(-9.86811945060491E-15,1.,0.));
#12837=DIRECTION('',(0.,0.,1.));
#12838=DIRECTION('',(-9.86811945060491E-15,1.,0.));
#12839=DIRECTION('center_axis',(0.,1.,0.));
#12840=DIRECTION('ref_axis',(-1.,0.,0.));
#12841=DIRECTION('',(-1.,0.,0.));
#12842=DIRECTION('',(0.,0.,1.));
#12843=DIRECTION('',(-1.,0.,0.));
#12844=DIRECTION('center_axis',(-1.,-9.86811945060496E-15,0.));
#12845=DIRECTION('ref_axis',(9.86811945060496E-15,-1.,0.));
#12846=DIRECTION('',(9.86811945060496E-15,-1.,0.));
#12847=DIRECTION('',(0.,0.,1.));
#12848=DIRECTION('',(9.86811945060496E-15,-1.,0.));
#12849=DIRECTION('center_axis',(0.,1.,0.));
#12850=DIRECTION('ref_axis',(-1.,0.,0.));
#12851=DIRECTION('',(-1.,0.,0.));
#12852=DIRECTION('',(0.,0.,1.));
#12853=DIRECTION('',(-1.,0.,0.));
#12854=DIRECTION('center_axis',(-1.,0.,0.));
#12855=DIRECTION('ref_axis',(0.,-1.,0.));
#12856=DIRECTION('',(0.,-1.,0.));
#12857=DIRECTION('',(0.,0.,1.));
#12858=DIRECTION('',(0.,-1.,0.));
#12859=DIRECTION('center_axis',(0.,-1.,0.));
#12860=DIRECTION('ref_axis',(1.,0.,0.));
#12861=DIRECTION('',(1.,0.,0.));
#12862=DIRECTION('',(0.,0.,1.));
#12863=DIRECTION('',(1.,0.,0.));
#12864=DIRECTION('center_axis',(-1.,-9.8701574761007E-15,0.));
#12865=DIRECTION('ref_axis',(9.8701574761007E-15,-1.,0.));
#12866=DIRECTION('',(9.8701574761007E-15,-1.,0.));
#12867=DIRECTION('',(0.,0.,1.));
#12868=DIRECTION('',(9.8701574761007E-15,-1.,0.));
#12869=DIRECTION('center_axis',(0.,-1.,0.));
#12870=DIRECTION('ref_axis',(1.,0.,0.));
#12871=DIRECTION('',(1.,0.,0.));
#12872=DIRECTION('',(0.,0.,1.));
#12873=DIRECTION('',(1.,0.,0.));
#12874=DIRECTION('center_axis',(1.,0.,0.));
#12875=DIRECTION('ref_axis',(0.,1.,0.));
#12876=DIRECTION('',(0.,1.,0.));
#12877=DIRECTION('',(0.,0.,1.));
#12878=DIRECTION('',(0.,1.,0.));
#12879=DIRECTION('center_axis',(0.,-1.,0.));
#12880=DIRECTION('ref_axis',(1.,0.,0.));
#12881=DIRECTION('',(1.,0.,0.));
#12882=DIRECTION('',(0.,0.,1.));
#12883=DIRECTION('',(1.,0.,0.));
#12884=DIRECTION('center_axis',(-1.,0.,0.));
#12885=DIRECTION('ref_axis',(0.,-1.,0.));
#12886=DIRECTION('',(0.,-1.,0.));
#12887=DIRECTION('',(0.,0.,1.));
#12888=DIRECTION('',(0.,-1.,0.));
#12889=DIRECTION('center_axis',(-4.93485417366581E-15,1.,0.));
#12890=DIRECTION('ref_axis',(-1.,-4.93485417366581E-15,0.));
#12891=DIRECTION('',(-1.,-4.93485417366581E-15,0.));
#12892=DIRECTION('',(0.,0.,1.));
#12893=DIRECTION('',(-1.,-4.93485417366581E-15,0.));
#12894=DIRECTION('center_axis',(-1.,0.,0.));
#12895=DIRECTION('ref_axis',(0.,-1.,0.));
#12896=DIRECTION('',(0.,-1.,0.));
#12897=DIRECTION('',(0.,0.,1.));
#12898=DIRECTION('',(0.,-1.,0.));
#12899=DIRECTION('center_axis',(2.46571497056992E-15,1.,0.));
#12900=DIRECTION('ref_axis',(-1.,2.46571497056992E-15,0.));
#12901=DIRECTION('',(-1.,2.46571497056992E-15,0.));
#12902=DIRECTION('',(0.,0.,1.));
#12903=DIRECTION('',(-1.,2.46571497056992E-15,0.));
#12904=DIRECTION('center_axis',(1.,1.97394166946632E-14,0.));
#12905=DIRECTION('ref_axis',(-1.97394166946632E-14,1.,0.));
#12906=DIRECTION('',(-1.97394166946632E-14,1.,0.));
#12907=DIRECTION('',(0.,0.,1.));
#12908=DIRECTION('',(-1.97394166946632E-14,1.,0.));
#12909=DIRECTION('center_axis',(0.,1.,0.));
#12910=DIRECTION('ref_axis',(-1.,0.,0.));
#12911=DIRECTION('',(-1.,0.,0.));
#12912=DIRECTION('',(0.,0.,1.));
#12913=DIRECTION('',(-1.,0.,0.));
#12914=DIRECTION('center_axis',(1.,0.,0.));
#12915=DIRECTION('ref_axis',(0.,1.,0.));
#12916=DIRECTION('',(0.,1.,0.));
#12917=DIRECTION('',(0.,0.,1.));
#12918=DIRECTION('',(0.,1.,0.));
#12919=DIRECTION('center_axis',(0.,1.,0.));
#12920=DIRECTION('ref_axis',(-1.,0.,0.));
#12921=DIRECTION('',(-1.,0.,0.));
#12922=DIRECTION('',(0.,0.,1.));
#12923=DIRECTION('',(-1.,0.,0.));
#12924=DIRECTION('center_axis',(1.,0.,0.));
#12925=DIRECTION('ref_axis',(0.,1.,0.));
#12926=DIRECTION('',(0.,1.,0.));
#12927=DIRECTION('',(0.,0.,1.));
#12928=DIRECTION('',(0.,1.,0.));
#12929=DIRECTION('center_axis',(0.,-1.,0.));
#12930=DIRECTION('ref_axis',(1.,0.,0.));
#12931=DIRECTION('',(1.,0.,0.));
#12932=DIRECTION('',(0.,0.,1.));
#12933=DIRECTION('',(1.,0.,0.));
#12934=DIRECTION('center_axis',(1.,-1.97362389012099E-14,0.));
#12935=DIRECTION('ref_axis',(1.97362389012099E-14,1.,0.));
#12936=DIRECTION('',(1.97362389012099E-14,1.,0.));
#12937=DIRECTION('',(0.,0.,1.));
#12938=DIRECTION('',(1.97362389012099E-14,1.,0.));
#12939=DIRECTION('center_axis',(-2.46082477108954E-15,-1.,0.));
#12940=DIRECTION('ref_axis',(1.,-2.46082477108954E-15,0.));
#12941=DIRECTION('',(1.,-2.46082477108954E-15,0.));
#12942=DIRECTION('',(0.,0.,1.));
#12943=DIRECTION('',(1.,-2.46082477108954E-15,0.));
#12944=DIRECTION('center_axis',(1.,0.,0.));
#12945=DIRECTION('ref_axis',(0.,1.,0.));
#12946=DIRECTION('',(0.,1.,0.));
#12947=DIRECTION('',(0.,0.,1.));
#12948=DIRECTION('',(0.,1.,0.));
#12949=DIRECTION('center_axis',(-6.1642874264248E-16,-1.,0.));
#12950=DIRECTION('ref_axis',(1.,-6.1642874264248E-16,0.));
#12951=DIRECTION('',(1.,-6.1642874264248E-16,0.));
#12952=DIRECTION('',(0.,0.,1.));
#12953=DIRECTION('',(1.,-6.1642874264248E-16,0.));
#12954=DIRECTION('center_axis',(-1.,0.,0.));
#12955=DIRECTION('ref_axis',(0.,-1.,0.));
#12956=DIRECTION('',(0.,-1.,0.));
#12957=DIRECTION('',(0.,-1.,0.));
#12958=DIRECTION('center_axis',(0.,0.,1.));
#12959=DIRECTION('ref_axis',(1.,0.,0.));
#12960=DIRECTION('center_axis',(0.,-1.,0.));
#12961=DIRECTION('ref_axis',(1.,0.,0.));
#12962=DIRECTION('',(1.,0.,0.));
#12963=DIRECTION('',(0.,0.,1.));
#12964=DIRECTION('',(1.,0.,0.));
#12965=DIRECTION('',(0.,0.,1.));
#12966=DIRECTION('center_axis',(1.,0.,0.));
#12967=DIRECTION('ref_axis',(0.,1.,0.));
#12968=DIRECTION('',(0.,1.,0.));
#12969=DIRECTION('',(0.,0.,1.));
#12970=DIRECTION('',(0.,1.,0.));
#12971=DIRECTION('center_axis',(0.,-1.,0.));
#12972=DIRECTION('ref_axis',(1.,0.,0.));
#12973=DIRECTION('',(1.,0.,0.));
#12974=DIRECTION('',(0.,0.,1.));
#12975=DIRECTION('',(1.,0.,0.));
#12976=DIRECTION('center_axis',(-1.,0.,0.));
#12977=DIRECTION('ref_axis',(0.,-1.,0.));
#12978=DIRECTION('',(0.,-1.,0.));
#12979=DIRECTION('',(0.,0.,1.));
#12980=DIRECTION('',(0.,-1.,0.));
#12981=DIRECTION('center_axis',(0.,1.,0.));
#12982=DIRECTION('ref_axis',(-1.,0.,0.));
#12983=DIRECTION('',(-1.,0.,0.));
#12984=DIRECTION('',(0.,0.,1.));
#12985=DIRECTION('',(-1.,0.,0.));
#12986=DIRECTION('center_axis',(-1.,0.,0.));
#12987=DIRECTION('ref_axis',(0.,-1.,0.));
#12988=DIRECTION('',(0.,-1.,0.));
#12989=DIRECTION('',(0.,0.,1.));
#12990=DIRECTION('',(0.,-1.,0.));
#12991=DIRECTION('center_axis',(0.,1.,0.));
#12992=DIRECTION('ref_axis',(-1.,0.,0.));
#12993=DIRECTION('',(-1.,0.,0.));
#12994=DIRECTION('',(0.,0.,1.));
#12995=DIRECTION('',(-1.,0.,0.));
#12996=DIRECTION('center_axis',(1.,0.,0.));
#12997=DIRECTION('ref_axis',(0.,1.,0.));
#12998=DIRECTION('',(0.,1.,0.));
#12999=DIRECTION('',(0.,0.,1.));
#13000=DIRECTION('',(0.,1.,0.));
#13001=DIRECTION('center_axis',(0.,-1.,0.));
#13002=DIRECTION('ref_axis',(1.,0.,0.));
#13003=DIRECTION('',(1.,0.,0.));
#13004=DIRECTION('',(0.,0.,1.));
#13005=DIRECTION('',(1.,0.,0.));
#13006=DIRECTION('center_axis',(-1.,0.,0.));
#13007=DIRECTION('ref_axis',(0.,-1.,0.));
#13008=DIRECTION('',(0.,-1.,0.));
#13009=DIRECTION('',(0.,-1.,0.));
#13010=DIRECTION('center_axis',(0.,0.,1.));
#13011=DIRECTION('ref_axis',(1.,0.,0.));
#13012=DIRECTION('center_axis',(-1.,1.64343081988184E-15,0.));
#13013=DIRECTION('ref_axis',(-1.64343081988184E-15,-1.,0.));
#13014=DIRECTION('',(-1.64343081988184E-15,-1.,0.));
#13015=DIRECTION('',(0.,0.,1.));
#13016=DIRECTION('',(-1.64343081988184E-15,-1.,0.));
#13017=DIRECTION('',(0.,0.,1.));
#13018=DIRECTION('center_axis',(0.,-1.,0.));
#13019=DIRECTION('ref_axis',(1.,0.,0.));
#13020=DIRECTION('',(1.,0.,0.));
#13021=DIRECTION('',(0.,0.,1.));
#13022=DIRECTION('',(1.,0.,0.));
#13023=DIRECTION('center_axis',(1.,0.,0.));
#13024=DIRECTION('ref_axis',(0.,1.,0.));
#13025=DIRECTION('',(0.,1.,0.));
#13026=DIRECTION('',(0.,0.,1.));
#13027=DIRECTION('',(0.,1.,0.));
#13028=DIRECTION('center_axis',(0.,1.,0.));
#13029=DIRECTION('ref_axis',(-1.,0.,0.));
#13030=DIRECTION('',(-1.,0.,0.));
#13031=DIRECTION('',(-1.,0.,0.));
#13032=DIRECTION('center_axis',(6.16439254195643E-16,-1.,0.));
#13033=DIRECTION('ref_axis',(1.,6.16439254195643E-16,0.));
#13034=DIRECTION('',(1.,6.16439254195643E-16,0.));
#13035=DIRECTION('',(0.,0.,1.));
#13036=DIRECTION('',(1.,6.16439254195643E-16,0.));
#13037=DIRECTION('',(0.,0.,1.));
#13038=DIRECTION('center_axis',(-1.,7.4027865418606E-15,0.));
#13039=DIRECTION('ref_axis',(-7.4027865418606E-15,-1.,0.));
#13040=DIRECTION('',(-7.4027865418606E-15,-1.,0.));
#13041=DIRECTION('',(0.,0.,1.));
#13042=DIRECTION('',(-7.4027865418606E-15,-1.,0.));
#13043=DIRECTION('center_axis',(0.,-1.,0.));
#13044=DIRECTION('ref_axis',(1.,0.,0.));
#13045=DIRECTION('',(1.,0.,0.));
#13046=DIRECTION('',(0.,0.,1.));
#13047=DIRECTION('',(1.,0.,0.));
#13048=DIRECTION('center_axis',(-1.,-2.46514622982276E-15,0.));
#13049=DIRECTION('ref_axis',(2.46514622982276E-15,-1.,0.));
#13050=DIRECTION('',(2.46514622982276E-15,-1.,0.));
#13051=DIRECTION('',(0.,0.,1.));
#13052=DIRECTION('',(2.46514622982276E-15,-1.,0.));
#13053=DIRECTION('center_axis',(0.,1.,0.));
#13054=DIRECTION('ref_axis',(-1.,0.,0.));
#13055=DIRECTION('',(-1.,0.,0.));
#13056=DIRECTION('',(0.,0.,1.));
#13057=DIRECTION('',(-1.,0.,0.));
#13058=DIRECTION('center_axis',(-1.,2.46702986265124E-15,0.));
#13059=DIRECTION('ref_axis',(-2.46702986265124E-15,-1.,0.));
#13060=DIRECTION('',(-2.46702986265124E-15,-1.,0.));
#13061=DIRECTION('',(0.,0.,1.));
#13062=DIRECTION('',(-2.46702986265124E-15,-1.,0.));
#13063=DIRECTION('center_axis',(0.,1.,0.));
#13064=DIRECTION('ref_axis',(-1.,0.,0.));
#13065=DIRECTION('',(-1.,0.,0.));
#13066=DIRECTION('',(0.,0.,1.));
#13067=DIRECTION('',(-1.,0.,0.));
#13068=DIRECTION('center_axis',(1.,0.,0.));
#13069=DIRECTION('ref_axis',(0.,1.,0.));
#13070=DIRECTION('',(0.,1.,0.));
#13071=DIRECTION('',(0.,0.,1.));
#13072=DIRECTION('',(0.,1.,0.));
#13073=DIRECTION('center_axis',(0.,-1.,0.));
#13074=DIRECTION('ref_axis',(1.,0.,0.));
#13075=DIRECTION('',(1.,0.,0.));
#13076=DIRECTION('',(0.,0.,1.));
#13077=DIRECTION('',(1.,0.,0.));
#13078=DIRECTION('center_axis',(-1.,0.,0.));
#13079=DIRECTION('ref_axis',(0.,-1.,0.));
#13080=DIRECTION('',(0.,-1.,0.));
#13081=DIRECTION('',(0.,-1.,0.));
#13082=DIRECTION('center_axis',(0.,0.,1.));
#13083=DIRECTION('ref_axis',(1.,0.,0.));
#13084=DIRECTION('center_axis',(-7.40277358506656E-15,1.,0.));
#13085=DIRECTION('ref_axis',(-1.,-7.40277358506656E-15,0.));
#13086=DIRECTION('',(-1.,-7.40277358506656E-15,0.));
#13087=DIRECTION('',(0.,0.,1.));
#13088=DIRECTION('',(-1.,-7.40277358506656E-15,0.));
#13089=DIRECTION('',(0.,0.,1.));
#13090=DIRECTION('center_axis',(-1.,-8.80522566195642E-16,0.));
#13091=DIRECTION('ref_axis',(8.80522566195641E-16,-1.,0.));
#13092=DIRECTION('',(8.80522566195641E-16,-1.,0.));
#13093=DIRECTION('',(0.,0.,1.));
#13094=DIRECTION('',(8.80522566195641E-16,-1.,0.));
#13095=DIRECTION('center_axis',(4.92785112646673E-15,1.,0.));
#13096=DIRECTION('ref_axis',(-1.,4.92785112646673E-15,0.));
#13097=DIRECTION('',(-1.,4.92785112646673E-15,0.));
#13098=DIRECTION('',(0.,0.,1.));
#13099=DIRECTION('',(-1.,4.92785112646673E-15,0.));
#13100=DIRECTION('center_axis',(1.,0.,0.));
#13101=DIRECTION('ref_axis',(0.,1.,0.));
#13102=DIRECTION('',(0.,1.,0.));
#13103=DIRECTION('',(0.,0.,1.));
#13104=DIRECTION('',(0.,1.,0.));
#13105=DIRECTION('center_axis',(-2.46703849659958E-15,-1.,0.));
#13106=DIRECTION('ref_axis',(1.,-2.46703849659958E-15,0.));
#13107=DIRECTION('',(1.,-2.46703849659958E-15,0.));
#13108=DIRECTION('',(0.,0.,1.));
#13109=DIRECTION('',(1.,-2.46703849659958E-15,0.));
#13110=DIRECTION('center_axis',(1.,0.,0.));
#13111=DIRECTION('ref_axis',(0.,1.,0.));
#13112=DIRECTION('',(0.,1.,0.));
#13113=DIRECTION('',(0.,0.,1.));
#13114=DIRECTION('',(0.,1.,0.));
#13115=DIRECTION('center_axis',(-1.23210059228563E-15,-1.,0.));
#13116=DIRECTION('ref_axis',(1.,-1.23210059228563E-15,0.));
#13117=DIRECTION('',(1.,-1.23210059228563E-15,0.));
#13118=DIRECTION('',(0.,0.,1.));
#13119=DIRECTION('',(1.,-1.23210059228563E-15,0.));
#13120=DIRECTION('center_axis',(-1.,3.70139327093032E-15,0.));
#13121=DIRECTION('ref_axis',(-3.70139327093032E-15,-1.,0.));
#13122=DIRECTION('',(-3.70139327093032E-15,-1.,0.));
#13123=DIRECTION('',(-3.70139327093032E-15,-1.,0.));
#13124=DIRECTION('center_axis',(0.,0.,1.));
#13125=DIRECTION('ref_axis',(1.,0.,0.));
#13126=DIRECTION('center_axis',(-1.,0.,0.));
#13127=DIRECTION('ref_axis',(0.,-1.,0.));
#13128=DIRECTION('',(0.,-1.,0.));
#13129=DIRECTION('',(0.,0.,1.));
#13130=DIRECTION('',(0.,-1.,0.));
#13131=DIRECTION('',(0.,0.,1.));
#13132=DIRECTION('center_axis',(-8.21715409940921E-16,-1.,0.));
#13133=DIRECTION('ref_axis',(1.,-8.21715409940921E-16,0.));
#13134=DIRECTION('',(1.,-8.21715409940921E-16,0.));
#13135=DIRECTION('',(0.,0.,1.));
#13136=DIRECTION('',(1.,-8.21715409940921E-16,0.));
#13137=DIRECTION('center_axis',(1.,0.,0.));
#13138=DIRECTION('ref_axis',(0.,1.,0.));
#13139=DIRECTION('',(0.,1.,0.));
#13140=DIRECTION('',(0.,0.,1.));
#13141=DIRECTION('',(0.,1.,0.));
#13142=DIRECTION('center_axis',(2.46514622982276E-15,1.,0.));
#13143=DIRECTION('ref_axis',(-1.,2.46514622982276E-15,0.));
#13144=DIRECTION('',(-1.,2.46514622982276E-15,0.));
#13145=DIRECTION('',(-1.,2.46514622982276E-15,0.));
#13146=DIRECTION('center_axis',(0.,1.,0.));
#13147=DIRECTION('ref_axis',(-1.,0.,0.));
#13148=DIRECTION('',(-1.,0.,0.));
#13149=DIRECTION('',(0.,0.,1.));
#13150=DIRECTION('',(-1.,0.,0.));
#13151=DIRECTION('',(0.,0.,1.));
#13152=DIRECTION('center_axis',(-1.,0.,0.));
#13153=DIRECTION('ref_axis',(0.,-1.,0.));
#13154=DIRECTION('',(0.,-1.,0.));
#13155=DIRECTION('',(0.,0.,1.));
#13156=DIRECTION('',(0.,-1.,0.));
#13157=DIRECTION('center_axis',(0.,-1.,0.));
#13158=DIRECTION('ref_axis',(1.,0.,0.));
#13159=DIRECTION('',(1.,0.,0.));
#13160=DIRECTION('',(0.,0.,1.));
#13161=DIRECTION('',(1.,0.,0.));
#13162=DIRECTION('center_axis',(-1.,2.46420549164394E-15,0.));
#13163=DIRECTION('ref_axis',(-2.46420549164394E-15,-1.,0.));
#13164=DIRECTION('',(-2.46420549164394E-15,-1.,0.));
#13165=DIRECTION('',(0.,0.,1.));
#13166=DIRECTION('',(-2.46420549164394E-15,-1.,0.));
#13167=DIRECTION('center_axis',(0.,1.,0.));
#13168=DIRECTION('ref_axis',(-1.,0.,0.));
#13169=DIRECTION('',(-1.,0.,0.));
#13170=DIRECTION('',(0.,0.,1.));
#13171=DIRECTION('',(-1.,0.,0.));
#13172=DIRECTION('center_axis',(-1.,0.,0.));
#13173=DIRECTION('ref_axis',(0.,-1.,0.));
#13174=DIRECTION('',(0.,-1.,0.));
#13175=DIRECTION('',(0.,0.,1.));
#13176=DIRECTION('',(0.,-1.,0.));
#13177=DIRECTION('center_axis',(0.,1.,0.));
#13178=DIRECTION('ref_axis',(-1.,0.,0.));
#13179=DIRECTION('',(-1.,0.,0.));
#13180=DIRECTION('',(0.,0.,1.));
#13181=DIRECTION('',(-1.,0.,0.));
#13182=DIRECTION('center_axis',(1.,0.,0.));
#13183=DIRECTION('ref_axis',(0.,1.,0.));
#13184=DIRECTION('',(0.,1.,0.));
#13185=DIRECTION('',(0.,0.,1.));
#13186=DIRECTION('',(0.,1.,0.));
#13187=DIRECTION('center_axis',(0.,1.,0.));
#13188=DIRECTION('ref_axis',(-1.,0.,0.));
#13189=DIRECTION('',(-1.,0.,0.));
#13190=DIRECTION('',(0.,0.,1.));
#13191=DIRECTION('',(-1.,0.,0.));
#13192=DIRECTION('center_axis',(1.,0.,0.));
#13193=DIRECTION('ref_axis',(0.,1.,0.));
#13194=DIRECTION('',(0.,1.,0.));
#13195=DIRECTION('',(0.,0.,1.));
#13196=DIRECTION('',(0.,1.,0.));
#13197=DIRECTION('center_axis',(-2.46702986265124E-15,-1.,0.));
#13198=DIRECTION('ref_axis',(1.,-2.46702986265124E-15,0.));
#13199=DIRECTION('',(1.,-2.46702986265124E-15,0.));
#13200=DIRECTION('',(0.,0.,1.));
#13201=DIRECTION('',(1.,-2.46702986265124E-15,0.));
#13202=DIRECTION('center_axis',(1.,0.,0.));
#13203=DIRECTION('ref_axis',(0.,1.,0.));
#13204=DIRECTION('',(0.,1.,0.));
#13205=DIRECTION('',(0.,0.,1.));
#13206=DIRECTION('',(0.,1.,0.));
#13207=DIRECTION('center_axis',(-4.92953969674283E-16,-1.,0.));
#13208=DIRECTION('ref_axis',(1.,-4.92953969674283E-16,0.));
#13209=DIRECTION('',(1.,-4.92953969674283E-16,0.));
#13210=DIRECTION('',(0.,0.,1.));
#13211=DIRECTION('',(1.,-4.92953969674283E-16,0.));
#13212=DIRECTION('center_axis',(-1.,0.,0.));
#13213=DIRECTION('ref_axis',(0.,-1.,0.));
#13214=DIRECTION('',(0.,-1.,0.));
#13215=DIRECTION('',(0.,-1.,0.));
#13216=DIRECTION('center_axis',(0.,0.,1.));
#13217=DIRECTION('ref_axis',(1.,0.,0.));
#13218=DIRECTION('center_axis',(-1.,-3.28686163976368E-15,0.));
#13219=DIRECTION('ref_axis',(3.28686163976368E-15,-1.,0.));
#13220=DIRECTION('',(3.28686163976368E-15,-1.,0.));
#13221=DIRECTION('',(0.,0.,1.));
#13222=DIRECTION('',(3.28686163976368E-15,-1.,0.));
#13223=DIRECTION('',(0.,0.,1.));
#13224=DIRECTION('center_axis',(0.,-1.,0.));
#13225=DIRECTION('ref_axis',(1.,0.,0.));
#13226=DIRECTION('',(1.,0.,0.));
#13227=DIRECTION('',(0.,0.,1.));
#13228=DIRECTION('',(1.,0.,0.));
#13229=DIRECTION('center_axis',(1.,0.,0.));
#13230=DIRECTION('ref_axis',(0.,1.,0.));
#13231=DIRECTION('',(0.,1.,0.));
#13232=DIRECTION('',(0.,0.,1.));
#13233=DIRECTION('',(0.,1.,0.));
#13234=DIRECTION('center_axis',(0.,1.,0.));
#13235=DIRECTION('ref_axis',(-1.,0.,0.));
#13236=DIRECTION('',(-1.,0.,0.));
#13237=DIRECTION('',(-1.,0.,0.));
#13238=DIRECTION('center_axis',(0.,-1.,0.));
#13239=DIRECTION('ref_axis',(1.,0.,0.));
#13240=DIRECTION('',(1.,0.,0.));
#13241=DIRECTION('',(0.,0.,1.));
#13242=DIRECTION('',(1.,0.,0.));
#13243=DIRECTION('',(0.,0.,1.));
#13244=DIRECTION('center_axis',(-1.,0.,0.));
#13245=DIRECTION('ref_axis',(0.,-1.,0.));
#13246=DIRECTION('',(0.,-1.,0.));
#13247=DIRECTION('',(0.,0.,1.));
#13248=DIRECTION('',(0.,-1.,0.));
#13249=DIRECTION('center_axis',(0.,1.,0.));
#13250=DIRECTION('ref_axis',(-1.,0.,0.));
#13251=DIRECTION('',(-1.,0.,0.));
#13252=DIRECTION('',(0.,0.,1.));
#13253=DIRECTION('',(-1.,0.,0.));
#13254=DIRECTION('center_axis',(-1.,-9.86811945060496E-15,0.));
#13255=DIRECTION('ref_axis',(9.86811945060496E-15,-1.,0.));
#13256=DIRECTION('',(9.86811945060496E-15,-1.,0.));
#13257=DIRECTION('',(0.,0.,1.));
#13258=DIRECTION('',(9.86811945060496E-15,-1.,0.));
#13259=DIRECTION('center_axis',(0.,1.,0.));
#13260=DIRECTION('ref_axis',(-1.,0.,0.));
#13261=DIRECTION('',(-1.,0.,0.));
#13262=DIRECTION('',(0.,0.,1.));
#13263=DIRECTION('',(-1.,0.,0.));
#13264=DIRECTION('center_axis',(1.,0.,0.));
#13265=DIRECTION('ref_axis',(0.,1.,0.));
#13266=DIRECTION('',(0.,1.,0.));
#13267=DIRECTION('',(0.,0.,1.));
#13268=DIRECTION('',(0.,1.,0.));
#13269=DIRECTION('center_axis',(0.,1.,0.));
#13270=DIRECTION('ref_axis',(-1.,0.,0.));
#13271=DIRECTION('',(-1.,0.,0.));
#13272=DIRECTION('',(0.,0.,1.));
#13273=DIRECTION('',(-1.,0.,0.));
#13274=DIRECTION('center_axis',(1.,0.,0.));
#13275=DIRECTION('ref_axis',(0.,1.,0.));
#13276=DIRECTION('',(0.,1.,0.));
#13277=DIRECTION('',(0.,0.,1.));
#13278=DIRECTION('',(0.,1.,0.));
#13279=DIRECTION('center_axis',(-2.4675998329E-15,-1.,0.));
#13280=DIRECTION('ref_axis',(1.,-2.4675998329E-15,0.));
#13281=DIRECTION('',(1.,-2.4675998329E-15,0.));
#13282=DIRECTION('',(0.,0.,1.));
#13283=DIRECTION('',(1.,-2.4675998329E-15,0.));
#13284=DIRECTION('center_axis',(1.,0.,0.));
#13285=DIRECTION('ref_axis',(0.,1.,0.));
#13286=DIRECTION('',(0.,1.,0.));
#13287=DIRECTION('',(0.,0.,1.));
#13288=DIRECTION('',(0.,1.,0.));
#13289=DIRECTION('center_axis',(4.92953624950264E-16,-1.,0.));
#13290=DIRECTION('ref_axis',(1.,4.92953624950264E-16,0.));
#13291=DIRECTION('',(1.,4.92953624950264E-16,0.));
#13292=DIRECTION('',(0.,0.,1.));
#13293=DIRECTION('',(1.,4.92953624950264E-16,0.));
#13294=DIRECTION('center_axis',(-1.,0.,0.));
#13295=DIRECTION('ref_axis',(0.,-1.,0.));
#13296=DIRECTION('',(0.,-1.,0.));
#13297=DIRECTION('',(0.,-1.,0.));
#13298=DIRECTION('center_axis',(0.,0.,1.));
#13299=DIRECTION('ref_axis',(1.,0.,0.));
#13300=DIRECTION('center_axis',(-2.46703849659958E-15,-1.,0.));
#13301=DIRECTION('ref_axis',(1.,-2.46703849659958E-15,0.));
#13302=DIRECTION('',(1.,-2.46703849659958E-15,0.));
#13303=DIRECTION('',(0.,0.,1.));
#13304=DIRECTION('',(1.,-2.46703849659958E-15,0.));
#13305=DIRECTION('',(0.,0.,1.));
#13306=DIRECTION('center_axis',(-1.,0.,0.));
#13307=DIRECTION('ref_axis',(0.,-1.,0.));
#13308=DIRECTION('',(0.,-1.,0.));
#13309=DIRECTION('',(0.,0.,1.));
#13310=DIRECTION('',(0.,-1.,0.));
#13311=DIRECTION('center_axis',(0.,1.,0.));
#13312=DIRECTION('ref_axis',(-1.,0.,0.));
#13313=DIRECTION('',(-1.,0.,0.));
#13314=DIRECTION('',(0.,0.,1.));
#13315=DIRECTION('',(-1.,0.,0.));
#13316=DIRECTION('center_axis',(1.,0.,0.));
#13317=DIRECTION('ref_axis',(0.,1.,0.));
#13318=DIRECTION('',(0.,1.,0.));
#13319=DIRECTION('',(0.,0.,1.));
#13320=DIRECTION('',(0.,1.,0.));
#13321=DIRECTION('center_axis',(-8.21715409940921E-16,1.,0.));
#13322=DIRECTION('ref_axis',(-1.,-8.21715409940921E-16,0.));
#13323=DIRECTION('',(-1.,-8.21715409940921E-16,0.));
#13324=DIRECTION('',(0.,0.,1.));
#13325=DIRECTION('',(-1.,-8.21715409940921E-16,0.));
#13326=DIRECTION('center_axis',(-1.,2.46561686831664E-15,0.));
#13327=DIRECTION('ref_axis',(-2.46561686831664E-15,-1.,0.));
#13328=DIRECTION('',(-2.46561686831664E-15,-1.,0.));
#13329=DIRECTION('',(0.,0.,1.));
#13330=DIRECTION('',(-2.46561686831664E-15,-1.,0.));
#13331=DIRECTION('center_axis',(0.,1.,0.));
#13332=DIRECTION('ref_axis',(-1.,0.,0.));
#13333=DIRECTION('',(-1.,0.,0.));
#13334=DIRECTION('',(0.,0.,1.));
#13335=DIRECTION('',(-1.,0.,0.));
#13336=DIRECTION('center_axis',(1.,0.,0.));
#13337=DIRECTION('ref_axis',(0.,1.,0.));
#13338=DIRECTION('',(0.,1.,0.));
#13339=DIRECTION('',(0.,0.,1.));
#13340=DIRECTION('',(0.,1.,0.));
#13341=DIRECTION('center_axis',(-2.4675998329E-15,-1.,0.));
#13342=DIRECTION('ref_axis',(1.,-2.4675998329E-15,0.));
#13343=DIRECTION('',(1.,-2.4675998329E-15,0.));
#13344=DIRECTION('',(0.,0.,1.));
#13345=DIRECTION('',(1.,-2.4675998329E-15,0.));
#13346=DIRECTION('center_axis',(1.,0.,0.));
#13347=DIRECTION('ref_axis',(0.,1.,0.));
#13348=DIRECTION('',(0.,1.,0.));
#13349=DIRECTION('',(0.,0.,1.));
#13350=DIRECTION('',(0.,1.,0.));
#13351=DIRECTION('center_axis',(4.92953624950263E-16,-1.,0.));
#13352=DIRECTION('ref_axis',(1.,4.92953624950263E-16,0.));
#13353=DIRECTION('',(1.,4.92953624950263E-16,0.));
#13354=DIRECTION('',(0.,0.,1.));
#13355=DIRECTION('',(1.,4.92953624950263E-16,0.));
#13356=DIRECTION('center_axis',(-1.,0.,0.));
#13357=DIRECTION('ref_axis',(0.,-1.,0.));
#13358=DIRECTION('',(0.,-1.,0.));
#13359=DIRECTION('',(0.,-1.,0.));
#13360=DIRECTION('center_axis',(0.,0.,1.));
#13361=DIRECTION('ref_axis',(1.,0.,0.));
#13362=DIRECTION('center_axis',(0.,1.,0.));
#13363=DIRECTION('ref_axis',(-1.,0.,0.));
#13364=DIRECTION('',(-1.,0.,0.));
#13365=DIRECTION('',(0.,0.,1.));
#13366=DIRECTION('',(-1.,0.,0.));
#13367=DIRECTION('',(0.,0.,1.));
#13368=DIRECTION('center_axis',(1.,4.93405972530248E-15,0.));
#13369=DIRECTION('ref_axis',(-4.93405972530248E-15,1.,0.));
#13370=DIRECTION('',(-4.93405972530248E-15,1.,0.));
#13371=DIRECTION('',(0.,0.,1.));
#13372=DIRECTION('',(-4.93405972530248E-15,1.,0.));
#13373=DIRECTION('center_axis',(0.,-1.,0.));
#13374=DIRECTION('ref_axis',(1.,0.,0.));
#13375=DIRECTION('',(1.,0.,0.));
#13376=DIRECTION('',(0.,0.,1.));
#13377=DIRECTION('',(1.,0.,0.));
#13378=DIRECTION('',(0.,0.,1.));
#13379=DIRECTION('center_axis',(-1.,-4.93405972530248E-15,0.));
#13380=DIRECTION('ref_axis',(4.93405972530248E-15,-1.,0.));
#13381=DIRECTION('',(4.93405972530248E-15,-1.,0.));
#13382=DIRECTION('',(4.93405972530248E-15,-1.,0.));
#13383=DIRECTION('center_axis',(0.,0.,1.));
#13384=DIRECTION('ref_axis',(1.,0.,0.));
#13385=DIRECTION('center_axis',(2.46759119502219E-15,-1.,0.));
#13386=DIRECTION('ref_axis',(1.,2.46759119502219E-15,0.));
#13387=DIRECTION('',(1.,2.46759119502219E-15,0.));
#13388=DIRECTION('',(0.,0.,1.));
#13389=DIRECTION('',(1.,2.46759119502219E-15,0.));
#13390=DIRECTION('',(0.,0.,1.));
#13391=DIRECTION('center_axis',(-1.,4.93519102790707E-15,0.));
#13392=DIRECTION('ref_axis',(-4.93519102790707E-15,-1.,0.));
#13393=DIRECTION('',(-4.93519102790707E-15,-1.,0.));
#13394=DIRECTION('',(-4.93519102790707E-15,-1.,0.));
#13395=DIRECTION('center_axis',(0.,1.,0.));
#13396=DIRECTION('ref_axis',(-1.,0.,0.));
#13397=DIRECTION('',(-1.,0.,0.));
#13398=DIRECTION('',(0.,0.,1.));
#13399=DIRECTION('',(-1.,0.,0.));
#13400=DIRECTION('center_axis',(-1.,4.93405972530248E-15,0.));
#13401=DIRECTION('ref_axis',(-4.93405972530248E-15,-1.,0.));
#13402=DIRECTION('',(-4.93405972530248E-15,-1.,0.));
#13403=DIRECTION('',(0.,0.,1.));
#13404=DIRECTION('',(-4.93405972530248E-15,-1.,0.));
#13405=DIRECTION('center_axis',(0.,1.,0.));
#13406=DIRECTION('ref_axis',(-1.,0.,0.));
#13407=DIRECTION('',(-1.,0.,0.));
#13408=DIRECTION('',(0.,0.,1.));
#13409=DIRECTION('',(-1.,0.,0.));
#13410=DIRECTION('center_axis',(1.,0.,0.));
#13411=DIRECTION('ref_axis',(0.,1.,0.));
#13412=DIRECTION('',(0.,1.,0.));
#13413=DIRECTION('',(0.,0.,1.));
#13414=DIRECTION('',(0.,1.,0.));
#13415=DIRECTION('center_axis',(0.,-1.,0.));
#13416=DIRECTION('ref_axis',(1.,0.,0.));
#13417=DIRECTION('',(1.,0.,0.));
#13418=DIRECTION('',(0.,0.,1.));
#13419=DIRECTION('',(1.,0.,0.));
#13420=DIRECTION('center_axis',(-1.,-1.64343081988184E-15,0.));
#13421=DIRECTION('ref_axis',(1.64343081988184E-15,-1.,0.));
#13422=DIRECTION('',(1.64343081988184E-15,-1.,0.));
#13423=DIRECTION('',(1.64343081988184E-15,-1.,0.));
#13424=DIRECTION('center_axis',(0.,0.,1.));
#13425=DIRECTION('ref_axis',(1.,0.,0.));
#13426=DIRECTION('center_axis',(0.,-1.,0.));
#13427=DIRECTION('ref_axis',(1.,0.,0.));
#13428=DIRECTION('',(1.,0.,0.));
#13429=DIRECTION('',(0.,0.,1.));
#13430=DIRECTION('',(1.,0.,0.));
#13431=DIRECTION('',(0.,0.,1.));
#13432=DIRECTION('center_axis',(-1.,-4.93405972530248E-15,0.));
#13433=DIRECTION('ref_axis',(4.93405972530248E-15,-1.,0.));
#13434=DIRECTION('',(4.93405972530248E-15,-1.,0.));
#13435=DIRECTION('',(0.,0.,1.));
#13436=DIRECTION('',(4.93405972530248E-15,-1.,0.));
#13437=DIRECTION('center_axis',(-4.93518239004437E-15,1.,0.));
#13438=DIRECTION('ref_axis',(-1.,-4.93518239004437E-15,0.));
#13439=DIRECTION('',(-1.,-4.93518239004437E-15,0.));
#13440=DIRECTION('',(0.,0.,1.));
#13441=DIRECTION('',(-1.,-4.93518239004437E-15,0.));
#13442=DIRECTION('center_axis',(-1.,0.,0.));
#13443=DIRECTION('ref_axis',(0.,-1.,0.));
#13444=DIRECTION('',(0.,-1.,0.));
#13445=DIRECTION('',(0.,0.,1.));
#13446=DIRECTION('',(0.,-1.,0.));
#13447=DIRECTION('center_axis',(6.16439254195643E-16,1.,0.));
#13448=DIRECTION('ref_axis',(-1.,6.16439254195643E-16,0.));
#13449=DIRECTION('',(-1.,6.16439254195643E-16,0.));
#13450=DIRECTION('',(0.,0.,1.));
#13451=DIRECTION('',(-1.,6.16439254195643E-16,0.));
#13452=DIRECTION('center_axis',(-1.,0.,0.));
#13453=DIRECTION('ref_axis',(0.,-1.,0.));
#13454=DIRECTION('',(0.,-1.,0.));
#13455=DIRECTION('',(0.,0.,1.));
#13456=DIRECTION('',(0.,-1.,0.));
#13457=DIRECTION('center_axis',(0.,-1.,0.));
#13458=DIRECTION('ref_axis',(1.,0.,0.));
#13459=DIRECTION('',(1.,0.,0.));
#13460=DIRECTION('',(0.,0.,1.));
#13461=DIRECTION('',(1.,0.,0.));
#13462=DIRECTION('center_axis',(-1.,4.93405972530248E-15,0.));
#13463=DIRECTION('ref_axis',(-4.93405972530248E-15,-1.,0.));
#13464=DIRECTION('',(-4.93405972530248E-15,-1.,0.));
#13465=DIRECTION('',(0.,0.,1.));
#13466=DIRECTION('',(-4.93405972530248E-15,-1.,0.));
#13467=DIRECTION('center_axis',(0.,1.,0.));
#13468=DIRECTION('ref_axis',(-1.,0.,0.));
#13469=DIRECTION('',(-1.,0.,0.));
#13470=DIRECTION('',(0.,0.,1.));
#13471=DIRECTION('',(-1.,0.,0.));
#13472=DIRECTION('center_axis',(1.,0.,0.));
#13473=DIRECTION('ref_axis',(0.,1.,0.));
#13474=DIRECTION('',(0.,1.,0.));
#13475=DIRECTION('',(0.,0.,1.));
#13476=DIRECTION('',(0.,1.,0.));
#13477=DIRECTION('center_axis',(-2.46703849659958E-15,1.,0.));
#13478=DIRECTION('ref_axis',(-1.,-2.46703849659958E-15,0.));
#13479=DIRECTION('',(-1.,-2.46703849659958E-15,0.));
#13480=DIRECTION('',(0.,0.,1.));
#13481=DIRECTION('',(-1.,-2.46703849659958E-15,0.));
#13482=DIRECTION('center_axis',(1.,0.,0.));
#13483=DIRECTION('ref_axis',(0.,1.,0.));
#13484=DIRECTION('',(0.,1.,0.));
#13485=DIRECTION('',(0.,0.,1.));
#13486=DIRECTION('',(0.,1.,0.));
#13487=DIRECTION('center_axis',(4.93407699319917E-15,-1.,0.));
#13488=DIRECTION('ref_axis',(1.,4.93407699319917E-15,0.));
#13489=DIRECTION('',(1.,4.93407699319917E-15,0.));
#13490=DIRECTION('',(0.,0.,1.));
#13491=DIRECTION('',(1.,4.93407699319917E-15,0.));
#13492=DIRECTION('center_axis',(1.,4.92164954217905E-15,0.));
#13493=DIRECTION('ref_axis',(-4.92164954217905E-15,1.,0.));
#13494=DIRECTION('',(-4.92164954217905E-15,1.,0.));
#13495=DIRECTION('',(0.,0.,1.));
#13496=DIRECTION('',(-4.92164954217905E-15,1.,0.));
#13497=DIRECTION('center_axis',(0.,-1.,0.));
#13498=DIRECTION('ref_axis',(1.,0.,0.));
#13499=DIRECTION('',(1.,0.,0.));
#13500=DIRECTION('',(0.,0.,1.));
#13501=DIRECTION('',(1.,0.,0.));
#13502=DIRECTION('center_axis',(1.,-4.93405972530248E-15,0.));
#13503=DIRECTION('ref_axis',(4.93405972530248E-15,1.,0.));
#13504=DIRECTION('',(4.93405972530248E-15,1.,0.));
#13505=DIRECTION('',(0.,0.,1.));
#13506=DIRECTION('',(4.93405972530248E-15,1.,0.));
#13507=DIRECTION('center_axis',(-4.92953624950264E-16,1.,0.));
#13508=DIRECTION('ref_axis',(-1.,-4.92953624950264E-16,0.));
#13509=DIRECTION('',(-1.,-4.92953624950264E-16,0.));
#13510=DIRECTION('',(0.,0.,1.));
#13511=DIRECTION('',(-1.,-4.92953624950264E-16,0.));
#13512=DIRECTION('center_axis',(1.,0.,0.));
#13513=DIRECTION('ref_axis',(0.,1.,0.));
#13514=DIRECTION('',(0.,1.,0.));
#13515=DIRECTION('',(0.,0.,1.));
#13516=DIRECTION('',(0.,1.,0.));
#13517=DIRECTION('center_axis',(4.1085770497046E-16,-1.,0.));
#13518=DIRECTION('ref_axis',(1.,4.1085770497046E-16,0.));
#13519=DIRECTION('',(1.,4.1085770497046E-16,0.));
#13520=DIRECTION('',(0.,0.,1.));
#13521=DIRECTION('',(1.,4.1085770497046E-16,0.));
#13522=DIRECTION('center_axis',(-1.,4.93519102790707E-15,0.));
#13523=DIRECTION('ref_axis',(-4.93519102790707E-15,-1.,0.));
#13524=DIRECTION('',(-4.93519102790707E-15,-1.,0.));
#13525=DIRECTION('',(-4.93519102790707E-15,-1.,0.));
#13526=DIRECTION('center_axis',(0.,0.,1.));
#13527=DIRECTION('ref_axis',(1.,0.,0.));
#13528=DIRECTION('center_axis',(-2.46759119502218E-15,1.,0.));
#13529=DIRECTION('ref_axis',(-1.,-2.46759119502218E-15,0.));
#13530=DIRECTION('',(-1.,-2.46759119502218E-15,0.));
#13531=DIRECTION('',(0.,0.,1.));
#13532=DIRECTION('',(-1.,-2.46759119502218E-15,0.));
#13533=DIRECTION('',(0.,0.,1.));
#13534=DIRECTION('center_axis',(-1.,-8.80522566195642E-16,0.));
#13535=DIRECTION('ref_axis',(8.80522566195641E-16,-1.,0.));
#13536=DIRECTION('',(8.80522566195641E-16,-1.,0.));
#13537=DIRECTION('',(0.,0.,1.));
#13538=DIRECTION('',(8.80522566195641E-16,-1.,0.));
#13539=DIRECTION('center_axis',(0.,1.,0.));
#13540=DIRECTION('ref_axis',(-1.,0.,0.));
#13541=DIRECTION('',(-1.,0.,0.));
#13542=DIRECTION('',(0.,0.,1.));
#13543=DIRECTION('',(-1.,0.,0.));
#13544=DIRECTION('center_axis',(1.,-6.16365796336949E-16,0.));
#13545=DIRECTION('ref_axis',(6.16365796336949E-16,1.,0.));
#13546=DIRECTION('',(6.16365796336949E-16,1.,0.));
#13547=DIRECTION('',(0.,0.,1.));
#13548=DIRECTION('',(6.16365796336949E-16,1.,0.));
#13549=DIRECTION('center_axis',(-2.46759119502218E-15,-1.,0.));
#13550=DIRECTION('ref_axis',(1.,-2.46759119502218E-15,0.));
#13551=DIRECTION('',(1.,-2.46759119502218E-15,0.));
#13552=DIRECTION('',(0.,0.,1.));
#13553=DIRECTION('',(1.,-2.46759119502218E-15,0.));
#13554=DIRECTION('center_axis',(1.,0.,0.));
#13555=DIRECTION('ref_axis',(0.,1.,0.));
#13556=DIRECTION('',(0.,1.,0.));
#13557=DIRECTION('',(0.,0.,1.));
#13558=DIRECTION('',(0.,1.,0.));
#13559=DIRECTION('center_axis',(1.23196278161669E-15,-1.,0.));
#13560=DIRECTION('ref_axis',(1.,1.23196278161669E-15,0.));
#13561=DIRECTION('',(1.,1.23196278161669E-15,0.));
#13562=DIRECTION('',(0.,0.,1.));
#13563=DIRECTION('',(1.,1.23196278161669E-15,0.));
#13564=DIRECTION('center_axis',(-1.,3.39294383168611E-15,0.));
#13565=DIRECTION('ref_axis',(-3.39294383168611E-15,-1.,0.));
#13566=DIRECTION('',(-3.39294383168611E-15,-1.,0.));
#13567=DIRECTION('',(-3.39294383168611E-15,-1.,0.));
#13568=DIRECTION('center_axis',(0.,0.,1.));
#13569=DIRECTION('ref_axis',(1.,0.,0.));
#13570=DIRECTION('center_axis',(0.,0.,1.));
#13571=DIRECTION('ref_axis',(1.,0.,0.));
#13572=DIRECTION('',(1.,0.,0.));
#13573=DIRECTION('',(0.,-1.,0.));
#13574=DIRECTION('',(-1.,0.,0.));
#13575=DIRECTION('center_axis',(0.,0.,-1.));
#13576=DIRECTION('ref_axis',(0.707106781186549,-0.707106781186546,0.));
#13577=DIRECTION('',(0.,-1.,0.));
#13578=DIRECTION('',(-1.,0.,0.));
#13579=DIRECTION('',(0.,1.,0.));
#13580=DIRECTION('center_axis',(0.,0.,-1.));
#13581=DIRECTION('ref_axis',(-0.707106781186554,-0.707106781186541,0.));
#13582=DIRECTION('',(-1.,-1.11022302462516E-15,0.));
#13583=DIRECTION('',(0.,1.,0.));
#13584=DIRECTION('',(1.,-1.38777878078144E-16,0.));
#13585=DIRECTION('center_axis',(0.,0.,-1.));
#13586=DIRECTION('ref_axis',(-0.707106781186552,0.707106781186543,0.));
#13587=DIRECTION('',(0.,1.,0.));
#13588=DIRECTION('',(1.,-8.17118955694445E-17,0.));
#13589=DIRECTION('',(-1.38777878078145E-16,-1.,0.));
#13590=DIRECTION('center_axis',(0.,0.,-1.));
#13591=DIRECTION('ref_axis',(0.707106781186547,0.707106781186548,0.));
#13592=DIRECTION('center_axis',(0.,0.,-1.));
#13593=DIRECTION('ref_axis',(1.,0.,0.));
#13594=DIRECTION('center_axis',(0.,0.,1.));
#13595=DIRECTION('ref_axis',(1.,0.,0.));
#13596=DIRECTION('center_axis',(0.,0.,1.));
#13597=DIRECTION('ref_axis',(1.,0.,0.));
#13598=DIRECTION('center_axis',(0.,0.,1.));
#13599=DIRECTION('ref_axis',(1.,0.,0.));
#13600=DIRECTION('center_axis',(0.707106781186543,0.,0.707106781186552));
#13601=DIRECTION('ref_axis',(0.707106781186552,0.,-0.707106781186543));
#13602=DIRECTION('',(-0.707106781186552,0.,0.707106781186543));
#13603=DIRECTION('',(0.,-1.,0.));
#13604=DIRECTION('',(0.707106781186552,4.90653893338676E-16,-0.707106781186543));
#13605=DIRECTION('',(0.,1.,0.));
#13606=DIRECTION('center_axis',(0.,0.,1.));
#13607=DIRECTION('ref_axis',(-0.707106781186552,0.707106781186543,0.));
#13608=DIRECTION('center_axis',(0.,0.,-1.));
#13609=DIRECTION('ref_axis',(-0.707106781186552,0.707106781186543,0.));
#13610=DIRECTION('',(0.,0.707106781186546,0.707106781186549));
#13611=DIRECTION('center_axis',(0.,0.,1.));
#13612=DIRECTION('ref_axis',(-0.707106781186552,0.707106781186543,0.));
#13613=DIRECTION('center_axis',(-9.81307786677359E-17,-0.707106781186548,
0.707106781186548));
#13614=DIRECTION('ref_axis',(1.,0.,1.38777878078144E-16));
#13615=DIRECTION('',(0.,0.707106781186547,0.707106781186547));
#13616=DIRECTION('',(-1.,1.38777878078144E-16,0.));
#13617=DIRECTION('',(1.,-1.38777878078144E-16,0.));
#13618=DIRECTION('center_axis',(-5.77790354607613E-17,-0.707106781186548,
0.707106781186547));
#13619=DIRECTION('ref_axis',(1.,0.,8.17118955694447E-17));
#13620=DIRECTION('',(0.,0.707106781186547,0.707106781186548));
#13621=DIRECTION('',(-1.,8.17118955694445E-17,0.));
#13622=DIRECTION('',(-3.14018491736755E-15,-0.707106781186547,-0.707106781186548));
#13623=DIRECTION('',(1.,-8.17118955694445E-17,0.));
#13624=DIRECTION('center_axis',(0.,-0.707106781186548,0.707106781186547));
#13625=DIRECTION('ref_axis',(1.,0.,0.));
#13626=DIRECTION('',(7.85046229341888E-16,0.707106781186547,0.707106781186548));
#13627=DIRECTION('',(-1.,0.,0.));
#13628=DIRECTION('',(2.55140024536113E-15,-0.707106781186547,-0.707106781186548));
#13629=DIRECTION('',(1.,0.,0.));
#13630=DIRECTION('center_axis',(0.,0.,1.));
#13631=DIRECTION('ref_axis',(0.707106781186547,0.707106781186548,0.));
#13632=DIRECTION('center_axis',(0.,0.,-1.));
#13633=DIRECTION('ref_axis',(0.707106781186547,0.707106781186548,0.));
#13634=DIRECTION('',(0.707106781186547,0.,0.707106781186547));
#13635=DIRECTION('center_axis',(0.,0.,1.));
#13636=DIRECTION('ref_axis',(0.707106781186547,0.707106781186548,0.));
#13637=DIRECTION('center_axis',(-0.707106781186548,9.81307786677359E-17,
0.707106781186548));
#13638=DIRECTION('ref_axis',(0.707106781186548,0.,0.707106781186548));
#13639=DIRECTION('',(0.707106781186547,1.07943856534509E-15,0.707106781186547));
#13640=DIRECTION('',(1.38777878078145E-16,1.,0.));
#13641=DIRECTION('',(-1.38777878078145E-16,-1.,0.));
#13642=DIRECTION('center_axis',(-0.707106781186549,0.,0.707106781186546));
#13643=DIRECTION('ref_axis',(0.707106781186546,0.,0.707106781186549));
#13644=DIRECTION('',(0.707106781186546,3.14018491736755E-15,0.707106781186549));
#13645=DIRECTION('',(0.,1.,0.));
#13646=DIRECTION('',(-0.707106781186546,0.,-0.707106781186549));
#13647=DIRECTION('',(0.,-1.,0.));
#13648=DIRECTION('center_axis',(-0.707106781186547,0.,0.707106781186548));
#13649=DIRECTION('ref_axis',(0.707106781186548,0.,0.707106781186547));
#13650=DIRECTION('',(0.707106781186548,0.,0.707106781186547));
#13651=DIRECTION('',(0.,1.,0.));
#13652=DIRECTION('',(-0.707106781186548,0.,-0.707106781186547));
#13653=DIRECTION('',(0.,-1.,0.));
#13654=DIRECTION('center_axis',(0.,0.,1.));
#13655=DIRECTION('ref_axis',(0.707106781186549,-0.707106781186546,0.));
#13656=DIRECTION('center_axis',(0.,0.,-1.));
#13657=DIRECTION('ref_axis',(0.707106781186549,-0.707106781186546,0.));
#13658=DIRECTION('',(0.,-0.707106781186549,0.707106781186546));
#13659=DIRECTION('center_axis',(0.,0.,1.));
#13660=DIRECTION('ref_axis',(0.707106781186549,-0.707106781186546,0.));
#13661=DIRECTION('center_axis',(0.,0.707106781186549,0.707106781186546));
#13662=DIRECTION('ref_axis',(1.,0.,0.));
#13663=DIRECTION('',(-2.74766180269661E-15,-0.707106781186546,0.707106781186549));
#13664=DIRECTION('',(1.,0.,0.));
#13665=DIRECTION('',(-1.,0.,0.));
#13666=DIRECTION('center_axis',(0.,0.707106781186549,0.707106781186546));
#13667=DIRECTION('ref_axis',(1.,0.,0.));
#13668=DIRECTION('',(0.,-0.707106781186546,0.707106781186549));
#13669=DIRECTION('',(1.,0.,0.));
#13670=DIRECTION('',(0.,0.707106781186546,-0.707106781186549));
#13671=DIRECTION('',(-1.,0.,0.));
#13672=DIRECTION('center_axis',(-7.85046229341889E-16,0.707106781186549,
0.707106781186546));
#13673=DIRECTION('ref_axis',(1.,0.,1.11022302462516E-15));
#13674=DIRECTION('',(0.,-0.707106781186546,0.707106781186549));
#13675=DIRECTION('',(1.,1.11022302462516E-15,0.));
#13676=DIRECTION('',(0.,0.707106781186549,-0.707106781186546));
#13677=DIRECTION('',(-1.,-1.11022302462516E-15,0.));
#13678=DIRECTION('center_axis',(0.,0.,1.));
#13679=DIRECTION('ref_axis',(-0.707106781186554,-0.707106781186541,0.));
#13680=DIRECTION('center_axis',(0.,0.,-1.));
#13681=DIRECTION('ref_axis',(-0.707106781186554,-0.707106781186541,0.));
#13682=DIRECTION('',(-0.70710678118654,0.,0.707106781186555));
#13683=DIRECTION('center_axis',(0.,0.,1.));
#13684=DIRECTION('ref_axis',(-0.707106781186554,-0.707106781186541,0.));
#13685=DIRECTION('center_axis',(0.707106781186543,0.,0.707106781186552));
#13686=DIRECTION('ref_axis',(0.707106781186552,0.,-0.707106781186543));
#13687=DIRECTION('',(-0.707106781186552,0.,0.707106781186543));
#13688=DIRECTION('',(0.,-1.,0.));
#13689=DIRECTION('',(0.,1.,0.));
#13690=DIRECTION('center_axis',(0.707106781186543,0.,0.707106781186552));
#13691=DIRECTION('ref_axis',(0.707106781186552,0.,-0.707106781186543));
#13692=DIRECTION('',(0.,1.,0.));
#13693=DIRECTION('',(-0.707106781186552,0.,0.707106781186543));
#13694=DIRECTION('',(0.,-1.,0.));
#13695=DIRECTION('',(0.577350269189632,-0.577350269189622,-0.577350269189624));
#13696=DIRECTION('center_axis',(0.,-0.707106781186549,0.707106781186546));
#13697=DIRECTION('ref_axis',(1.,0.,0.));
#13698=DIRECTION('',(1.,0.,0.));
#13699=DIRECTION('',(-1.,0.,0.));
#13700=DIRECTION('',(-0.28108463771481,-0.678598344545848,-0.678598344545851));
#13701=DIRECTION('center_axis',(-0.500000000000002,-0.5,0.707106781186547));
#13702=DIRECTION('ref_axis',(0.816496580927725,0.,0.577350269189628));
#13703=DIRECTION('',(0.707106781186546,-0.707106781186549,0.));
#13704=DIRECTION('',(-0.707106781186546,0.707106781186549,0.));
#13705=DIRECTION('',(-0.678598344545855,-0.281084637714802,-0.678598344545846));
#13706=DIRECTION('center_axis',(-0.707106781186543,0.,0.707106781186552));
#13707=DIRECTION('ref_axis',(0.707106781186552,0.,0.707106781186543));
#13708=DIRECTION('',(0.,-1.,0.));
#13709=DIRECTION('',(0.,1.,0.));
#13710=DIRECTION('',(-0.577350269189632,-0.577350269189622,-0.577350269189624));
#13711=DIRECTION('center_axis',(-7.85046229341889E-16,-0.707106781186549,
0.707106781186546));
#13712=DIRECTION('ref_axis',(1.,0.,1.11022302462516E-15));
#13713=DIRECTION('',(1.,-1.11022302462516E-15,0.));
#13714=DIRECTION('',(-1.,1.11022302462516E-15,0.));
#13715=DIRECTION('',(-0.577350269189632,-0.577350269189622,-0.577350269189624));
#13716=DIRECTION('center_axis',(-0.707106781186543,0.,0.707106781186552));
#13717=DIRECTION('ref_axis',(0.707106781186552,0.,0.707106781186543));
#13718=DIRECTION('',(0.,-1.,0.));
#13719=DIRECTION('',(0.,1.,0.));
#13720=DIRECTION('',(-0.577350269189628,-0.577350269189628,-0.577350269189621));
#13721=DIRECTION('center_axis',(0.,-0.707106781186549,0.707106781186546));
#13722=DIRECTION('ref_axis',(1.,0.,0.));
#13723=DIRECTION('',(1.,0.,0.));
#13724=DIRECTION('',(-1.,0.,0.));
#13725=DIRECTION('',(0.577350269189628,-0.577350269189623,-0.577350269189626));
#13726=DIRECTION('center_axis',(0.707106781186548,0.,0.707106781186548));
#13727=DIRECTION('ref_axis',(0.707106781186548,0.,-0.707106781186548));
#13728=DIRECTION('',(0.,-1.,0.));
#13729=DIRECTION('',(0.577350269189628,-0.577350269189623,-0.577350269189626));
#13730=DIRECTION('',(0.,1.,0.));
#13731=DIRECTION('center_axis',(0.,-0.707106781186549,0.707106781186546));
#13732=DIRECTION('ref_axis',(1.,0.,0.));
#13733=DIRECTION('',(-1.,0.,0.));
#13734=DIRECTION('',(0.577350269189622,-0.577350269189626,-0.577350269189629));
#13735=DIRECTION('',(1.,0.,0.));
#13736=DIRECTION('center_axis',(0.707106781186549,0.,0.707106781186546));
#13737=DIRECTION('ref_axis',(0.707106781186546,0.,-0.707106781186549));
#13738=DIRECTION('',(0.,-1.,0.));
#13739=DIRECTION('',(0.577350269189622,0.577350269189627,-0.577350269189628));
#13740=DIRECTION('',(0.,1.,0.));
#13741=DIRECTION('center_axis',(0.,0.707106781186548,0.707106781186548));
#13742=DIRECTION('ref_axis',(1.,0.,0.));
#13743=DIRECTION('',(1.,0.,0.));
#13744=DIRECTION('',(0.577350269189628,0.577350269189624,-0.577350269189625));
#13745=DIRECTION('',(-1.,0.,0.));
#13746=DIRECTION('center_axis',(0.707106781186548,0.,0.707106781186548));
#13747=DIRECTION('ref_axis',(0.707106781186548,0.,-0.707106781186548));
#13748=DIRECTION('',(0.,-1.,0.));
#13749=DIRECTION('',(0.577350269189626,0.577350269189625,-0.577350269189626));
#13750=DIRECTION('',(0.,1.,0.));
#13751=DIRECTION('center_axis',(3.35080707645928E-17,0.707106781186548,
0.707106781186547));
#13752=DIRECTION('ref_axis',(1.,0.,-4.73875681242446E-17));
#13753=DIRECTION('',(1.,-4.73875681242445E-17,0.));
#13754=DIRECTION('',(-0.577350269189631,0.577350269189623,-0.577350269189623));
#13755=DIRECTION('',(-1.,4.73875681242445E-17,0.));
#13756=DIRECTION('center_axis',(-0.707106781186543,0.,0.707106781186552));
#13757=DIRECTION('ref_axis',(0.707106781186552,0.,0.707106781186543));
#13758=DIRECTION('',(0.,1.,0.));
#13759=DIRECTION('',(-0.577350269189631,0.577350269189624,-0.577350269189623));
#13760=DIRECTION('',(0.,-1.,0.));
#13761=DIRECTION('center_axis',(0.,0.707106781186548,0.707106781186548));
#13762=DIRECTION('ref_axis',(1.,0.,0.));
#13763=DIRECTION('',(1.,0.,0.));
#13764=DIRECTION('',(-0.577350269189631,0.577350269189624,-0.577350269189623));
#13765=DIRECTION('',(-1.,0.,0.));
#13766=DIRECTION('center_axis',(-0.707106781186543,0.,0.707106781186552));
#13767=DIRECTION('ref_axis',(0.707106781186552,0.,0.707106781186543));
#13768=DIRECTION('',(0.,1.,0.));
#13769=DIRECTION('',(-0.678598344545858,0.281084637714791,-0.678598344545849));
#13770=DIRECTION('',(0.,-1.,0.));
#13771=DIRECTION('center_axis',(-0.500000000000002,0.500000000000001,0.707106781186545));
#13772=DIRECTION('ref_axis',(0.816496580927724,0.,0.577350269189629));
#13773=DIRECTION('',(-0.707106781186547,-0.707106781186548,0.));
#13774=DIRECTION('',(0.707106781186547,0.707106781186548,0.));
#13775=DIRECTION('',(-0.281084637714809,0.678598344545849,-0.678598344545849));
#13776=DIRECTION('center_axis',(0.,0.707106781186548,0.707106781186548));
#13777=DIRECTION('ref_axis',(1.,0.,0.));
#13778=DIRECTION('',(-1.,0.,0.));
#13779=DIRECTION('',(1.,0.,0.));
#13780=DIRECTION('',(0.57735026918963,0.577350269189625,-0.577350269189622));
#13781=DIRECTION('center_axis',(0.707106781186543,0.,0.707106781186552));
#13782=DIRECTION('ref_axis',(0.707106781186552,0.,-0.707106781186543));
#13783=DIRECTION('',(0.,-1.,0.));
#13784=DIRECTION('',(0.707106781186552,0.,-0.707106781186543));
#13785=DIRECTION('',(0.,1.,0.));
#13786=DIRECTION('center_axis',(0.,0.,-1.));
#13787=DIRECTION('ref_axis',(0.707106781186552,0.707106781186543,0.));
#13788=DIRECTION('center_axis',(0.,0.,1.));
#13789=DIRECTION('ref_axis',(0.707106781186552,0.707106781186543,0.));
#13790=DIRECTION('center_axis',(0.,0.,-1.));
#13791=DIRECTION('ref_axis',(0.707106781186552,0.707106781186543,0.));
#13792=DIRECTION('center_axis',(0.,0.,1.));
#13793=DIRECTION('ref_axis',(0.707106781186552,0.707106781186543,0.));
#13794=DIRECTION('center_axis',(0.,0.,-1.));
#13795=DIRECTION('ref_axis',(-0.707106781186549,0.707106781186546,0.));
#13796=DIRECTION('center_axis',(0.,0.,1.));
#13797=DIRECTION('ref_axis',(-0.707106781186549,0.707106781186546,0.));
#13798=DIRECTION('center_axis',(0.,0.,-1.));
#13799=DIRECTION('ref_axis',(-0.707106781186549,0.707106781186546,0.));
#13800=DIRECTION('center_axis',(0.,0.,1.));
#13801=DIRECTION('ref_axis',(-0.707106781186549,0.707106781186546,0.));
#13802=DIRECTION('center_axis',(0.,0.,-1.));
#13803=DIRECTION('ref_axis',(-0.707106781186548,-0.707106781186547,0.));
#13804=DIRECTION('center_axis',(0.,0.,1.));
#13805=DIRECTION('ref_axis',(-0.707106781186548,-0.707106781186547,0.));
#13806=DIRECTION('center_axis',(0.,0.,-1.));
#13807=DIRECTION('ref_axis',(-0.707106781186548,-0.707106781186547,0.));
#13808=DIRECTION('center_axis',(0.,0.,1.));
#13809=DIRECTION('ref_axis',(-0.707106781186548,-0.707106781186547,0.));
#13810=DIRECTION('center_axis',(0.,0.,-1.));
#13811=DIRECTION('ref_axis',(0.707106781186549,-0.707106781186546,0.));
#13812=DIRECTION('center_axis',(0.,0.,1.));
#13813=DIRECTION('ref_axis',(0.707106781186549,-0.707106781186546,0.));
#13814=DIRECTION('center_axis',(0.,0.,-1.));
#13815=DIRECTION('ref_axis',(0.707106781186549,-0.707106781186546,0.));
#13816=DIRECTION('center_axis',(0.,0.,1.));
#13817=DIRECTION('ref_axis',(0.707106781186549,-0.707106781186546,0.));
#13818=DIRECTION('center_axis',(1.,0.,0.));
#13819=DIRECTION('ref_axis',(0.,1.,0.));
#13820=DIRECTION('',(0.,0.,1.));
#13821=DIRECTION('',(0.,-1.,0.));
#13822=DIRECTION('',(0.,0.,-1.));
#13823=DIRECTION('center_axis',(0.,0.,1.));
#13824=DIRECTION('ref_axis',(0.707106781186553,-0.707106781186543,0.));
#13825=DIRECTION('',(0.,0.,-1.));
#13826=DIRECTION('center_axis',(0.,0.,-1.));
#13827=DIRECTION('ref_axis',(0.707106781186549,-0.707106781186546,0.));
#13828=DIRECTION('center_axis',(-8.17118955694445E-17,-1.,0.));
#13829=DIRECTION('ref_axis',(1.,-8.17118955694445E-17,0.));
#13830=DIRECTION('',(0.,0.,1.));
#13831=DIRECTION('',(-1.,8.17118955694445E-17,0.));
#13832=DIRECTION('center_axis',(0.,0.,1.));
#13833=DIRECTION('ref_axis',(-0.707106781186548,-0.707106781186547,0.));
#13834=DIRECTION('',(0.,0.,-1.));
#13835=DIRECTION('center_axis',(0.,0.,-1.));
#13836=DIRECTION('ref_axis',(-0.707106781186548,-0.707106781186547,0.));
#13837=DIRECTION('center_axis',(-1.,1.38777878078145E-16,0.));
#13838=DIRECTION('ref_axis',(-1.38777878078145E-16,-1.,0.));
#13839=DIRECTION('',(0.,0.,1.));
#13840=DIRECTION('',(1.38777878078145E-16,1.,0.));
#13841=DIRECTION('center_axis',(0.,0.,1.));
#13842=DIRECTION('ref_axis',(0.707106781186547,0.707106781186548,0.));
#13843=DIRECTION('',(0.,0.,-1.));
#13844=DIRECTION('center_axis',(0.,0.,1.));
#13845=DIRECTION('ref_axis',(0.707106781186547,0.707106781186548,0.));
#13846=DIRECTION('center_axis',(0.,-1.,0.));
#13847=DIRECTION('ref_axis',(1.,0.,0.));
#13848=DIRECTION('',(0.,0.,1.));
#13849=DIRECTION('',(-1.,0.,0.));
#13850=DIRECTION('center_axis',(0.,0.,1.));
#13851=DIRECTION('ref_axis',(-0.707106781186548,-0.707106781186547,0.));
#13852=DIRECTION('',(0.,0.,-1.));
#13853=DIRECTION('center_axis',(0.,0.,-1.));
#13854=DIRECTION('ref_axis',(-0.707106781186548,-0.707106781186547,0.));
#13855=DIRECTION('center_axis',(-1.,0.,0.));
#13856=DIRECTION('ref_axis',(0.,-1.,0.));
#13857=DIRECTION('',(0.,0.,1.));
#13858=DIRECTION('',(0.,1.,0.));
#13859=DIRECTION('center_axis',(0.,0.,1.));
#13860=DIRECTION('ref_axis',(-0.707106781186549,0.707106781186546,0.));
#13861=DIRECTION('',(0.,0.,-1.));
#13862=DIRECTION('center_axis',(0.,0.,-1.));
#13863=DIRECTION('ref_axis',(-0.707106781186549,0.707106781186546,0.));
#13864=DIRECTION('center_axis',(0.,1.,0.));
#13865=DIRECTION('ref_axis',(-1.,0.,0.));
#13866=DIRECTION('',(0.,0.,1.));
#13867=DIRECTION('',(1.,0.,0.));
#13868=DIRECTION('center_axis',(0.,0.,1.));
#13869=DIRECTION('ref_axis',(0.707106781186549,-0.707106781186546,0.));
#13870=DIRECTION('',(0.,0.,-1.));
#13871=DIRECTION('center_axis',(0.,0.,1.));
#13872=DIRECTION('ref_axis',(0.707106781186549,-0.707106781186546,0.));
#13873=DIRECTION('center_axis',(-1.,0.,0.));
#13874=DIRECTION('ref_axis',(0.,-1.,0.));
#13875=DIRECTION('',(0.,0.,1.));
#13876=DIRECTION('',(0.,1.,0.));
#13877=DIRECTION('center_axis',(0.,0.,1.));
#13878=DIRECTION('ref_axis',(-0.70710678118655,0.707106781186545,0.));
#13879=DIRECTION('',(0.,0.,-1.));
#13880=DIRECTION('center_axis',(0.,0.,-1.));
#13881=DIRECTION('ref_axis',(-0.707106781186549,0.707106781186546,0.));
#13882=DIRECTION('center_axis',(0.,1.,0.));
#13883=DIRECTION('ref_axis',(-1.,0.,0.));
#13884=DIRECTION('',(0.,0.,1.));
#13885=DIRECTION('',(1.,0.,0.));
#13886=DIRECTION('center_axis',(0.,0.,1.));
#13887=DIRECTION('ref_axis',(0.707106781186554,0.707106781186541,0.));
#13888=DIRECTION('',(0.,0.,-1.));
#13889=DIRECTION('center_axis',(0.,0.,-1.));
#13890=DIRECTION('ref_axis',(0.707106781186552,0.707106781186543,0.));
#13891=DIRECTION('center_axis',(1.,0.,0.));
#13892=DIRECTION('ref_axis',(0.,1.,0.));
#13893=DIRECTION('',(0.,0.,1.));
#13894=DIRECTION('',(0.,-1.,0.));
#13895=DIRECTION('center_axis',(0.,0.,1.));
#13896=DIRECTION('ref_axis',(-0.707106781186554,-0.707106781186541,0.));
#13897=DIRECTION('',(0.,0.,-1.));
#13898=DIRECTION('center_axis',(0.,0.,1.));
#13899=DIRECTION('ref_axis',(-0.707106781186554,-0.707106781186541,0.));
#13900=DIRECTION('center_axis',(-1.11022302462516E-15,1.,0.));
#13901=DIRECTION('ref_axis',(-1.,-1.11022302462516E-15,0.));
#13902=DIRECTION('',(0.,0.,1.));
#13903=DIRECTION('',(1.,1.11022302462516E-15,0.));
#13904=DIRECTION('center_axis',(0.,0.,1.));
#13905=DIRECTION('ref_axis',(0.707106781186554,0.707106781186541,0.));
#13906=DIRECTION('',(0.,0.,-1.));
#13907=DIRECTION('center_axis',(0.,0.,-1.));
#13908=DIRECTION('ref_axis',(0.707106781186552,0.707106781186543,0.));
#13909=DIRECTION('center_axis',(0.,0.,1.));
#13910=DIRECTION('ref_axis',(1.,0.,0.));
#13911=DIRECTION('center_axis',(0.,0.,-1.));
#13912=DIRECTION('ref_axis',(1.,0.,0.));
#13913=DIRECTION('',(0.707106781186553,-8.659560562355E-17,0.707106781186543));
#13914=DIRECTION('center_axis',(0.,0.,1.));
#13915=DIRECTION('ref_axis',(1.,0.,0.));
#13916=DIRECTION('center_axis',(0.,0.,1.));
#13917=DIRECTION('ref_axis',(1.,0.,0.));
#13918=DIRECTION('center_axis',(0.,0.,1.));
#13919=DIRECTION('ref_axis',(1.,0.,0.));
#13920=DIRECTION('',(0.,0.,1.));
#13921=DIRECTION('center_axis',(0.,0.,-1.));
#13922=DIRECTION('ref_axis',(1.,0.,0.));
#13923=DIRECTION('center_axis',(0.,-0.707106781186548,-0.707106781186547));
#13924=DIRECTION('ref_axis',(-1.,0.,0.));
#13925=DIRECTION('',(-2.55140024536114E-15,0.707106781186547,-0.707106781186548));
#13926=DIRECTION('',(-7.85046229341888E-16,-0.707106781186547,0.707106781186548));
#13927=DIRECTION('center_axis',(0.,0.,-1.));
#13928=DIRECTION('ref_axis',(0.707106781186547,0.707106781186548,0.));
#13929=DIRECTION('',(-0.707106781186547,0.,0.707106781186548));
#13930=DIRECTION('center_axis',(-0.707106781186547,9.81307786677359E-17,
-0.707106781186548));
#13931=DIRECTION('ref_axis',(-0.707106781186548,0.,0.707106781186547));
#13932=DIRECTION('',(-0.707106781186548,-1.07943856534509E-15,0.707106781186547));
#13933=DIRECTION('center_axis',(-5.77790354607613E-17,-0.707106781186548,
-0.707106781186547));
#13934=DIRECTION('ref_axis',(-1.,0.,8.17118955694446E-17));
#13935=DIRECTION('',(3.14018491736755E-15,0.707106781186547,-0.707106781186548));
#13936=DIRECTION('',(0.,-0.707106781186547,0.707106781186548));
#13937=DIRECTION('center_axis',(0.,0.,1.));
#13938=DIRECTION('ref_axis',(-0.707106781186548,-0.707106781186547,0.));
#13939=DIRECTION('center_axis',(0.707106781186543,0.,-0.707106781186553));
#13940=DIRECTION('ref_axis',(-0.707106781186553,0.,-0.707106781186543));
#13941=DIRECTION('',(-0.707106781186552,-4.90653893338676E-16,-0.707106781186542));
#13942=DIRECTION('',(0.707106781186552,0.,0.707106781186542));
#13943=DIRECTION('center_axis',(0.,0.,-1.));
#13944=DIRECTION('ref_axis',(-0.707106781186552,0.707106781186543,0.));
#13945=DIRECTION('',(0.,-0.707106781186547,0.707106781186548));
#13946=DIRECTION('center_axis',(0.,0.,1.));
#13947=DIRECTION('ref_axis',(-0.707106781186552,0.707106781186543,0.));
#13948=DIRECTION('center_axis',(-9.81307786677357E-17,-0.707106781186546,
-0.707106781186549));
#13949=DIRECTION('ref_axis',(-1.,0.,1.38777878078144E-16));
#13950=DIRECTION('',(0.,-0.707106781186549,0.707106781186546));
#13951=DIRECTION('',(-1.,1.38777878078144E-16,0.));
#13952=DIRECTION('center_axis',(0.,0.,1.));
#13953=DIRECTION('ref_axis',(0.707106781186549,-0.707106781186546,0.));
#13954=DIRECTION('center_axis',(0.707106781186543,0.,-0.707106781186553));
#13955=DIRECTION('ref_axis',(-0.707106781186553,0.,-0.707106781186543));
#13956=DIRECTION('',(-0.707106781186552,0.,-0.707106781186542));
#13957=DIRECTION('',(0.707106781186552,0.,0.707106781186542));
#13958=DIRECTION('',(0.,-1.,0.));
#13959=DIRECTION('center_axis',(0.,0.,1.));
#13960=DIRECTION('ref_axis',(0.707106781186549,-0.707106781186546,0.));
#13961=DIRECTION('center_axis',(0.,0.,-1.));
#13962=DIRECTION('ref_axis',(0.707106781186549,-0.707106781186546,0.));
#13963=DIRECTION('center_axis',(-7.85046229341888E-16,0.707106781186549,
-0.707106781186546));
#13964=DIRECTION('ref_axis',(-1.,0.,1.11022302462516E-15));
#13965=DIRECTION('',(0.,-0.707106781186549,-0.707106781186546));
#13966=DIRECTION('',(0.,0.707106781186546,0.707106781186549));
#13967=DIRECTION('center_axis',(0.,0.,-1.));
#13968=DIRECTION('ref_axis',(-0.707106781186554,-0.707106781186541,0.));
#13969=DIRECTION('',(0.70710678118654,0.,0.707106781186555));
#13970=DIRECTION('center_axis',(0.707106781186543,0.,-0.707106781186553));
#13971=DIRECTION('ref_axis',(-0.707106781186553,0.,-0.707106781186543));
#13972=DIRECTION('',(0.707106781186552,0.,0.707106781186542));
#13973=DIRECTION('center_axis',(0.,0.,1.));
#13974=DIRECTION('ref_axis',(0.707106781186552,0.707106781186543,0.));
#13975=DIRECTION('center_axis',(0.,0.707106781186549,-0.707106781186546));
#13976=DIRECTION('ref_axis',(-1.,0.,0.));
#13977=DIRECTION('',(0.,-0.707106781186546,-0.707106781186549));
#13978=DIRECTION('',(0.,0.707106781186546,0.707106781186549));
#13979=DIRECTION('center_axis',(0.,0.,1.));
#13980=DIRECTION('ref_axis',(0.707106781186552,0.707106781186543,0.));
#13981=DIRECTION('center_axis',(-0.707106781186546,0.,-0.707106781186549));
#13982=DIRECTION('ref_axis',(-0.707106781186549,0.,0.707106781186546));
#13983=DIRECTION('',(0.707106781186549,0.,-0.707106781186546));
#13984=DIRECTION('',(-0.707106781186549,0.,0.707106781186546));
#13985=DIRECTION('center_axis',(0.,0.,-1.));
#13986=DIRECTION('ref_axis',(0.707106781186549,-0.707106781186546,0.));
#13987=DIRECTION('',(0.,0.707106781186549,0.707106781186546));
#13988=DIRECTION('center_axis',(0.,0.707106781186549,-0.707106781186546));
#13989=DIRECTION('ref_axis',(-1.,0.,0.));
#13990=DIRECTION('',(2.74766180269661E-15,0.707106781186546,0.707106781186549));
#13991=DIRECTION('center_axis',(0.,0.,1.));
#13992=DIRECTION('ref_axis',(-0.707106781186549,0.707106781186546,0.));
#13993=DIRECTION('center_axis',(-0.707106781186549,0.,-0.707106781186546));
#13994=DIRECTION('ref_axis',(-0.707106781186546,0.,0.707106781186549));
#13995=DIRECTION('',(0.707106781186546,0.,-0.707106781186549));
#13996=DIRECTION('',(-0.707106781186546,-3.14018491736756E-15,0.707106781186549));
#13997=DIRECTION('center_axis',(0.,0.,1.));
#13998=DIRECTION('ref_axis',(-0.707106781186549,0.707106781186546,0.));
#13999=DIRECTION('center_axis',(0.,0.,1.));
#14000=DIRECTION('ref_axis',(-0.707106781186548,-0.707106781186547,0.));
#14001=DIRECTION('center_axis',(-0.707106781186548,0.707106781186547,0.));
#14002=DIRECTION('ref_axis',(0.,0.,1.));
#14003=DIRECTION('',(0.,0.,-1.));
#14004=DIRECTION('',(0.707106781186547,0.707106781186548,0.));
#14005=DIRECTION('',(0.,0.,1.));
#14006=DIRECTION('center_axis',(0.,1.,0.));
#14007=DIRECTION('ref_axis',(-1.,0.,0.));
#14008=DIRECTION('',(0.,0.,1.));
#14009=DIRECTION('',(1.,0.,0.));
#14010=DIRECTION('center_axis',(-0.707106781186549,-0.707106781186546,0.));
#14011=DIRECTION('ref_axis',(0.,0.,1.));
#14012=DIRECTION('',(0.,0.,-1.));
#14013=DIRECTION('',(-0.707106781186546,0.707106781186549,0.));
#14014=DIRECTION('',(0.,0.,1.));
#14015=DIRECTION('center_axis',(-1.,0.,0.));
#14016=DIRECTION('ref_axis',(0.,-1.,0.));
#14017=DIRECTION('',(0.,0.,1.));
#14018=DIRECTION('',(0.,1.,0.));
#14019=DIRECTION('center_axis',(1.,0.,0.));
#14020=DIRECTION('ref_axis',(0.,1.,0.));
#14021=DIRECTION('',(0.,0.,1.));
#14022=DIRECTION('',(0.,0.,1.));
#14023=DIRECTION('',(0.,1.,0.));
#14024=DIRECTION('center_axis',(0.,0.,1.));
#14025=DIRECTION('ref_axis',(0.707106781186552,-0.707106781186543,0.));
#14026=DIRECTION('',(0.,0.,-1.));
#14027=DIRECTION('center_axis',(-1.38777878078144E-16,-1.,0.));
#14028=DIRECTION('ref_axis',(1.,-1.38777878078144E-16,0.));
#14029=DIRECTION('',(0.,0.,1.));
#14030=DIRECTION('center_axis',(0.,0.,1.));
#14031=DIRECTION('ref_axis',(-0.707106781186552,0.707106781186543,0.));
#14032=DIRECTION('center_axis',(0.,0.,-1.));
#14033=DIRECTION('ref_axis',(1.,0.,0.));
#14034=DIRECTION('center_axis',(0.,0.,-1.));
#14035=DIRECTION('ref_axis',(1.,0.,0.));
#14036=DIRECTION('',(0.,0.,-1.));
#14037=DIRECTION('center_axis',(0.,0.,-1.));
#14038=DIRECTION('ref_axis',(1.,0.,0.));
#14039=DIRECTION('center_axis',(0.,0.,1.));
#14040=DIRECTION('ref_axis',(1.,0.,0.));
#14041=DIRECTION('center_axis',(0.,0.,-1.));
#14042=DIRECTION('ref_axis',(-1.,0.,0.));
#14043=DIRECTION('',(1.,0.,0.));
#14044=DIRECTION('',(0.,1.,0.));
#14045=DIRECTION('',(-1.,0.,0.));
#14046=DIRECTION('',(0.,-1.,0.));
#14047=DIRECTION('center_axis',(0.,-1.,0.));
#14048=DIRECTION('ref_axis',(-1.,0.,0.));
#14049=DIRECTION('',(-1.,0.,0.));
#14050=DIRECTION('',(0.,0.,-1.));
#14051=DIRECTION('',(-1.,0.,0.));
#14052=DIRECTION('',(0.,0.,-1.));
#14053=DIRECTION('center_axis',(1.,0.,0.));
#14054=DIRECTION('ref_axis',(0.,-1.,0.));
#14055=DIRECTION('',(0.,-1.,0.));
#14056=DIRECTION('',(0.,0.,-1.));
#14057=DIRECTION('',(0.,-1.,0.));
#14058=DIRECTION('',(0.,0.,-1.));
#14059=DIRECTION('center_axis',(0.,1.,0.));
#14060=DIRECTION('ref_axis',(1.,0.,0.));
#14061=DIRECTION('',(1.,0.,0.));
#14062=DIRECTION('',(0.,0.,-1.));
#14063=DIRECTION('',(1.,0.,0.));
#14064=DIRECTION('center_axis',(-1.,0.,0.));
#14065=DIRECTION('ref_axis',(0.,1.,0.));
#14066=DIRECTION('',(0.,1.,0.));
#14067=DIRECTION('',(0.,0.,-1.));
#14068=DIRECTION('',(0.,1.,0.));
#14069=DIRECTION('',(0.,0.,-1.));
#14070=DIRECTION('center_axis',(0.,0.,-1.));
#14071=DIRECTION('ref_axis',(-1.,0.,0.));
#14072=DIRECTION('center_axis',(0.,-1.,0.));
#14073=DIRECTION('ref_axis',(-1.,0.,0.));
#14074=DIRECTION('',(-1.,0.,0.));
#14075=DIRECTION('',(-1.,0.,0.));
#14076=DIRECTION('',(0.,0.,-1.));
#14077=DIRECTION('center_axis',(1.,1.31400369683717E-14,0.));
#14078=DIRECTION('ref_axis',(1.31400369683717E-14,-1.,0.));
#14079=DIRECTION('',(1.31400369683717E-14,-1.,0.));
#14080=DIRECTION('',(0.,0.,-1.));
#14081=DIRECTION('',(1.31400369683717E-14,-1.,0.));
#14082=DIRECTION('center_axis',(0.,1.,0.));
#14083=DIRECTION('ref_axis',(1.,0.,0.));
#14084=DIRECTION('',(1.,0.,0.));
#14085=DIRECTION('',(0.,0.,-1.));
#14086=DIRECTION('',(1.,0.,0.));
#14087=DIRECTION('center_axis',(-1.,0.,0.));
#14088=DIRECTION('ref_axis',(0.,1.,0.));
#14089=DIRECTION('',(0.,1.,0.));
#14090=DIRECTION('',(0.,0.,-1.));
#14091=DIRECTION('',(0.,1.,0.));
#14092=DIRECTION('',(0.,0.,-1.));
#14093=DIRECTION('center_axis',(0.,0.,-1.));
#14094=DIRECTION('ref_axis',(-1.,0.,0.));
#14095=DIRECTION('center_axis',(0.,1.,0.));
#14096=DIRECTION('ref_axis',(1.,0.,0.));
#14097=DIRECTION('',(1.,0.,0.));
#14098=DIRECTION('',(0.,0.,-1.));
#14099=DIRECTION('',(1.,0.,0.));
#14100=DIRECTION('',(0.,0.,-1.));
#14101=DIRECTION('center_axis',(-1.,-1.31400369683718E-14,0.));
#14102=DIRECTION('ref_axis',(-1.31400369683718E-14,1.,0.));
#14103=DIRECTION('',(-1.31400369683718E-14,1.,0.));
#14104=DIRECTION('',(0.,0.,-1.));
#14105=DIRECTION('',(-1.31400369683718E-14,1.,0.));
#14106=DIRECTION('center_axis',(0.,1.,0.));
#14107=DIRECTION('ref_axis',(1.,0.,0.));
#14108=DIRECTION('',(1.,0.,0.));
#14109=DIRECTION('',(0.,0.,-1.));
#14110=DIRECTION('',(1.,0.,0.));
#14111=DIRECTION('center_axis',(1.,0.,0.));
#14112=DIRECTION('ref_axis',(0.,-1.,0.));
#14113=DIRECTION('',(0.,-1.,0.));
#14114=DIRECTION('',(0.,0.,1.));
#14115=DIRECTION('',(0.,-1.,0.));
#14116=DIRECTION('center_axis',(1.,0.,0.));
#14117=DIRECTION('ref_axis',(0.,-1.,0.));
#14118=DIRECTION('',(0.,-1.,0.));
#14119=DIRECTION('',(0.,0.,-1.));
#14120=DIRECTION('',(0.,-1.,0.));
#14121=DIRECTION('',(0.,0.,-1.));
#14122=DIRECTION('center_axis',(0.,1.,0.));
#14123=DIRECTION('ref_axis',(1.,0.,0.));
#14124=DIRECTION('',(1.,0.,0.));
#14125=DIRECTION('',(0.,0.,-1.));
#14126=DIRECTION('',(1.,0.,0.));
#14127=DIRECTION('center_axis',(1.,0.,0.));
#14128=DIRECTION('ref_axis',(0.,-1.,0.));
#14129=DIRECTION('',(0.,-1.,0.));
#14130=DIRECTION('',(0.,0.,-1.));
#14131=DIRECTION('',(0.,-1.,0.));
#14132=DIRECTION('center_axis',(0.,1.,0.));
#14133=DIRECTION('ref_axis',(1.,0.,0.));
#14134=DIRECTION('',(1.,0.,0.));
#14135=DIRECTION('',(0.,0.,-1.));
#14136=DIRECTION('',(1.,0.,0.));
#14137=DIRECTION('center_axis',(-1.,0.,0.));
#14138=DIRECTION('ref_axis',(0.,1.,0.));
#14139=DIRECTION('',(0.,1.,0.));
#14140=DIRECTION('',(0.,0.,-1.));
#14141=DIRECTION('',(0.,1.,0.));
#14142=DIRECTION('',(0.,0.,-1.));
#14143=DIRECTION('center_axis',(0.,1.,0.));
#14144=DIRECTION('ref_axis',(1.,0.,0.));
#14145=DIRECTION('',(1.,0.,0.));
#14146=DIRECTION('',(0.,0.,-1.));
#14147=DIRECTION('',(1.,0.,0.));
#14148=DIRECTION('center_axis',(-1.,0.,0.));
#14149=DIRECTION('ref_axis',(0.,1.,0.));
#14150=DIRECTION('',(0.,1.,0.));
#14151=DIRECTION('',(0.,0.,-1.));
#14152=DIRECTION('',(0.,1.,0.));
#14153=DIRECTION('',(0.,0.,-1.));
#14154=DIRECTION('center_axis',(0.,-1.,0.));
#14155=DIRECTION('ref_axis',(-1.,0.,0.));
#14156=DIRECTION('',(-1.,0.,0.));
#14157=DIRECTION('',(0.,0.,-1.));
#14158=DIRECTION('',(-1.,0.,0.));
#14159=DIRECTION('center_axis',(-1.,-1.31400369683717E-14,0.));
#14160=DIRECTION('ref_axis',(-1.31400369683717E-14,1.,0.));
#14161=DIRECTION('',(-1.31400369683717E-14,1.,0.));
#14162=DIRECTION('',(0.,0.,-1.));
#14163=DIRECTION('',(-1.31400369683717E-14,1.,0.));
#14164=DIRECTION('center_axis',(0.,-1.,0.));
#14165=DIRECTION('ref_axis',(-1.,0.,0.));
#14166=DIRECTION('',(-1.,0.,0.));
#14167=DIRECTION('',(0.,0.,-1.));
#14168=DIRECTION('',(-1.,0.,0.));
#14169=DIRECTION('center_axis',(-1.,0.,0.));
#14170=DIRECTION('ref_axis',(0.,1.,0.));
#14171=DIRECTION('',(0.,1.,0.));
#14172=DIRECTION('',(0.,0.,-1.));
#14173=DIRECTION('',(0.,1.,0.));
#14174=DIRECTION('center_axis',(0.,-1.,0.));
#14175=DIRECTION('ref_axis',(-1.,0.,0.));
#14176=DIRECTION('',(-1.,0.,0.));
#14177=DIRECTION('',(0.,0.,-1.));
#14178=DIRECTION('',(-1.,0.,0.));
#14179=DIRECTION('center_axis',(1.,0.,0.));
#14180=DIRECTION('ref_axis',(0.,-1.,0.));
#14181=DIRECTION('',(0.,-1.,0.));
#14182=DIRECTION('',(0.,0.,-1.));
#14183=DIRECTION('',(0.,-1.,0.));
#14184=DIRECTION('',(0.,0.,-1.));
#14185=DIRECTION('center_axis',(0.,-1.,0.));
#14186=DIRECTION('ref_axis',(-1.,0.,0.));
#14187=DIRECTION('',(-1.,0.,0.));
#14188=DIRECTION('',(0.,0.,-1.));
#14189=DIRECTION('',(-1.,0.,0.));
#14190=DIRECTION('center_axis',(-1.,0.,0.));
#14191=DIRECTION('ref_axis',(0.,1.,0.));
#14192=DIRECTION('',(0.,1.,0.));
#14193=DIRECTION('',(0.,0.,-1.));
#14194=DIRECTION('',(0.,1.,0.));
#14195=DIRECTION('center_axis',(0.,-1.,0.));
#14196=DIRECTION('ref_axis',(-1.,0.,0.));
#14197=DIRECTION('',(-1.,0.,0.));
#14198=DIRECTION('',(0.,0.,-1.));
#14199=DIRECTION('',(-1.,0.,0.));
#14200=DIRECTION('',(0.,0.,-1.));
#14201=DIRECTION('center_axis',(1.,0.,0.));
#14202=DIRECTION('ref_axis',(0.,-1.,0.));
#14203=DIRECTION('',(0.,-1.,0.));
#14204=DIRECTION('',(0.,0.,-1.));
#14205=DIRECTION('',(0.,-1.,0.));
#14206=DIRECTION('center_axis',(0.,-1.,0.));
#14207=DIRECTION('ref_axis',(-1.,0.,0.));
#14208=DIRECTION('',(-1.,0.,0.));
#14209=DIRECTION('',(0.,0.,-1.));
#14210=DIRECTION('',(-1.,0.,0.));
#14211=DIRECTION('center_axis',(1.,0.,0.));
#14212=DIRECTION('ref_axis',(0.,-1.,0.));
#14213=DIRECTION('',(0.,-1.,0.));
#14214=DIRECTION('',(0.,0.,-1.));
#14215=DIRECTION('',(0.,-1.,0.));
#14216=DIRECTION('center_axis',(0.,1.,0.));
#14217=DIRECTION('ref_axis',(1.,0.,0.));
#14218=DIRECTION('',(1.,0.,0.));
#14219=DIRECTION('',(0.,0.,-1.));
#14220=DIRECTION('',(1.,0.,0.));
#14221=DIRECTION('',(0.,0.,-1.));
#14222=DIRECTION('center_axis',(1.,0.,0.));
#14223=DIRECTION('ref_axis',(0.,-1.,0.));
#14224=DIRECTION('',(0.,-1.,0.));
#14225=DIRECTION('',(0.,0.,-1.));
#14226=DIRECTION('',(0.,-1.,0.));
#14227=DIRECTION('center_axis',(0.,0.,-1.));
#14228=DIRECTION('ref_axis',(-1.,0.,0.));
#14229=DIRECTION('',(1.,0.,0.));
#14230=DIRECTION('',(0.,-1.,0.));
#14231=DIRECTION('',(-1.,0.,0.));
#14232=DIRECTION('center_axis',(1.,0.,0.));
#14233=DIRECTION('ref_axis',(0.,-1.,0.));
#14234=DIRECTION('',(0.,-1.,0.));
#14235=DIRECTION('',(0.,0.,-1.));
#14236=DIRECTION('',(0.,-1.,0.));
#14237=DIRECTION('',(0.,0.,-1.));
#14238=DIRECTION('center_axis',(0.,-1.,0.));
#14239=DIRECTION('ref_axis',(-1.,0.,0.));
#14240=DIRECTION('',(-1.,0.,0.));
#14241=DIRECTION('',(0.,0.,-1.));
#14242=DIRECTION('',(-1.,0.,0.));
#14243=DIRECTION('center_axis',(1.,0.,0.));
#14244=DIRECTION('ref_axis',(0.,-1.,0.));
#14245=DIRECTION('',(0.,-1.,0.));
#14246=DIRECTION('',(0.,-1.,0.));
#14247=DIRECTION('center_axis',(0.,1.,0.));
#14248=DIRECTION('ref_axis',(1.,0.,0.));
#14249=DIRECTION('',(1.,0.,0.));
#14250=DIRECTION('',(1.,0.,0.));
#14251=DIRECTION('center_axis',(-1.,0.,0.));
#14252=DIRECTION('ref_axis',(0.,1.,0.));
#14253=DIRECTION('',(0.,1.,0.));
#14254=DIRECTION('',(0.,0.,-1.));
#14255=DIRECTION('',(0.,1.,0.));
#14256=DIRECTION('center_axis',(-3.28500924209296E-15,-1.,0.));
#14257=DIRECTION('ref_axis',(-1.,3.28500924209296E-15,0.));
#14258=DIRECTION('',(-1.,3.28500924209296E-15,0.));
#14259=DIRECTION('',(-1.,3.28500924209296E-15,0.));
#14260=DIRECTION('center_axis',(0.,0.,-1.));
#14261=DIRECTION('ref_axis',(-1.,0.,0.));
#14262=DIRECTION('center_axis',(1.,0.,0.));
#14263=DIRECTION('ref_axis',(0.,-1.,0.));
#14264=DIRECTION('',(0.,-1.,0.));
#14265=DIRECTION('',(0.,0.,-1.));
#14266=DIRECTION('',(0.,-1.,0.));
#14267=DIRECTION('',(0.,0.,-1.));
#14268=DIRECTION('center_axis',(0.,1.,0.));
#14269=DIRECTION('ref_axis',(1.,0.,0.));
#14270=DIRECTION('',(1.,0.,0.));
#14271=DIRECTION('',(0.,0.,-1.));
#14272=DIRECTION('',(1.,0.,0.));
#14273=DIRECTION('',(0.,0.,-1.));
#14274=DIRECTION('center_axis',(-1.,0.,0.));
#14275=DIRECTION('ref_axis',(0.,1.,0.));
#14276=DIRECTION('',(0.,1.,0.));
#14277=DIRECTION('',(0.,0.,-1.));
#14278=DIRECTION('',(0.,1.,0.));
#14279=DIRECTION('',(0.,0.,-1.));
#14280=DIRECTION('center_axis',(0.,-1.,0.));
#14281=DIRECTION('ref_axis',(-1.,0.,0.));
#14282=DIRECTION('',(-1.,0.,0.));
#14283=DIRECTION('',(-1.,0.,0.));
#14284=DIRECTION('',(0.,0.,-1.));
#14285=DIRECTION('center_axis',(0.,0.,-1.));
#14286=DIRECTION('ref_axis',(-1.,0.,0.));
#14287=DIRECTION('center_axis',(0.,1.,0.));
#14288=DIRECTION('ref_axis',(1.,0.,0.));
#14289=DIRECTION('',(1.,0.,0.));
#14290=DIRECTION('',(0.,0.,-1.));
#14291=DIRECTION('',(1.,0.,0.));
#14292=DIRECTION('',(0.,0.,-1.));
#14293=DIRECTION('center_axis',(-1.,0.,0.));
#14294=DIRECTION('ref_axis',(0.,1.,0.));
#14295=DIRECTION('',(0.,1.,0.));
#14296=DIRECTION('',(0.,1.,0.));
#14297=DIRECTION('center_axis',(0.,-1.,0.));
#14298=DIRECTION('ref_axis',(-1.,0.,0.));
#14299=DIRECTION('',(-1.,0.,0.));
#14300=DIRECTION('',(0.,0.,-1.));
#14301=DIRECTION('',(-1.,0.,0.));
#14302=DIRECTION('center_axis',(-1.,0.,0.));
#14303=DIRECTION('ref_axis',(0.,1.,0.));
#14304=DIRECTION('',(0.,1.,0.));
#14305=DIRECTION('',(0.,1.,0.));
#14306=DIRECTION('center_axis',(0.,-1.,0.));
#14307=DIRECTION('ref_axis',(-1.,0.,0.));
#14308=DIRECTION('',(-1.,0.,0.));
#14309=DIRECTION('',(0.,0.,-1.));
#14310=DIRECTION('',(-1.,0.,0.));
#14311=DIRECTION('center_axis',(1.,0.,0.));
#14312=DIRECTION('ref_axis',(0.,-1.,0.));
#14313=DIRECTION('',(0.,-1.,0.));
#14314=DIRECTION('',(0.,-1.,0.));
#14315=DIRECTION('center_axis',(0.,1.,0.));
#14316=DIRECTION('ref_axis',(1.,0.,0.));
#14317=DIRECTION('',(1.,0.,0.));
#14318=DIRECTION('',(0.,0.,-1.));
#14319=DIRECTION('',(1.,0.,0.));
#14320=DIRECTION('center_axis',(1.,0.,0.));
#14321=DIRECTION('ref_axis',(0.,-1.,0.));
#14322=DIRECTION('',(0.,-1.,0.));
#14323=DIRECTION('',(0.,0.,-1.));
#14324=DIRECTION('',(0.,-1.,0.));
#14325=DIRECTION('center_axis',(0.,0.,-1.));
#14326=DIRECTION('ref_axis',(-1.,0.,0.));
#14327=DIRECTION('center_axis',(0.,-1.,0.));
#14328=DIRECTION('ref_axis',(-1.,0.,0.));
#14329=DIRECTION('',(-1.,0.,0.));
#14330=DIRECTION('',(-1.,0.,0.));
#14331=DIRECTION('center_axis',(1.,-1.31400369683718E-14,0.));
#14332=DIRECTION('ref_axis',(-1.31400369683718E-14,-1.,0.));
#14333=DIRECTION('',(-1.31400369683718E-14,-1.,0.));
#14334=DIRECTION('',(0.,0.,-1.));
#14335=DIRECTION('',(-1.31400369683718E-14,-1.,0.));
#14336=DIRECTION('center_axis',(0.,1.,0.));
#14337=DIRECTION('ref_axis',(1.,0.,0.));
#14338=DIRECTION('',(1.,0.,0.));
#14339=DIRECTION('',(0.,0.,-1.));
#14340=DIRECTION('',(1.,0.,0.));
#14341=DIRECTION('',(0.,0.,-1.));
#14342=DIRECTION('center_axis',(-1.,0.,0.));
#14343=DIRECTION('ref_axis',(0.,1.,0.));
#14344=DIRECTION('',(0.,1.,0.));
#14345=DIRECTION('',(0.,1.,0.));
#14346=DIRECTION('center_axis',(0.,0.,-1.));
#14347=DIRECTION('ref_axis',(-1.,0.,0.));
#14348=DIRECTION('center_axis',(-1.,0.,0.));
#14349=DIRECTION('ref_axis',(0.,1.,0.));
#14350=DIRECTION('',(0.,1.,0.));
#14351=DIRECTION('',(0.,1.,0.));
#14352=DIRECTION('',(0.,0.,-1.));
#14353=DIRECTION('center_axis',(0.,-1.,0.));
#14354=DIRECTION('ref_axis',(-1.,0.,0.));
#14355=DIRECTION('',(-1.,0.,0.));
#14356=DIRECTION('',(0.,0.,-1.));
#14357=DIRECTION('',(-1.,0.,0.));
#14358=DIRECTION('center_axis',(1.,0.,0.));
#14359=DIRECTION('ref_axis',(0.,-1.,0.));
#14360=DIRECTION('',(0.,-1.,0.));
#14361=DIRECTION('',(0.,0.,-1.));
#14362=DIRECTION('',(0.,-1.,0.));
#14363=DIRECTION('center_axis',(0.,-1.,0.));
#14364=DIRECTION('ref_axis',(-1.,0.,0.));
#14365=DIRECTION('',(-1.,0.,0.));
#14366=DIRECTION('',(0.,0.,-1.));
#14367=DIRECTION('',(-1.,0.,0.));
#14368=DIRECTION('center_axis',(1.,0.,0.));
#14369=DIRECTION('ref_axis',(0.,-1.,0.));
#14370=DIRECTION('',(0.,-1.,0.));
#14371=DIRECTION('',(0.,0.,-1.));
#14372=DIRECTION('',(0.,-1.,0.));
#14373=DIRECTION('center_axis',(0.,-1.,0.));
#14374=DIRECTION('ref_axis',(-1.,0.,0.));
#14375=DIRECTION('',(-1.,0.,0.));
#14376=DIRECTION('',(0.,0.,-1.));
#14377=DIRECTION('',(-1.,0.,0.));
#14378=DIRECTION('center_axis',(1.,0.,0.));
#14379=DIRECTION('ref_axis',(0.,-1.,0.));
#14380=DIRECTION('',(0.,-1.,0.));
#14381=DIRECTION('',(0.,0.,-1.));
#14382=DIRECTION('',(0.,-1.,0.));
#14383=DIRECTION('center_axis',(0.,-1.,0.));
#14384=DIRECTION('ref_axis',(-1.,0.,0.));
#14385=DIRECTION('',(-1.,0.,0.));
#14386=DIRECTION('',(0.,0.,-1.));
#14387=DIRECTION('',(-1.,0.,0.));
#14388=DIRECTION('center_axis',(1.,0.,0.));
#14389=DIRECTION('ref_axis',(0.,-1.,0.));
#14390=DIRECTION('',(0.,-1.,0.));
#14391=DIRECTION('',(0.,0.,-1.));
#14392=DIRECTION('',(0.,-1.,0.));
#14393=DIRECTION('center_axis',(0.,1.,0.));
#14394=DIRECTION('ref_axis',(1.,0.,0.));
#14395=DIRECTION('',(1.,0.,0.));
#14396=DIRECTION('',(0.,0.,-1.));
#14397=DIRECTION('',(1.,0.,0.));
#14398=DIRECTION('center_axis',(1.,0.,0.));
#14399=DIRECTION('ref_axis',(0.,-1.,0.));
#14400=DIRECTION('',(0.,-1.,0.));
#14401=DIRECTION('',(0.,0.,-1.));
#14402=DIRECTION('',(0.,-1.,0.));
#14403=DIRECTION('center_axis',(0.,1.,0.));
#14404=DIRECTION('ref_axis',(1.,0.,0.));
#14405=DIRECTION('',(1.,0.,0.));
#14406=DIRECTION('',(0.,0.,-1.));
#14407=DIRECTION('',(1.,0.,0.));
#14408=DIRECTION('center_axis',(1.,-2.62800739367436E-14,0.));
#14409=DIRECTION('ref_axis',(-2.62800739367436E-14,-1.,0.));
#14410=DIRECTION('',(-2.62800739367436E-14,-1.,0.));
#14411=DIRECTION('',(0.,0.,-1.));
#14412=DIRECTION('',(-2.62800739367436E-14,-1.,0.));
#14413=DIRECTION('center_axis',(0.,1.,0.));
#14414=DIRECTION('ref_axis',(1.,0.,0.));
#14415=DIRECTION('',(1.,0.,0.));
#14416=DIRECTION('',(1.,0.,0.));
#14417=DIRECTION('center_axis',(-1.,0.,0.));
#14418=DIRECTION('ref_axis',(0.,1.,0.));
#14419=DIRECTION('',(0.,1.,0.));
#14420=DIRECTION('',(0.,0.,-1.));
#14421=DIRECTION('',(0.,1.,0.));
#14422=DIRECTION('center_axis',(0.,1.,0.));
#14423=DIRECTION('ref_axis',(1.,0.,0.));
#14424=DIRECTION('',(1.,0.,0.));
#14425=DIRECTION('',(0.,0.,-1.));
#14426=DIRECTION('',(1.,0.,0.));
#14427=DIRECTION('center_axis',(-1.,-1.31400369683718E-14,0.));
#14428=DIRECTION('ref_axis',(-1.31400369683718E-14,1.,0.));
#14429=DIRECTION('',(-1.31400369683718E-14,1.,0.));
#14430=DIRECTION('',(0.,0.,-1.));
#14431=DIRECTION('',(-1.31400369683718E-14,1.,0.));
#14432=DIRECTION('',(0.,0.,-1.));
#14433=DIRECTION('center_axis',(0.,-1.,0.));
#14434=DIRECTION('ref_axis',(-1.,0.,0.));
#14435=DIRECTION('',(-1.,0.,0.));
#14436=DIRECTION('',(0.,0.,-1.));
#14437=DIRECTION('',(-1.,0.,0.));
#14438=DIRECTION('center_axis',(-1.,0.,0.));
#14439=DIRECTION('ref_axis',(0.,1.,0.));
#14440=DIRECTION('',(0.,1.,0.));
#14441=DIRECTION('',(0.,0.,-1.));
#14442=DIRECTION('',(0.,1.,0.));
#14443=DIRECTION('center_axis',(0.,1.,0.));
#14444=DIRECTION('ref_axis',(1.,0.,0.));
#14445=DIRECTION('',(1.,0.,0.));
#14446=DIRECTION('',(0.,0.,-1.));
#14447=DIRECTION('',(1.,0.,0.));
#14448=DIRECTION('center_axis',(-1.,-1.31400369683718E-14,0.));
#14449=DIRECTION('ref_axis',(-1.31400369683718E-14,1.,0.));
#14450=DIRECTION('',(-1.31400369683718E-14,1.,0.));
#14451=DIRECTION('',(-1.31400369683718E-14,1.,0.));
#14452=DIRECTION('center_axis',(0.,-1.,0.));
#14453=DIRECTION('ref_axis',(-1.,0.,0.));
#14454=DIRECTION('',(-1.,0.,0.));
#14455=DIRECTION('',(-1.,0.,0.));
#14456=DIRECTION('center_axis',(0.,0.,-1.));
#14457=DIRECTION('ref_axis',(-1.,0.,0.));
#14458=DIRECTION('center_axis',(1.,0.,0.));
#14459=DIRECTION('ref_axis',(0.,-1.,0.));
#14460=DIRECTION('',(0.,-1.,0.));
#14461=DIRECTION('',(0.,0.,-1.));
#14462=DIRECTION('',(0.,-1.,0.));
#14463=DIRECTION('',(0.,0.,-1.));
#14464=DIRECTION('center_axis',(0.,-1.,0.));
#14465=DIRECTION('ref_axis',(-1.,0.,0.));
#14466=DIRECTION('',(-1.,0.,0.));
#14467=DIRECTION('',(-1.,0.,0.));
#14468=DIRECTION('center_axis',(1.,0.,0.));
#14469=DIRECTION('ref_axis',(0.,-1.,0.));
#14470=DIRECTION('',(0.,-1.,0.));
#14471=DIRECTION('',(0.,0.,-1.));
#14472=DIRECTION('',(0.,-1.,0.));
#14473=DIRECTION('center_axis',(0.,1.,0.));
#14474=DIRECTION('ref_axis',(1.,0.,0.));
#14475=DIRECTION('',(1.,0.,0.));
#14476=DIRECTION('',(0.,0.,-1.));
#14477=DIRECTION('',(1.,0.,0.));
#14478=DIRECTION('center_axis',(1.,0.,0.));
#14479=DIRECTION('ref_axis',(0.,-1.,0.));
#14480=DIRECTION('',(0.,-1.,0.));
#14481=DIRECTION('',(0.,0.,-1.));
#14482=DIRECTION('',(0.,-1.,0.));
#14483=DIRECTION('center_axis',(-6.57001848418591E-15,1.,0.));
#14484=DIRECTION('ref_axis',(1.,6.57001848418591E-15,0.));
#14485=DIRECTION('',(1.,6.57001848418591E-15,0.));
#14486=DIRECTION('',(0.,0.,-1.));
#14487=DIRECTION('',(1.,6.57001848418591E-15,0.));
#14488=DIRECTION('center_axis',(1.,0.,0.));
#14489=DIRECTION('ref_axis',(0.,-1.,0.));
#14490=DIRECTION('',(0.,-1.,0.));
#14491=DIRECTION('',(0.,0.,-1.));
#14492=DIRECTION('',(0.,-1.,0.));
#14493=DIRECTION('center_axis',(0.,1.,0.));
#14494=DIRECTION('ref_axis',(1.,0.,0.));
#14495=DIRECTION('',(1.,0.,0.));
#14496=DIRECTION('',(0.,0.,-1.));
#14497=DIRECTION('',(1.,0.,0.));
#14498=DIRECTION('center_axis',(-1.,0.,0.));
#14499=DIRECTION('ref_axis',(0.,1.,0.));
#14500=DIRECTION('',(0.,1.,0.));
#14501=DIRECTION('',(0.,0.,-1.));
#14502=DIRECTION('',(0.,1.,0.));
#14503=DIRECTION('',(0.,0.,-1.));
#14504=DIRECTION('center_axis',(0.,1.,0.));
#14505=DIRECTION('ref_axis',(1.,0.,0.));
#14506=DIRECTION('',(1.,0.,0.));
#14507=DIRECTION('',(0.,0.,-1.));
#14508=DIRECTION('',(1.,0.,0.));
#14509=DIRECTION('center_axis',(-1.,0.,0.));
#14510=DIRECTION('ref_axis',(0.,1.,0.));
#14511=DIRECTION('',(0.,1.,0.));
#14512=DIRECTION('',(0.,0.,-1.));
#14513=DIRECTION('',(0.,1.,0.));
#14514=DIRECTION('',(0.,0.,-1.));
#14515=DIRECTION('center_axis',(0.,-1.,0.));
#14516=DIRECTION('ref_axis',(-1.,0.,0.));
#14517=DIRECTION('',(-1.,0.,0.));
#14518=DIRECTION('',(0.,0.,-1.));
#14519=DIRECTION('',(-1.,0.,0.));
#14520=DIRECTION('',(0.,0.,-1.));
#14521=DIRECTION('center_axis',(-1.,0.,0.));
#14522=DIRECTION('ref_axis',(0.,1.,0.));
#14523=DIRECTION('',(0.,1.,0.));
#14524=DIRECTION('',(0.,0.,-1.));
#14525=DIRECTION('',(0.,1.,0.));
#14526=DIRECTION('center_axis',(0.,-1.,0.));
#14527=DIRECTION('ref_axis',(-1.,0.,0.));
#14528=DIRECTION('',(-1.,0.,0.));
#14529=DIRECTION('',(0.,0.,-1.));
#14530=DIRECTION('',(-1.,0.,0.));
#14531=DIRECTION('center_axis',(-1.,0.,0.));
#14532=DIRECTION('ref_axis',(0.,1.,0.));
#14533=DIRECTION('',(0.,1.,0.));
#14534=DIRECTION('',(0.,0.,-1.));
#14535=DIRECTION('',(0.,1.,0.));
#14536=DIRECTION('center_axis',(0.,-1.,0.));
#14537=DIRECTION('ref_axis',(-1.,0.,0.));
#14538=DIRECTION('',(-1.,0.,0.));
#14539=DIRECTION('',(0.,0.,-1.));
#14540=DIRECTION('',(-1.,0.,0.));
#14541=DIRECTION('center_axis',(0.,0.,-1.));
#14542=DIRECTION('ref_axis',(-1.,0.,0.));
#14543=DIRECTION('center_axis',(1.,0.,0.));
#14544=DIRECTION('ref_axis',(0.,-1.,0.));
#14545=DIRECTION('',(0.,-1.,0.));
#14546=DIRECTION('',(0.,-1.,0.));
#14547=DIRECTION('center_axis',(0.,1.,0.));
#14548=DIRECTION('ref_axis',(1.,0.,0.));
#14549=DIRECTION('',(1.,0.,0.));
#14550=DIRECTION('',(0.,0.,-1.));
#14551=DIRECTION('',(1.,0.,0.));
#14552=DIRECTION('center_axis',(-1.,-1.31400369683718E-14,0.));
#14553=DIRECTION('ref_axis',(-1.31400369683718E-14,1.,0.));
#14554=DIRECTION('',(-1.31400369683718E-14,1.,0.));
#14555=DIRECTION('',(0.,0.,-1.));
#14556=DIRECTION('',(-1.31400369683718E-14,1.,0.));
#14557=DIRECTION('',(0.,0.,-1.));
#14558=DIRECTION('center_axis',(0.,-1.,0.));
#14559=DIRECTION('ref_axis',(-1.,0.,0.));
#14560=DIRECTION('',(-1.,0.,0.));
#14561=DIRECTION('',(-1.,0.,0.));
#14562=DIRECTION('center_axis',(0.,0.,-1.));
#14563=DIRECTION('ref_axis',(-1.,0.,0.));
#14564=DIRECTION('center_axis',(1.,0.,0.));
#14565=DIRECTION('ref_axis',(0.,-1.,0.));
#14566=DIRECTION('',(0.,-1.,0.));
#14567=DIRECTION('',(0.,-1.,0.));
#14568=DIRECTION('center_axis',(0.,1.,0.));
#14569=DIRECTION('ref_axis',(1.,0.,0.));
#14570=DIRECTION('',(1.,0.,0.));
#14571=DIRECTION('',(1.,0.,0.));
#14572=DIRECTION('center_axis',(-1.,0.,0.));
#14573=DIRECTION('ref_axis',(0.,1.,0.));
#14574=DIRECTION('',(0.,1.,0.));
#14575=DIRECTION('',(0.,0.,-1.));
#14576=DIRECTION('',(0.,1.,0.));
#14577=DIRECTION('center_axis',(-3.28500924209296E-15,-1.,0.));
#14578=DIRECTION('ref_axis',(-1.,3.28500924209296E-15,0.));
#14579=DIRECTION('',(-1.,3.28500924209296E-15,0.));
#14580=DIRECTION('',(-1.,3.28500924209296E-15,0.));
#14581=DIRECTION('center_axis',(0.,0.,-1.));
#14582=DIRECTION('ref_axis',(-1.,0.,0.));
#14583=DIRECTION('center_axis',(0.,-1.,0.));
#14584=DIRECTION('ref_axis',(-1.,0.,0.));
#14585=DIRECTION('',(-1.,0.,0.));
#14586=DIRECTION('',(-1.,0.,0.));
#14587=DIRECTION('',(0.,0.,-1.));
#14588=DIRECTION('center_axis',(1.,0.,0.));
#14589=DIRECTION('ref_axis',(0.,-1.,0.));
#14590=DIRECTION('',(0.,-1.,0.));
#14591=DIRECTION('',(0.,0.,-1.));
#14592=DIRECTION('',(0.,-1.,0.));
#14593=DIRECTION('center_axis',(0.,-1.,0.));
#14594=DIRECTION('ref_axis',(-1.,0.,0.));
#14595=DIRECTION('',(-1.,0.,0.));
#14596=DIRECTION('',(-1.,0.,0.));
#14597=DIRECTION('center_axis',(1.,0.,0.));
#14598=DIRECTION('ref_axis',(0.,-1.,0.));
#14599=DIRECTION('',(0.,-1.,0.));
#14600=DIRECTION('',(0.,0.,-1.));
#14601=DIRECTION('',(0.,-1.,0.));
#14602=DIRECTION('center_axis',(0.,1.,0.));
#14603=DIRECTION('ref_axis',(1.,0.,0.));
#14604=DIRECTION('',(1.,0.,0.));
#14605=DIRECTION('',(0.,0.,-1.));
#14606=DIRECTION('',(1.,0.,0.));
#14607=DIRECTION('center_axis',(-1.,0.,0.));
#14608=DIRECTION('ref_axis',(0.,1.,0.));
#14609=DIRECTION('',(0.,1.,0.));
#14610=DIRECTION('',(0.,0.,-1.));
#14611=DIRECTION('',(0.,1.,0.));
#14612=DIRECTION('center_axis',(0.,1.,0.));
#14613=DIRECTION('ref_axis',(1.,0.,0.));
#14614=DIRECTION('',(1.,0.,0.));
#14615=DIRECTION('',(0.,0.,-1.));
#14616=DIRECTION('',(1.,0.,0.));
#14617=DIRECTION('center_axis',(-1.,-1.31400369683718E-14,0.));
#14618=DIRECTION('ref_axis',(-1.31400369683718E-14,1.,0.));
#14619=DIRECTION('',(-1.31400369683718E-14,1.,0.));
#14620=DIRECTION('',(0.,0.,-1.));
#14621=DIRECTION('',(-1.31400369683718E-14,1.,0.));
#14622=DIRECTION('center_axis',(0.,0.,-1.));
#14623=DIRECTION('ref_axis',(-1.,0.,0.));
#14624=DIRECTION('center_axis',(1.,0.,0.));
#14625=DIRECTION('ref_axis',(0.,-1.,0.));
#14626=DIRECTION('',(0.,-1.,0.));
#14627=DIRECTION('',(0.,0.,-1.));
#14628=DIRECTION('',(0.,-1.,0.));
#14629=DIRECTION('',(0.,0.,-1.));
#14630=DIRECTION('center_axis',(0.,1.,0.));
#14631=DIRECTION('ref_axis',(1.,0.,0.));
#14632=DIRECTION('',(1.,0.,0.));
#14633=DIRECTION('',(0.,0.,-1.));
#14634=DIRECTION('',(1.,0.,0.));
#14635=DIRECTION('',(0.,0.,-1.));
#14636=DIRECTION('center_axis',(-1.,0.,0.));
#14637=DIRECTION('ref_axis',(0.,1.,0.));
#14638=DIRECTION('',(0.,1.,0.));
#14639=DIRECTION('',(0.,0.,-1.));
#14640=DIRECTION('',(0.,1.,0.));
#14641=DIRECTION('',(0.,0.,-1.));
#14642=DIRECTION('center_axis',(0.,-1.,0.));
#14643=DIRECTION('ref_axis',(-1.,0.,0.));
#14644=DIRECTION('',(-1.,0.,0.));
#14645=DIRECTION('',(-1.,0.,0.));
#14646=DIRECTION('',(0.,0.,-1.));
#14647=DIRECTION('center_axis',(0.,0.,-1.));
#14648=DIRECTION('ref_axis',(-1.,0.,0.));
#14649=DIRECTION('center_axis',(1.,0.,0.));
#14650=DIRECTION('ref_axis',(0.,-1.,0.));
#14651=DIRECTION('',(0.,-1.,0.));
#14652=DIRECTION('',(0.,-1.,0.));
#14653=DIRECTION('',(0.,0.,-1.));
#14654=DIRECTION('center_axis',(0.,1.,0.));
#14655=DIRECTION('ref_axis',(1.,0.,0.));
#14656=DIRECTION('',(1.,0.,0.));
#14657=DIRECTION('',(0.,0.,-1.));
#14658=DIRECTION('',(1.,0.,0.));
#14659=DIRECTION('center_axis',(-1.,0.,0.));
#14660=DIRECTION('ref_axis',(0.,1.,0.));
#14661=DIRECTION('',(0.,1.,0.));
#14662=DIRECTION('',(0.,0.,-1.));
#14663=DIRECTION('',(0.,1.,0.));
#14664=DIRECTION('',(0.,0.,-1.));
#14665=DIRECTION('center_axis',(0.,-1.,0.));
#14666=DIRECTION('ref_axis',(-1.,0.,0.));
#14667=DIRECTION('',(-1.,0.,0.));
#14668=DIRECTION('',(-1.,0.,0.));
#14669=DIRECTION('',(0.,0.,-1.));
#14670=DIRECTION('center_axis',(0.,0.,-1.));
#14671=DIRECTION('ref_axis',(-1.,0.,0.));
#14672=DIRECTION('center_axis',(0.,1.,0.));
#14673=DIRECTION('ref_axis',(1.,0.,0.));
#14674=DIRECTION('',(1.,0.,0.));
#14675=DIRECTION('',(0.,0.,-1.));
#14676=DIRECTION('',(1.,0.,0.));
#14677=DIRECTION('center_axis',(-1.,0.,0.));
#14678=DIRECTION('ref_axis',(0.,1.,0.));
#14679=DIRECTION('',(0.,1.,0.));
#14680=DIRECTION('',(0.,0.,-1.));
#14681=DIRECTION('',(0.,1.,0.));
#14682=DIRECTION('center_axis',(0.,1.,0.));
#14683=DIRECTION('ref_axis',(1.,0.,0.));
#14684=DIRECTION('',(1.,0.,0.));
#14685=DIRECTION('',(0.,0.,-1.));
#14686=DIRECTION('',(1.,0.,0.));
#14687=DIRECTION('center_axis',(-1.,0.,0.));
#14688=DIRECTION('ref_axis',(0.,1.,0.));
#14689=DIRECTION('',(0.,1.,0.));
#14690=DIRECTION('',(0.,0.,-1.));
#14691=DIRECTION('',(0.,1.,0.));
#14692=DIRECTION('center_axis',(-6.57001848418591E-15,-1.,0.));
#14693=DIRECTION('ref_axis',(-1.,6.57001848418591E-15,0.));
#14694=DIRECTION('',(-1.,6.57001848418591E-15,0.));
#14695=DIRECTION('',(0.,0.,-1.));
#14696=DIRECTION('',(-1.,6.57001848418591E-15,0.));
#14697=DIRECTION('',(0.,0.,-1.));
#14698=DIRECTION('center_axis',(-1.,0.,0.));
#14699=DIRECTION('ref_axis',(0.,1.,0.));
#14700=DIRECTION('',(0.,1.,0.));
#14701=DIRECTION('',(0.,1.,0.));
#14702=DIRECTION('center_axis',(0.,-1.,0.));
#14703=DIRECTION('ref_axis',(-1.,0.,0.));
#14704=DIRECTION('',(-1.,0.,0.));
#14705=DIRECTION('',(0.,0.,-1.));
#14706=DIRECTION('',(-1.,0.,0.));
#14707=DIRECTION('center_axis',(1.,0.,0.));
#14708=DIRECTION('ref_axis',(0.,-1.,0.));
#14709=DIRECTION('',(0.,-1.,0.));
#14710=DIRECTION('',(0.,0.,-1.));
#14711=DIRECTION('',(0.,-1.,0.));
#14712=DIRECTION('center_axis',(0.,-1.,0.));
#14713=DIRECTION('ref_axis',(-1.,0.,0.));
#14714=DIRECTION('',(-1.,0.,0.));
#14715=DIRECTION('',(0.,0.,-1.));
#14716=DIRECTION('',(-1.,0.,0.));
#14717=DIRECTION('center_axis',(1.,0.,0.));
#14718=DIRECTION('ref_axis',(0.,-1.,0.));
#14719=DIRECTION('',(0.,-1.,0.));
#14720=DIRECTION('',(0.,-1.,0.));
#14721=DIRECTION('center_axis',(0.,1.,0.));
#14722=DIRECTION('ref_axis',(1.,0.,0.));
#14723=DIRECTION('',(1.,0.,0.));
#14724=DIRECTION('',(0.,0.,-1.));
#14725=DIRECTION('',(1.,0.,0.));
#14726=DIRECTION('center_axis',(1.,-1.31400369683717E-14,0.));
#14727=DIRECTION('ref_axis',(-1.31400369683717E-14,-1.,0.));
#14728=DIRECTION('',(-1.31400369683717E-14,-1.,0.));
#14729=DIRECTION('',(-1.31400369683717E-14,-1.,0.));
#14730=DIRECTION('center_axis',(0.,0.,-1.));
#14731=DIRECTION('ref_axis',(-1.,0.,0.));
#14732=DIRECTION('center_axis',(-3.28500924209296E-15,-1.,0.));
#14733=DIRECTION('ref_axis',(-1.,3.28500924209296E-15,0.));
#14734=DIRECTION('',(-1.,3.28500924209296E-15,0.));
#14735=DIRECTION('',(-1.,3.28500924209296E-15,0.));
#14736=DIRECTION('',(0.,0.,-1.));
#14737=DIRECTION('center_axis',(1.,-1.31400369683718E-14,0.));
#14738=DIRECTION('ref_axis',(-1.31400369683718E-14,-1.,0.));
#14739=DIRECTION('',(-1.31400369683718E-14,-1.,0.));
#14740=DIRECTION('',(0.,0.,-1.));
#14741=DIRECTION('',(-1.31400369683718E-14,-1.,0.));
#14742=DIRECTION('center_axis',(0.,1.,0.));
#14743=DIRECTION('ref_axis',(1.,0.,0.));
#14744=DIRECTION('',(1.,0.,0.));
#14745=DIRECTION('',(0.,0.,-1.));
#14746=DIRECTION('',(1.,0.,0.));
#14747=DIRECTION('',(0.,0.,-1.));
#14748=DIRECTION('center_axis',(-1.,0.,0.));
#14749=DIRECTION('ref_axis',(0.,1.,0.));
#14750=DIRECTION('',(0.,1.,0.));
#14751=DIRECTION('',(0.,0.,-1.));
#14752=DIRECTION('',(0.,1.,0.));
#14753=DIRECTION('center_axis',(0.,0.,-1.));
#14754=DIRECTION('ref_axis',(-1.,0.,0.));
#14755=DIRECTION('center_axis',(0.,-1.,0.));
#14756=DIRECTION('ref_axis',(-1.,0.,0.));
#14757=DIRECTION('',(-1.,0.,0.));
#14758=DIRECTION('',(-1.,0.,0.));
#14759=DIRECTION('center_axis',(1.,0.,0.));
#14760=DIRECTION('ref_axis',(0.,-1.,0.));
#14761=DIRECTION('',(0.,-1.,0.));
#14762=DIRECTION('',(0.,-1.,0.));
#14763=DIRECTION('center_axis',(0.,1.,0.));
#14764=DIRECTION('ref_axis',(1.,0.,0.));
#14765=DIRECTION('',(1.,0.,0.));
#14766=DIRECTION('',(0.,0.,-1.));
#14767=DIRECTION('',(1.,0.,0.));
#14768=DIRECTION('center_axis',(-1.,0.,0.));
#14769=DIRECTION('ref_axis',(0.,1.,0.));
#14770=DIRECTION('',(0.,1.,0.));
#14771=DIRECTION('',(0.,1.,0.));
#14772=DIRECTION('center_axis',(0.,0.,-1.));
#14773=DIRECTION('ref_axis',(-1.,0.,0.));
#14774=DIRECTION('center_axis',(1.,0.,0.));
#14775=DIRECTION('ref_axis',(0.,-1.,0.));
#14776=DIRECTION('',(0.,-1.,0.));
#14777=DIRECTION('',(0.,0.,-1.));
#14778=DIRECTION('',(0.,-1.,0.));
#14779=DIRECTION('center_axis',(0.,-1.,0.));
#14780=DIRECTION('ref_axis',(-1.,0.,0.));
#14781=DIRECTION('',(-1.,0.,0.));
#14782=DIRECTION('',(-1.,0.,0.));
#14783=DIRECTION('center_axis',(1.,1.31400369683718E-14,0.));
#14784=DIRECTION('ref_axis',(1.31400369683718E-14,-1.,0.));
#14785=DIRECTION('',(1.31400369683718E-14,-1.,0.));
#14786=DIRECTION('',(0.,0.,-1.));
#14787=DIRECTION('',(1.31400369683718E-14,-1.,0.));
#14788=DIRECTION('center_axis',(0.,1.,0.));
#14789=DIRECTION('ref_axis',(1.,0.,0.));
#14790=DIRECTION('',(1.,0.,0.));
#14791=DIRECTION('',(0.,0.,-1.));
#14792=DIRECTION('',(1.,0.,0.));
#14793=DIRECTION('center_axis',(1.,0.,0.));
#14794=DIRECTION('ref_axis',(0.,-1.,0.));
#14795=DIRECTION('',(0.,-1.,0.));
#14796=DIRECTION('',(0.,0.,-1.));
#14797=DIRECTION('',(0.,-1.,0.));
#14798=DIRECTION('center_axis',(0.,1.,0.));
#14799=DIRECTION('ref_axis',(1.,0.,0.));
#14800=DIRECTION('',(1.,0.,0.));
#14801=DIRECTION('',(0.,0.,-1.));
#14802=DIRECTION('',(1.,0.,0.));
#14803=DIRECTION('center_axis',(1.,0.,0.));
#14804=DIRECTION('ref_axis',(0.,-1.,0.));
#14805=DIRECTION('',(0.,-1.,0.));
#14806=DIRECTION('',(0.,0.,-1.));
#14807=DIRECTION('',(0.,-1.,0.));
#14808=DIRECTION('center_axis',(0.,-1.,0.));
#14809=DIRECTION('ref_axis',(-1.,0.,0.));
#14810=DIRECTION('',(-1.,0.,0.));
#14811=DIRECTION('',(0.,0.,-1.));
#14812=DIRECTION('',(-1.,0.,0.));
#14813=DIRECTION('center_axis',(1.,0.,0.));
#14814=DIRECTION('ref_axis',(0.,-1.,0.));
#14815=DIRECTION('',(0.,-1.,0.));
#14816=DIRECTION('',(0.,-1.,0.));
#14817=DIRECTION('center_axis',(0.,1.,0.));
#14818=DIRECTION('ref_axis',(1.,0.,0.));
#14819=DIRECTION('',(1.,0.,0.));
#14820=DIRECTION('',(0.,0.,-1.));
#14821=DIRECTION('',(1.,0.,0.));
#14822=DIRECTION('center_axis',(1.,0.,0.));
#14823=DIRECTION('ref_axis',(0.,-1.,0.));
#14824=DIRECTION('',(0.,-1.,0.));
#14825=DIRECTION('',(0.,-1.,0.));
#14826=DIRECTION('center_axis',(0.,1.,0.));
#14827=DIRECTION('ref_axis',(1.,0.,0.));
#14828=DIRECTION('',(1.,0.,0.));
#14829=DIRECTION('',(0.,0.,-1.));
#14830=DIRECTION('',(1.,0.,0.));
#14831=DIRECTION('center_axis',(-1.,-1.31400369683718E-14,0.));
#14832=DIRECTION('ref_axis',(-1.31400369683718E-14,1.,0.));
#14833=DIRECTION('',(-1.31400369683718E-14,1.,0.));
#14834=DIRECTION('',(0.,0.,-1.));
#14835=DIRECTION('',(-1.31400369683718E-14,1.,0.));
#14836=DIRECTION('center_axis',(0.,1.,0.));
#14837=DIRECTION('ref_axis',(1.,0.,0.));
#14838=DIRECTION('',(1.,0.,0.));
#14839=DIRECTION('',(0.,0.,1.));
#14840=DIRECTION('',(1.,0.,0.));
#14841=DIRECTION('center_axis',(-1.,0.,0.));
#14842=DIRECTION('ref_axis',(0.,1.,0.));
#14843=DIRECTION('',(0.,1.,0.));
#14844=DIRECTION('',(0.,0.,-1.));
#14845=DIRECTION('',(0.,1.,0.));
#14846=DIRECTION('',(0.,0.,-1.));
#14847=DIRECTION('center_axis',(0.,-1.,0.));
#14848=DIRECTION('ref_axis',(-1.,0.,0.));
#14849=DIRECTION('',(-1.,0.,0.));
#14850=DIRECTION('',(0.,0.,-1.));
#14851=DIRECTION('',(-1.,0.,0.));
#14852=DIRECTION('',(0.,0.,-1.));
#14853=DIRECTION('center_axis',(-1.,0.,0.));
#14854=DIRECTION('ref_axis',(0.,1.,0.));
#14855=DIRECTION('',(0.,1.,0.));
#14856=DIRECTION('',(0.,0.,-1.));
#14857=DIRECTION('',(0.,1.,0.));
#14858=DIRECTION('center_axis',(0.,1.,0.));
#14859=DIRECTION('ref_axis',(1.,0.,0.));
#14860=DIRECTION('',(1.,0.,0.));
#14861=DIRECTION('',(0.,0.,-1.));
#14862=DIRECTION('',(1.,0.,0.));
#14863=DIRECTION('center_axis',(1.,0.,0.));
#14864=DIRECTION('ref_axis',(0.,-1.,0.));
#14865=DIRECTION('',(0.,-1.,0.));
#14866=DIRECTION('',(0.,-1.,0.));
#14867=DIRECTION('center_axis',(0.,1.,0.));
#14868=DIRECTION('ref_axis',(1.,0.,0.));
#14869=DIRECTION('',(1.,0.,0.));
#14870=DIRECTION('',(0.,0.,-1.));
#14871=DIRECTION('',(1.,0.,0.));
#14872=DIRECTION('center_axis',(-1.,0.,0.));
#14873=DIRECTION('ref_axis',(0.,1.,0.));
#14874=DIRECTION('',(0.,1.,0.));
#14875=DIRECTION('',(0.,0.,1.));
#14876=DIRECTION('',(0.,1.,0.));
#14877=DIRECTION('center_axis',(0.,-1.,0.));
#14878=DIRECTION('ref_axis',(-1.,0.,0.));
#14879=DIRECTION('',(-1.,0.,0.));
#14880=DIRECTION('',(0.,0.,-1.));
#14881=DIRECTION('',(-1.,0.,0.));
#14882=DIRECTION('',(0.,0.,-1.));
#14883=DIRECTION('center_axis',(-1.,0.,0.));
#14884=DIRECTION('ref_axis',(0.,1.,0.));
#14885=DIRECTION('',(0.,1.,0.));
#14886=DIRECTION('',(0.,0.,-1.));
#14887=DIRECTION('',(0.,1.,0.));
#14888=DIRECTION('center_axis',(0.,-1.,0.));
#14889=DIRECTION('ref_axis',(-1.,0.,0.));
#14890=DIRECTION('',(-1.,0.,0.));
#14891=DIRECTION('',(0.,0.,-1.));
#14892=DIRECTION('',(-1.,0.,0.));
#14893=DIRECTION('center_axis',(-1.,0.,0.));
#14894=DIRECTION('ref_axis',(0.,1.,0.));
#14895=DIRECTION('',(0.,1.,0.));
#14896=DIRECTION('',(0.,0.,-1.));
#14897=DIRECTION('',(0.,1.,0.));
#14898=DIRECTION('center_axis',(0.,-1.,0.));
#14899=DIRECTION('ref_axis',(-1.,0.,0.));
#14900=DIRECTION('',(-1.,0.,0.));
#14901=DIRECTION('',(0.,0.,-1.));
#14902=DIRECTION('',(-1.,0.,0.));
#14903=DIRECTION('center_axis',(-1.,0.,0.));
#14904=DIRECTION('ref_axis',(0.,1.,0.));
#14905=DIRECTION('',(0.,1.,0.));
#14906=DIRECTION('',(0.,0.,-1.));
#14907=DIRECTION('',(0.,1.,0.));
#14908=DIRECTION('center_axis',(3.28500924209296E-15,-1.,0.));
#14909=DIRECTION('ref_axis',(-1.,-3.28500924209296E-15,0.));
#14910=DIRECTION('',(-1.,-3.28500924209296E-15,0.));
#14911=DIRECTION('',(-1.,-3.28500924209296E-15,0.));
#14912=DIRECTION('center_axis',(0.,0.,-1.));
#14913=DIRECTION('ref_axis',(-1.,0.,0.));
#14914=DIRECTION('',(0.,1.,0.));
#14915=DIRECTION('',(1.,-3.37590337520925E-15,0.));
#14916=DIRECTION('',(-1.,0.,0.));
#14917=DIRECTION('',(0.,1.,0.));
#14918=DIRECTION('center_axis',(0.,-1.,0.));
#14919=DIRECTION('ref_axis',(-1.,0.,0.));
#14920=DIRECTION('',(0.,0.,-1.));
#14921=DIRECTION('',(-1.,0.,0.));
#14922=DIRECTION('',(0.,0.,-1.));
#14923=DIRECTION('',(-1.,0.,0.));
#14924=DIRECTION('center_axis',(1.,0.,0.));
#14925=DIRECTION('ref_axis',(0.,-1.,0.));
#14926=DIRECTION('',(0.,0.,-1.));
#14927=DIRECTION('',(0.,-1.,0.));
#14928=DIRECTION('',(0.,-1.,0.));
#14929=DIRECTION('center_axis',(0.,1.,0.));
#14930=DIRECTION('ref_axis',(1.,0.,0.));
#14931=DIRECTION('',(0.,0.,-1.));
#14932=DIRECTION('',(1.,0.,0.));
#14933=DIRECTION('',(1.,0.,0.));
#14934=DIRECTION('center_axis',(0.,1.,0.));
#14935=DIRECTION('ref_axis',(1.,0.,0.));
#14936=DIRECTION('',(0.,0.,-1.));
#14937=DIRECTION('',(1.,0.,0.));
#14938=DIRECTION('',(0.,0.,-1.));
#14939=DIRECTION('',(1.,0.,0.));
#14940=DIRECTION('center_axis',(-1.,0.,0.));
#14941=DIRECTION('ref_axis',(0.,1.,0.));
#14942=DIRECTION('',(0.,0.,-1.));
#14943=DIRECTION('',(0.,1.,0.));
#14944=DIRECTION('',(0.,1.,0.));
#14945=DIRECTION('center_axis',(0.,1.,0.));
#14946=DIRECTION('ref_axis',(1.,0.,0.));
#14947=DIRECTION('',(0.,0.,-1.));
#14948=DIRECTION('',(1.,0.,0.));
#14949=DIRECTION('',(1.,0.,0.));
#14950=DIRECTION('center_axis',(-1.,0.,0.));
#14951=DIRECTION('ref_axis',(0.,1.,0.));
#14952=DIRECTION('',(0.,0.,-1.));
#14953=DIRECTION('',(0.,1.,0.));
#14954=DIRECTION('',(0.,1.,0.));
#14955=DIRECTION('center_axis',(0.,0.,1.));
#14956=DIRECTION('ref_axis',(1.,0.,0.));
#14957=DIRECTION('center_axis',(0.,0.,1.));
#14958=DIRECTION('ref_axis',(1.,0.,0.));
#14959=DIRECTION('center_axis',(0.,0.,1.));
#14960=DIRECTION('ref_axis',(1.,0.,0.));
#14961=DIRECTION('',(-1.,0.,0.));
#14962=DIRECTION('',(0.,1.,0.));
#14963=DIRECTION('',(1.,0.,0.));
#14964=DIRECTION('',(0.,-1.,0.));
#14965=DIRECTION('',(-1.,0.,0.));
#14966=DIRECTION('',(0.,1.,0.));
#14967=DIRECTION('',(1.,0.,0.));
#14968=DIRECTION('',(0.,-1.,0.));
#14969=DIRECTION('',(-1.,3.37590337520925E-15,0.));
#14970=DIRECTION('',(0.,1.,0.));
#14971=DIRECTION('',(1.,0.,0.));
#14972=DIRECTION('',(0.,1.,0.));
#14973=DIRECTION('',(-1.,0.,0.));
#14974=DIRECTION('',(0.,1.,0.));
#14975=DIRECTION('',(1.,0.,0.));
#14976=DIRECTION('',(0.,-1.,0.));
#14977=DIRECTION('',(1.,0.,0.));
#14978=DIRECTION('',(0.,-1.,0.));
#14979=DIRECTION('',(-1.,0.,0.));
#14980=DIRECTION('',(0.,-1.,0.));
#14981=DIRECTION('',(-1.,0.,0.));
#14982=DIRECTION('',(1.3503613500837E-14,1.,0.));
#14983=DIRECTION('',(-1.,3.37590337520925E-15,0.));
#14984=DIRECTION('',(0.,1.,0.));
#14985=DIRECTION('',(1.,0.,0.));
#14986=DIRECTION('',(0.,-1.,0.));
#14987=DIRECTION('',(1.,3.37590337520925E-15,0.));
#14988=DIRECTION('',(-1.3503613500837E-14,-1.,0.));
#14989=DIRECTION('',(-1.,3.37590337520925E-15,0.));
#14990=DIRECTION('',(1.3503613500837E-14,1.,0.));
#14991=DIRECTION('',(1.,0.,0.));
#14992=DIRECTION('',(-1.3503613500837E-14,-1.,0.));
#14993=DIRECTION('center_axis',(0.,0.,1.));
#14994=DIRECTION('ref_axis',(1.,0.,0.));
#14995=DIRECTION('center_axis',(0.,0.,1.));
#14996=DIRECTION('ref_axis',(1.,0.,0.));
#14997=DIRECTION('center_axis',(0.,0.,1.));
#14998=DIRECTION('ref_axis',(1.,0.,0.));
#14999=DIRECTION('center_axis',(0.,0.,1.));
#15000=DIRECTION('ref_axis',(1.,0.,0.));
#15001=DIRECTION('center_axis',(0.,0.,1.));
#15002=DIRECTION('ref_axis',(1.,0.,0.));
#15003=DIRECTION('center_axis',(0.,0.,1.));
#15004=DIRECTION('ref_axis',(1.,0.,0.));
#15005=DIRECTION('center_axis',(0.,0.,1.));
#15006=DIRECTION('ref_axis',(1.,0.,0.));
#15007=DIRECTION('center_axis',(0.,0.,1.));
#15008=DIRECTION('ref_axis',(1.,0.,0.));
#15009=DIRECTION('center_axis',(0.,0.,1.));
#15010=DIRECTION('ref_axis',(1.,0.,0.));
#15011=DIRECTION('center_axis',(0.,0.,1.));
#15012=DIRECTION('ref_axis',(1.,0.,0.));
#15013=DIRECTION('center_axis',(0.,0.,1.));
#15014=DIRECTION('ref_axis',(1.,0.,0.));
#15015=DIRECTION('center_axis',(0.,0.,1.));
#15016=DIRECTION('ref_axis',(1.,0.,0.));
#15017=DIRECTION('center_axis',(0.,0.,1.));
#15018=DIRECTION('ref_axis',(1.,0.,0.));
#15019=DIRECTION('',(-1.,0.,0.));
#15020=DIRECTION('',(-1.,1.11022302462516E-15,0.));
#15021=DIRECTION('',(0.,1.,0.));
#15022=DIRECTION('',(-1.,0.,0.));
#15023=DIRECTION('',(0.,-1.,0.));
#15024=DIRECTION('',(-1.,0.,0.));
#15025=DIRECTION('',(0.,-1.,0.));
#15026=DIRECTION('',(1.,0.,0.));
#15027=DIRECTION('',(0.,-1.,0.));
#15028=DIRECTION('',(1.,-4.73875681242445E-17,0.));
#15029=DIRECTION('',(0.,1.,0.));
#15030=DIRECTION('',(1.,0.,0.));
#15031=DIRECTION('',(0.,1.,0.));
#15032=DIRECTION('',(-1.,0.,0.));
#15033=DIRECTION('',(0.,1.,0.));
#15034=DIRECTION('',(1.,0.,0.));
#15035=DIRECTION('',(0.,-1.,0.));
#15036=DIRECTION('',(-1.,3.37590337520925E-15,0.));
#15037=DIRECTION('',(0.,1.,0.));
#15038=DIRECTION('',(1.,0.,0.));
#15039=DIRECTION('',(0.,-1.,0.));
#15040=DIRECTION('',(0.,-1.,0.));
#15041=DIRECTION('',(1.,3.37590337520925E-15,0.));
#15042=DIRECTION('',(-1.3503613500837E-14,-1.,0.));
#15043=DIRECTION('',(-1.,0.,0.));
#15044=DIRECTION('',(1.3503613500837E-14,1.,0.));
#15045=DIRECTION('',(-1.,3.37590337520925E-15,0.));
#15046=DIRECTION('',(0.,1.,0.));
#15047=DIRECTION('',(-1.,0.,0.));
#15048=DIRECTION('',(0.,1.,0.));
#15049=DIRECTION('',(1.,0.,0.));
#15050=DIRECTION('',(0.,1.,0.));
#15051=DIRECTION('',(1.,0.,0.));
#15052=DIRECTION('',(0.,-1.,0.));
#15053=DIRECTION('',(-1.,0.,0.));
#15054=DIRECTION('',(0.,-1.,0.));
#15055=DIRECTION('',(1.,0.,0.));
#15056=DIRECTION('',(-1.,3.37590337520925E-15,0.));
#15057=DIRECTION('',(0.,-1.,0.));
#15058=DIRECTION('',(-1.,0.,0.));
#15059=DIRECTION('',(0.,-1.,0.));
#15060=DIRECTION('',(-1.,-1.68795168760462E-15,0.));
#15061=DIRECTION('',(0.,1.,0.));
#15062=DIRECTION('',(-1.,0.,0.));
#15063=DIRECTION('',(0.,1.,0.));
#15064=DIRECTION('',(-1.,0.,0.));
#15065=DIRECTION('',(0.,1.,0.));
#15066=DIRECTION('',(1.,0.,0.));
#15067=DIRECTION('',(0.,-1.,0.));
#15068=DIRECTION('',(1.,0.,0.));
#15069=DIRECTION('',(0.,-1.,0.));
#15070=DIRECTION('',(1.,0.,0.));
#15071=DIRECTION('',(0.,-1.,0.));
#15072=DIRECTION('',(-1.,0.,0.));
#15073=DIRECTION('',(0.,1.,0.));
#15074=DIRECTION('',(-1.,0.,0.));
#15075=DIRECTION('',(0.,1.,0.));
#15076=DIRECTION('',(1.,0.,0.));
#15077=DIRECTION('',(0.,-1.,0.));
#15078=DIRECTION('',(1.,0.,0.));
#15079=DIRECTION('',(0.,-1.,0.));
#15080=DIRECTION('',(-1.,0.,0.));
#15081=DIRECTION('',(0.,1.,0.));
#15082=DIRECTION('',(1.,0.,0.));
#15083=DIRECTION('',(0.,1.,0.));
#15084=DIRECTION('',(1.,0.,0.));
#15085=DIRECTION('',(0.,-1.,0.));
#15086=DIRECTION('',(-1.,6.75180675041849E-15,0.));
#15087=DIRECTION('',(0.,-1.,0.));
#15088=DIRECTION('',(-1.,0.,0.));
#15089=DIRECTION('',(0.,-1.,0.));
#15090=DIRECTION('',(-1.,0.,0.));
#15091=DIRECTION('',(0.,-1.,0.));
#15092=DIRECTION('',(-1.,3.37590337520925E-15,0.));
#15093=DIRECTION('',(0.,1.,0.));
#15094=DIRECTION('',(1.,0.,0.));
#15095=DIRECTION('',(0.,1.,0.));
#15096=DIRECTION('',(1.,0.,0.));
#15097=DIRECTION('',(0.,1.,0.));
#15098=DIRECTION('',(1.,0.,0.));
#15099=DIRECTION('',(0.,1.,0.));
#15100=DIRECTION('',(1.,0.,0.));
#15101=DIRECTION('',(0.,-1.,0.));
#15102=DIRECTION('',(-1.,0.,0.));
#15103=DIRECTION('',(0.,-1.,0.));
#15104=DIRECTION('',(-1.,0.,0.));
#15105=DIRECTION('',(0.,1.,0.));
#15106=DIRECTION('',(1.,0.,0.));
#15107=DIRECTION('',(0.,-1.,0.));
#15108=DIRECTION('',(-1.,-1.68795168760462E-15,0.));
#15109=DIRECTION('',(0.,1.,0.));
#15110=DIRECTION('',(1.,0.,0.));
#15111=DIRECTION('',(0.,-1.,0.));
#15112=DIRECTION('center_axis',(-3.37590337520925E-15,-1.,0.));
#15113=DIRECTION('ref_axis',(-1.,3.37590337520925E-15,0.));
#15114=DIRECTION('',(0.,0.,-1.));
#15115=DIRECTION('',(-1.,3.37590337520925E-15,0.));
#15116=DIRECTION('center_axis',(0.,1.,0.));
#15117=DIRECTION('ref_axis',(1.,0.,0.));
#15118=DIRECTION('',(0.,0.,-1.));
#15119=DIRECTION('',(1.,0.,0.));
#15120=DIRECTION('',(0.,0.,-1.));
#15121=DIRECTION('center_axis',(-1.,0.,0.));
#15122=DIRECTION('ref_axis',(0.,1.,0.));
#15123=DIRECTION('',(0.,0.,-1.));
#15124=DIRECTION('',(0.,1.,0.));
#15125=DIRECTION('center_axis',(-1.,0.,0.));
#15126=DIRECTION('ref_axis',(0.,1.,0.));
#15127=DIRECTION('',(0.,0.,-1.));
#15128=DIRECTION('',(0.,1.,0.));
#15129=DIRECTION('',(0.,0.,-1.));
#15130=DIRECTION('center_axis',(-3.37590337520925E-15,1.,0.));
#15131=DIRECTION('ref_axis',(1.,3.37590337520925E-15,0.));
#15132=DIRECTION('',(0.,0.,-1.));
#15133=DIRECTION('',(1.,3.37590337520925E-15,0.));
#15134=DIRECTION('',(0.,0.,-1.));
#15135=DIRECTION('center_axis',(0.,-1.,0.));
#15136=DIRECTION('ref_axis',(-1.,0.,0.));
#15137=DIRECTION('',(0.,0.,-1.));
#15138=DIRECTION('',(-1.,0.,0.));
#15139=DIRECTION('center_axis',(0.,1.,0.));
#15140=DIRECTION('ref_axis',(1.,0.,0.));
#15141=DIRECTION('',(0.,0.,-1.));
#15142=DIRECTION('',(1.,0.,0.));
#15143=DIRECTION('',(0.,0.,-1.));
#15144=DIRECTION('center_axis',(-1.,0.,0.));
#15145=DIRECTION('ref_axis',(0.,1.,0.));
#15146=DIRECTION('',(0.,0.,-1.));
#15147=DIRECTION('',(0.,1.,0.));
#15148=DIRECTION('center_axis',(-3.37590337520925E-15,-1.,0.));
#15149=DIRECTION('ref_axis',(-1.,3.37590337520925E-15,0.));
#15150=DIRECTION('',(0.,0.,-1.));
#15151=DIRECTION('',(-1.,3.37590337520925E-15,0.));
#15152=DIRECTION('',(0.,0.,-1.));
#15153=DIRECTION('center_axis',(1.,0.,0.));
#15154=DIRECTION('ref_axis',(0.,-1.,0.));
#15155=DIRECTION('',(0.,0.,-1.));
#15156=DIRECTION('',(0.,-1.,0.));
#15157=DIRECTION('center_axis',(1.,0.,0.));
#15158=DIRECTION('ref_axis',(0.,-1.,0.));
#15159=DIRECTION('',(0.,0.,-1.));
#15160=DIRECTION('',(0.,-1.,0.));
#15161=DIRECTION('',(0.,0.,-1.));
#15162=DIRECTION('center_axis',(0.,1.,0.));
#15163=DIRECTION('ref_axis',(1.,0.,0.));
#15164=DIRECTION('',(0.,0.,-1.));
#15165=DIRECTION('',(1.,0.,0.));
#15166=DIRECTION('center_axis',(0.,-1.,0.));
#15167=DIRECTION('ref_axis',(-1.,0.,0.));
#15168=DIRECTION('',(0.,0.,-1.));
#15169=DIRECTION('',(-1.,0.,0.));
#15170=DIRECTION('',(0.,0.,-1.));
#15171=DIRECTION('center_axis',(1.,0.,0.));
#15172=DIRECTION('ref_axis',(0.,-1.,0.));
#15173=DIRECTION('',(0.,0.,-1.));
#15174=DIRECTION('',(0.,-1.,0.));
#15175=DIRECTION('center_axis',(-3.37590337520925E-15,-1.,0.));
#15176=DIRECTION('ref_axis',(-1.,3.37590337520925E-15,0.));
#15177=DIRECTION('',(0.,0.,-1.));
#15178=DIRECTION('',(-1.,3.37590337520925E-15,0.));
#15179=DIRECTION('',(0.,0.,-1.));
#15180=DIRECTION('center_axis',(1.,0.,0.));
#15181=DIRECTION('ref_axis',(0.,-1.,0.));
#15182=DIRECTION('',(0.,0.,-1.));
#15183=DIRECTION('',(0.,-1.,0.));
#15184=DIRECTION('center_axis',(-3.37590337520925E-15,-1.,0.));
#15185=DIRECTION('ref_axis',(-1.,3.37590337520925E-15,0.));
#15186=DIRECTION('',(0.,0.,-1.));
#15187=DIRECTION('',(-1.,3.37590337520925E-15,0.));
#15188=DIRECTION('',(0.,0.,-1.));
#15189=DIRECTION('center_axis',(1.,0.,0.));
#15190=DIRECTION('ref_axis',(0.,-1.,0.));
#15191=DIRECTION('',(0.,0.,-1.));
#15192=DIRECTION('',(0.,-1.,0.));
#15193=DIRECTION('center_axis',(0.,1.,0.));
#15194=DIRECTION('ref_axis',(1.,0.,0.));
#15195=DIRECTION('',(0.,0.,-1.));
#15196=DIRECTION('',(1.,0.,0.));
#15197=DIRECTION('',(0.,0.,-1.));
#15198=DIRECTION('center_axis',(1.,0.,0.));
#15199=DIRECTION('ref_axis',(0.,-1.,0.));
#15200=DIRECTION('',(0.,0.,-1.));
#15201=DIRECTION('',(0.,-1.,0.));
#15202=DIRECTION('',(0.,0.,-1.));
#15203=DIRECTION('center_axis',(-1.,0.,0.));
#15204=DIRECTION('ref_axis',(0.,1.,0.));
#15205=DIRECTION('',(0.,0.,-1.));
#15206=DIRECTION('',(0.,1.,0.));
#15207=DIRECTION('center_axis',(-1.,0.,0.));
#15208=DIRECTION('ref_axis',(0.,1.,0.));
#15209=DIRECTION('',(0.,0.,-1.));
#15210=DIRECTION('',(0.,1.,0.));
#15211=DIRECTION('',(0.,0.,-1.));
#15212=DIRECTION('center_axis',(0.,-1.,0.));
#15213=DIRECTION('ref_axis',(-1.,0.,0.));
#15214=DIRECTION('',(0.,0.,-1.));
#15215=DIRECTION('',(-1.,0.,0.));
#15216=DIRECTION('center_axis',(1.68795168760462E-15,-1.,0.));
#15217=DIRECTION('ref_axis',(-1.,-1.68795168760462E-15,0.));
#15218=DIRECTION('',(0.,0.,-1.));
#15219=DIRECTION('',(-1.,-1.68795168760462E-15,0.));
#15220=DIRECTION('',(0.,0.,-1.));
#15221=DIRECTION('center_axis',(1.,0.,0.));
#15222=DIRECTION('ref_axis',(0.,-1.,0.));
#15223=DIRECTION('',(0.,0.,-1.));
#15224=DIRECTION('',(0.,-1.,0.));
#15225=DIRECTION('center_axis',(1.,0.,0.));
#15226=DIRECTION('ref_axis',(0.,-1.,0.));
#15227=DIRECTION('',(0.,0.,-1.));
#15228=DIRECTION('',(0.,-1.,0.));
#15229=DIRECTION('',(0.,0.,-1.));
#15230=DIRECTION('center_axis',(-1.,0.,0.));
#15231=DIRECTION('ref_axis',(0.,1.,0.));
#15232=DIRECTION('',(0.,0.,-1.));
#15233=DIRECTION('',(0.,1.,0.));
#15234=DIRECTION('',(0.,0.,-1.));
#15235=DIRECTION('center_axis',(-6.75180675041849E-15,-1.,0.));
#15236=DIRECTION('ref_axis',(-1.,6.75180675041849E-15,0.));
#15237=DIRECTION('',(0.,0.,-1.));
#15238=DIRECTION('',(-1.,6.75180675041849E-15,0.));
#15239=DIRECTION('center_axis',(0.,-1.,0.));
#15240=DIRECTION('ref_axis',(-1.,0.,0.));
#15241=DIRECTION('',(0.,0.,-1.));
#15242=DIRECTION('',(-1.,0.,0.));
#15243=DIRECTION('',(0.,0.,-1.));
#15244=DIRECTION('center_axis',(1.,0.,0.));
#15245=DIRECTION('ref_axis',(0.,-1.,0.));
#15246=DIRECTION('',(0.,0.,-1.));
#15247=DIRECTION('',(0.,-1.,0.));
#15248=DIRECTION('center_axis',(-1.,0.,0.));
#15249=DIRECTION('ref_axis',(0.,1.,0.));
#15250=DIRECTION('',(0.,0.,-1.));
#15251=DIRECTION('',(0.,1.,0.));
#15252=DIRECTION('',(0.,0.,-1.));
#15253=DIRECTION('center_axis',(0.,-1.,0.));
#15254=DIRECTION('ref_axis',(-1.,0.,0.));
#15255=DIRECTION('',(0.,0.,-1.));
#15256=DIRECTION('',(-1.,0.,0.));
#15257=DIRECTION('center_axis',(0.,-1.,0.));
#15258=DIRECTION('ref_axis',(-1.,0.,0.));
#15259=DIRECTION('',(0.,0.,-1.));
#15260=DIRECTION('',(-1.,0.,0.));
#15261=DIRECTION('',(0.,0.,-1.));
#15262=DIRECTION('center_axis',(1.,0.,0.));
#15263=DIRECTION('ref_axis',(0.,-1.,0.));
#15264=DIRECTION('',(0.,0.,-1.));
#15265=DIRECTION('',(0.,-1.,0.));
#15266=DIRECTION('center_axis',(-3.37590337520925E-15,-1.,0.));
#15267=DIRECTION('ref_axis',(-1.,3.37590337520925E-15,0.));
#15268=DIRECTION('',(0.,0.,-1.));
#15269=DIRECTION('',(-1.,3.37590337520925E-15,0.));
#15270=DIRECTION('',(0.,0.,-1.));
#15271=DIRECTION('center_axis',(1.,-1.3503613500837E-14,0.));
#15272=DIRECTION('ref_axis',(-1.3503613500837E-14,-1.,0.));
#15273=DIRECTION('',(0.,0.,-1.));
#15274=DIRECTION('',(-1.3503613500837E-14,-1.,0.));
#15275=DIRECTION('center_axis',(1.,0.,0.));
#15276=DIRECTION('ref_axis',(0.,-1.,0.));
#15277=DIRECTION('',(0.,0.,-1.));
#15278=DIRECTION('',(0.,-1.,0.));
#15279=DIRECTION('',(0.,0.,-1.));
#15280=DIRECTION('center_axis',(-1.,0.,0.));
#15281=DIRECTION('ref_axis',(0.,1.,0.));
#15282=DIRECTION('',(0.,0.,-1.));
#15283=DIRECTION('',(0.,1.,0.));
#15284=DIRECTION('',(0.,0.,-1.));
#15285=DIRECTION('center_axis',(0.,-1.,0.));
#15286=DIRECTION('ref_axis',(-1.,0.,0.));
#15287=DIRECTION('',(0.,0.,-1.));
#15288=DIRECTION('',(-1.,0.,0.));
#15289=DIRECTION('center_axis',(0.,1.,0.));
#15290=DIRECTION('ref_axis',(1.,0.,0.));
#15291=DIRECTION('',(0.,0.,-1.));
#15292=DIRECTION('',(1.,0.,0.));
#15293=DIRECTION('center_axis',(0.,-1.,0.));
#15294=DIRECTION('ref_axis',(-1.,0.,0.));
#15295=DIRECTION('',(0.,0.,-1.));
#15296=DIRECTION('',(-1.,0.,0.));
#15297=DIRECTION('',(0.,0.,-1.));
#15298=DIRECTION('center_axis',(1.,0.,0.));
#15299=DIRECTION('ref_axis',(0.,-1.,0.));
#15300=DIRECTION('',(0.,0.,-1.));
#15301=DIRECTION('',(0.,-1.,0.));
#15302=DIRECTION('center_axis',(1.,-1.3503613500837E-14,0.));
#15303=DIRECTION('ref_axis',(-1.3503613500837E-14,-1.,0.));
#15304=DIRECTION('',(0.,0.,-1.));
#15305=DIRECTION('',(-1.3503613500837E-14,-1.,0.));
#15306=DIRECTION('',(0.,0.,-1.));
#15307=DIRECTION('center_axis',(-3.37590337520925E-15,1.,0.));
#15308=DIRECTION('ref_axis',(1.,3.37590337520925E-15,0.));
#15309=DIRECTION('',(0.,0.,-1.));
#15310=DIRECTION('',(1.,3.37590337520925E-15,0.));
#15311=DIRECTION('center_axis',(-3.37590337520925E-15,-1.,0.));
#15312=DIRECTION('ref_axis',(-1.,3.37590337520925E-15,0.));
#15313=DIRECTION('',(0.,0.,-1.));
#15314=DIRECTION('',(-1.,3.37590337520925E-15,0.));
#15315=DIRECTION('',(0.,0.,-1.));
#15316=DIRECTION('center_axis',(1.,0.,0.));
#15317=DIRECTION('ref_axis',(0.,-1.,0.));
#15318=DIRECTION('',(0.,0.,-1.));
#15319=DIRECTION('',(0.,-1.,0.));
#15320=DIRECTION('center_axis',(0.,-1.,0.));
#15321=DIRECTION('ref_axis',(-1.,0.,0.));
#15322=DIRECTION('',(0.,0.,-1.));
#15323=DIRECTION('',(-1.,0.,0.));
#15324=DIRECTION('',(0.,0.,-1.));
#15325=DIRECTION('center_axis',(1.,0.,0.));
#15326=DIRECTION('ref_axis',(0.,-1.,0.));
#15327=DIRECTION('',(0.,0.,-1.));
#15328=DIRECTION('',(0.,-1.,0.));
#15329=DIRECTION('center_axis',(0.,-1.,0.));
#15330=DIRECTION('ref_axis',(-1.,0.,0.));
#15331=DIRECTION('',(0.,0.,-1.));
#15332=DIRECTION('',(-1.,0.,0.));
#15333=DIRECTION('',(0.,0.,-1.));
#15334=DIRECTION('center_axis',(1.,0.,0.));
#15335=DIRECTION('ref_axis',(0.,-1.,0.));
#15336=DIRECTION('',(0.,0.,-1.));
#15337=DIRECTION('',(0.,-1.,0.));
#15338=DIRECTION('center_axis',(0.,1.,0.));
#15339=DIRECTION('ref_axis',(1.,0.,0.));
#15340=DIRECTION('',(0.,0.,-1.));
#15341=DIRECTION('',(1.,0.,0.));
#15342=DIRECTION('center_axis',(-1.,0.,0.));
#15343=DIRECTION('ref_axis',(0.,1.,0.));
#15344=DIRECTION('',(0.,1.,0.));
#15345=DIRECTION('center_axis',(0.,0.,-1.));
#15346=DIRECTION('ref_axis',(-1.,0.,0.));
#15347=DIRECTION('center_axis',(0.,1.,0.));
#15348=DIRECTION('ref_axis',(1.,0.,0.));
#15349=DIRECTION('',(0.,0.,-1.));
#15350=DIRECTION('',(1.,0.,0.));
#15351=DIRECTION('center_axis',(-1.,1.3503613500837E-14,0.));
#15352=DIRECTION('ref_axis',(1.3503613500837E-14,1.,0.));
#15353=DIRECTION('',(1.3503613500837E-14,1.,0.));
#15354=DIRECTION('center_axis',(0.,0.,-1.));
#15355=DIRECTION('ref_axis',(-1.,0.,0.));
#15356=DIRECTION('center_axis',(0.,1.,0.));
#15357=DIRECTION('ref_axis',(1.,0.,0.));
#15358=DIRECTION('',(0.,0.,-1.));
#15359=DIRECTION('',(1.,0.,0.));
#15360=DIRECTION('center_axis',(-1.,0.,0.));
#15361=DIRECTION('ref_axis',(0.,1.,0.));
#15362=DIRECTION('',(0.,1.,0.));
#15363=DIRECTION('center_axis',(0.,0.,-1.));
#15364=DIRECTION('ref_axis',(-1.,0.,0.));
#15365=DIRECTION('center_axis',(0.,1.,0.));
#15366=DIRECTION('ref_axis',(1.,0.,0.));
#15367=DIRECTION('',(0.,0.,-1.));
#15368=DIRECTION('',(1.,0.,0.));
#15369=DIRECTION('center_axis',(-1.,0.,0.));
#15370=DIRECTION('ref_axis',(0.,1.,0.));
#15371=DIRECTION('',(0.,1.,0.));
#15372=DIRECTION('center_axis',(0.,0.,-1.));
#15373=DIRECTION('ref_axis',(-1.,0.,0.));
#15374=DIRECTION('center_axis',(0.,-1.,0.));
#15375=DIRECTION('ref_axis',(-1.,0.,0.));
#15376=DIRECTION('',(-1.,0.,0.));
#15377=DIRECTION('',(0.,0.,-1.));
#15378=DIRECTION('center_axis',(-1.,1.3503613500837E-14,0.));
#15379=DIRECTION('ref_axis',(1.3503613500837E-14,1.,0.));
#15380=DIRECTION('',(1.3503613500837E-14,1.,0.));
#15381=DIRECTION('center_axis',(0.,0.,-1.));
#15382=DIRECTION('ref_axis',(-1.,0.,0.));
#15383=DIRECTION('center_axis',(0.,1.,0.));
#15384=DIRECTION('ref_axis',(1.,0.,0.));
#15385=DIRECTION('',(0.,0.,-1.));
#15386=DIRECTION('',(1.,0.,0.));
#15387=DIRECTION('',(0.,0.,-1.));
#15388=DIRECTION('center_axis',(-1.,0.,0.));
#15389=DIRECTION('ref_axis',(0.,1.,0.));
#15390=DIRECTION('',(0.,1.,0.));
#15391=DIRECTION('center_axis',(0.,0.,-1.));
#15392=DIRECTION('ref_axis',(-1.,0.,0.));
#15393=DIRECTION('center_axis',(1.,0.,0.));
#15394=DIRECTION('ref_axis',(0.,-1.,0.));
#15395=DIRECTION('',(0.,0.,-1.));
#15396=DIRECTION('',(0.,-1.,0.));
#15397=DIRECTION('center_axis',(0.,1.,0.));
#15398=DIRECTION('ref_axis',(1.,0.,0.));
#15399=DIRECTION('',(1.,0.,0.));
#15400=DIRECTION('center_axis',(0.,0.,-1.));
#15401=DIRECTION('ref_axis',(-1.,0.,0.));
#15402=DIRECTION('center_axis',(0.,-1.,0.));
#15403=DIRECTION('ref_axis',(-1.,0.,0.));
#15404=DIRECTION('',(-1.,0.,0.));
#15405=DIRECTION('center_axis',(0.,1.,0.));
#15406=DIRECTION('ref_axis',(1.,0.,0.));
#15407=DIRECTION('',(0.,0.,-1.));
#15408=DIRECTION('',(1.,0.,0.));
#15409=DIRECTION('center_axis',(-1.,0.,0.));
#15410=DIRECTION('ref_axis',(0.,1.,0.));
#15411=DIRECTION('',(0.,1.,0.));
#15412=DIRECTION('center_axis',(0.,0.,-1.));
#15413=DIRECTION('ref_axis',(-1.,0.,0.));
#15414=DIRECTION('center_axis',(0.,-1.,0.));
#15415=DIRECTION('ref_axis',(-1.,0.,0.));
#15416=DIRECTION('',(0.,0.,-1.));
#15417=DIRECTION('',(-1.,0.,0.));
#15418=DIRECTION('center_axis',(1.,0.,0.));
#15419=DIRECTION('ref_axis',(0.,-1.,0.));
#15420=DIRECTION('',(0.,-1.,0.));
#15421=DIRECTION('center_axis',(0.,0.,-1.));
#15422=DIRECTION('ref_axis',(-1.,0.,0.));
#15423=DIRECTION('center_axis',(0.,-1.,0.));
#15424=DIRECTION('ref_axis',(-1.,0.,0.));
#15425=DIRECTION('',(0.,0.,-1.));
#15426=DIRECTION('',(-1.,0.,0.));
#15427=DIRECTION('',(0.,0.,-1.));
#15428=DIRECTION('center_axis',(1.,0.,0.));
#15429=DIRECTION('ref_axis',(0.,-1.,0.));
#15430=DIRECTION('',(0.,-1.,0.));
#15431=DIRECTION('center_axis',(0.,0.,-1.));
#15432=DIRECTION('ref_axis',(-1.,0.,0.));
#15433=DIRECTION('center_axis',(1.,0.,0.));
#15434=DIRECTION('ref_axis',(0.,-1.,0.));
#15435=DIRECTION('',(0.,-1.,0.));
#15436=DIRECTION('center_axis',(0.,0.,-1.));
#15437=DIRECTION('ref_axis',(-1.,0.,0.));
#15438=DIRECTION('center_axis',(1.,0.,0.));
#15439=DIRECTION('ref_axis',(0.,-1.,0.));
#15440=DIRECTION('',(0.,0.,-1.));
#15441=DIRECTION('',(0.,-1.,0.));
#15442=DIRECTION('center_axis',(0.,1.,0.));
#15443=DIRECTION('ref_axis',(1.,0.,0.));
#15444=DIRECTION('',(1.,0.,0.));
#15445=DIRECTION('center_axis',(0.,0.,-1.));
#15446=DIRECTION('ref_axis',(-1.,0.,0.));
#15447=DIRECTION('center_axis',(0.,-1.,0.));
#15448=DIRECTION('ref_axis',(-1.,0.,0.));
#15449=DIRECTION('',(-1.,0.,0.));
#15450=DIRECTION('',(0.,0.,-1.));
#15451=DIRECTION('center_axis',(0.,1.,0.));
#15452=DIRECTION('ref_axis',(1.,0.,0.));
#15453=DIRECTION('',(0.,0.,-1.));
#15454=DIRECTION('',(1.,0.,0.));
#15455=DIRECTION('center_axis',(-1.,0.,0.));
#15456=DIRECTION('ref_axis',(0.,1.,0.));
#15457=DIRECTION('',(0.,1.,0.));
#15458=DIRECTION('center_axis',(0.,0.,-1.));
#15459=DIRECTION('ref_axis',(-1.,0.,0.));
#15460=DIRECTION('center_axis',(0.,1.,0.));
#15461=DIRECTION('ref_axis',(1.,0.,0.));
#15462=DIRECTION('',(0.,0.,-1.));
#15463=DIRECTION('',(1.,0.,0.));
#15464=DIRECTION('center_axis',(-1.,0.,0.));
#15465=DIRECTION('ref_axis',(0.,1.,0.));
#15466=DIRECTION('',(0.,1.,0.));
#15467=DIRECTION('center_axis',(0.,0.,-1.));
#15468=DIRECTION('ref_axis',(-1.,0.,0.));
#15469=DIRECTION('center_axis',(1.,0.,0.));
#15470=DIRECTION('ref_axis',(0.,-1.,0.));
#15471=DIRECTION('',(0.,0.,-1.));
#15472=DIRECTION('',(0.,-1.,0.));
#15473=DIRECTION('center_axis',(0.,1.,0.));
#15474=DIRECTION('ref_axis',(1.,0.,0.));
#15475=DIRECTION('',(1.,0.,0.));
#15476=DIRECTION('center_axis',(0.,0.,-1.));
#15477=DIRECTION('ref_axis',(-1.,0.,0.));
#15478=DIRECTION('center_axis',(1.68795168760462E-15,-1.,0.));
#15479=DIRECTION('ref_axis',(-1.,-1.68795168760462E-15,0.));
#15480=DIRECTION('',(-1.,-1.68795168760462E-15,0.));
#15481=DIRECTION('',(0.,0.,-1.));
#15482=DIRECTION('center_axis',(-1.,0.,0.));
#15483=DIRECTION('ref_axis',(0.,1.,0.));
#15484=DIRECTION('',(0.,1.,0.));
#15485=DIRECTION('center_axis',(0.,0.,-1.));
#15486=DIRECTION('ref_axis',(-1.,0.,0.));
#15487=DIRECTION('center_axis',(0.,1.,0.));
#15488=DIRECTION('ref_axis',(1.,0.,0.));
#15489=DIRECTION('',(0.,0.,-1.));
#15490=DIRECTION('',(1.,0.,0.));
#15491=DIRECTION('center_axis',(-1.,0.,0.));
#15492=DIRECTION('ref_axis',(0.,1.,0.));
#15493=DIRECTION('',(0.,1.,0.));
#15494=DIRECTION('center_axis',(0.,0.,-1.));
#15495=DIRECTION('ref_axis',(-1.,0.,0.));
#15496=DIRECTION('center_axis',(1.,0.,0.));
#15497=DIRECTION('ref_axis',(0.,-1.,0.));
#15498=DIRECTION('',(0.,0.,-1.));
#15499=DIRECTION('',(0.,-1.,0.));
#15500=DIRECTION('center_axis',(0.,1.,0.));
#15501=DIRECTION('ref_axis',(1.,0.,0.));
#15502=DIRECTION('',(1.,0.,0.));
#15503=DIRECTION('center_axis',(0.,0.,-1.));
#15504=DIRECTION('ref_axis',(-1.,0.,0.));
#15505=DIRECTION('center_axis',(-3.37590337520925E-15,-1.,0.));
#15506=DIRECTION('ref_axis',(-1.,3.37590337520925E-15,0.));
#15507=DIRECTION('',(0.,0.,-1.));
#15508=DIRECTION('',(-1.,3.37590337520925E-15,0.));
#15509=DIRECTION('center_axis',(1.,0.,0.));
#15510=DIRECTION('ref_axis',(0.,-1.,0.));
#15511=DIRECTION('',(0.,-1.,0.));
#15512=DIRECTION('center_axis',(0.,0.,-1.));
#15513=DIRECTION('ref_axis',(-1.,0.,0.));
#15514=DIRECTION('center_axis',(0.,-1.,0.));
#15515=DIRECTION('ref_axis',(-1.,0.,0.));
#15516=DIRECTION('',(0.,0.,-1.));
#15517=DIRECTION('',(-1.,0.,0.));
#15518=DIRECTION('',(0.,0.,-1.));
#15519=DIRECTION('center_axis',(1.,-1.3503613500837E-14,0.));
#15520=DIRECTION('ref_axis',(-1.3503613500837E-14,-1.,0.));
#15521=DIRECTION('',(-1.3503613500837E-14,-1.,0.));
#15522=DIRECTION('center_axis',(-1.,1.3503613500837E-14,0.));
#15523=DIRECTION('ref_axis',(1.3503613500837E-14,1.,0.));
#15524=DIRECTION('',(1.3503613500837E-14,1.,0.));
#15525=DIRECTION('center_axis',(0.,0.,-1.));
#15526=DIRECTION('ref_axis',(-1.,0.,0.));
#15527=DIRECTION('center_axis',(0.,-1.,0.));
#15528=DIRECTION('ref_axis',(-1.,0.,0.));
#15529=DIRECTION('',(0.,0.,-1.));
#15530=DIRECTION('',(-1.,0.,0.));
#15531=DIRECTION('',(0.,0.,-1.));
#15532=DIRECTION('center_axis',(1.,0.,0.));
#15533=DIRECTION('ref_axis',(0.,-1.,0.));
#15534=DIRECTION('',(0.,-1.,0.));
#15535=DIRECTION('center_axis',(0.,0.,-1.));
#15536=DIRECTION('ref_axis',(-1.,0.,0.));
#15537=DIRECTION('center_axis',(1.,0.,0.));
#15538=DIRECTION('ref_axis',(0.,-1.,0.));
#15539=DIRECTION('',(0.,-1.,0.));
#15540=DIRECTION('center_axis',(0.,1.,0.));
#15541=DIRECTION('ref_axis',(1.,0.,0.));
#15542=DIRECTION('',(1.,0.,0.));
#15543=DIRECTION('center_axis',(0.,0.,-1.));
#15544=DIRECTION('ref_axis',(-1.,0.,0.));
#15545=DIRECTION('center_axis',(0.,-1.,0.));
#15546=DIRECTION('ref_axis',(-1.,0.,0.));
#15547=DIRECTION('',(-1.,0.,0.));
#15548=DIRECTION('center_axis',(-1.,0.,0.));
#15549=DIRECTION('ref_axis',(0.,1.,0.));
#15550=DIRECTION('',(0.,0.,-1.));
#15551=DIRECTION('',(0.,1.,0.));
#15552=DIRECTION('center_axis',(0.,0.,-1.));
#15553=DIRECTION('ref_axis',(-1.,0.,0.));
#15554=DIRECTION('center_axis',(0.,1.,0.));
#15555=DIRECTION('ref_axis',(1.,0.,0.));
#15556=DIRECTION('',(0.,0.,-1.));
#15557=DIRECTION('',(1.,0.,0.));
#15558=DIRECTION('center_axis',(-1.,0.,0.));
#15559=DIRECTION('ref_axis',(0.,1.,0.));
#15560=DIRECTION('',(0.,1.,0.));
#15561=DIRECTION('center_axis',(0.,0.,-1.));
#15562=DIRECTION('ref_axis',(-1.,0.,0.));
#15563=DIRECTION('center_axis',(0.,1.,0.));
#15564=DIRECTION('ref_axis',(1.,0.,0.));
#15565=DIRECTION('',(0.,0.,-1.));
#15566=DIRECTION('',(1.,0.,0.));
#15567=DIRECTION('center_axis',(-1.,0.,0.));
#15568=DIRECTION('ref_axis',(0.,1.,0.));
#15569=DIRECTION('',(0.,1.,0.));
#15570=DIRECTION('center_axis',(0.,0.,-1.));
#15571=DIRECTION('ref_axis',(-1.,0.,0.));
#15572=DIRECTION('center_axis',(0.,1.,0.));
#15573=DIRECTION('ref_axis',(1.,0.,0.));
#15574=DIRECTION('',(0.,0.,-1.));
#15575=DIRECTION('',(1.,0.,0.));
#15576=DIRECTION('center_axis',(-1.,0.,0.));
#15577=DIRECTION('ref_axis',(0.,1.,0.));
#15578=DIRECTION('',(0.,1.,0.));
#15579=DIRECTION('center_axis',(0.,0.,-1.));
#15580=DIRECTION('ref_axis',(-1.,0.,0.));
#15581=DIRECTION('center_axis',(0.,1.,0.));
#15582=DIRECTION('ref_axis',(1.,0.,0.));
#15583=DIRECTION('',(0.,0.,-1.));
#15584=DIRECTION('',(1.,0.,0.));
#15585=DIRECTION('center_axis',(-1.,0.,0.));
#15586=DIRECTION('ref_axis',(0.,1.,0.));
#15587=DIRECTION('',(0.,1.,0.));
#15588=DIRECTION('center_axis',(0.,0.,-1.));
#15589=DIRECTION('ref_axis',(-1.,0.,0.));
#15590=DIRECTION('center_axis',(-1.,0.,0.));
#15591=DIRECTION('ref_axis',(0.,1.,0.));
#15592=DIRECTION('',(0.,1.,0.));
#15593=DIRECTION('center_axis',(0.,0.,-1.));
#15594=DIRECTION('ref_axis',(-1.,0.,0.));
#15595=DIRECTION('center_axis',(0.,1.,0.));
#15596=DIRECTION('ref_axis',(1.,0.,0.));
#15597=DIRECTION('',(0.,0.,-1.));
#15598=DIRECTION('',(1.,0.,0.));
#15599=DIRECTION('center_axis',(-1.,0.,0.));
#15600=DIRECTION('ref_axis',(0.,1.,0.));
#15601=DIRECTION('',(0.,1.,0.));
#15602=DIRECTION('center_axis',(0.,0.,-1.));
#15603=DIRECTION('ref_axis',(-1.,0.,0.));
#15604=DIRECTION('center_axis',(0.,-1.,0.));
#15605=DIRECTION('ref_axis',(-1.,0.,0.));
#15606=DIRECTION('',(0.,0.,-1.));
#15607=DIRECTION('',(0.,0.,-1.));
#15608=DIRECTION('center_axis',(1.,0.,0.));
#15609=DIRECTION('ref_axis',(0.,-1.,0.));
#15610=DIRECTION('',(0.,0.,1.));
#15611=DIRECTION('center_axis',(0.,1.,0.));
#15612=DIRECTION('ref_axis',(1.,0.,0.));
#15613=DIRECTION('',(0.,0.,1.));
#15614=DIRECTION('center_axis',(-1.,0.,0.));
#15615=DIRECTION('ref_axis',(0.,1.,0.));
#15616=DIRECTION('center_axis',(0.,-1.,0.));
#15617=DIRECTION('ref_axis',(1.,0.,0.));
#15618=DIRECTION('center_axis',(-1.11022302462516E-15,-1.,0.));
#15619=DIRECTION('ref_axis',(1.,-1.11022302462516E-15,0.));
#15620=DIRECTION('',(0.,0.,1.));
#15621=DIRECTION('center_axis',(-1.,0.,0.));
#15622=DIRECTION('ref_axis',(0.,-1.,0.));
#15623=DIRECTION('',(0.,0.,1.));
#15624=DIRECTION('center_axis',(0.,-1.,0.));
#15625=DIRECTION('ref_axis',(1.,0.,0.));
#15626=DIRECTION('',(0.,0.,1.));
#15627=DIRECTION('center_axis',(1.,0.,0.));
#15628=DIRECTION('ref_axis',(0.,1.,0.));
#15629=DIRECTION('',(0.,0.,1.));
#15630=DIRECTION('center_axis',(0.,-1.,0.));
#15631=DIRECTION('ref_axis',(1.,0.,0.));
#15632=DIRECTION('',(0.,0.,1.));
#15633=DIRECTION('center_axis',(1.,0.,0.));
#15634=DIRECTION('ref_axis',(0.,1.,0.));
#15635=DIRECTION('',(0.,0.,1.));
#15636=DIRECTION('center_axis',(0.,1.,0.));
#15637=DIRECTION('ref_axis',(-1.,0.,0.));
#15638=DIRECTION('',(0.,0.,1.));
#15639=DIRECTION('center_axis',(1.,0.,0.));
#15640=DIRECTION('ref_axis',(0.,1.,0.));
#15641=DIRECTION('',(0.,0.,1.));
#15642=DIRECTION('center_axis',(4.73875681242445E-17,1.,0.));
#15643=DIRECTION('ref_axis',(-1.,4.73875681242445E-17,0.));
#15644=DIRECTION('',(0.,0.,1.));
#15645=DIRECTION('center_axis',(-1.,0.,0.));
#15646=DIRECTION('ref_axis',(0.,-1.,0.));
#15647=DIRECTION('',(0.,0.,1.));
#15648=DIRECTION('center_axis',(0.,1.,0.));
#15649=DIRECTION('ref_axis',(-1.,0.,0.));
#15650=DIRECTION('',(0.,0.,1.));
#15651=DIRECTION('center_axis',(-1.,0.,0.));
#15652=DIRECTION('ref_axis',(0.,-1.,0.));
#15653=CARTESIAN_POINT('',(0.,0.,0.));
#15654=CARTESIAN_POINT('Origin',(14.4356914657154,19.196516886907,0.));
#15655=CARTESIAN_POINT('',(14.4356914657154,19.196516886907,0.));
#15656=CARTESIAN_POINT('',(14.4356914657154,18.2966749003681,0.));
#15657=CARTESIAN_POINT('',(14.4356914657154,18.8482584434536,0.));
#15658=CARTESIAN_POINT('',(14.4356914657154,19.196516886907,0.3));
#15659=CARTESIAN_POINT('',(14.4356914657154,19.196516886907,0.));
#15660=CARTESIAN_POINT('',(14.4356914657154,18.2966749003681,0.3));
#15661=CARTESIAN_POINT('',(14.4356914657154,19.196516886907,0.3));
#15662=CARTESIAN_POINT('',(14.4356914657154,18.2966749003681,0.));
#15663=CARTESIAN_POINT('Origin',(11.7334833503656,19.196516886907,0.));
#15664=CARTESIAN_POINT('',(11.7334833503656,19.196516886907,0.));
#15665=CARTESIAN_POINT('',(28.3667416751828,19.196516886907,0.));
#15666=CARTESIAN_POINT('',(11.7334833503656,19.196516886907,0.3));
#15667=CARTESIAN_POINT('',(11.7334833503656,19.196516886907,0.));
#15668=CARTESIAN_POINT('',(11.7334833503656,19.196516886907,0.3));
#15669=CARTESIAN_POINT('Origin',(11.7334833503656,18.2966749003681,0.));
#15670=CARTESIAN_POINT('',(11.7334833503656,18.2966749003681,0.));
#15671=CARTESIAN_POINT('',(11.7334833503656,18.3983374501841,0.));
#15672=CARTESIAN_POINT('',(11.7334833503656,18.2966749003681,0.3));
#15673=CARTESIAN_POINT('',(11.7334833503656,18.2966749003681,0.));
#15674=CARTESIAN_POINT('',(11.7334833503656,18.2966749003681,0.3));
#15675=CARTESIAN_POINT('Origin',(14.4356914657154,18.2966749003681,0.));
#15676=CARTESIAN_POINT('',(29.7178457328577,18.2966749003681,0.));
#15677=CARTESIAN_POINT('',(14.4356914657154,18.2966749003681,0.3));
#15678=CARTESIAN_POINT('Origin',(14.4356914657154,16.4943087715572,0.));
#15679=CARTESIAN_POINT('',(14.4356914657154,16.4943087715572,0.));
#15680=CARTESIAN_POINT('',(10.8336397888675,16.4943087715572,0.));
#15681=CARTESIAN_POINT('',(29.7178457328577,16.4943087715572,0.));
#15682=CARTESIAN_POINT('',(14.4356914657154,16.4943087715572,0.3));
#15683=CARTESIAN_POINT('',(14.4356914657154,16.4943087715572,0.));
#15684=CARTESIAN_POINT('',(10.8336397888675,16.4943087715572,0.3));
#15685=CARTESIAN_POINT('',(14.4356914657154,16.4943087715572,0.3));
#15686=CARTESIAN_POINT('',(10.8336397888675,16.4943087715572,0.));
#15687=CARTESIAN_POINT('Origin',(14.4356914657154,17.3943570777678,0.));
#15688=CARTESIAN_POINT('',(14.4356914657154,17.3943570777678,0.));
#15689=CARTESIAN_POINT('',(14.4356914657154,17.9471785388839,0.));
#15690=CARTESIAN_POINT('',(14.4356914657154,17.3943570777678,0.3));
#15691=CARTESIAN_POINT('',(14.4356914657154,17.3943570777678,0.));
#15692=CARTESIAN_POINT('',(14.4356914657154,17.3943570777678,0.3));
#15693=CARTESIAN_POINT('Origin',(9.93379622736928,17.3943570777678,0.));
#15694=CARTESIAN_POINT('',(9.93379622736928,17.3943570777678,0.));
#15695=CARTESIAN_POINT('',(27.4668981136846,17.3943570777678,0.));
#15696=CARTESIAN_POINT('',(9.93379622736928,17.3943570777678,0.3));
#15697=CARTESIAN_POINT('',(9.93379622736928,17.3943570777678,0.));
#15698=CARTESIAN_POINT('',(9.93379622736928,17.3943570777678,0.3));
#15699=CARTESIAN_POINT('Origin',(9.93379622736928,19.196516886907,0.));
#15700=CARTESIAN_POINT('',(9.93379622736928,19.196516886907,0.));
#15701=CARTESIAN_POINT('',(9.93379622736928,18.8482584434535,0.));
#15702=CARTESIAN_POINT('',(9.93379622736928,19.196516886907,0.3));
#15703=CARTESIAN_POINT('',(9.93379622736928,19.196516886907,0.));
#15704=CARTESIAN_POINT('',(9.93379622736928,19.196516886907,0.3));
#15705=CARTESIAN_POINT('Origin',(10.8336397888675,19.196516886907,0.));
#15706=CARTESIAN_POINT('',(10.8336397888675,19.196516886907,0.));
#15707=CARTESIAN_POINT('',(27.9168198944337,19.196516886907,0.));
#15708=CARTESIAN_POINT('',(10.8336397888675,19.196516886907,0.3));
#15709=CARTESIAN_POINT('',(10.8336397888675,19.196516886907,0.));
#15710=CARTESIAN_POINT('',(10.8336397888675,19.196516886907,0.3));
#15711=CARTESIAN_POINT('Origin',(10.8336397888675,20.0965651931176,0.));
#15712=CARTESIAN_POINT('',(10.8336397888675,20.0965651931176,0.));
#15713=CARTESIAN_POINT('',(10.8336397888675,19.2982825965587,0.));
#15714=CARTESIAN_POINT('',(10.8336397888675,20.0965651931176,0.3));
#15715=CARTESIAN_POINT('',(10.8336397888675,20.0965651931176,0.));
#15716=CARTESIAN_POINT('',(10.8336397888675,20.0965651931176,0.3));
#15717=CARTESIAN_POINT('Origin',(15.338010863275,20.0965651931176,0.));
#15718=CARTESIAN_POINT('',(15.338010863275,20.0965651931176,0.));
#15719=CARTESIAN_POINT('',(30.1690054316375,20.0965651931176,0.));
#15720=CARTESIAN_POINT('',(15.338010863275,20.0965651931176,0.3));
#15721=CARTESIAN_POINT('',(15.338010863275,20.0965651931176,0.));
#15722=CARTESIAN_POINT('',(15.338010863275,20.0965651931176,0.3));
#15723=CARTESIAN_POINT('Origin',(15.338010863275,19.196516886907,0.));
#15724=CARTESIAN_POINT('',(15.338010863275,19.196516886907,0.));
#15725=CARTESIAN_POINT('',(15.338010863275,18.8482584434535,0.));
#15726=CARTESIAN_POINT('',(15.338010863275,19.196516886907,0.3));
#15727=CARTESIAN_POINT('',(15.338010863275,19.196516886907,0.));
#15728=CARTESIAN_POINT('',(15.338010863275,19.196516886907,0.3));
#15729=CARTESIAN_POINT('Origin',(16.238056019567,19.196516886907,0.));
#15730=CARTESIAN_POINT('',(16.238056019567,19.196516886907,0.));
#15731=CARTESIAN_POINT('',(30.6190280097835,19.196516886907,0.));
#15732=CARTESIAN_POINT('',(16.238056019567,19.196516886907,0.3));
#15733=CARTESIAN_POINT('',(16.238056019567,19.196516886907,0.));
#15734=CARTESIAN_POINT('',(16.238056019567,19.196516886907,0.3));
#15735=CARTESIAN_POINT('Origin',(16.238056019567,16.4943087715572,0.));
#15736=CARTESIAN_POINT('',(16.238056019567,16.4943087715572,0.));
#15737=CARTESIAN_POINT('',(16.238056019567,17.4971543857786,0.));
#15738=CARTESIAN_POINT('',(16.238056019567,16.4943087715572,0.3));
#15739=CARTESIAN_POINT('',(16.238056019567,16.4943087715572,0.));
#15740=CARTESIAN_POINT('',(16.238056019567,16.4943087715572,0.3));
#15741=CARTESIAN_POINT('Origin',(15.338010863275,16.4943087715572,0.));
#15742=CARTESIAN_POINT('',(15.338010863275,16.4943087715572,0.));
#15743=CARTESIAN_POINT('',(30.1690054316375,16.4943087715572,0.));
#15744=CARTESIAN_POINT('',(15.338010863275,16.4943087715572,0.3));
#15745=CARTESIAN_POINT('',(15.338010863275,16.4943087715572,0.));
#15746=CARTESIAN_POINT('',(15.338010863275,16.4943087715572,0.3));
#15747=CARTESIAN_POINT('Origin',(15.338010863275,15.5944667850183,0.));
#15748=CARTESIAN_POINT('',(15.338010863275,15.5944667850183,0.));
#15749=CARTESIAN_POINT('',(15.338010863275,17.0472333925092,0.));
#15750=CARTESIAN_POINT('',(15.338010863275,15.5944667850183,0.3));
#15751=CARTESIAN_POINT('',(15.338010863275,15.5944667850183,0.));
#15752=CARTESIAN_POINT('',(15.338010863275,15.5944667850183,0.3));
#15753=CARTESIAN_POINT('Origin',(10.8336397888675,15.5944667850183,0.));
#15754=CARTESIAN_POINT('',(10.8336397888675,15.5944667850183,0.));
#15755=CARTESIAN_POINT('',(27.9168198944337,15.5944667850184,0.));
#15756=CARTESIAN_POINT('',(10.8336397888675,15.5944667850183,0.3));
#15757=CARTESIAN_POINT('',(10.8336397888675,15.5944667850183,0.));
#15758=CARTESIAN_POINT('',(10.8336397888675,15.5944667850183,0.3));
#15759=CARTESIAN_POINT('Origin',(10.8336397888675,16.4943087715572,0.));
#15760=CARTESIAN_POINT('',(10.8336397888675,17.4971543857786,0.));
#15761=CARTESIAN_POINT('',(10.8336397888675,16.4943087715572,0.3));
#15762=CARTESIAN_POINT('Origin',(13.0859261234681,17.845515989068,0.3));
#15763=CARTESIAN_POINT('Origin',(49.1067452841383,16.4943087715572,0.));
#15764=CARTESIAN_POINT('',(49.1067452841383,16.4943087715572,0.));
#15765=CARTESIAN_POINT('',(47.3045823250805,16.4943087715572,0.));
#15766=CARTESIAN_POINT('',(47.0533726420692,16.4943087715572,0.));
#15767=CARTESIAN_POINT('',(49.1067452841383,16.4943087715572,0.3));
#15768=CARTESIAN_POINT('',(49.1067452841383,16.4943087715572,0.));
#15769=CARTESIAN_POINT('',(47.3045823250805,16.4943087715572,0.3));
#15770=CARTESIAN_POINT('',(49.1067452841383,16.4943087715572,0.3));
#15771=CARTESIAN_POINT('',(47.3045823250805,16.4943087715572,0.));
#15772=CARTESIAN_POINT('Origin',(49.1067452841383,19.196516886907,0.));
#15773=CARTESIAN_POINT('',(49.1067452841383,19.196516886907,0.));
#15774=CARTESIAN_POINT('',(49.1067452841383,18.8482584434535,0.));
#15775=CARTESIAN_POINT('',(49.1067452841383,19.196516886907,0.3));
#15776=CARTESIAN_POINT('',(49.1067452841383,19.196516886907,0.));
#15777=CARTESIAN_POINT('',(49.1067452841383,19.196516886907,0.3));
#15778=CARTESIAN_POINT('Origin',(47.3045823250805,19.196516886907,0.));
#15779=CARTESIAN_POINT('',(47.3045823250805,19.196516886907,0.));
#15780=CARTESIAN_POINT('',(46.1522911625403,19.196516886907,0.));
#15781=CARTESIAN_POINT('',(47.3045823250805,19.196516886907,0.3));
#15782=CARTESIAN_POINT('',(47.3045823250805,19.196516886907,0.));
#15783=CARTESIAN_POINT('',(47.3045823250805,19.196516886907,0.3));
#15784=CARTESIAN_POINT('Origin',(47.3045823250805,20.0965651931176,0.));
#15785=CARTESIAN_POINT('',(47.3045823250805,20.0965651931176,0.));
#15786=CARTESIAN_POINT('',(47.3045823250805,19.2982825965588,0.));
#15787=CARTESIAN_POINT('',(47.3045823250805,20.0965651931176,0.3));
#15788=CARTESIAN_POINT('',(47.3045823250805,20.0965651931176,0.));
#15789=CARTESIAN_POINT('',(47.3045823250805,20.0965651931176,0.3));
#15790=CARTESIAN_POINT('Origin',(49.1067452841383,20.0965651931176,0.));
#15791=CARTESIAN_POINT('',(49.1067452841383,20.0965651931176,0.));
#15792=CARTESIAN_POINT('',(47.0533726420692,20.0965651931176,0.));
#15793=CARTESIAN_POINT('',(49.1067452841383,20.0965651931176,0.3));
#15794=CARTESIAN_POINT('',(49.1067452841383,20.0965651931176,0.));
#15795=CARTESIAN_POINT('',(49.1067452841383,20.0965651931176,0.3));
#15796=CARTESIAN_POINT('Origin',(49.1067452841383,22.7986504616399,0.));
#15797=CARTESIAN_POINT('',(49.1067452841383,22.7986504616399,0.));
#15798=CARTESIAN_POINT('',(49.1067452841383,20.64932523082,0.));
#15799=CARTESIAN_POINT('',(49.1067452841383,22.7986504616399,0.3));
#15800=CARTESIAN_POINT('',(49.1067452841383,22.7986504616399,0.));
#15801=CARTESIAN_POINT('',(49.1067452841383,22.7986504616399,0.3));
#15802=CARTESIAN_POINT('Origin',(50.9091098379899,22.7986504616399,0.));
#15803=CARTESIAN_POINT('',(50.9091098379899,22.7986504616399,0.));
#15804=CARTESIAN_POINT('',(47.9545549189949,22.7986504616399,0.));
#15805=CARTESIAN_POINT('',(50.9091098379899,22.7986504616399,0.3));
#15806=CARTESIAN_POINT('',(50.9091098379899,22.7986504616399,0.));
#15807=CARTESIAN_POINT('',(50.9091098379899,22.7986504616399,0.3));
#15808=CARTESIAN_POINT('Origin',(50.9091098379899,20.0965651931176,0.));
#15809=CARTESIAN_POINT('',(50.9091098379899,20.0965651931176,0.));
#15810=CARTESIAN_POINT('',(50.9091098379899,19.2982825965588,0.));
#15811=CARTESIAN_POINT('',(50.9091098379899,20.0965651931176,0.3));
#15812=CARTESIAN_POINT('',(50.9091098379899,20.0965651931176,0.));
#15813=CARTESIAN_POINT('',(50.9091098379899,20.0965651931176,0.3));
#15814=CARTESIAN_POINT('Origin',(51.8089533994881,20.0965651931176,0.));
#15815=CARTESIAN_POINT('',(51.8089533994881,20.0965651931176,0.));
#15816=CARTESIAN_POINT('',(48.404476699744,20.0965651931176,0.));
#15817=CARTESIAN_POINT('',(51.8089533994881,20.0965651931176,0.3));
#15818=CARTESIAN_POINT('',(51.8089533994881,20.0965651931176,0.));
#15819=CARTESIAN_POINT('',(51.8089533994881,20.0965651931176,0.3));
#15820=CARTESIAN_POINT('Origin',(51.8089533994881,19.196516886907,0.));
#15821=CARTESIAN_POINT('',(51.8089533994881,19.196516886907,0.));
#15822=CARTESIAN_POINT('',(51.8089533994881,18.8482584434535,0.));
#15823=CARTESIAN_POINT('',(51.8089533994881,19.196516886907,0.3));
#15824=CARTESIAN_POINT('',(51.8089533994881,19.196516886907,0.));
#15825=CARTESIAN_POINT('',(51.8089533994881,19.196516886907,0.3));
#15826=CARTESIAN_POINT('Origin',(50.9091098379899,19.196516886907,0.));
#15827=CARTESIAN_POINT('',(50.9091098379899,19.196516886907,0.));
#15828=CARTESIAN_POINT('',(47.9545549189949,19.196516886907,0.));
#15829=CARTESIAN_POINT('',(50.9091098379899,19.196516886907,0.3));
#15830=CARTESIAN_POINT('',(50.9091098379899,19.196516886907,0.));
#15831=CARTESIAN_POINT('',(50.9091098379899,19.196516886907,0.3));
#15832=CARTESIAN_POINT('Origin',(50.9091098379899,16.4943087715572,0.));
#15833=CARTESIAN_POINT('',(50.9091098379899,16.4943087715572,0.));
#15834=CARTESIAN_POINT('',(50.9091098379899,17.4971543857786,0.));
#15835=CARTESIAN_POINT('',(50.9091098379899,16.4943087715572,0.3));
#15836=CARTESIAN_POINT('',(50.9091098379899,16.4943087715572,0.));
#15837=CARTESIAN_POINT('',(50.9091098379899,16.4943087715572,0.3));
#15838=CARTESIAN_POINT('Origin',(50.0067935903489,16.4943087715572,0.));
#15839=CARTESIAN_POINT('',(50.0067935903489,16.4943087715572,0.));
#15840=CARTESIAN_POINT('',(47.5033967951745,16.4943087715572,0.));
#15841=CARTESIAN_POINT('',(50.0067935903489,16.4943087715572,0.3));
#15842=CARTESIAN_POINT('',(50.0067935903489,16.4943087715572,0.));
#15843=CARTESIAN_POINT('',(50.0067935903489,16.4943087715572,0.3));
#15844=CARTESIAN_POINT('Origin',(50.0067935903489,15.5944667850183,0.));
#15845=CARTESIAN_POINT('',(50.0067935903489,15.5944667850183,0.));
#15846=CARTESIAN_POINT('',(50.0067935903489,17.0472333925092,0.));
#15847=CARTESIAN_POINT('',(50.0067935903489,15.5944667850183,0.3));
#15848=CARTESIAN_POINT('',(50.0067935903489,15.5944667850183,0.));
#15849=CARTESIAN_POINT('',(50.0067935903489,15.5944667850183,0.3));
#15850=CARTESIAN_POINT('Origin',(47.3045823250805,15.5944667850183,0.));
#15851=CARTESIAN_POINT('',(47.3045823250805,15.5944667850183,0.));
#15852=CARTESIAN_POINT('',(46.1522911625403,15.5944667850183,0.));
#15853=CARTESIAN_POINT('',(47.3045823250805,15.5944667850183,0.3));
#15854=CARTESIAN_POINT('',(47.3045823250805,15.5944667850183,0.));
#15855=CARTESIAN_POINT('',(47.3045823250805,15.5944667850183,0.3));
#15856=CARTESIAN_POINT('Origin',(47.3045823250805,16.4943087715572,0.));
#15857=CARTESIAN_POINT('',(47.3045823250805,17.4971543857786,0.));
#15858=CARTESIAN_POINT('',(47.3045823250805,16.4943087715572,0.3));
#15859=CARTESIAN_POINT('Origin',(49.5567678622843,19.1965586233291,0.3));
#15860=CARTESIAN_POINT('Origin',(76.121318606526,16.4943087715572,0.));
#15861=CARTESIAN_POINT('',(76.121318606526,16.4943087715572,0.));
#15862=CARTESIAN_POINT('',(77.0212220164786,16.4943087715572,0.));
#15863=CARTESIAN_POINT('',(60.560659303263,16.4943087715572,0.));
#15864=CARTESIAN_POINT('',(76.121318606526,16.4943087715572,0.3));
#15865=CARTESIAN_POINT('',(76.121318606526,16.4943087715572,0.));
#15866=CARTESIAN_POINT('',(77.0212220164786,16.4943087715572,0.3));
#15867=CARTESIAN_POINT('',(76.121318606526,16.4943087715572,0.3));
#15868=CARTESIAN_POINT('',(77.0212220164786,16.4943087715572,0.));
#15869=CARTESIAN_POINT('Origin',(76.121318606526,17.3943570777678,0.));
#15870=CARTESIAN_POINT('',(76.121318606526,17.3943570777678,0.));
#15871=CARTESIAN_POINT('',(76.121318606526,17.9471785388839,0.));
#15872=CARTESIAN_POINT('',(76.121318606526,17.3943570777678,0.3));
#15873=CARTESIAN_POINT('',(76.121318606526,17.3943570777678,0.));
#15874=CARTESIAN_POINT('',(76.121318606526,17.3943570777678,0.3));
#15875=CARTESIAN_POINT('Origin',(77.9211459009025,17.3943570777678,0.));
#15876=CARTESIAN_POINT('',(77.9211459009025,17.3943570777678,0.));
#15877=CARTESIAN_POINT('',(61.4605729504512,17.3943570777678,0.));
#15878=CARTESIAN_POINT('',(77.9211459009025,17.3943570777678,0.3));
#15879=CARTESIAN_POINT('',(77.9211459009025,17.3943570777678,0.));
#15880=CARTESIAN_POINT('',(77.9211459009025,17.3943570777678,0.3));
#15881=CARTESIAN_POINT('Origin',(77.9211459009025,16.4943087715572,0.));
#15882=CARTESIAN_POINT('',(77.9211459009025,16.4943087715572,0.));
#15883=CARTESIAN_POINT('',(77.9211459009025,17.4971543857788,0.));
#15884=CARTESIAN_POINT('',(77.9211459009025,16.4943087715572,0.3));
#15885=CARTESIAN_POINT('',(77.9211459009025,16.4943087715572,0.));
#15886=CARTESIAN_POINT('',(77.9211459009025,16.4943087715572,0.3));
#15887=CARTESIAN_POINT('Origin',(79.7234096573572,16.4943087715572,0.));
#15888=CARTESIAN_POINT('',(79.7234096573572,16.4943087715572,0.));
#15889=CARTESIAN_POINT('',(62.3617048286786,16.4943087715572,0.));
#15890=CARTESIAN_POINT('',(79.7234096573572,16.4943087715572,0.3));
#15891=CARTESIAN_POINT('',(79.7234096573572,16.4943087715572,0.));
#15892=CARTESIAN_POINT('',(79.7234096573572,16.4943087715572,0.3));
#15893=CARTESIAN_POINT('Origin',(79.7234096573572,17.3943570777678,0.));
#15894=CARTESIAN_POINT('',(79.7234096573572,17.3943570777678,0.));
#15895=CARTESIAN_POINT('',(79.7234096573571,17.9471785388841,0.));
#15896=CARTESIAN_POINT('',(79.7234096573572,17.3943570777678,0.3));
#15897=CARTESIAN_POINT('',(79.7234096573572,17.3943570777678,0.));
#15898=CARTESIAN_POINT('',(79.7234096573572,17.3943570777678,0.3));
#15899=CARTESIAN_POINT('Origin',(80.6233351167403,17.3943570777678,0.));
#15900=CARTESIAN_POINT('',(80.6233351167403,17.3943570777678,0.));
#15901=CARTESIAN_POINT('',(62.8116675583702,17.3943570777678,0.));
#15902=CARTESIAN_POINT('',(80.6233351167403,17.3943570777678,0.3));
#15903=CARTESIAN_POINT('',(80.6233351167403,17.3943570777678,0.));
#15904=CARTESIAN_POINT('',(80.6233351167403,17.3943570777678,0.3));
#15905=CARTESIAN_POINT('Origin',(80.6233351167403,20.9988845906772,0.));
#15906=CARTESIAN_POINT('',(80.6233351167403,20.9988845906772,0.));
#15907=CARTESIAN_POINT('',(80.6233351167403,19.7494422953386,0.));
#15908=CARTESIAN_POINT('',(80.6233351167403,20.9988845906772,0.3));
#15909=CARTESIAN_POINT('',(80.6233351167403,20.9988845906772,0.));
#15910=CARTESIAN_POINT('',(80.6233351167403,20.9988845906772,0.3));
#15911=CARTESIAN_POINT('Origin',(79.7234096573572,20.9988845906772,0.));
#15912=CARTESIAN_POINT('',(79.7234096573572,20.9988845906772,0.));
#15913=CARTESIAN_POINT('',(62.3617048286786,20.9988845906772,0.));
#15914=CARTESIAN_POINT('',(79.7234096573572,20.9988845906772,0.3));
#15915=CARTESIAN_POINT('',(79.7234096573572,20.9988845906772,0.));
#15916=CARTESIAN_POINT('',(79.7234096573572,20.9988845906772,0.3));
#15917=CARTESIAN_POINT('Origin',(79.7234096573572,21.8987470516873,0.));
#15918=CARTESIAN_POINT('',(79.7234096573572,21.8987470516873,0.));
#15919=CARTESIAN_POINT('',(79.7234096573572,20.1993735258438,0.));
#15920=CARTESIAN_POINT('',(79.7234096573572,21.8987470516873,0.3));
#15921=CARTESIAN_POINT('',(79.7234096573572,21.8987470516873,0.));
#15922=CARTESIAN_POINT('',(79.7234096573572,21.8987470516873,0.3));
#15923=CARTESIAN_POINT('Origin',(77.9211459009025,21.8987470516873,0.));
#15924=CARTESIAN_POINT('',(77.9211459009025,21.8987470516873,0.));
#15925=CARTESIAN_POINT('',(61.4605729504512,21.8987470516873,0.));
#15926=CARTESIAN_POINT('',(77.9211459009025,21.8987470516873,0.3));
#15927=CARTESIAN_POINT('',(77.9211459009025,21.8987470516873,0.));
#15928=CARTESIAN_POINT('',(77.9211459009025,21.8987470516873,0.3));
#15929=CARTESIAN_POINT('Origin',(77.9211459009025,20.9988845906772,0.));
#15930=CARTESIAN_POINT('',(77.9211459009025,20.9988845906772,0.));
#15931=CARTESIAN_POINT('',(77.9211459009025,19.7494422953386,0.));
#15932=CARTESIAN_POINT('',(77.9211459009025,20.9988845906772,0.3));
#15933=CARTESIAN_POINT('',(77.9211459009025,20.9988845906772,0.));
#15934=CARTESIAN_POINT('',(77.9211459009025,20.9988845906772,0.3));
#15935=CARTESIAN_POINT('Origin',(76.121318606526,20.9988845906772,0.));
#15936=CARTESIAN_POINT('',(76.121318606526,20.9988845906772,0.));
#15937=CARTESIAN_POINT('',(60.560659303263,20.9988845906772,0.));
#15938=CARTESIAN_POINT('',(76.121318606526,20.9988845906772,0.3));
#15939=CARTESIAN_POINT('',(76.121318606526,20.9988845906772,0.));
#15940=CARTESIAN_POINT('',(76.121318606526,20.9988845906772,0.3));
#15941=CARTESIAN_POINT('Origin',(76.121318606526,21.8987470516873,0.));
#15942=CARTESIAN_POINT('',(76.121318606526,21.8987470516873,0.));
#15943=CARTESIAN_POINT('',(76.121318606526,20.1993735258436,0.));
#15944=CARTESIAN_POINT('',(76.121318606526,21.8987470516873,0.3));
#15945=CARTESIAN_POINT('',(76.121318606526,21.8987470516873,0.));
#15946=CARTESIAN_POINT('',(76.121318606526,21.8987470516873,0.3));
#15947=CARTESIAN_POINT('Origin',(77.0212220164786,21.8987470516873,0.));
#15948=CARTESIAN_POINT('',(77.0212220164786,21.8987470516873,0.));
#15949=CARTESIAN_POINT('',(61.0106110082393,21.8987470516872,0.));
#15950=CARTESIAN_POINT('',(77.0212220164786,21.8987470516873,0.3));
#15951=CARTESIAN_POINT('',(77.0212220164786,21.8987470516873,0.));
#15952=CARTESIAN_POINT('',(77.0212220164786,21.8987470516873,0.3));
#15953=CARTESIAN_POINT('Origin',(77.0212220164786,22.7986504616399,0.));
#15954=CARTESIAN_POINT('',(77.0212220164786,22.7986504616399,0.));
#15955=CARTESIAN_POINT('',(77.0212220164786,20.6493252308199,0.));
#15956=CARTESIAN_POINT('',(77.0212220164786,22.7986504616399,0.3));
#15957=CARTESIAN_POINT('',(77.0212220164786,22.7986504616399,0.));
#15958=CARTESIAN_POINT('',(77.0212220164786,22.7986504616399,0.3));
#15959=CARTESIAN_POINT('Origin',(80.6233351167403,22.7986504616399,0.));
#15960=CARTESIAN_POINT('',(80.6233351167403,22.7986504616399,0.));
#15961=CARTESIAN_POINT('',(62.8116675583702,22.7986504616399,0.));
#15962=CARTESIAN_POINT('',(80.6233351167403,22.7986504616399,0.3));
#15963=CARTESIAN_POINT('',(80.6233351167403,22.7986504616399,0.));
#15964=CARTESIAN_POINT('',(80.6233351167403,22.7986504616399,0.3));
#15965=CARTESIAN_POINT('Origin',(80.6233351167403,21.8987470516873,0.));
#15966=CARTESIAN_POINT('',(80.6233351167403,21.8987470516873,0.));
#15967=CARTESIAN_POINT('',(80.6233351167404,20.199373525844,0.));
#15968=CARTESIAN_POINT('',(80.6233351167403,21.8987470516873,0.3));
#15969=CARTESIAN_POINT('',(80.6233351167403,21.8987470516873,0.));
#15970=CARTESIAN_POINT('',(80.6233351167403,21.8987470516873,0.3));
#15971=CARTESIAN_POINT('Origin',(81.5256529393406,21.8987470516873,0.));
#15972=CARTESIAN_POINT('',(81.5256529393406,21.8987470516873,0.));
#15973=CARTESIAN_POINT('',(63.2628264696703,21.8987470516873,0.));
#15974=CARTESIAN_POINT('',(81.5256529393406,21.8987470516873,0.3));
#15975=CARTESIAN_POINT('',(81.5256529393406,21.8987470516873,0.));
#15976=CARTESIAN_POINT('',(81.5256529393406,21.8987470516873,0.3));
#15977=CARTESIAN_POINT('Origin',(81.5256529393406,20.9988845906772,0.));
#15978=CARTESIAN_POINT('',(81.5256529393406,20.9988845906772,0.));
#15979=CARTESIAN_POINT('',(81.5256529393406,19.7494422953386,0.));
#15980=CARTESIAN_POINT('',(81.5256529393406,20.9988845906772,0.3));
#15981=CARTESIAN_POINT('',(81.5256529393406,20.9988845906772,0.));
#15982=CARTESIAN_POINT('',(81.5256529393406,20.9988845906772,0.3));
#15983=CARTESIAN_POINT('Origin',(82.4255783987238,20.9988845906772,0.));
#15984=CARTESIAN_POINT('',(82.4255783987238,20.9988845906772,0.));
#15985=CARTESIAN_POINT('',(63.7127891993619,20.9988845906772,0.));
#15986=CARTESIAN_POINT('',(82.4255783987238,20.9988845906772,0.3));
#15987=CARTESIAN_POINT('',(82.4255783987238,20.9988845906772,0.));
#15988=CARTESIAN_POINT('',(82.4255783987238,20.9988845906772,0.3));
#15989=CARTESIAN_POINT('Origin',(82.4255783987238,17.3943570777678,0.));
#15990=CARTESIAN_POINT('',(82.4255783987238,17.3943570777678,0.));
#15991=CARTESIAN_POINT('',(82.4255783987238,17.9471785388839,0.));
#15992=CARTESIAN_POINT('',(82.4255783987238,17.3943570777678,0.3));
#15993=CARTESIAN_POINT('',(82.4255783987238,17.3943570777678,0.));
#15994=CARTESIAN_POINT('',(82.4255783987238,17.3943570777678,0.3));
#15995=CARTESIAN_POINT('Origin',(81.5256529393406,17.3943570777678,0.));
#15996=CARTESIAN_POINT('',(81.5256529393406,17.3943570777678,0.));
#15997=CARTESIAN_POINT('',(63.2628264696703,17.3943570777678,0.));
#15998=CARTESIAN_POINT('',(81.5256529393406,17.3943570777678,0.3));
#15999=CARTESIAN_POINT('',(81.5256529393406,17.3943570777678,0.));
#16000=CARTESIAN_POINT('',(81.5256529393406,17.3943570777678,0.3));
#16001=CARTESIAN_POINT('Origin',(81.5256529393406,16.4943087715572,0.));
#16002=CARTESIAN_POINT('',(81.5256529393406,16.4943087715572,0.));
#16003=CARTESIAN_POINT('',(81.5256529393406,17.4971543857782,0.));
#16004=CARTESIAN_POINT('',(81.5256529393406,16.4943087715572,0.3));
#16005=CARTESIAN_POINT('',(81.5256529393406,16.4943087715572,0.));
#16006=CARTESIAN_POINT('',(81.5256529393406,16.4943087715572,0.3));
#16007=CARTESIAN_POINT('Origin',(80.6233351167403,16.4943087715572,0.));
#16008=CARTESIAN_POINT('',(80.6233351167403,16.4943087715572,0.));
#16009=CARTESIAN_POINT('',(62.8116675583702,16.4943087715572,0.));
#16010=CARTESIAN_POINT('',(80.6233351167403,16.4943087715572,0.3));
#16011=CARTESIAN_POINT('',(80.6233351167403,16.4943087715572,0.));
#16012=CARTESIAN_POINT('',(80.6233351167403,16.4943087715572,0.3));
#16013=CARTESIAN_POINT('Origin',(80.6233351167403,15.5944667850183,0.));
#16014=CARTESIAN_POINT('',(80.6233351167403,15.5944667850183,0.));
#16015=CARTESIAN_POINT('',(80.6233351167403,17.0472333925092,0.));
#16016=CARTESIAN_POINT('',(80.6233351167403,15.5944667850183,0.3));
#16017=CARTESIAN_POINT('',(80.6233351167403,15.5944667850183,0.));
#16018=CARTESIAN_POINT('',(80.6233351167403,15.5944667850183,0.3));
#16019=CARTESIAN_POINT('Origin',(77.0212220164786,15.5944667850183,0.));
#16020=CARTESIAN_POINT('',(77.0212220164786,15.5944667850183,0.));
#16021=CARTESIAN_POINT('',(61.0106110082393,15.5944667850184,0.));
#16022=CARTESIAN_POINT('',(77.0212220164786,15.5944667850183,0.3));
#16023=CARTESIAN_POINT('',(77.0212220164786,15.5944667850183,0.));
#16024=CARTESIAN_POINT('',(77.0212220164786,15.5944667850183,0.3));
#16025=CARTESIAN_POINT('Origin',(77.0212220164786,16.4943087715572,0.));
#16026=CARTESIAN_POINT('',(77.0212220164786,17.4971543857786,0.));
#16027=CARTESIAN_POINT('',(77.0212220164786,16.4943087715572,0.3));
#16028=CARTESIAN_POINT('Origin',(79.2734485026249,19.1965586233291,0.3));
#16029=CARTESIAN_POINT('Origin',(54.9587082569224,19.196516886907,0.));
#16030=CARTESIAN_POINT('',(54.9587082569224,19.196516886907,0.));
#16031=CARTESIAN_POINT('',(57.6609163722722,19.196516886907,0.));
#16032=CARTESIAN_POINT('',(49.9793541284612,19.196516886907,0.));
#16033=CARTESIAN_POINT('',(54.9587082569224,19.196516886907,0.3));
#16034=CARTESIAN_POINT('',(54.9587082569224,19.196516886907,0.));
#16035=CARTESIAN_POINT('',(57.6609163722722,19.196516886907,0.3));
#16036=CARTESIAN_POINT('',(54.9587082569224,19.196516886907,0.3));
#16037=CARTESIAN_POINT('',(57.6609163722722,19.196516886907,0.));
#16038=CARTESIAN_POINT('Origin',(54.9587082569224,15.5944667850183,0.));
#16039=CARTESIAN_POINT('',(54.9587082569224,15.5944667850183,0.));
#16040=CARTESIAN_POINT('',(54.9587082569224,17.0472333925092,0.));
#16041=CARTESIAN_POINT('',(54.9587082569224,15.5944667850183,0.3));
#16042=CARTESIAN_POINT('',(54.9587082569224,15.5944667850183,0.));
#16043=CARTESIAN_POINT('',(54.9587082569224,15.5944667850183,0.3));
#16044=CARTESIAN_POINT('Origin',(53.1588195391323,15.5944667850183,0.));
#16045=CARTESIAN_POINT('',(53.1588195391323,15.5944667850183,0.));
#16046=CARTESIAN_POINT('',(49.0794097695661,15.5944667850183,0.));
#16047=CARTESIAN_POINT('',(53.1588195391323,15.5944667850183,0.3));
#16048=CARTESIAN_POINT('',(53.1588195391323,15.5944667850183,0.));
#16049=CARTESIAN_POINT('',(53.1588195391323,15.5944667850183,0.3));
#16050=CARTESIAN_POINT('Origin',(53.1588195391323,19.196516886907,0.));
#16051=CARTESIAN_POINT('',(53.1588195391323,19.196516886907,0.));
#16052=CARTESIAN_POINT('',(53.1588195391323,18.8482584434535,0.));
#16053=CARTESIAN_POINT('',(53.1588195391323,19.196516886907,0.3));
#16054=CARTESIAN_POINT('',(53.1588195391323,19.196516886907,0.));
#16055=CARTESIAN_POINT('',(53.1588195391323,19.196516886907,0.3));
#16056=CARTESIAN_POINT('Origin',(54.0588678453429,19.196516886907,0.));
#16057=CARTESIAN_POINT('',(54.0588678453429,19.196516886907,0.));
#16058=CARTESIAN_POINT('',(49.5294339226714,19.196516886907,0.));
#16059=CARTESIAN_POINT('',(54.0588678453429,19.196516886907,0.3));
#16060=CARTESIAN_POINT('',(54.0588678453429,19.196516886907,0.));
#16061=CARTESIAN_POINT('',(54.0588678453429,19.196516886907,0.3));
#16062=CARTESIAN_POINT('Origin',(54.0588678453429,20.0965651931176,0.));
#16063=CARTESIAN_POINT('',(54.0588678453429,20.0965651931176,0.));
#16064=CARTESIAN_POINT('',(54.0588678453429,19.2982825965588,0.));
#16065=CARTESIAN_POINT('',(54.0588678453429,20.0965651931176,0.3));
#16066=CARTESIAN_POINT('',(54.0588678453429,20.0965651931176,0.));
#16067=CARTESIAN_POINT('',(54.0588678453429,20.0965651931176,0.3));
#16068=CARTESIAN_POINT('Origin',(59.46307933133,20.0965651931176,0.));
#16069=CARTESIAN_POINT('',(59.46307933133,20.0965651931176,0.));
#16070=CARTESIAN_POINT('',(52.231539665665,20.0965651931176,0.));
#16071=CARTESIAN_POINT('',(59.46307933133,20.0965651931176,0.3));
#16072=CARTESIAN_POINT('',(59.46307933133,20.0965651931176,0.));
#16073=CARTESIAN_POINT('',(59.46307933133,20.0965651931176,0.3));
#16074=CARTESIAN_POINT('Origin',(59.46307933133,15.5944667850183,0.));
#16075=CARTESIAN_POINT('',(59.46307933133,15.5944667850183,0.));
#16076=CARTESIAN_POINT('',(59.46307933133,17.0472333925092,0.));
#16077=CARTESIAN_POINT('',(59.46307933133,15.5944667850183,0.3));
#16078=CARTESIAN_POINT('',(59.46307933133,15.5944667850183,0.));
#16079=CARTESIAN_POINT('',(59.46307933133,15.5944667850183,0.3));
#16080=CARTESIAN_POINT('Origin',(57.6609163722722,15.5944667850183,0.));
#16081=CARTESIAN_POINT('',(57.6609163722722,15.5944667850183,0.));
#16082=CARTESIAN_POINT('',(51.3304581861361,15.5944667850183,0.));
#16083=CARTESIAN_POINT('',(57.6609163722722,15.5944667850183,0.3));
#16084=CARTESIAN_POINT('',(57.6609163722722,15.5944667850183,0.));
#16085=CARTESIAN_POINT('',(57.6609163722722,15.5944667850183,0.3));
#16086=CARTESIAN_POINT('Origin',(57.6609163722722,19.196516886907,0.));
#16087=CARTESIAN_POINT('',(57.6609163722722,18.8482584434535,0.));
#16088=CARTESIAN_POINT('',(57.6609163722722,19.196516886907,0.3));
#16089=CARTESIAN_POINT('Origin',(56.3109494352311,17.845515989068,0.3));
#16090=CARTESIAN_POINT('Origin',(22.0898173975573,19.196516886907,0.));
#16091=CARTESIAN_POINT('',(22.0898173975573,19.196516886907,0.));
#16092=CARTESIAN_POINT('',(22.0898173975573,16.4943087715572,0.));
#16093=CARTESIAN_POINT('',(22.0898173975573,18.8482584434535,0.));
#16094=CARTESIAN_POINT('',(22.0898173975573,19.196516886907,0.3));
#16095=CARTESIAN_POINT('',(22.0898173975573,19.196516886907,0.));
#16096=CARTESIAN_POINT('',(22.0898173975573,16.4943087715572,0.3));
#16097=CARTESIAN_POINT('',(22.0898173975573,19.196516886907,0.3));
#16098=CARTESIAN_POINT('',(22.0898173975573,16.4943087715572,0.));
#16099=CARTESIAN_POINT('Origin',(19.3876092822075,19.196516886907,0.));
#16100=CARTESIAN_POINT('',(19.3876092822075,19.196516886907,0.));
#16101=CARTESIAN_POINT('',(32.1938046411038,19.196516886907,0.));
#16102=CARTESIAN_POINT('',(19.3876092822075,19.196516886907,0.3));
#16103=CARTESIAN_POINT('',(19.3876092822075,19.196516886907,0.));
#16104=CARTESIAN_POINT('',(19.3876092822075,19.196516886907,0.3));
#16105=CARTESIAN_POINT('Origin',(19.3876092822075,16.4943087715572,0.));
#16106=CARTESIAN_POINT('',(19.3876092822075,16.4943087715572,0.));
#16107=CARTESIAN_POINT('',(19.3876092822075,17.4971543857786,0.));
#16108=CARTESIAN_POINT('',(19.3876092822075,16.4943087715572,0.3));
#16109=CARTESIAN_POINT('',(19.3876092822075,16.4943087715572,0.));
#16110=CARTESIAN_POINT('',(19.3876092822075,16.4943087715572,0.3));
#16111=CARTESIAN_POINT('Origin',(22.0898173975573,16.4943087715572,0.));
#16112=CARTESIAN_POINT('',(33.5449086987786,16.4943087715572,0.));
#16113=CARTESIAN_POINT('',(22.0898173975573,16.4943087715572,0.3));
#16114=CARTESIAN_POINT('Origin',(18.4877657207093,15.5944667850183,0.));
#16115=CARTESIAN_POINT('',(18.4877657207093,15.5944667850183,0.));
#16116=CARTESIAN_POINT('',(22.0898173975573,15.5944667850183,0.));
#16117=CARTESIAN_POINT('',(31.7438828603547,15.5944667850184,0.));
#16118=CARTESIAN_POINT('',(18.4877657207093,15.5944667850183,0.3));
#16119=CARTESIAN_POINT('',(18.4877657207093,15.5944667850183,0.));
#16120=CARTESIAN_POINT('',(22.0898173975573,15.5944667850183,0.3));
#16121=CARTESIAN_POINT('',(18.4877657207093,15.5944667850183,0.3));
#16122=CARTESIAN_POINT('',(22.0898173975573,15.5944667850183,0.));
#16123=CARTESIAN_POINT('Origin',(18.4877657207094,16.4943087715572,0.));
#16124=CARTESIAN_POINT('',(18.4877657207094,16.4943087715572,0.));
#16125=CARTESIAN_POINT('',(18.4877657207094,17.4971543857787,0.));
#16126=CARTESIAN_POINT('',(18.4877657207094,16.4943087715572,0.3));
#16127=CARTESIAN_POINT('',(18.4877657207094,16.4943087715572,0.));
#16128=CARTESIAN_POINT('',(18.4877657207094,16.4943087715572,0.3));
#16129=CARTESIAN_POINT('Origin',(17.5879221592112,16.4943087715572,0.));
#16130=CARTESIAN_POINT('',(17.5879221592112,16.4943087715572,0.));
#16131=CARTESIAN_POINT('',(31.2939610796056,16.4943087715572,0.));
#16132=CARTESIAN_POINT('',(17.5879221592112,16.4943087715572,0.3));
#16133=CARTESIAN_POINT('',(17.5879221592112,16.4943087715572,0.));
#16134=CARTESIAN_POINT('',(17.5879221592112,16.4943087715572,0.3));
#16135=CARTESIAN_POINT('Origin',(17.5879221592112,19.196516886907,0.));
#16136=CARTESIAN_POINT('',(17.5879221592112,19.196516886907,0.));
#16137=CARTESIAN_POINT('',(17.5879221592112,18.8482584434534,0.));
#16138=CARTESIAN_POINT('',(17.5879221592112,19.196516886907,0.3));
#16139=CARTESIAN_POINT('',(17.5879221592112,19.196516886907,0.));
#16140=CARTESIAN_POINT('',(17.5879221592112,19.196516886907,0.3));
#16141=CARTESIAN_POINT('Origin',(18.4877657207093,19.196516886907,0.));
#16142=CARTESIAN_POINT('',(18.4877657207093,19.196516886907,0.));
#16143=CARTESIAN_POINT('',(31.7438828603547,19.196516886907,0.));
#16144=CARTESIAN_POINT('',(18.4877657207093,19.196516886907,0.3));
#16145=CARTESIAN_POINT('',(18.4877657207093,19.196516886907,0.));
#16146=CARTESIAN_POINT('',(18.4877657207093,19.196516886907,0.3));
#16147=CARTESIAN_POINT('Origin',(18.4877657207093,20.0965651931176,0.));
#16148=CARTESIAN_POINT('',(18.4877657207093,20.0965651931176,0.));
#16149=CARTESIAN_POINT('',(18.4877657207093,19.2982825965588,0.));
#16150=CARTESIAN_POINT('',(18.4877657207093,20.0965651931176,0.3));
#16151=CARTESIAN_POINT('',(18.4877657207093,20.0965651931176,0.));
#16152=CARTESIAN_POINT('',(18.4877657207093,20.0965651931176,0.3));
#16153=CARTESIAN_POINT('Origin',(23.8921819514089,20.0965651931176,0.));
#16154=CARTESIAN_POINT('',(23.8921819514089,20.0965651931176,0.));
#16155=CARTESIAN_POINT('',(34.4460909757044,20.0965651931176,0.));
#16156=CARTESIAN_POINT('',(23.8921819514089,20.0965651931176,0.3));
#16157=CARTESIAN_POINT('',(23.8921819514089,20.0965651931176,0.));
#16158=CARTESIAN_POINT('',(23.8921819514089,20.0965651931176,0.3));
#16159=CARTESIAN_POINT('Origin',(23.8921819514089,12.8922586696686,0.));
#16160=CARTESIAN_POINT('',(23.8921819514089,12.8922586696686,0.));
#16161=CARTESIAN_POINT('',(23.8921819514089,15.6961293348343,0.));
#16162=CARTESIAN_POINT('',(23.8921819514089,12.8922586696686,0.3));
#16163=CARTESIAN_POINT('',(23.8921819514089,12.8922586696686,0.));
#16164=CARTESIAN_POINT('',(23.8921819514089,12.8922586696686,0.3));
#16165=CARTESIAN_POINT('Origin',(22.0898173975573,12.8922586696686,0.));
#16166=CARTESIAN_POINT('',(22.0898173975573,12.8922586696686,0.));
#16167=CARTESIAN_POINT('',(33.5449086987786,12.8922586696686,0.));
#16168=CARTESIAN_POINT('',(22.0898173975573,12.8922586696686,0.3));
#16169=CARTESIAN_POINT('',(22.0898173975573,12.8922586696686,0.));
#16170=CARTESIAN_POINT('',(22.0898173975573,12.8922586696686,0.3));
#16171=CARTESIAN_POINT('Origin',(22.0898173975573,15.5944667850183,0.));
#16172=CARTESIAN_POINT('',(22.0898173975573,17.0472333925092,0.));
#16173=CARTESIAN_POINT('',(22.0898173975573,15.5944667850183,0.3));
#16174=CARTESIAN_POINT('Origin',(20.74005205531,16.4944119313931,0.3));
#16175=CARTESIAN_POINT('Origin',(6.78156553387353,16.4943087715572,0.));
#16176=CARTESIAN_POINT('',(6.78156553387353,16.4943087715572,0.));
#16177=CARTESIAN_POINT('',(5.88172197237535,16.4943087715572,0.));
#16178=CARTESIAN_POINT('',(25.8907827669368,16.4943087715573,0.));
#16179=CARTESIAN_POINT('',(6.78156553387353,16.4943087715572,0.3));
#16180=CARTESIAN_POINT('',(6.78156553387353,16.4943087715572,0.));
#16181=CARTESIAN_POINT('',(5.88172197237535,16.4943087715572,0.3));
#16182=CARTESIAN_POINT('',(6.78156553387353,16.4943087715572,0.3));
#16183=CARTESIAN_POINT('',(5.88172197237535,16.4943087715572,0.));
#16184=CARTESIAN_POINT('Origin',(6.78156553387353,22.7986504616399,0.));
#16185=CARTESIAN_POINT('',(6.78156553387353,22.7986504616399,0.));
#16186=CARTESIAN_POINT('',(6.78156553387353,20.6493252308199,0.));
#16187=CARTESIAN_POINT('',(6.78156553387353,22.7986504616399,0.3));
#16188=CARTESIAN_POINT('',(6.78156553387353,22.7986504616399,0.));
#16189=CARTESIAN_POINT('',(6.78156553387353,22.7986504616399,0.3));
#16190=CARTESIAN_POINT('Origin',(8.58393008772511,22.7986504616399,0.));
#16191=CARTESIAN_POINT('',(8.58393008772511,22.7986504616399,0.));
#16192=CARTESIAN_POINT('',(26.7919650438626,22.7986504616398,0.));
#16193=CARTESIAN_POINT('',(8.58393008772511,22.7986504616399,0.3));
#16194=CARTESIAN_POINT('',(8.58393008772511,22.7986504616399,0.));
#16195=CARTESIAN_POINT('',(8.58393008772511,22.7986504616399,0.3));
#16196=CARTESIAN_POINT('Origin',(8.58393008772511,16.4943087715572,0.));
#16197=CARTESIAN_POINT('',(8.58393008772511,16.4943087715572,0.));
#16198=CARTESIAN_POINT('',(8.58393008772511,17.4971543857786,0.));
#16199=CARTESIAN_POINT('',(8.58393008772511,16.4943087715572,0.3));
#16200=CARTESIAN_POINT('',(8.58393008772511,16.4943087715572,0.));
#16201=CARTESIAN_POINT('',(8.58393008772511,16.4943087715572,0.3));
#16202=CARTESIAN_POINT('Origin',(7.68388493143313,16.4943087715572,0.));
#16203=CARTESIAN_POINT('',(7.68388493143313,16.4943087715572,0.));
#16204=CARTESIAN_POINT('',(26.3419424657166,16.4943087715572,0.));
#16205=CARTESIAN_POINT('',(7.68388493143313,16.4943087715572,0.3));
#16206=CARTESIAN_POINT('',(7.68388493143313,16.4943087715572,0.));
#16207=CARTESIAN_POINT('',(7.68388493143313,16.4943087715572,0.3));
#16208=CARTESIAN_POINT('Origin',(7.68388493143313,15.5944667850183,0.));
#16209=CARTESIAN_POINT('',(7.68388493143313,15.5944667850183,0.));
#16210=CARTESIAN_POINT('',(7.68388493143313,17.0472333925092,0.));
#16211=CARTESIAN_POINT('',(7.68388493143313,15.5944667850183,0.3));
#16212=CARTESIAN_POINT('',(7.68388493143313,15.5944667850183,0.));
#16213=CARTESIAN_POINT('',(7.68388493143313,15.5944667850183,0.3));
#16214=CARTESIAN_POINT('Origin',(5.88172197237535,15.5944667850183,0.));
#16215=CARTESIAN_POINT('',(5.88172197237535,15.5944667850183,0.));
#16216=CARTESIAN_POINT('',(25.4408609861877,15.5944667850183,0.));
#16217=CARTESIAN_POINT('',(5.88172197237535,15.5944667850183,0.3));
#16218=CARTESIAN_POINT('',(5.88172197237535,15.5944667850183,0.));
#16219=CARTESIAN_POINT('',(5.88172197237535,15.5944667850183,0.3));
#16220=CARTESIAN_POINT('Origin',(5.88172197237535,16.4943087715572,0.));
#16221=CARTESIAN_POINT('',(5.88172197237536,17.4971543857787,0.));
#16222=CARTESIAN_POINT('',(5.88172197237535,16.4943087715572,0.3));
#16223=CARTESIAN_POINT('Origin',(7.23282603005023,19.1965586233291,0.3));
#16224=CARTESIAN_POINT('Origin',(44.1523516315848,19.196516886907,0.));
#16225=CARTESIAN_POINT('',(44.1523516315848,19.196516886907,0.));
#16226=CARTESIAN_POINT('',(44.1523516315848,18.2966749003681,0.));
#16227=CARTESIAN_POINT('',(44.1523516315848,18.8482584434535,0.));
#16228=CARTESIAN_POINT('',(44.1523516315848,19.196516886907,0.3));
#16229=CARTESIAN_POINT('',(44.1523516315848,19.196516886907,0.));
#16230=CARTESIAN_POINT('',(44.1523516315848,18.2966749003681,0.3));
#16231=CARTESIAN_POINT('',(44.1523516315848,19.196516886907,0.3));
#16232=CARTESIAN_POINT('',(44.1523516315848,18.2966749003681,0.));
#16233=CARTESIAN_POINT('Origin',(41.450143516235,19.196516886907,0.));
#16234=CARTESIAN_POINT('',(41.450143516235,19.196516886907,0.));
#16235=CARTESIAN_POINT('',(43.2250717581175,19.196516886907,0.));
#16236=CARTESIAN_POINT('',(41.450143516235,19.196516886907,0.3));
#16237=CARTESIAN_POINT('',(41.450143516235,19.196516886907,0.));
#16238=CARTESIAN_POINT('',(41.450143516235,19.196516886907,0.3));
#16239=CARTESIAN_POINT('Origin',(41.450143516235,18.2966749003681,0.));
#16240=CARTESIAN_POINT('',(41.450143516235,18.2966749003681,0.));
#16241=CARTESIAN_POINT('',(41.450143516235,18.3983374501841,0.));
#16242=CARTESIAN_POINT('',(41.450143516235,18.2966749003681,0.3));
#16243=CARTESIAN_POINT('',(41.450143516235,18.2966749003681,0.));
#16244=CARTESIAN_POINT('',(41.450143516235,18.2966749003681,0.3));
#16245=CARTESIAN_POINT('Origin',(44.1523516315848,18.2966749003681,0.));
#16246=CARTESIAN_POINT('',(44.5761758157924,18.2966749003681,0.));
#16247=CARTESIAN_POINT('',(44.1523516315848,18.2966749003681,0.3));
#16248=CARTESIAN_POINT('Origin',(44.1523516315848,16.4943087715572,0.));
#16249=CARTESIAN_POINT('',(44.1523516315848,16.4943087715572,0.));
#16250=CARTESIAN_POINT('',(40.5502999547368,16.4943087715572,0.));
#16251=CARTESIAN_POINT('',(44.5761758157924,16.4943087715572,0.));
#16252=CARTESIAN_POINT('',(44.1523516315848,16.4943087715572,0.3));
#16253=CARTESIAN_POINT('',(44.1523516315848,16.4943087715572,0.));
#16254=CARTESIAN_POINT('',(40.5502999547368,16.4943087715572,0.3));
#16255=CARTESIAN_POINT('',(44.1523516315848,16.4943087715572,0.3));
#16256=CARTESIAN_POINT('',(40.5502999547368,16.4943087715572,0.));
#16257=CARTESIAN_POINT('Origin',(44.1523516315848,17.3943570777678,0.));
#16258=CARTESIAN_POINT('',(44.1523516315848,17.3943570777678,0.));
#16259=CARTESIAN_POINT('',(44.1523516315848,17.9471785388839,0.));
#16260=CARTESIAN_POINT('',(44.1523516315848,17.3943570777678,0.3));
#16261=CARTESIAN_POINT('',(44.1523516315848,17.3943570777678,0.));
#16262=CARTESIAN_POINT('',(44.1523516315848,17.3943570777678,0.3));
#16263=CARTESIAN_POINT('Origin',(39.6504563932386,17.3943570777678,0.));
#16264=CARTESIAN_POINT('',(39.6504563932386,17.3943570777678,0.));
#16265=CARTESIAN_POINT('',(42.3252281966193,17.3943570777678,0.));
#16266=CARTESIAN_POINT('',(39.6504563932386,17.3943570777678,0.3));
#16267=CARTESIAN_POINT('',(39.6504563932386,17.3943570777678,0.));
#16268=CARTESIAN_POINT('',(39.6504563932386,17.3943570777678,0.3));
#16269=CARTESIAN_POINT('Origin',(39.6504563932386,19.196516886907,0.));
#16270=CARTESIAN_POINT('',(39.6504563932386,19.196516886907,0.));
#16271=CARTESIAN_POINT('',(39.6504563932386,18.8482584434535,0.));
#16272=CARTESIAN_POINT('',(39.6504563932386,19.196516886907,0.3));
#16273=CARTESIAN_POINT('',(39.6504563932386,19.196516886907,0.));
#16274=CARTESIAN_POINT('',(39.6504563932386,19.196516886907,0.3));
#16275=CARTESIAN_POINT('Origin',(40.5502999547368,19.196516886907,0.));
#16276=CARTESIAN_POINT('',(40.5502999547368,19.196516886907,0.));
#16277=CARTESIAN_POINT('',(42.7751499773684,19.196516886907,0.));
#16278=CARTESIAN_POINT('',(40.5502999547368,19.196516886907,0.3));
#16279=CARTESIAN_POINT('',(40.5502999547368,19.196516886907,0.));
#16280=CARTESIAN_POINT('',(40.5502999547368,19.196516886907,0.3));
#16281=CARTESIAN_POINT('Origin',(40.5502999547368,20.0965651931176,0.));
#16282=CARTESIAN_POINT('',(40.5502999547368,20.0965651931176,0.));
#16283=CARTESIAN_POINT('',(40.5502999547368,19.2982825965588,0.));
#16284=CARTESIAN_POINT('',(40.5502999547368,20.0965651931176,0.3));
#16285=CARTESIAN_POINT('',(40.5502999547368,20.0965651931176,0.));
#16286=CARTESIAN_POINT('',(40.5502999547368,20.0965651931176,0.3));
#16287=CARTESIAN_POINT('Origin',(45.0546678792257,20.0965651931176,0.));
#16288=CARTESIAN_POINT('',(45.0546678792257,20.0965651931176,0.));
#16289=CARTESIAN_POINT('',(45.0273339396129,20.0965651931176,0.));
#16290=CARTESIAN_POINT('',(45.0546678792257,20.0965651931176,0.3));
#16291=CARTESIAN_POINT('',(45.0546678792257,20.0965651931176,0.));
#16292=CARTESIAN_POINT('',(45.0546678792257,20.0965651931176,0.3));
#16293=CARTESIAN_POINT('Origin',(45.0546678792257,19.196516886907,0.));
#16294=CARTESIAN_POINT('',(45.0546678792257,19.196516886907,0.));
#16295=CARTESIAN_POINT('',(45.0546678792257,18.8482584434535,0.));
#16296=CARTESIAN_POINT('',(45.0546678792257,19.196516886907,0.3));
#16297=CARTESIAN_POINT('',(45.0546678792257,19.196516886907,0.));
#16298=CARTESIAN_POINT('',(45.0546678792257,19.196516886907,0.3));
#16299=CARTESIAN_POINT('Origin',(45.9547161854364,19.196516886907,0.));
#16300=CARTESIAN_POINT('',(45.9547161854364,19.196516886907,0.));
#16301=CARTESIAN_POINT('',(45.4773580927182,19.196516886907,0.));
#16302=CARTESIAN_POINT('',(45.9547161854364,19.196516886907,0.3));
#16303=CARTESIAN_POINT('',(45.9547161854364,19.196516886907,0.));
#16304=CARTESIAN_POINT('',(45.9547161854364,19.196516886907,0.3));
#16305=CARTESIAN_POINT('Origin',(45.9547161854364,16.4943087715572,0.));
#16306=CARTESIAN_POINT('',(45.9547161854364,16.4943087715572,0.));
#16307=CARTESIAN_POINT('',(45.9547161854364,17.4971543857786,0.));
#16308=CARTESIAN_POINT('',(45.9547161854364,16.4943087715572,0.3));
#16309=CARTESIAN_POINT('',(45.9547161854364,16.4943087715572,0.));
#16310=CARTESIAN_POINT('',(45.9547161854364,16.4943087715572,0.3));
#16311=CARTESIAN_POINT('Origin',(45.0546678792257,16.4943087715572,0.));
#16312=CARTESIAN_POINT('',(45.0546678792257,16.4943087715572,0.));
#16313=CARTESIAN_POINT('',(45.0273339396129,16.4943087715572,0.));
#16314=CARTESIAN_POINT('',(45.0546678792257,16.4943087715572,0.3));
#16315=CARTESIAN_POINT('',(45.0546678792257,16.4943087715572,0.));
#16316=CARTESIAN_POINT('',(45.0546678792257,16.4943087715572,0.3));
#16317=CARTESIAN_POINT('Origin',(45.0546678792257,15.5944667850183,0.));
#16318=CARTESIAN_POINT('',(45.0546678792257,15.5944667850183,0.));
#16319=CARTESIAN_POINT('',(45.0546678792257,17.0472333925092,0.));
#16320=CARTESIAN_POINT('',(45.0546678792257,15.5944667850183,0.3));
#16321=CARTESIAN_POINT('',(45.0546678792257,15.5944667850183,0.));
#16322=CARTESIAN_POINT('',(45.0546678792257,15.5944667850183,0.3));
#16323=CARTESIAN_POINT('Origin',(40.5502999547368,15.5944667850183,0.));
#16324=CARTESIAN_POINT('',(40.5502999547368,15.5944667850183,0.));
#16325=CARTESIAN_POINT('',(42.7751499773684,15.5944667850183,0.));
#16326=CARTESIAN_POINT('',(40.5502999547368,15.5944667850183,0.3));
#16327=CARTESIAN_POINT('',(40.5502999547368,15.5944667850183,0.));
#16328=CARTESIAN_POINT('',(40.5502999547368,15.5944667850183,0.3));
#16329=CARTESIAN_POINT('Origin',(40.5502999547368,16.4943087715572,0.));
#16330=CARTESIAN_POINT('',(40.5502999547368,17.4971543857786,0.));
#16331=CARTESIAN_POINT('',(40.5502999547368,16.4943087715572,0.3));
#16332=CARTESIAN_POINT('Origin',(42.8025862893375,17.845515989068,0.3));
#16333=CARTESIAN_POINT('Origin',(72.9691682359559,19.196516886907,0.));
#16334=CARTESIAN_POINT('',(72.9691682359559,19.196516886907,0.));
#16335=CARTESIAN_POINT('',(72.9691682359559,16.4943087715572,0.));
#16336=CARTESIAN_POINT('',(72.9691682359559,18.8482584434535,0.));
#16337=CARTESIAN_POINT('',(72.9691682359559,19.196516886907,0.3));
#16338=CARTESIAN_POINT('',(72.9691682359559,19.196516886907,0.));
#16339=CARTESIAN_POINT('',(72.9691682359559,16.4943087715572,0.3));
#16340=CARTESIAN_POINT('',(72.9691682359559,19.196516886907,0.3));
#16341=CARTESIAN_POINT('',(72.9691682359559,16.4943087715572,0.));
#16342=CARTESIAN_POINT('Origin',(70.2669601206062,19.196516886907,0.));
#16343=CARTESIAN_POINT('',(70.2669601206062,19.196516886907,0.));
#16344=CARTESIAN_POINT('',(57.6334800603031,19.196516886907,0.));
#16345=CARTESIAN_POINT('',(70.2669601206062,19.196516886907,0.3));
#16346=CARTESIAN_POINT('',(70.2669601206062,19.196516886907,0.));
#16347=CARTESIAN_POINT('',(70.2669601206062,19.196516886907,0.3));
#16348=CARTESIAN_POINT('Origin',(70.2669601206062,16.4943087715572,0.));
#16349=CARTESIAN_POINT('',(70.2669601206062,16.4943087715572,0.));
#16350=CARTESIAN_POINT('',(70.2669601206062,17.4971543857786,0.));
#16351=CARTESIAN_POINT('',(70.2669601206062,16.4943087715572,0.3));
#16352=CARTESIAN_POINT('',(70.2669601206062,16.4943087715572,0.));
#16353=CARTESIAN_POINT('',(70.2669601206062,16.4943087715572,0.3));
#16354=CARTESIAN_POINT('Origin',(72.9691682359559,16.4943087715572,0.));
#16355=CARTESIAN_POINT('',(58.984584117978,16.4943087715572,0.));
#16356=CARTESIAN_POINT('',(72.9691682359559,16.4943087715572,0.3));
#16357=CARTESIAN_POINT('Origin',(68.4670682528974,16.4943087715572,0.));
#16358=CARTESIAN_POINT('',(68.4670682528974,16.4943087715572,0.));
#16359=CARTESIAN_POINT('',(69.367116559108,16.4943087715572,0.));
#16360=CARTESIAN_POINT('',(56.7335341264487,16.4943087715572,0.));
#16361=CARTESIAN_POINT('',(68.4670682528974,16.4943087715572,0.3));
#16362=CARTESIAN_POINT('',(68.4670682528974,16.4943087715572,0.));
#16363=CARTESIAN_POINT('',(69.367116559108,16.4943087715572,0.3));
#16364=CARTESIAN_POINT('',(68.4670682528974,16.4943087715572,0.3));
#16365=CARTESIAN_POINT('',(69.367116559108,16.4943087715572,0.));
#16366=CARTESIAN_POINT('Origin',(68.4670682528974,19.196516886907,0.));
#16367=CARTESIAN_POINT('',(68.4670682528974,19.196516886907,0.));
#16368=CARTESIAN_POINT('',(68.4670682528974,18.8482584434535,0.));
#16369=CARTESIAN_POINT('',(68.4670682528974,19.196516886907,0.3));
#16370=CARTESIAN_POINT('',(68.4670682528974,19.196516886907,0.));
#16371=CARTESIAN_POINT('',(68.4670682528974,19.196516886907,0.3));
#16372=CARTESIAN_POINT('Origin',(69.367116559108,19.196516886907,0.));
#16373=CARTESIAN_POINT('',(69.367116559108,19.196516886907,0.));
#16374=CARTESIAN_POINT('',(57.183558279554,19.196516886907,0.));
#16375=CARTESIAN_POINT('',(69.367116559108,19.196516886907,0.3));
#16376=CARTESIAN_POINT('',(69.367116559108,19.196516886907,0.));
#16377=CARTESIAN_POINT('',(69.367116559108,19.196516886907,0.3));
#16378=CARTESIAN_POINT('Origin',(69.367116559108,20.0965651931176,0.));
#16379=CARTESIAN_POINT('',(69.367116559108,20.0965651931176,0.));
#16380=CARTESIAN_POINT('',(69.367116559108,19.2982825965589,0.));
#16381=CARTESIAN_POINT('',(69.367116559108,20.0965651931176,0.3));
#16382=CARTESIAN_POINT('',(69.367116559108,20.0965651931176,0.));
#16383=CARTESIAN_POINT('',(69.367116559108,20.0965651931176,0.3));
#16384=CARTESIAN_POINT('Origin',(73.8714876335155,20.0965651931176,0.));
#16385=CARTESIAN_POINT('',(73.8714876335155,20.0965651931176,0.));
#16386=CARTESIAN_POINT('',(59.4357438167578,20.0965651931176,0.));
#16387=CARTESIAN_POINT('',(73.8714876335155,20.0965651931176,0.3));
#16388=CARTESIAN_POINT('',(73.8714876335155,20.0965651931176,0.));
#16389=CARTESIAN_POINT('',(73.8714876335155,20.0965651931176,0.3));
#16390=CARTESIAN_POINT('Origin',(73.8714876335155,19.196516886907,0.));
#16391=CARTESIAN_POINT('',(73.8714876335155,19.196516886907,0.));
#16392=CARTESIAN_POINT('',(73.8714876335155,18.8482584434535,0.));
#16393=CARTESIAN_POINT('',(73.8714876335155,19.196516886907,0.3));
#16394=CARTESIAN_POINT('',(73.8714876335155,19.196516886907,0.));
#16395=CARTESIAN_POINT('',(73.8714876335155,19.196516886907,0.3));
#16396=CARTESIAN_POINT('Origin',(74.7713280450951,19.196516886907,0.));
#16397=CARTESIAN_POINT('',(74.7713280450951,19.196516886907,0.));
#16398=CARTESIAN_POINT('',(59.8856640225475,19.196516886907,0.));
#16399=CARTESIAN_POINT('',(74.7713280450951,19.196516886907,0.3));
#16400=CARTESIAN_POINT('',(74.7713280450951,19.196516886907,0.));
#16401=CARTESIAN_POINT('',(74.7713280450951,19.196516886907,0.3));
#16402=CARTESIAN_POINT('Origin',(74.7713280450951,16.4943087715572,0.));
#16403=CARTESIAN_POINT('',(74.7713280450951,16.4943087715572,0.));
#16404=CARTESIAN_POINT('',(74.7713280450951,17.4971543857786,0.));
#16405=CARTESIAN_POINT('',(74.7713280450951,16.4943087715572,0.3));
#16406=CARTESIAN_POINT('',(74.7713280450951,16.4943087715572,0.));
#16407=CARTESIAN_POINT('',(74.7713280450951,16.4943087715572,0.3));
#16408=CARTESIAN_POINT('Origin',(73.8714876335155,16.4943087715572,0.));
#16409=CARTESIAN_POINT('',(73.8714876335155,16.4943087715572,0.));
#16410=CARTESIAN_POINT('',(59.4357438167578,16.4943087715572,0.));
#16411=CARTESIAN_POINT('',(73.8714876335155,16.4943087715572,0.3));
#16412=CARTESIAN_POINT('',(73.8714876335155,16.4943087715572,0.));
#16413=CARTESIAN_POINT('',(73.8714876335155,16.4943087715572,0.3));
#16414=CARTESIAN_POINT('Origin',(73.8714876335155,15.5944667850183,0.));
#16415=CARTESIAN_POINT('',(73.8714876335155,15.5944667850183,0.));
#16416=CARTESIAN_POINT('',(73.8714876335155,17.0472333925092,0.));
#16417=CARTESIAN_POINT('',(73.8714876335155,15.5944667850183,0.3));
#16418=CARTESIAN_POINT('',(73.8714876335155,15.5944667850183,0.));
#16419=CARTESIAN_POINT('',(73.8714876335155,15.5944667850183,0.3));
#16420=CARTESIAN_POINT('Origin',(69.367116559108,15.5944667850183,0.));
#16421=CARTESIAN_POINT('',(69.367116559108,15.5944667850183,0.));
#16422=CARTESIAN_POINT('',(57.183558279554,15.5944667850183,0.));
#16423=CARTESIAN_POINT('',(69.367116559108,15.5944667850183,0.3));
#16424=CARTESIAN_POINT('',(69.367116559108,15.5944667850183,0.));
#16425=CARTESIAN_POINT('',(69.367116559108,15.5944667850183,0.3));
#16426=CARTESIAN_POINT('Origin',(69.367116559108,16.4943087715572,0.));
#16427=CARTESIAN_POINT('',(69.367116559108,17.4971543857786,0.));
#16428=CARTESIAN_POINT('',(69.367116559108,16.4943087715572,0.3));
#16429=CARTESIAN_POINT('Origin',(71.6191981489962,17.845515989068,0.3));
#16430=CARTESIAN_POINT('Origin',(60.8129454709741,16.4943087715572,0.));
#16431=CARTESIAN_POINT('',(60.8129454709741,16.4943087715572,0.));
#16432=CARTESIAN_POINT('',(61.7129906272661,16.4943087715572,0.));
#16433=CARTESIAN_POINT('',(52.9064727354871,16.4943087715572,0.));
#16434=CARTESIAN_POINT('',(60.8129454709741,16.4943087715572,0.3));
#16435=CARTESIAN_POINT('',(60.8129454709741,16.4943087715572,0.));
#16436=CARTESIAN_POINT('',(61.7129906272661,16.4943087715572,0.3));
#16437=CARTESIAN_POINT('',(60.8129454709741,16.4943087715572,0.3));
#16438=CARTESIAN_POINT('',(61.7129906272661,16.4943087715572,0.));
#16439=CARTESIAN_POINT('Origin',(60.8129454709741,20.0965651931176,0.));
#16440=CARTESIAN_POINT('',(60.8129454709741,20.0965651931176,0.));
#16441=CARTESIAN_POINT('',(60.8129454709741,19.2982825965588,0.));
#16442=CARTESIAN_POINT('',(60.8129454709741,20.0965651931176,0.3));
#16443=CARTESIAN_POINT('',(60.8129454709741,20.0965651931176,0.));
#16444=CARTESIAN_POINT('',(60.8129454709741,20.0965651931176,0.3));
#16445=CARTESIAN_POINT('Origin',(62.6128341887643,20.0965651931176,0.));
#16446=CARTESIAN_POINT('',(62.6128341887643,20.0965651931176,0.));
#16447=CARTESIAN_POINT('',(53.8064170943821,20.0965651931176,0.));
#16448=CARTESIAN_POINT('',(62.6128341887643,20.0965651931176,0.3));
#16449=CARTESIAN_POINT('',(62.6128341887643,20.0965651931176,0.));
#16450=CARTESIAN_POINT('',(62.6128341887643,20.0965651931176,0.3));
#16451=CARTESIAN_POINT('Origin',(62.6128341887643,16.4943087715572,0.));
#16452=CARTESIAN_POINT('',(62.6128341887643,16.4943087715572,0.));
#16453=CARTESIAN_POINT('',(62.6128341887643,17.4971543857786,0.));
#16454=CARTESIAN_POINT('',(62.6128341887643,16.4943087715572,0.3));
#16455=CARTESIAN_POINT('',(62.6128341887643,16.4943087715572,0.));
#16456=CARTESIAN_POINT('',(62.6128341887643,16.4943087715572,0.3));
#16457=CARTESIAN_POINT('Origin',(65.3150423041141,16.4943087715572,0.));
#16458=CARTESIAN_POINT('',(65.3150423041141,16.4943087715572,0.));
#16459=CARTESIAN_POINT('',(55.157521152057,16.4943087715572,0.));
#16460=CARTESIAN_POINT('',(65.3150423041141,16.4943087715572,0.3));
#16461=CARTESIAN_POINT('',(65.3150423041141,16.4943087715572,0.));
#16462=CARTESIAN_POINT('',(65.3150423041141,16.4943087715572,0.3));
#16463=CARTESIAN_POINT('Origin',(65.3150423041141,20.0965651931176,0.));
#16464=CARTESIAN_POINT('',(65.3150423041141,20.0965651931176,0.));
#16465=CARTESIAN_POINT('',(65.3150423041141,19.2982825965588,0.));
#16466=CARTESIAN_POINT('',(65.3150423041141,20.0965651931176,0.3));
#16467=CARTESIAN_POINT('',(65.3150423041141,20.0965651931176,0.));
#16468=CARTESIAN_POINT('',(65.3150423041141,20.0965651931176,0.3));
#16469=CARTESIAN_POINT('Origin',(67.1172021132532,20.0965651931176,0.));
#16470=CARTESIAN_POINT('',(67.1172021132532,20.0965651931176,0.));
#16471=CARTESIAN_POINT('',(56.0586010566266,20.0965651931176,0.));
#16472=CARTESIAN_POINT('',(67.1172021132532,20.0965651931176,0.3));
#16473=CARTESIAN_POINT('',(67.1172021132532,20.0965651931176,0.));
#16474=CARTESIAN_POINT('',(67.1172021132532,20.0965651931176,0.3));
#16475=CARTESIAN_POINT('Origin',(67.1172021132532,16.4943087715572,0.));
#16476=CARTESIAN_POINT('',(67.1172021132532,16.4943087715572,0.));
#16477=CARTESIAN_POINT('',(67.1172021132532,17.4971543857786,0.));
#16478=CARTESIAN_POINT('',(67.1172021132532,16.4943087715572,0.3));
#16479=CARTESIAN_POINT('',(67.1172021132532,16.4943087715572,0.));
#16480=CARTESIAN_POINT('',(67.1172021132532,16.4943087715572,0.3));
#16481=CARTESIAN_POINT('Origin',(66.2173617016737,16.4943087715572,0.));
#16482=CARTESIAN_POINT('',(66.2173617016737,16.4943087715572,0.));
#16483=CARTESIAN_POINT('',(55.6086808508368,16.4943087715572,0.));
#16484=CARTESIAN_POINT('',(66.2173617016737,16.4943087715572,0.3));
#16485=CARTESIAN_POINT('',(66.2173617016737,16.4943087715572,0.));
#16486=CARTESIAN_POINT('',(66.2173617016737,16.4943087715572,0.3));
#16487=CARTESIAN_POINT('Origin',(66.2173617016737,15.5944667850183,0.));
#16488=CARTESIAN_POINT('',(66.2173617016737,15.5944667850183,0.));
#16489=CARTESIAN_POINT('',(66.2173617016737,17.0472333925092,0.));
#16490=CARTESIAN_POINT('',(66.2173617016737,15.5944667850183,0.3));
#16491=CARTESIAN_POINT('',(66.2173617016737,15.5944667850183,0.));
#16492=CARTESIAN_POINT('',(66.2173617016737,15.5944667850183,0.3));
#16493=CARTESIAN_POINT('Origin',(61.7129906272661,15.5944667850183,0.));
#16494=CARTESIAN_POINT('',(61.7129906272661,15.5944667850183,0.));
#16495=CARTESIAN_POINT('',(53.3564953136331,15.5944667850183,0.));
#16496=CARTESIAN_POINT('',(61.7129906272661,15.5944667850183,0.3));
#16497=CARTESIAN_POINT('',(61.7129906272661,15.5944667850183,0.));
#16498=CARTESIAN_POINT('',(61.7129906272661,15.5944667850183,0.3));
#16499=CARTESIAN_POINT('Origin',(61.7129906272661,16.4943087715572,0.));
#16500=CARTESIAN_POINT('',(61.7129906272661,17.4971543857786,0.));
#16501=CARTESIAN_POINT('',(61.7129906272661,16.4943087715572,0.3));
#16502=CARTESIAN_POINT('Origin',(63.9650737921137,17.845515989068,0.3));
#16503=CARTESIAN_POINT('Origin',(35.5983821382447,20.0965651931176,0.));
#16504=CARTESIAN_POINT('',(35.5983821382447,20.0965651931176,0.));
#16505=CARTESIAN_POINT('',(32.8961740228949,20.0965651931176,0.));
#16506=CARTESIAN_POINT('',(40.2991910691224,20.0965651931176,0.));
#16507=CARTESIAN_POINT('',(35.5983821382447,20.0965651931176,0.3));
#16508=CARTESIAN_POINT('',(35.5983821382447,20.0965651931176,0.));
#16509=CARTESIAN_POINT('',(32.8961740228949,20.0965651931176,0.3));
#16510=CARTESIAN_POINT('',(35.5983821382447,20.0965651931176,0.3));
#16511=CARTESIAN_POINT('',(32.8961740228949,20.0965651931176,0.));
#16512=CARTESIAN_POINT('Origin',(35.5983821382447,19.196516886907,0.));
#16513=CARTESIAN_POINT('',(35.5983821382447,19.196516886907,0.));
#16514=CARTESIAN_POINT('',(35.5983821382447,18.8482584434535,0.));
#16515=CARTESIAN_POINT('',(35.5983821382447,19.196516886907,0.3));
#16516=CARTESIAN_POINT('',(35.5983821382447,19.196516886907,0.));
#16517=CARTESIAN_POINT('',(35.5983821382447,19.196516886907,0.3));
#16518=CARTESIAN_POINT('Origin',(32.8961740228949,19.196516886907,0.));
#16519=CARTESIAN_POINT('',(32.8961740228949,19.196516886907,0.));
#16520=CARTESIAN_POINT('',(38.9480870114475,19.196516886907,0.));
#16521=CARTESIAN_POINT('',(32.8961740228949,19.196516886907,0.3));
#16522=CARTESIAN_POINT('',(32.8961740228949,19.196516886907,0.));
#16523=CARTESIAN_POINT('',(32.8961740228949,19.196516886907,0.3));
#16524=CARTESIAN_POINT('',(35.5983821382447,19.196516886907,0.));
#16525=CARTESIAN_POINT('Origin',(32.8961740228949,20.0965651931176,0.));
#16526=CARTESIAN_POINT('',(32.8961740228949,19.2982825965588,0.));
#16527=CARTESIAN_POINT('',(32.8961740228949,20.0965651931176,0.3));
#16528=CARTESIAN_POINT('Origin',(34.2472780805698,19.6465410400123,0.3));
#16529=CARTESIAN_POINT('Origin',(35.5983821382447,18.2966749003681,0.));
#16530=CARTESIAN_POINT('',(35.5983821382447,18.2966749003681,0.));
#16531=CARTESIAN_POINT('',(36.4982256997429,18.2966749003681,0.));
#16532=CARTESIAN_POINT('',(40.2991910691224,18.2966749003681,0.));
#16533=CARTESIAN_POINT('',(35.5983821382447,18.2966749003681,0.3));
#16534=CARTESIAN_POINT('',(35.5983821382447,18.2966749003681,0.));
#16535=CARTESIAN_POINT('',(36.4982256997429,18.2966749003681,0.3));
#16536=CARTESIAN_POINT('',(35.5983821382447,18.2966749003681,0.3));
#16537=CARTESIAN_POINT('',(36.4982256997429,18.2966749003681,0.));
#16538=CARTESIAN_POINT('Origin',(35.5983821382447,19.196516886907,0.));
#16539=CARTESIAN_POINT('',(35.5983821382447,18.8482584434535,0.));
#16540=CARTESIAN_POINT('',(35.5983821382447,19.196516886907,0.3));
#16541=CARTESIAN_POINT('Origin',(36.4982256997429,19.196516886907,0.));
#16542=CARTESIAN_POINT('',(36.4982256997429,19.196516886907,0.));
#16543=CARTESIAN_POINT('',(40.7491128498714,19.196516886907,0.));
#16544=CARTESIAN_POINT('',(36.4982256997429,19.196516886907,0.3));
#16545=CARTESIAN_POINT('',(36.4982256997429,19.196516886907,0.));
#16546=CARTESIAN_POINT('',(36.4982256997429,19.196516886907,0.3));
#16547=CARTESIAN_POINT('Origin',(36.4982256997429,20.0965651931176,0.));
#16548=CARTESIAN_POINT('',(36.4982256997429,20.0965651931176,0.));
#16549=CARTESIAN_POINT('',(36.4982256997429,19.2982825965588,0.));
#16550=CARTESIAN_POINT('',(36.4982256997429,20.0965651931176,0.3));
#16551=CARTESIAN_POINT('',(36.4982256997429,20.0965651931176,0.));
#16552=CARTESIAN_POINT('',(36.4982256997429,20.0965651931176,0.3));
#16553=CARTESIAN_POINT('Origin',(38.3005902535945,20.0965651931176,0.));
#16554=CARTESIAN_POINT('',(38.3005902535945,20.0965651931176,0.));
#16555=CARTESIAN_POINT('',(41.6502951267972,20.0965651931176,0.));
#16556=CARTESIAN_POINT('',(38.3005902535945,20.0965651931176,0.3));
#16557=CARTESIAN_POINT('',(38.3005902535945,20.0965651931176,0.));
#16558=CARTESIAN_POINT('',(38.3005902535945,20.0965651931176,0.3));
#16559=CARTESIAN_POINT('Origin',(38.3005902535945,15.5944667850183,0.));
#16560=CARTESIAN_POINT('',(38.3005902535945,15.5944667850183,0.));
#16561=CARTESIAN_POINT('',(38.3005902535945,17.0472333925092,0.));
#16562=CARTESIAN_POINT('',(38.3005902535945,15.5944667850183,0.3));
#16563=CARTESIAN_POINT('',(38.3005902535945,15.5944667850183,0.));
#16564=CARTESIAN_POINT('',(38.3005902535945,15.5944667850183,0.3));
#16565=CARTESIAN_POINT('Origin',(36.4982256997429,15.5944667850183,0.));
#16566=CARTESIAN_POINT('',(36.4982256997429,15.5944667850183,0.));
#16567=CARTESIAN_POINT('',(40.7491128498714,15.5944667850183,0.));
#16568=CARTESIAN_POINT('',(36.4982256997429,15.5944667850183,0.3));
#16569=CARTESIAN_POINT('',(36.4982256997429,15.5944667850183,0.));
#16570=CARTESIAN_POINT('',(36.4982256997429,15.5944667850183,0.3));
#16571=CARTESIAN_POINT('Origin',(36.4982256997429,18.2966749003681,0.));
#16572=CARTESIAN_POINT('',(36.4982256997429,18.398337450184,0.));
#16573=CARTESIAN_POINT('',(36.4982256997429,18.2966749003681,0.3));
#16574=CARTESIAN_POINT('Origin',(36.9494861959196,17.845515989068,0.3));
#16575=CARTESIAN_POINT('Origin',(25.2420480910531,16.4943087715572,0.));
#16576=CARTESIAN_POINT('',(25.2420480910531,16.4943087715572,0.));
#16577=CARTESIAN_POINT('',(26.1418916525512,16.4943087715572,0.));
#16578=CARTESIAN_POINT('',(35.1210240455265,16.4943087715572,0.));
#16579=CARTESIAN_POINT('',(25.2420480910531,16.4943087715572,0.3));
#16580=CARTESIAN_POINT('',(25.2420480910531,16.4943087715572,0.));
#16581=CARTESIAN_POINT('',(26.1418916525512,16.4943087715572,0.3));
#16582=CARTESIAN_POINT('',(25.2420480910531,16.4943087715572,0.3));
#16583=CARTESIAN_POINT('',(26.1418916525512,16.4943087715572,0.));
#16584=CARTESIAN_POINT('Origin',(25.2420480910531,17.3943570777678,0.));
#16585=CARTESIAN_POINT('',(25.2420480910531,17.3943570777678,0.));
#16586=CARTESIAN_POINT('',(25.242048091053,17.9471785388839,0.));
#16587=CARTESIAN_POINT('',(25.2420480910531,17.3943570777678,0.3));
#16588=CARTESIAN_POINT('',(25.2420480910531,17.3943570777678,0.));
#16589=CARTESIAN_POINT('',(25.2420480910531,17.3943570777678,0.3));
#16590=CARTESIAN_POINT('Origin',(26.1418916525512,17.3943570777678,0.));
#16591=CARTESIAN_POINT('',(26.1418916525512,17.3943570777678,0.));
#16592=CARTESIAN_POINT('',(35.5709458262756,17.3943570777679,0.));
#16593=CARTESIAN_POINT('',(26.1418916525512,17.3943570777678,0.3));
#16594=CARTESIAN_POINT('',(26.1418916525512,17.3943570777678,0.));
#16595=CARTESIAN_POINT('',(26.1418916525512,17.3943570777678,0.3));
#16596=CARTESIAN_POINT('Origin',(26.1418916525512,18.2966749003681,0.));
#16597=CARTESIAN_POINT('',(26.1418916525512,18.2966749003681,0.));
#16598=CARTESIAN_POINT('',(26.1418916525512,18.3983374501841,0.));
#16599=CARTESIAN_POINT('',(26.1418916525512,18.2966749003681,0.3));
#16600=CARTESIAN_POINT('',(26.1418916525512,18.2966749003681,0.));
#16601=CARTESIAN_POINT('',(26.1418916525512,18.2966749003681,0.3));
#16602=CARTESIAN_POINT('Origin',(29.7439433293992,18.2966749003681,0.));
#16603=CARTESIAN_POINT('',(29.7439433293992,18.2966749003681,0.));
#16604=CARTESIAN_POINT('',(37.3719716646996,18.2966749003681,0.));
#16605=CARTESIAN_POINT('',(29.7439433293992,18.2966749003681,0.3));
#16606=CARTESIAN_POINT('',(29.7439433293992,18.2966749003681,0.));
#16607=CARTESIAN_POINT('',(29.7439433293992,18.2966749003681,0.3));
#16608=CARTESIAN_POINT('Origin',(29.7439433293992,19.196516886907,0.));
#16609=CARTESIAN_POINT('',(29.7439433293992,19.196516886907,0.));
#16610=CARTESIAN_POINT('',(29.7439433293992,18.8482584434535,0.));
#16611=CARTESIAN_POINT('',(29.7439433293992,19.196516886907,0.3));
#16612=CARTESIAN_POINT('',(29.7439433293992,19.196516886907,0.));
#16613=CARTESIAN_POINT('',(29.7439433293992,19.196516886907,0.3));
#16614=CARTESIAN_POINT('Origin',(26.1418916525512,19.196516886907,0.));
#16615=CARTESIAN_POINT('',(26.1418916525512,19.196516886907,0.));
#16616=CARTESIAN_POINT('',(35.5709458262756,19.196516886907,0.));
#16617=CARTESIAN_POINT('',(26.1418916525512,19.196516886907,0.3));
#16618=CARTESIAN_POINT('',(26.1418916525512,19.196516886907,0.));
#16619=CARTESIAN_POINT('',(26.1418916525512,19.196516886907,0.3));
#16620=CARTESIAN_POINT('Origin',(26.1418916525512,20.0965651931176,0.));
#16621=CARTESIAN_POINT('',(26.1418916525512,20.0965651931176,0.));
#16622=CARTESIAN_POINT('',(26.1418916525512,19.2982825965588,0.));
#16623=CARTESIAN_POINT('',(26.1418916525512,20.0965651931176,0.3));
#16624=CARTESIAN_POINT('',(26.1418916525512,20.0965651931176,0.));
#16625=CARTESIAN_POINT('',(26.1418916525512,20.0965651931176,0.3));
#16626=CARTESIAN_POINT('Origin',(30.6462627269588,20.0965651931176,0.));
#16627=CARTESIAN_POINT('',(30.6462627269588,20.0965651931176,0.));
#16628=CARTESIAN_POINT('',(37.8231313634794,20.0965651931176,0.));
#16629=CARTESIAN_POINT('',(30.6462627269588,20.0965651931176,0.3));
#16630=CARTESIAN_POINT('',(30.6462627269588,20.0965651931176,0.));
#16631=CARTESIAN_POINT('',(30.6462627269588,20.0965651931176,0.3));
#16632=CARTESIAN_POINT('Origin',(30.6462627269588,19.196516886907,0.));
#16633=CARTESIAN_POINT('',(30.6462627269588,19.196516886907,0.));
#16634=CARTESIAN_POINT('',(30.6462627269588,18.8482584434535,0.));
#16635=CARTESIAN_POINT('',(30.6462627269588,19.196516886907,0.3));
#16636=CARTESIAN_POINT('',(30.6462627269588,19.196516886907,0.));
#16637=CARTESIAN_POINT('',(30.6462627269588,19.196516886907,0.3));
#16638=CARTESIAN_POINT('Origin',(31.5463078832508,19.196516886907,0.));
#16639=CARTESIAN_POINT('',(31.5463078832508,19.196516886907,0.));
#16640=CARTESIAN_POINT('',(38.2731539416254,19.196516886907,0.));
#16641=CARTESIAN_POINT('',(31.5463078832508,19.196516886907,0.3));
#16642=CARTESIAN_POINT('',(31.5463078832508,19.196516886907,0.));
#16643=CARTESIAN_POINT('',(31.5463078832508,19.196516886907,0.3));
#16644=CARTESIAN_POINT('Origin',(31.5463078832508,18.2966749003681,0.));
#16645=CARTESIAN_POINT('',(31.5463078832508,18.2966749003681,0.));
#16646=CARTESIAN_POINT('',(31.5463078832508,18.3983374501841,0.));
#16647=CARTESIAN_POINT('',(31.5463078832508,18.2966749003681,0.3));
#16648=CARTESIAN_POINT('',(31.5463078832508,18.2966749003681,0.));
#16649=CARTESIAN_POINT('',(31.5463078832508,18.2966749003681,0.3));
#16650=CARTESIAN_POINT('Origin',(30.6462627269588,18.2966749003681,0.));
#16651=CARTESIAN_POINT('',(30.6462627269588,18.2966749003681,0.));
#16652=CARTESIAN_POINT('',(37.8231313634794,18.2966749003681,0.));
#16653=CARTESIAN_POINT('',(30.6462627269588,18.2966749003681,0.3));
#16654=CARTESIAN_POINT('',(30.6462627269588,18.2966749003681,0.));
#16655=CARTESIAN_POINT('',(30.6462627269588,18.2966749003681,0.3));
#16656=CARTESIAN_POINT('Origin',(30.6462627269588,17.3943570777678,0.));
#16657=CARTESIAN_POINT('',(30.6462627269588,17.3943570777678,0.));
#16658=CARTESIAN_POINT('',(30.6462627269588,17.9471785388839,0.));
#16659=CARTESIAN_POINT('',(30.6462627269588,17.3943570777678,0.3));
#16660=CARTESIAN_POINT('',(30.6462627269588,17.3943570777678,0.));
#16661=CARTESIAN_POINT('',(30.6462627269588,17.3943570777678,0.3));
#16662=CARTESIAN_POINT('Origin',(27.0419368088432,17.3943570777678,0.));
#16663=CARTESIAN_POINT('',(27.0419368088432,17.3943570777678,0.));
#16664=CARTESIAN_POINT('',(36.0209684044216,17.3943570777678,0.));
#16665=CARTESIAN_POINT('',(27.0419368088432,17.3943570777678,0.3));
#16666=CARTESIAN_POINT('',(27.0419368088432,17.3943570777678,0.));
#16667=CARTESIAN_POINT('',(27.0419368088432,17.3943570777678,0.3));
#16668=CARTESIAN_POINT('Origin',(27.0419368088432,16.4943087715572,0.));
#16669=CARTESIAN_POINT('',(27.0419368088432,16.4943087715572,0.));
#16670=CARTESIAN_POINT('',(27.0419368088432,17.4971543857786,0.));
#16671=CARTESIAN_POINT('',(27.0419368088432,16.4943087715572,0.3));
#16672=CARTESIAN_POINT('',(27.0419368088432,16.4943087715572,0.));
#16673=CARTESIAN_POINT('',(27.0419368088432,16.4943087715572,0.3));
#16674=CARTESIAN_POINT('Origin',(31.5463078832508,16.4943087715572,0.));
#16675=CARTESIAN_POINT('',(31.5463078832508,16.4943087715572,0.));
#16676=CARTESIAN_POINT('',(38.2731539416254,16.4943087715572,0.));
#16677=CARTESIAN_POINT('',(31.5463078832508,16.4943087715572,0.3));
#16678=CARTESIAN_POINT('',(31.5463078832508,16.4943087715572,0.));
#16679=CARTESIAN_POINT('',(31.5463078832508,16.4943087715572,0.3));
#16680=CARTESIAN_POINT('Origin',(31.5463078832508,15.5944667850183,0.));
#16681=CARTESIAN_POINT('',(31.5463078832508,15.5944667850183,0.));
#16682=CARTESIAN_POINT('',(31.5463078832508,17.0472333925092,0.));
#16683=CARTESIAN_POINT('',(31.5463078832508,15.5944667850183,0.3));
#16684=CARTESIAN_POINT('',(31.5463078832508,15.5944667850183,0.));
#16685=CARTESIAN_POINT('',(31.5463078832508,15.5944667850183,0.3));
#16686=CARTESIAN_POINT('Origin',(26.1418916525512,15.5944667850183,0.));
#16687=CARTESIAN_POINT('',(26.1418916525512,15.5944667850183,0.));
#16688=CARTESIAN_POINT('',(35.5709458262756,15.5944667850183,0.));
#16689=CARTESIAN_POINT('',(26.1418916525512,15.5944667850183,0.3));
#16690=CARTESIAN_POINT('',(26.1418916525512,15.5944667850183,0.));
#16691=CARTESIAN_POINT('',(26.1418916525512,15.5944667850183,0.3));
#16692=CARTESIAN_POINT('Origin',(26.1418916525512,16.4943087715572,0.));
#16693=CARTESIAN_POINT('',(26.1418916525512,17.4971543857786,0.));
#16694=CARTESIAN_POINT('',(26.1418916525512,16.4943087715572,0.3));
#16695=CARTESIAN_POINT('Origin',(28.3941779871519,17.845515989068,0.3));
#16696=CARTESIAN_POINT('Origin',(2.72701544281817,16.4943087715572,0.));
#16697=CARTESIAN_POINT('',(2.72701544281817,16.4943087715572,0.));
#16698=CARTESIAN_POINT('',(1.82717188131999,16.4943087715572,0.));
#16699=CARTESIAN_POINT('',(23.8635077214091,16.4943087715573,0.));
#16700=CARTESIAN_POINT('',(2.72701544281817,16.4943087715572,0.3));
#16701=CARTESIAN_POINT('',(2.72701544281817,16.4943087715572,0.));
#16702=CARTESIAN_POINT('',(1.82717188131999,16.4943087715572,0.3));
#16703=CARTESIAN_POINT('',(2.72701544281817,16.4943087715572,0.3));
#16704=CARTESIAN_POINT('',(1.82717188131999,16.4943087715572,0.));
#16705=CARTESIAN_POINT('Origin',(2.72701544281817,22.7986504616399,0.));
#16706=CARTESIAN_POINT('',(2.72701544281817,22.7986504616399,0.));
#16707=CARTESIAN_POINT('',(2.72701544281817,20.6493252308199,0.));
#16708=CARTESIAN_POINT('',(2.72701544281817,22.7986504616399,0.3));
#16709=CARTESIAN_POINT('',(2.72701544281817,22.7986504616399,0.));
#16710=CARTESIAN_POINT('',(2.72701544281817,22.7986504616399,0.3));
#16711=CARTESIAN_POINT('Origin',(4.52937999666975,22.7986504616399,0.));
#16712=CARTESIAN_POINT('',(4.52937999666975,22.7986504616399,0.));
#16713=CARTESIAN_POINT('',(24.7646899983349,22.7986504616399,0.));
#16714=CARTESIAN_POINT('',(4.52937999666975,22.7986504616399,0.3));
#16715=CARTESIAN_POINT('',(4.52937999666975,22.7986504616399,0.));
#16716=CARTESIAN_POINT('',(4.52937999666975,22.7986504616399,0.3));
#16717=CARTESIAN_POINT('Origin',(4.52937999666975,16.4943087715572,0.));
#16718=CARTESIAN_POINT('',(4.52937999666975,16.4943087715572,0.));
#16719=CARTESIAN_POINT('',(4.52937999666975,17.4971543857786,0.));
#16720=CARTESIAN_POINT('',(4.52937999666975,16.4943087715572,0.3));
#16721=CARTESIAN_POINT('',(4.52937999666975,16.4943087715572,0.));
#16722=CARTESIAN_POINT('',(4.52937999666975,16.4943087715572,0.3));
#16723=CARTESIAN_POINT('Origin',(3.62953643517157,16.4943087715572,0.));
#16724=CARTESIAN_POINT('',(3.62953643517157,16.4943087715572,0.));
#16725=CARTESIAN_POINT('',(24.3147682175858,16.4943087715572,0.));
#16726=CARTESIAN_POINT('',(3.62953643517157,16.4943087715572,0.3));
#16727=CARTESIAN_POINT('',(3.62953643517157,16.4943087715572,0.));
#16728=CARTESIAN_POINT('',(3.62953643517157,16.4943087715572,0.3));
#16729=CARTESIAN_POINT('Origin',(3.62953643517157,15.5944667850184,0.));
#16730=CARTESIAN_POINT('',(3.62953643517157,15.5944667850184,0.));
#16731=CARTESIAN_POINT('',(3.62953643517157,17.0472333925092,0.));
#16732=CARTESIAN_POINT('',(3.62953643517157,15.5944667850184,0.3));
#16733=CARTESIAN_POINT('',(3.62953643517157,15.5944667850184,0.));
#16734=CARTESIAN_POINT('',(3.62953643517157,15.5944667850184,0.3));
#16735=CARTESIAN_POINT('Origin',(1.82717188131999,15.5944667850183,0.));
#16736=CARTESIAN_POINT('',(1.82717188131999,15.5944667850183,0.));
#16737=CARTESIAN_POINT('',(23.41358594066,15.5944667850184,0.));
#16738=CARTESIAN_POINT('',(1.82717188131999,15.5944667850183,0.3));
#16739=CARTESIAN_POINT('',(1.82717188131999,15.5944667850183,0.));
#16740=CARTESIAN_POINT('',(1.82717188131999,15.5944667850183,0.3));
#16741=CARTESIAN_POINT('Origin',(1.82717188131999,16.4943087715572,0.));
#16742=CARTESIAN_POINT('',(1.82717188132,17.4971543857787,0.));
#16743=CARTESIAN_POINT('',(1.82717188131999,16.4943087715572,0.3));
#16744=CARTESIAN_POINT('Origin',(3.17827593899487,19.1965586233291,0.3));
#16745=CARTESIAN_POINT('Origin',(45.,18.5,0.));
#16746=CARTESIAN_POINT('',(0.499999999999998,4.5,0.));
#16747=CARTESIAN_POINT('',(3.5,4.5,0.));
#16748=CARTESIAN_POINT('',(22.5,4.5,0.));
#16749=CARTESIAN_POINT('',(0.499999999999998,32.5,0.));
#16750=CARTESIAN_POINT('',(0.499999999999998,25.75,0.));
#16751=CARTESIAN_POINT('',(3.5,32.5,0.));
#16752=CARTESIAN_POINT('',(24.5,32.5,0.));
#16753=CARTESIAN_POINT('',(4.5,33.5,0.));
#16754=CARTESIAN_POINT('Origin',(3.5,33.5,0.));
#16755=CARTESIAN_POINT('',(4.5,36.5,0.));
#16756=CARTESIAN_POINT('',(4.5,27.75,0.));
#16757=CARTESIAN_POINT('',(85.5,36.5,0.));
#16758=CARTESIAN_POINT('',(65.5,36.5,0.));
#16759=CARTESIAN_POINT('',(85.5,33.5,0.));
#16760=CARTESIAN_POINT('',(85.5,25.75,0.));
#16761=CARTESIAN_POINT('',(86.5,32.5,0.));
#16762=CARTESIAN_POINT('Origin',(86.5,33.5,0.));
#16763=CARTESIAN_POINT('',(89.5,32.5,0.));
#16764=CARTESIAN_POINT('',(67.5,32.5,0.));
#16765=CARTESIAN_POINT('',(89.5,4.5,0.));
#16766=CARTESIAN_POINT('',(89.5,11.25,0.));
#16767=CARTESIAN_POINT('',(86.5,4.49999999999999,0.));
#16768=CARTESIAN_POINT('',(65.5,4.5,0.));
#16769=CARTESIAN_POINT('',(85.5,3.5,0.));
#16770=CARTESIAN_POINT('Origin',(86.5,3.5,0.));
#16771=CARTESIAN_POINT('',(85.5,0.499999999999992,0.));
#16772=CARTESIAN_POINT('',(85.5,9.25,0.));
#16773=CARTESIAN_POINT('',(4.5,0.5,0.));
#16774=CARTESIAN_POINT('',(24.5,0.499999999999997,0.));
#16775=CARTESIAN_POINT('',(4.5,3.5,0.));
#16776=CARTESIAN_POINT('',(4.5,11.25,0.));
#16777=CARTESIAN_POINT('Origin',(3.5,3.5,0.));
#16778=CARTESIAN_POINT('',(84.75,18.5204887589774,0.));
#16779=CARTESIAN_POINT('Origin',(87.,18.5204887589774,0.));
#16780=CARTESIAN_POINT('Origin',(45.,18.5,0.));
#16781=CARTESIAN_POINT('Origin',(45.,18.5,0.));
#16782=CARTESIAN_POINT('Origin',(45.,18.5,0.));
#16783=CARTESIAN_POINT('Origin',(85.75,9.25,5.75));
#16784=CARTESIAN_POINT('',(86.,3.5,5.5));
#16785=CARTESIAN_POINT('',(85.5,3.5,6.));
#16786=CARTESIAN_POINT('',(86.,3.5,5.5));
#16787=CARTESIAN_POINT('',(85.5,0.499999999999993,6.));
#16788=CARTESIAN_POINT('',(85.5,9.25,6.));
#16789=CARTESIAN_POINT('',(86.,0.499999999999993,5.5));
#16790=CARTESIAN_POINT('',(85.5,0.499999999999993,6.));
#16791=CARTESIAN_POINT('',(86.,9.25,5.5));
#16792=CARTESIAN_POINT('Origin',(86.5,3.5,5.75));
#16793=CARTESIAN_POINT('',(86.5,4.,5.5));
#16794=CARTESIAN_POINT('Origin',(86.5,3.5,5.5));
#16795=CARTESIAN_POINT('',(86.5,4.49999999999999,6.));
#16796=CARTESIAN_POINT('',(86.5,4.,5.5));
#16797=CARTESIAN_POINT('Origin',(86.5,3.5,6.));
#16798=CARTESIAN_POINT('Origin',(65.5,4.25,5.75));
#16799=CARTESIAN_POINT('',(89.5,4.,5.5));
#16800=CARTESIAN_POINT('',(89.5,4.5,6.));
#16801=CARTESIAN_POINT('',(89.5,4.,5.5));
#16802=CARTESIAN_POINT('',(65.5,4.5,6.));
#16803=CARTESIAN_POINT('',(65.5,4.,5.5));
#16804=CARTESIAN_POINT('Origin',(24.5,0.249999999999998,5.75));
#16805=CARTESIAN_POINT('',(85.5,-7.0082828429463E-15,5.5));
#16806=CARTESIAN_POINT('',(85.5,-7.0082828429463E-15,5.5));
#16807=CARTESIAN_POINT('',(4.5,0.499999999999999,6.));
#16808=CARTESIAN_POINT('',(24.5,0.499999999999997,6.));
#16809=CARTESIAN_POINT('',(4.5,-4.16333634234434E-16,5.5));
#16810=CARTESIAN_POINT('',(4.5,0.499999999999999,6.));
#16811=CARTESIAN_POINT('',(24.5,-2.0122792321331E-15,5.5));
#16812=CARTESIAN_POINT('Origin',(22.5,4.25,5.75));
#16813=CARTESIAN_POINT('',(3.5,4.,5.5));
#16814=CARTESIAN_POINT('',(3.5,4.5,6.));
#16815=CARTESIAN_POINT('',(3.5,4.,5.5));
#16816=CARTESIAN_POINT('',(0.499999999999998,4.5,6.));
#16817=CARTESIAN_POINT('',(22.5,4.5,6.));
#16818=CARTESIAN_POINT('',(0.5,4.,5.5));
#16819=CARTESIAN_POINT('',(0.499999999999998,4.5,6.));
#16820=CARTESIAN_POINT('',(22.5,4.,5.5));
#16821=CARTESIAN_POINT('Origin',(3.5,3.5,5.75));
#16822=CARTESIAN_POINT('',(4.,3.5,5.5));
#16823=CARTESIAN_POINT('Origin',(3.5,3.5,5.5));
#16824=CARTESIAN_POINT('',(4.5,3.5,6.));
#16825=CARTESIAN_POINT('',(4.,3.5,5.5));
#16826=CARTESIAN_POINT('Origin',(3.5,3.5,6.));
#16827=CARTESIAN_POINT('Origin',(4.25,11.25,5.75));
#16828=CARTESIAN_POINT('',(4.,0.5,5.5));
#16829=CARTESIAN_POINT('',(4.,0.5,5.5));
#16830=CARTESIAN_POINT('',(4.5,11.25,6.));
#16831=CARTESIAN_POINT('',(4.,11.25,5.5));
#16832=CARTESIAN_POINT('Origin',(0.249999999999999,25.75,5.75));
#16833=CARTESIAN_POINT('',(0.,4.5,5.5));
#16834=CARTESIAN_POINT('',(0.,4.5,5.5));
#16835=CARTESIAN_POINT('',(0.499999999999998,32.5,6.));
#16836=CARTESIAN_POINT('',(0.499999999999998,25.75,6.));
#16837=CARTESIAN_POINT('',(0.,32.5,5.5));
#16838=CARTESIAN_POINT('',(0.499999999999998,32.5,6.));
#16839=CARTESIAN_POINT('',(0.,25.75,5.5));
#16840=CARTESIAN_POINT('Origin',(4.25,27.75,5.75));
#16841=CARTESIAN_POINT('',(4.,33.5,5.5));
#16842=CARTESIAN_POINT('',(4.5,33.5,6.));
#16843=CARTESIAN_POINT('',(4.,33.5,5.5));
#16844=CARTESIAN_POINT('',(4.5,36.5,6.));
#16845=CARTESIAN_POINT('',(4.5,27.75,6.));
#16846=CARTESIAN_POINT('',(4.,36.5,5.5));
#16847=CARTESIAN_POINT('',(4.5,36.5,6.));
#16848=CARTESIAN_POINT('',(4.,27.75,5.5));
#16849=CARTESIAN_POINT('Origin',(3.5,33.5,5.75));
#16850=CARTESIAN_POINT('',(3.5,33.,5.5));
#16851=CARTESIAN_POINT('Origin',(3.5,33.5,5.5));
#16852=CARTESIAN_POINT('',(3.5,32.5,6.));
#16853=CARTESIAN_POINT('',(3.5,33.,5.5));
#16854=CARTESIAN_POINT('Origin',(3.5,33.5,6.));
#16855=CARTESIAN_POINT('Origin',(24.5,32.75,5.75));
#16856=CARTESIAN_POINT('',(0.5,33.,5.5));
#16857=CARTESIAN_POINT('',(0.5,33.,5.5));
#16858=CARTESIAN_POINT('',(24.5,32.5,6.));
#16859=CARTESIAN_POINT('',(24.5,33.,5.5));
#16860=CARTESIAN_POINT('Origin',(65.5,36.75,5.75));
#16861=CARTESIAN_POINT('',(4.5,37.,5.5));
#16862=CARTESIAN_POINT('',(4.5,37.,5.5));
#16863=CARTESIAN_POINT('',(85.5,36.5,6.));
#16864=CARTESIAN_POINT('',(65.5,36.5,6.));
#16865=CARTESIAN_POINT('',(85.5,37.,5.5));
#16866=CARTESIAN_POINT('',(85.5,36.5,6.));
#16867=CARTESIAN_POINT('',(65.5,37.,5.5));
#16868=CARTESIAN_POINT('Origin',(67.5,32.75,5.75));
#16869=CARTESIAN_POINT('',(86.5,33.,5.5));
#16870=CARTESIAN_POINT('',(86.5,32.5,6.));
#16871=CARTESIAN_POINT('',(86.5,33.,5.5));
#16872=CARTESIAN_POINT('',(89.5,32.5,6.));
#16873=CARTESIAN_POINT('',(67.5,32.5,6.));
#16874=CARTESIAN_POINT('',(89.5,33.,5.5));
#16875=CARTESIAN_POINT('',(89.5,32.5,6.));
#16876=CARTESIAN_POINT('',(67.5,33.,5.5));
#16877=CARTESIAN_POINT('Origin',(86.5,33.5,5.75));
#16878=CARTESIAN_POINT('',(86.,33.5,5.5));
#16879=CARTESIAN_POINT('Origin',(86.5,33.5,5.5));
#16880=CARTESIAN_POINT('',(85.5,33.5,6.));
#16881=CARTESIAN_POINT('',(86.,33.5,5.5));
#16882=CARTESIAN_POINT('Origin',(86.5,33.5,6.));
#16883=CARTESIAN_POINT('Origin',(85.75,25.75,5.75));
#16884=CARTESIAN_POINT('',(86.,36.5,5.5));
#16885=CARTESIAN_POINT('',(86.,36.5,5.5));
#16886=CARTESIAN_POINT('',(85.5,25.75,6.));
#16887=CARTESIAN_POINT('',(86.,25.75,5.5));
#16888=CARTESIAN_POINT('Origin',(89.75,11.25,5.75));
#16889=CARTESIAN_POINT('',(90.,23.9765983841137,5.5));
#16890=CARTESIAN_POINT('',(90.,32.5,5.5));
#16891=CARTESIAN_POINT('',(90.,11.25,5.5));
#16892=CARTESIAN_POINT('',(90.,32.5,5.5));
#16893=CARTESIAN_POINT('',(89.5,24.4765983841137,6.));
#16894=CARTESIAN_POINT('',(89.5,11.25,6.));
#16895=CARTESIAN_POINT('',(89.5,24.4765983841137,6.));
#16896=CARTESIAN_POINT('Origin',(65.5,24.2265983841137,5.75));
#16897=CARTESIAN_POINT('',(87.,23.9765983841137,5.5));
#16898=CARTESIAN_POINT('',(65.5,23.9765983841137,5.5));
#16899=CARTESIAN_POINT('',(87.2071067811865,24.4765983841137,6.));
#16900=CARTESIAN_POINT('',(65.5,24.4765983841137,6.));
#16901=CARTESIAN_POINT('',(87.2071067811865,24.4765983841137,6.));
#16902=CARTESIAN_POINT('Origin',(77.7959262913251,33.5342254833819,5.75));
#16903=CARTESIAN_POINT('',(86.,24.9765983841137,5.5));
#16904=CARTESIAN_POINT('',(77.6191495960284,33.3574487880852,5.5));
#16905=CARTESIAN_POINT('',(86.5,25.1837051653002,6.));
#16906=CARTESIAN_POINT('',(77.9727029866217,33.7110021786785,6.));
#16907=CARTESIAN_POINT('',(86.5,25.1837051653002,6.));
#16908=CARTESIAN_POINT('Origin',(86.25,23.75,5.75));
#16909=CARTESIAN_POINT('',(86.,29.,5.5));
#16910=CARTESIAN_POINT('',(86.,23.75,5.5));
#16911=CARTESIAN_POINT('',(86.5,29.5,6.));
#16912=CARTESIAN_POINT('',(86.5,23.75,6.));
#16913=CARTESIAN_POINT('',(86.5,29.5,6.));
#16914=CARTESIAN_POINT('Origin',(63.5,29.25,5.75));
#16915=CARTESIAN_POINT('',(82.,29.,5.5));
#16916=CARTESIAN_POINT('',(63.5,29.,5.5));
#16917=CARTESIAN_POINT('',(82.5,29.5,6.));
#16918=CARTESIAN_POINT('',(63.5,29.5,6.));
#16919=CARTESIAN_POINT('',(82.5,29.5,6.));
#16920=CARTESIAN_POINT('Origin',(82.25,25.75,5.75));
#16921=CARTESIAN_POINT('',(82.,33.,5.5));
#16922=CARTESIAN_POINT('',(82.,25.75,5.5));
#16923=CARTESIAN_POINT('',(82.5,33.5,6.));
#16924=CARTESIAN_POINT('',(82.5,25.75,6.));
#16925=CARTESIAN_POINT('',(82.5,33.5,6.));
#16926=CARTESIAN_POINT('Origin',(26.5,33.25,5.75));
#16927=CARTESIAN_POINT('',(8.,33.,5.5));
#16928=CARTESIAN_POINT('',(26.5,33.,5.5));
#16929=CARTESIAN_POINT('',(7.5,33.5,6.));
#16930=CARTESIAN_POINT('',(26.5,33.5,6.));
#16931=CARTESIAN_POINT('',(7.5,33.5,6.));
#16932=CARTESIAN_POINT('Origin',(7.75,23.75,5.75));
#16933=CARTESIAN_POINT('',(7.5,29.5,6.));
#16934=CARTESIAN_POINT('',(7.5,23.75,6.));
#16935=CARTESIAN_POINT('',(8.,29.,5.5));
#16936=CARTESIAN_POINT('',(7.5,29.5,6.));
#16937=CARTESIAN_POINT('',(8.,23.75,5.5));
#16938=CARTESIAN_POINT('Origin',(24.5,29.25,5.75));
#16939=CARTESIAN_POINT('',(3.50000000000001,29.5,6.));
#16940=CARTESIAN_POINT('',(24.5,29.5,6.));
#16941=CARTESIAN_POINT('',(4.,29.,5.5));
#16942=CARTESIAN_POINT('',(3.50000000000001,29.5,6.));
#16943=CARTESIAN_POINT('',(24.5,29.,5.5));
#16944=CARTESIAN_POINT('Origin',(3.75,13.25,5.75));
#16945=CARTESIAN_POINT('',(3.50000000000001,7.5,6.));
#16946=CARTESIAN_POINT('',(3.50000000000001,13.25,6.));
#16947=CARTESIAN_POINT('',(4.,8.,5.5));
#16948=CARTESIAN_POINT('',(3.50000000000001,7.5,6.));
#16949=CARTESIAN_POINT('',(4.,13.25,5.5));
#16950=CARTESIAN_POINT('Origin',(26.5,7.75,5.75));
#16951=CARTESIAN_POINT('',(7.5,7.5,6.));
#16952=CARTESIAN_POINT('',(26.5,7.5,6.));
#16953=CARTESIAN_POINT('',(8.,8.,5.5));
#16954=CARTESIAN_POINT('',(7.5,7.5,6.));
#16955=CARTESIAN_POINT('',(26.5,8.,5.5));
#16956=CARTESIAN_POINT('Origin',(7.75,11.25,5.75));
#16957=CARTESIAN_POINT('',(7.5,3.5,6.));
#16958=CARTESIAN_POINT('',(7.5,11.25,6.));
#16959=CARTESIAN_POINT('',(8.,4.,5.5));
#16960=CARTESIAN_POINT('',(7.5,3.5,6.));
#16961=CARTESIAN_POINT('',(8.,11.25,5.5));
#16962=CARTESIAN_POINT('Origin',(63.5,3.75,5.75));
#16963=CARTESIAN_POINT('',(82.5,3.5,6.));
#16964=CARTESIAN_POINT('',(63.5,3.5,6.));
#16965=CARTESIAN_POINT('',(82.,4.,5.5));
#16966=CARTESIAN_POINT('',(82.5,3.5,6.));
#16967=CARTESIAN_POINT('',(63.5,4.,5.5));
#16968=CARTESIAN_POINT('Origin',(82.25,13.25,5.75));
#16969=CARTESIAN_POINT('',(82.5,7.49999999999999,6.));
#16970=CARTESIAN_POINT('',(82.5,13.25,6.));
#16971=CARTESIAN_POINT('',(82.,8.,5.5));
#16972=CARTESIAN_POINT('',(82.5,7.49999999999999,6.));
#16973=CARTESIAN_POINT('',(82.,13.25,5.5));
#16974=CARTESIAN_POINT('Origin',(65.5,7.74999999999999,5.75));
#16975=CARTESIAN_POINT('',(86.5,7.49999999999999,6.));
#16976=CARTESIAN_POINT('',(65.5,7.49999999999999,6.));
#16977=CARTESIAN_POINT('',(86.,8.,5.5));
#16978=CARTESIAN_POINT('',(86.5,7.49999999999999,6.));
#16979=CARTESIAN_POINT('',(65.5,7.99999999999999,5.5));
#16980=CARTESIAN_POINT('Origin',(86.25,15.6807935062075,5.75));
#16981=CARTESIAN_POINT('',(86.5,11.6544802312285,6.));
#16982=CARTESIAN_POINT('',(86.5,15.6807935062075,6.));
#16983=CARTESIAN_POINT('',(86.,11.861587012415,5.5));
#16984=CARTESIAN_POINT('',(86.5,11.6544802312285,6.));
#16985=CARTESIAN_POINT('',(86.,15.6807935062075,5.5));
#16986=CARTESIAN_POINT('Origin',(77.8363799421929,3.34441356401461,5.75));
#16987=CARTESIAN_POINT('',(87.,12.861587012415,5.5));
#16988=CARTESIAN_POINT('',(77.6596032468963,3.52119025931124,5.5));
#16989=CARTESIAN_POINT('',(87.2071067811865,12.361587012415,6.));
#16990=CARTESIAN_POINT('',(78.0131566374895,3.16763686871797,6.));
#16991=CARTESIAN_POINT('',(87.2071067811865,12.361587012415,6.));
#16992=CARTESIAN_POINT('Origin',(67.5,12.611587012415,5.75));
#16993=CARTESIAN_POINT('',(90.,12.861587012415,5.5));
#16994=CARTESIAN_POINT('',(67.5,12.861587012415,5.5));
#16995=CARTESIAN_POINT('',(89.5,12.361587012415,6.));
#16996=CARTESIAN_POINT('',(67.5,12.361587012415,6.));
#16997=CARTESIAN_POINT('',(89.5,12.361587012415,6.));
#16998=CARTESIAN_POINT('Origin',(89.75,11.25,5.75));
#16999=CARTESIAN_POINT('',(89.5,11.25,6.));
#17000=CARTESIAN_POINT('',(90.,4.5,5.5));
#17001=CARTESIAN_POINT('',(89.5,4.5,6.));
#17002=CARTESIAN_POINT('',(90.,11.25,5.5));
#17003=CARTESIAN_POINT('Origin',(89.5,32.5,5.5));
#17004=CARTESIAN_POINT('Origin',(89.5,32.5,5.5));
#17005=CARTESIAN_POINT('Origin',(85.5,36.5,5.5));
#17006=CARTESIAN_POINT('Origin',(85.5,36.5,5.5));
#17007=CARTESIAN_POINT('Origin',(4.5,36.5,5.5));
#17008=CARTESIAN_POINT('Origin',(4.5,36.5,5.5));
#17009=CARTESIAN_POINT('Origin',(0.5,32.5,5.5));
#17010=CARTESIAN_POINT('Origin',(0.5,32.5,5.5));
#17011=CARTESIAN_POINT('Origin',(0.5,4.5,5.5));
#17012=CARTESIAN_POINT('Origin',(0.5,4.5,5.5));
#17013=CARTESIAN_POINT('Origin',(4.5,0.5,5.5));
#17014=CARTESIAN_POINT('Origin',(4.5,0.5,5.5));
#17015=CARTESIAN_POINT('Origin',(85.5,0.499999999999993,5.5));
#17016=CARTESIAN_POINT('Origin',(85.5,0.499999999999993,5.5));
#17017=CARTESIAN_POINT('Origin',(89.5,4.5,5.5));
#17018=CARTESIAN_POINT('Origin',(89.5,4.5,5.5));
#17019=CARTESIAN_POINT('Origin',(86.,0.,0.));
#17020=CARTESIAN_POINT('',(86.,0.499999999999993,0.5));
#17021=CARTESIAN_POINT('',(86.,0.499999999999993,0.));
#17022=CARTESIAN_POINT('',(86.,3.5,0.5));
#17023=CARTESIAN_POINT('',(86.,9.25,0.5));
#17024=CARTESIAN_POINT('',(86.,3.5,0.));
#17025=CARTESIAN_POINT('Origin',(85.5,0.499999999999993,0.));
#17026=CARTESIAN_POINT('',(85.5,-7.0082828429463E-15,0.5));
#17027=CARTESIAN_POINT('',(85.5,-7.0082828429463E-15,0.));
#17028=CARTESIAN_POINT('Origin',(85.5,0.499999999999993,0.5));
#17029=CARTESIAN_POINT('Origin',(4.,-3.26847582277777E-16,0.));
#17030=CARTESIAN_POINT('',(4.5,-4.16333634234434E-16,0.5));
#17031=CARTESIAN_POINT('',(4.5,-4.16333634234434E-16,0.));
#17032=CARTESIAN_POINT('',(24.5,-2.0122792321331E-15,0.5));
#17033=CARTESIAN_POINT('Origin',(4.5,0.5,0.));
#17034=CARTESIAN_POINT('',(4.,0.5,0.5));
#17035=CARTESIAN_POINT('',(4.,0.5,0.));
#17036=CARTESIAN_POINT('Origin',(4.5,0.5,0.5));
#17037=CARTESIAN_POINT('Origin',(4.,4.,0.));
#17038=CARTESIAN_POINT('',(4.,3.5,0.5));
#17039=CARTESIAN_POINT('',(4.,3.5,0.));
#17040=CARTESIAN_POINT('',(4.,11.25,0.5));
#17041=CARTESIAN_POINT('Origin',(3.5,3.5,0.));
#17042=CARTESIAN_POINT('',(3.5,4.,0.5));
#17043=CARTESIAN_POINT('',(3.5,4.,0.));
#17044=CARTESIAN_POINT('Origin',(3.5,3.5,0.5));
#17045=CARTESIAN_POINT('Origin',(0.,4.,0.));
#17046=CARTESIAN_POINT('',(0.5,4.,0.5));
#17047=CARTESIAN_POINT('',(0.5,4.,0.));
#17048=CARTESIAN_POINT('',(22.5,4.,0.5));
#17049=CARTESIAN_POINT('Origin',(0.5,4.5,0.));
#17050=CARTESIAN_POINT('',(0.,4.5,0.5));
#17051=CARTESIAN_POINT('',(0.,4.5,0.));
#17052=CARTESIAN_POINT('Origin',(0.5,4.5,0.5));
#17053=CARTESIAN_POINT('Origin',(0.,33.,0.));
#17054=CARTESIAN_POINT('',(0.,32.5,0.5));
#17055=CARTESIAN_POINT('',(0.,32.5,0.));
#17056=CARTESIAN_POINT('',(0.,25.75,0.5));
#17057=CARTESIAN_POINT('Origin',(0.5,32.5,0.));
#17058=CARTESIAN_POINT('',(0.5,33.,0.5));
#17059=CARTESIAN_POINT('',(0.5,33.,0.));
#17060=CARTESIAN_POINT('Origin',(0.5,32.5,0.5));
#17061=CARTESIAN_POINT('Origin',(4.,33.,0.));
#17062=CARTESIAN_POINT('',(3.5,33.,0.5));
#17063=CARTESIAN_POINT('',(3.5,33.,0.));
#17064=CARTESIAN_POINT('',(24.5,33.,0.5));
#17065=CARTESIAN_POINT('Origin',(3.5,33.5,0.));
#17066=CARTESIAN_POINT('',(4.,33.5,0.5));
#17067=CARTESIAN_POINT('',(4.,33.5,0.));
#17068=CARTESIAN_POINT('Origin',(3.5,33.5,0.5));
#17069=CARTESIAN_POINT('Origin',(4.,37.,0.));
#17070=CARTESIAN_POINT('',(4.,36.5,0.5));
#17071=CARTESIAN_POINT('',(4.,36.5,0.));
#17072=CARTESIAN_POINT('',(4.,27.75,0.5));
#17073=CARTESIAN_POINT('Origin',(4.5,36.5,0.));
#17074=CARTESIAN_POINT('',(4.5,37.,0.5));
#17075=CARTESIAN_POINT('',(4.5,37.,0.));
#17076=CARTESIAN_POINT('Origin',(4.5,36.5,0.5));
#17077=CARTESIAN_POINT('Origin',(86.,37.,0.));
#17078=CARTESIAN_POINT('',(85.5,37.,0.5));
#17079=CARTESIAN_POINT('',(85.5,37.,0.));
#17080=CARTESIAN_POINT('',(65.5,37.,0.5));
#17081=CARTESIAN_POINT('Origin',(85.5,36.5,0.));
#17082=CARTESIAN_POINT('',(86.,36.5,0.5));
#17083=CARTESIAN_POINT('',(86.,36.5,0.));
#17084=CARTESIAN_POINT('Origin',(85.5,36.5,0.5));
#17085=CARTESIAN_POINT('Origin',(86.,33.,0.));
#17086=CARTESIAN_POINT('',(86.,33.5,0.5));
#17087=CARTESIAN_POINT('',(86.,33.5,0.));
#17088=CARTESIAN_POINT('',(86.,25.75,0.5));
#17089=CARTESIAN_POINT('Origin',(86.5,33.5,0.));
#17090=CARTESIAN_POINT('',(86.5,33.,0.5));
#17091=CARTESIAN_POINT('',(86.5,33.,0.));
#17092=CARTESIAN_POINT('Origin',(86.5,33.5,0.5));
#17093=CARTESIAN_POINT('Origin',(90.,33.,0.));
#17094=CARTESIAN_POINT('',(89.5,33.,0.5));
#17095=CARTESIAN_POINT('',(89.5,33.,0.));
#17096=CARTESIAN_POINT('',(67.5,33.,0.5));
#17097=CARTESIAN_POINT('Origin',(89.5,32.5,0.));
#17098=CARTESIAN_POINT('',(90.,32.5,0.5));
#17099=CARTESIAN_POINT('',(90.,32.5,0.));
#17100=CARTESIAN_POINT('Origin',(89.5,32.5,0.5));
#17101=CARTESIAN_POINT('Origin',(45.,18.5,6.));
#17102=CARTESIAN_POINT('Origin',(87.,18.5204887589774,0.25));
#17103=CARTESIAN_POINT('',(85.25,18.5204887589774,0.5));
#17104=CARTESIAN_POINT('',(85.,18.5204887589774,0.25));
#17105=CARTESIAN_POINT('Origin',(87.,18.5204887589774,0.5));
#17106=CARTESIAN_POINT('Origin',(45.,18.5,0.));
#17107=CARTESIAN_POINT('Origin',(87.,18.5204887589774,0.));
#17108=CARTESIAN_POINT('',(85.25,18.5204887589774,4.));
#17109=CARTESIAN_POINT('',(85.25,18.5204887589774,0.));
#17110=CARTESIAN_POINT('Origin',(87.,18.5204887589774,4.));
#17111=CARTESIAN_POINT('Origin',(22.5,4.25,0.25));
#17112=CARTESIAN_POINT('',(0.5,4.,0.5));
#17113=CARTESIAN_POINT('',(3.5,4.5,0.));
#17114=CARTESIAN_POINT('Origin',(3.5,3.5,0.25));
#17115=CARTESIAN_POINT('',(4.5,3.5,0.));
#17116=CARTESIAN_POINT('Origin',(4.25,11.25,0.25));
#17117=CARTESIAN_POINT('',(4.5,0.5,0.));
#17118=CARTESIAN_POINT('Origin',(24.5,0.249999999999998,0.25));
#17119=CARTESIAN_POINT('',(4.5,-4.16333634234434E-16,0.5));
#17120=CARTESIAN_POINT('',(85.5,0.499999999999992,0.));
#17121=CARTESIAN_POINT('Origin',(4.5,0.5,0.5));
#17122=CARTESIAN_POINT('Origin',(85.75,9.25,0.25));
#17123=CARTESIAN_POINT('',(86.,0.499999999999993,0.5));
#17124=CARTESIAN_POINT('',(85.5,3.5,0.));
#17125=CARTESIAN_POINT('Origin',(86.5,3.5,0.25));
#17126=CARTESIAN_POINT('',(86.5,4.,0.5));
#17127=CARTESIAN_POINT('',(86.5,4.49999999999999,0.));
#17128=CARTESIAN_POINT('Origin',(86.5,3.5,0.5));
#17129=CARTESIAN_POINT('Origin',(65.5,4.25,0.25));
#17130=CARTESIAN_POINT('',(89.5,4.,0.5));
#17131=CARTESIAN_POINT('',(89.5,4.5,0.));
#17132=CARTESIAN_POINT('',(65.5,4.,0.5));
#17133=CARTESIAN_POINT('Origin',(85.5,0.499999999999993,0.5));
#17134=CARTESIAN_POINT('Origin',(89.75,11.25,0.25));
#17135=CARTESIAN_POINT('',(90.,4.5,0.5));
#17136=CARTESIAN_POINT('',(90.,4.5,0.5));
#17137=CARTESIAN_POINT('',(89.5,32.5,0.));
#17138=CARTESIAN_POINT('',(90.,11.25,0.5));
#17139=CARTESIAN_POINT('Origin',(89.5,4.5,0.5));
#17140=CARTESIAN_POINT('Origin',(89.5,4.5,0.5));
#17141=CARTESIAN_POINT('Origin',(67.5,32.75,0.25));
#17142=CARTESIAN_POINT('',(89.5,33.,0.5));
#17143=CARTESIAN_POINT('',(86.5,32.5,0.));
#17144=CARTESIAN_POINT('Origin',(86.5,33.5,0.25));
#17145=CARTESIAN_POINT('',(85.5,33.5,0.));
#17146=CARTESIAN_POINT('Origin',(85.75,25.75,0.25));
#17147=CARTESIAN_POINT('',(85.5,36.5,0.));
#17148=CARTESIAN_POINT('Origin',(89.5,32.5,0.5));
#17149=CARTESIAN_POINT('Origin',(65.5,36.75,0.25));
#17150=CARTESIAN_POINT('',(85.5,37.,0.5));
#17151=CARTESIAN_POINT('',(4.5,36.5,0.));
#17152=CARTESIAN_POINT('Origin',(85.5,36.5,0.5));
#17153=CARTESIAN_POINT('Origin',(4.25,27.75,0.25));
#17154=CARTESIAN_POINT('',(4.,36.5,0.5));
#17155=CARTESIAN_POINT('',(4.5,33.5,0.));
#17156=CARTESIAN_POINT('Origin',(3.5,33.5,0.25));
#17157=CARTESIAN_POINT('',(3.5,32.5,0.));
#17158=CARTESIAN_POINT('Origin',(24.5,32.75,0.25));
#17159=CARTESIAN_POINT('',(0.499999999999998,32.5,0.));
#17160=CARTESIAN_POINT('Origin',(4.5,36.5,0.5));
#17161=CARTESIAN_POINT('Origin',(0.249999999999999,25.75,0.25));
#17162=CARTESIAN_POINT('',(0.,32.5,0.5));
#17163=CARTESIAN_POINT('',(0.499999999999998,4.5,0.));
#17164=CARTESIAN_POINT('Origin',(0.5,32.5,0.5));
#17165=CARTESIAN_POINT('Origin',(0.5,4.5,0.5));
#17166=CARTESIAN_POINT('Origin',(86.5,12.361587012415,4.));
#17167=CARTESIAN_POINT('',(87.,12.861587012415,4.));
#17168=CARTESIAN_POINT('',(87.,12.861587012415,4.));
#17169=CARTESIAN_POINT('',(86.,11.861587012415,4.));
#17170=CARTESIAN_POINT('',(77.6596032468963,3.52119025931125,4.));
#17171=CARTESIAN_POINT('',(86.,11.861587012415,4.));
#17172=CARTESIAN_POINT('Origin',(90.,12.861587012415,4.));
#17173=CARTESIAN_POINT('',(90.,12.861587012415,4.));
#17174=CARTESIAN_POINT('',(90.,12.861587012415,4.));
#17175=CARTESIAN_POINT('',(67.5,12.861587012415,4.));
#17176=CARTESIAN_POINT('Origin',(86.5,24.4765983841137,4.));
#17177=CARTESIAN_POINT('',(86.,24.9765983841137,4.));
#17178=CARTESIAN_POINT('',(86.,24.9765983841137,4.));
#17179=CARTESIAN_POINT('',(87.,23.9765983841137,4.));
#17180=CARTESIAN_POINT('',(77.6191495960284,33.3574487880852,4.));
#17181=CARTESIAN_POINT('',(87.,23.9765983841137,4.));
#17182=CARTESIAN_POINT('Origin',(86.,29.,4.));
#17183=CARTESIAN_POINT('',(86.,29.,4.));
#17184=CARTESIAN_POINT('',(86.,29.,4.));
#17185=CARTESIAN_POINT('',(86.,23.75,4.));
#17186=CARTESIAN_POINT('Origin',(90.,3.99999999999999,0.));
#17187=CARTESIAN_POINT('',(90.,4.5,0.));
#17188=CARTESIAN_POINT('',(90.,23.9765983841137,4.));
#17189=CARTESIAN_POINT('',(90.,23.9765983841137,4.));
#17190=CARTESIAN_POINT('',(90.,37.,4.));
#17191=CARTESIAN_POINT('Origin',(89.5,4.5,0.));
#17192=CARTESIAN_POINT('',(89.5,4.,0.));
#17193=CARTESIAN_POINT('Origin',(86.,4.,0.));
#17194=CARTESIAN_POINT('',(86.5,4.,0.));
#17195=CARTESIAN_POINT('Origin',(86.5,3.5,0.));
#17196=CARTESIAN_POINT('Origin',(32.5278031947604,18.4508189221508,1.));
#17197=CARTESIAN_POINT('',(19.5278031947604,18.4508189221508,1.));
#17198=CARTESIAN_POINT('Origin',(32.5278031947604,18.4508189221508,1.));
#17199=CARTESIAN_POINT('',(19.5278031947604,18.4508189221508,0.4));
#17200=CARTESIAN_POINT('',(19.5278031947604,18.4508189221508,1.));
#17201=CARTESIAN_POINT('Origin',(32.5278031947604,18.4508189221508,0.4));
#17202=CARTESIAN_POINT('Origin',(32.5278031947604,18.4508189221508,0.4));
#17203=CARTESIAN_POINT('Origin',(36.0917986292626,18.4508189221508,1.));
#17204=CARTESIAN_POINT('',(63.1417986292626,5.40081892215083,1.));
#17205=CARTESIAN_POINT('',(9.04179862926257,5.40081892215083,1.));
#17206=CARTESIAN_POINT('',(49.5917986292626,5.40081892215083,1.));
#17207=CARTESIAN_POINT('',(63.1417986292626,31.5008189221508,1.));
#17208=CARTESIAN_POINT('',(63.1417986292626,24.9508189221508,1.));
#17209=CARTESIAN_POINT('',(9.04179862926257,31.5008189221508,1.));
#17210=CARTESIAN_POINT('',(22.5917986292626,31.5008189221508,1.));
#17211=CARTESIAN_POINT('',(9.04179862926257,11.9508189221508,1.));
#17212=CARTESIAN_POINT('Origin',(79.4239460202336,19.3446645539131,4.));
#17213=CARTESIAN_POINT('',(79.4239460202336,19.3446645539131,4.));
#17214=CARTESIAN_POINT('',(78.7480130515228,19.3446645539131,4.));
#17215=CARTESIAN_POINT('',(62.2119730101168,19.3446645539131,4.));
#17216=CARTESIAN_POINT('',(79.4239460202336,19.3446645539131,3.));
#17217=CARTESIAN_POINT('',(79.4239460202336,19.3446645539131,4.));
#17218=CARTESIAN_POINT('',(78.7480130515228,19.3446645539131,3.));
#17219=CARTESIAN_POINT('',(78.7480130515228,19.3446645539131,3.));
#17220=CARTESIAN_POINT('',(78.7480130515228,19.3446645539131,4.));
#17221=CARTESIAN_POINT('Origin',(79.4239460202336,20.0205975226239,4.));
#17222=CARTESIAN_POINT('',(79.4239460202336,20.0205975226239,4.));
#17223=CARTESIAN_POINT('',(79.4239460202336,19.2602987613119,4.));
#17224=CARTESIAN_POINT('',(79.4239460202336,20.0205975226239,3.));
#17225=CARTESIAN_POINT('',(79.4239460202336,20.0205975226239,4.));
#17226=CARTESIAN_POINT('',(79.4239460202336,20.0205975226239,3.));
#17227=CARTESIAN_POINT('',(79.4239460202336,19.3446645539131,4.));
#17228=CARTESIAN_POINT('Origin',(78.7480130515228,20.0205975226239,4.));
#17229=CARTESIAN_POINT('',(78.7480130515228,20.0205975226239,4.));
#17230=CARTESIAN_POINT('',(61.8740065257614,20.0205975226239,4.));
#17231=CARTESIAN_POINT('',(78.7480130515228,20.0205975226239,3.));
#17232=CARTESIAN_POINT('',(78.7480130515228,20.0205975226239,4.));
#17233=CARTESIAN_POINT('',(78.7480130515228,20.0205975226239,3.));
#17234=CARTESIAN_POINT('Origin',(78.7480130515228,19.3446645539131,4.));
#17235=CARTESIAN_POINT('',(78.7480130515228,18.9223322769565,4.));
#17236=CARTESIAN_POINT('',(78.7480130515228,19.3446645539131,4.));
#17237=CARTESIAN_POINT('',(78.7480130515228,19.3446645539131,3.));
#17238=CARTESIAN_POINT('',(78.7480130515228,20.0205975226239,4.));
#17239=CARTESIAN_POINT('Origin',(79.0859795358782,19.6826310382685,3.));
#17240=CARTESIAN_POINT('Origin',(78.7480130515228,20.0205975226239,4.));
#17241=CARTESIAN_POINT('',(78.072080082812,20.0205975226239,4.));
#17242=CARTESIAN_POINT('',(61.8740065257614,20.0205975226239,4.));
#17243=CARTESIAN_POINT('',(78.072080082812,20.0205975226239,3.));
#17244=CARTESIAN_POINT('',(78.072080082812,20.0205975226239,3.));
#17245=CARTESIAN_POINT('',(78.072080082812,20.0205975226239,4.));
#17246=CARTESIAN_POINT('Origin',(78.7480130515228,20.6965304913347,4.));
#17247=CARTESIAN_POINT('',(78.7480130515228,20.6965304913347,4.));
#17248=CARTESIAN_POINT('',(78.7480130515228,19.5982652456676,4.));
#17249=CARTESIAN_POINT('',(78.7480130515228,20.6965304913347,3.));
#17250=CARTESIAN_POINT('',(78.7480130515228,20.6965304913347,4.));
#17251=CARTESIAN_POINT('',(78.7480130515228,20.6965304913347,3.));
#17252=CARTESIAN_POINT('Origin',(78.072080082812,20.6965304913347,4.));
#17253=CARTESIAN_POINT('',(78.072080082812,20.6965304913347,4.));
#17254=CARTESIAN_POINT('',(61.536040041406,20.6965304913347,4.));
#17255=CARTESIAN_POINT('',(78.072080082812,20.6965304913347,3.));
#17256=CARTESIAN_POINT('',(78.072080082812,20.6965304913347,4.));
#17257=CARTESIAN_POINT('',(78.072080082812,20.6965304913347,3.));
#17258=CARTESIAN_POINT('Origin',(78.072080082812,20.0205975226239,4.));
#17259=CARTESIAN_POINT('',(78.072080082812,19.2602987613119,4.));
#17260=CARTESIAN_POINT('',(78.072080082812,20.0205975226239,4.));
#17261=CARTESIAN_POINT('',(78.072080082812,20.0205975226239,3.));
#17262=CARTESIAN_POINT('',(78.072080082812,20.6965304913347,4.));
#17263=CARTESIAN_POINT('Origin',(78.4100465671674,20.3585640069793,3.));
#17264=CARTESIAN_POINT('Origin',(76.0442811766796,13.9372008042266,4.));
#17265=CARTESIAN_POINT('',(76.0442811766796,13.9372008042266,4.));
#17266=CARTESIAN_POINT('',(76.7202141453904,13.9372008042266,4.));
#17267=CARTESIAN_POINT('',(60.5221405883398,13.9372008042266,4.));
#17268=CARTESIAN_POINT('',(76.0442811766796,13.9372008042266,3.));
#17269=CARTESIAN_POINT('',(76.0442811766796,13.9372008042266,4.));
#17270=CARTESIAN_POINT('',(76.7202141453904,13.9372008042266,3.));
#17271=CARTESIAN_POINT('',(76.0442811766796,13.9372008042266,3.));
#17272=CARTESIAN_POINT('',(76.7202141453904,13.9372008042266,4.));
#17273=CARTESIAN_POINT('Origin',(76.0442811766796,11.9094018980942,4.));
#17274=CARTESIAN_POINT('',(76.0442811766796,11.9094018980942,4.));
#17275=CARTESIAN_POINT('',(76.0442811766796,15.2047009490473,4.));
#17276=CARTESIAN_POINT('',(76.0442811766796,11.9094018980942,3.));
#17277=CARTESIAN_POINT('',(76.0442811766796,11.9094018980942,4.));
#17278=CARTESIAN_POINT('',(76.0442811766796,13.2612678355158,3.));
#17279=CARTESIAN_POINT('Origin',(74.692415239258,11.9094018980942,4.));
#17280=CARTESIAN_POINT('',(74.692415239258,11.9094018980942,4.));
#17281=CARTESIAN_POINT('',(59.846207619629,11.9094018980942,4.));
#17282=CARTESIAN_POINT('',(74.692415239258,11.9094018980942,3.));
#17283=CARTESIAN_POINT('',(74.692415239258,11.9094018980942,4.));
#17284=CARTESIAN_POINT('',(75.3683482079688,11.9094018980942,3.));
#17285=CARTESIAN_POINT('Origin',(74.692415239258,12.0796414791797,4.));
#17286=CARTESIAN_POINT('',(74.692415239258,12.0796414791797,4.));
#17287=CARTESIAN_POINT('',(74.692415239258,15.2898207395898,4.));
#17288=CARTESIAN_POINT('',(74.692415239258,12.0796414791797,3.));
#17289=CARTESIAN_POINT('',(74.692415239258,12.0796414791797,4.));
#17290=CARTESIAN_POINT('',(74.692415239258,12.585334866805,3.));
#17291=CARTESIAN_POINT('Origin',(74.692415239258,13.9372008042266,4.));
#17292=CARTESIAN_POINT('',(74.692415239258,13.9372008042266,4.));
#17293=CARTESIAN_POINT('',(74.692415239258,12.7373753662204,4.));
#17294=CARTESIAN_POINT('',(74.692415239258,16.2186004021133,4.));
#17295=CARTESIAN_POINT('',(74.692415239258,13.9372008042266,3.));
#17296=CARTESIAN_POINT('',(74.692415239258,13.9372008042266,4.));
#17297=CARTESIAN_POINT('',(74.692415239258,12.7373753662204,3.));
#17298=CARTESIAN_POINT('',(74.692415239258,13.2612678355158,3.));
#17299=CARTESIAN_POINT('',(74.692415239258,12.7373753662204,4.));
#17300=CARTESIAN_POINT('Origin',(74.0164822705472,13.9372008042266,4.));
#17301=CARTESIAN_POINT('',(74.0164822705472,13.9372008042266,4.));
#17302=CARTESIAN_POINT('',(59.5082411352736,13.9372008042266,4.));
#17303=CARTESIAN_POINT('',(74.0164822705472,13.9372008042266,3.));
#17304=CARTESIAN_POINT('',(74.0164822705472,13.9372008042266,4.));
#17305=CARTESIAN_POINT('',(74.0164822705472,13.9372008042266,3.));
#17306=CARTESIAN_POINT('Origin',(74.0164822705472,15.2890667416482,4.));
#17307=CARTESIAN_POINT('',(74.0164822705472,15.2890667416482,4.));
#17308=CARTESIAN_POINT('',(74.0164822705472,16.8945333708241,4.));
#17309=CARTESIAN_POINT('',(74.0164822705472,15.2890667416482,3.));
#17310=CARTESIAN_POINT('',(74.0164822705472,15.2890667416482,4.));
#17311=CARTESIAN_POINT('',(74.0164822705472,14.6131337729374,3.));
#17312=CARTESIAN_POINT('Origin',(73.3405493018364,15.2890667416482,4.));
#17313=CARTESIAN_POINT('',(73.3405493018364,15.2890667416482,4.));
#17314=CARTESIAN_POINT('',(59.1702746509182,15.2890667416482,4.));
#17315=CARTESIAN_POINT('',(73.3405493018364,15.2890667416482,3.));
#17316=CARTESIAN_POINT('',(73.3405493018364,15.2890667416482,4.));
#17317=CARTESIAN_POINT('',(73.3405493018364,15.2890667416482,3.));
#17318=CARTESIAN_POINT('Origin',(73.3405493018364,14.6131337729374,4.));
#17319=CARTESIAN_POINT('',(73.3405493018364,14.6131337729374,4.));
#17320=CARTESIAN_POINT('',(73.3405493018364,16.5565668864687,4.));
#17321=CARTESIAN_POINT('',(73.3405493018364,14.6131337729374,3.));
#17322=CARTESIAN_POINT('',(73.3405493018364,14.6131337729374,4.));
#17323=CARTESIAN_POINT('',(73.3405493018364,14.6131337729374,3.));
#17324=CARTESIAN_POINT('',(73.3405493018364,15.2890667416482,4.));
#17325=CARTESIAN_POINT('Origin',(72.6646163331256,14.6131337729374,4.));
#17326=CARTESIAN_POINT('',(72.6646163331256,14.6131337729374,4.));
#17327=CARTESIAN_POINT('',(58.8323081665628,14.6131337729374,4.));
#17328=CARTESIAN_POINT('',(72.6646163331256,14.6131337729374,3.));
#17329=CARTESIAN_POINT('',(72.6646163331256,14.6131337729374,4.));
#17330=CARTESIAN_POINT('',(72.6646163331256,14.6131337729374,3.));
#17331=CARTESIAN_POINT('Origin',(72.6646163331256,13.9372008042266,4.));
#17332=CARTESIAN_POINT('',(72.6646163331256,13.9372008042266,4.));
#17333=CARTESIAN_POINT('',(72.6646163331256,16.2186004021133,4.));
#17334=CARTESIAN_POINT('',(72.6646163331256,13.9372008042266,3.));
#17335=CARTESIAN_POINT('',(72.6646163331256,13.9372008042266,4.));
#17336=CARTESIAN_POINT('',(72.6646163331256,13.9372008042266,3.));
#17337=CARTESIAN_POINT('',(72.6646163331256,14.6131337729374,4.));
#17338=CARTESIAN_POINT('Origin',(73.3405493018364,13.9372008042266,4.));
#17339=CARTESIAN_POINT('',(73.3405493018364,13.9372008042266,4.));
#17340=CARTESIAN_POINT('',(59.1702746509182,13.9372008042266,4.));
#17341=CARTESIAN_POINT('',(73.3405493018364,13.9372008042266,3.));
#17342=CARTESIAN_POINT('',(73.3405493018364,13.9372008042266,4.));
#17343=CARTESIAN_POINT('',(73.3405493018364,13.9372008042266,3.));
#17344=CARTESIAN_POINT('Origin',(73.3405493018364,11.9094018980942,4.));
#17345=CARTESIAN_POINT('',(73.3405493018364,11.9094018980942,4.));
#17346=CARTESIAN_POINT('',(73.3405493018363,15.2047009490473,4.));
#17347=CARTESIAN_POINT('',(73.3405493018364,11.9094018980942,3.));
#17348=CARTESIAN_POINT('',(73.3405493018364,11.9094018980942,4.));
#17349=CARTESIAN_POINT('',(73.3405493018364,13.2612678355158,3.));
#17350=CARTESIAN_POINT('Origin',(74.0164822705472,11.9094018980942,4.));
#17351=CARTESIAN_POINT('',(74.0164822705472,11.9094018980942,4.));
#17352=CARTESIAN_POINT('',(59.5082411352736,11.9094018980942,4.));
#17353=CARTESIAN_POINT('',(74.0164822705472,11.9094018980942,3.));
#17354=CARTESIAN_POINT('',(74.0164822705472,11.9094018980942,4.));
#17355=CARTESIAN_POINT('',(74.0164822705472,11.9094018980942,3.));
#17356=CARTESIAN_POINT('Origin',(74.0164822705472,10.5575359606726,4.));
#17357=CARTESIAN_POINT('',(74.0164822705472,10.5575359606726,4.));
#17358=CARTESIAN_POINT('',(74.0164822705472,14.5287679803363,4.));
#17359=CARTESIAN_POINT('',(74.0164822705472,10.5575359606726,3.));
#17360=CARTESIAN_POINT('',(74.0164822705472,10.5575359606726,4.));
#17361=CARTESIAN_POINT('',(74.0164822705472,11.2334689293834,3.));
#17362=CARTESIAN_POINT('Origin',(74.692415239258,10.5575359606726,4.));
#17363=CARTESIAN_POINT('',(74.692415239258,10.5575359606726,4.));
#17364=CARTESIAN_POINT('',(59.846207619629,10.5575359606726,4.));
#17365=CARTESIAN_POINT('',(74.692415239258,10.5575359606726,3.));
#17366=CARTESIAN_POINT('',(74.692415239258,10.5575359606726,4.));
#17367=CARTESIAN_POINT('',(74.692415239258,10.5575359606726,3.));
#17368=CARTESIAN_POINT('Origin',(74.692415239258,11.2334689293834,4.));
#17369=CARTESIAN_POINT('',(74.692415239258,11.2334689293834,4.));
#17370=CARTESIAN_POINT('',(74.692415239258,14.8667344646917,4.));
#17371=CARTESIAN_POINT('',(74.692415239258,11.2334689293834,3.));
#17372=CARTESIAN_POINT('',(74.692415239258,11.2334689293834,4.));
#17373=CARTESIAN_POINT('',(74.692415239258,10.5575359606726,3.));
#17374=CARTESIAN_POINT('',(74.692415239258,10.5575359606726,4.));
#17375=CARTESIAN_POINT('Origin',(76.0442811766796,11.2334689293834,4.));
#17376=CARTESIAN_POINT('',(76.0442811766796,11.2334689293834,4.));
#17377=CARTESIAN_POINT('',(60.5221405883398,11.2334689293834,4.));
#17378=CARTESIAN_POINT('',(76.0442811766796,11.2334689293834,3.));
#17379=CARTESIAN_POINT('',(76.0442811766796,11.2334689293834,4.));
#17380=CARTESIAN_POINT('',(74.692415239258,11.2334689293834,3.));
#17381=CARTESIAN_POINT('Origin',(76.0442811766796,10.5575359606726,4.));
#17382=CARTESIAN_POINT('',(76.0442811766796,10.5575359606726,4.));
#17383=CARTESIAN_POINT('',(76.0442811766796,14.5287679803363,4.));
#17384=CARTESIAN_POINT('',(76.0442811766796,10.5575359606726,3.));
#17385=CARTESIAN_POINT('',(76.0442811766796,10.5575359606726,4.));
#17386=CARTESIAN_POINT('',(76.0442811766796,10.5575359606726,3.));
#17387=CARTESIAN_POINT('Origin',(76.7202141453904,10.5575359606726,4.));
#17388=CARTESIAN_POINT('',(76.7202141453904,10.5575359606726,4.));
#17389=CARTESIAN_POINT('',(60.8601070726952,10.5575359606726,4.));
#17390=CARTESIAN_POINT('',(76.7202141453904,10.5575359606726,3.));
#17391=CARTESIAN_POINT('',(76.7202141453904,10.5575359606726,4.));
#17392=CARTESIAN_POINT('',(76.7202141453904,10.5575359606726,3.));
#17393=CARTESIAN_POINT('',(76.0442811766796,10.5575359606726,4.));
#17394=CARTESIAN_POINT('Origin',(76.7202141453904,12.585334866805,4.));
#17395=CARTESIAN_POINT('',(76.7202141453904,12.585334866805,4.));
#17396=CARTESIAN_POINT('',(76.7202141453904,15.5426674334025,4.));
#17397=CARTESIAN_POINT('',(76.7202141453904,12.585334866805,3.));
#17398=CARTESIAN_POINT('',(76.7202141453904,12.585334866805,4.));
#17399=CARTESIAN_POINT('',(76.7202141453904,11.2334689293834,3.));
#17400=CARTESIAN_POINT('Origin',(77.3961471141012,12.585334866805,4.));
#17401=CARTESIAN_POINT('',(77.3961471141012,12.585334866805,4.));
#17402=CARTESIAN_POINT('',(61.1980735570506,12.585334866805,4.));
#17403=CARTESIAN_POINT('',(77.3961471141012,12.585334866805,3.));
#17404=CARTESIAN_POINT('',(77.3961471141012,12.585334866805,4.));
#17405=CARTESIAN_POINT('',(77.3961471141012,12.585334866805,3.));
#17406=CARTESIAN_POINT('Origin',(77.3961471141012,13.2612678355158,4.));
#17407=CARTESIAN_POINT('',(77.3961471141012,13.2612678355158,4.));
#17408=CARTESIAN_POINT('',(77.3961471141012,15.8806339177579,4.));
#17409=CARTESIAN_POINT('',(77.3961471141012,13.2612678355158,3.));
#17410=CARTESIAN_POINT('',(77.3961471141012,13.2612678355158,4.));
#17411=CARTESIAN_POINT('',(77.3961471141012,13.2612678355158,3.));
#17412=CARTESIAN_POINT('Origin',(76.7202141453904,13.2612678355158,4.));
#17413=CARTESIAN_POINT('',(76.7202141453904,13.2612678355158,4.));
#17414=CARTESIAN_POINT('',(60.8601070726952,13.2612678355158,4.));
#17415=CARTESIAN_POINT('',(76.7202141453904,13.2612678355158,3.));
#17416=CARTESIAN_POINT('',(76.7202141453904,13.2612678355158,4.));
#17417=CARTESIAN_POINT('',(76.7202141453904,13.2612678355158,3.));
#17418=CARTESIAN_POINT('',(77.3961471141012,13.2612678355158,4.));
#17419=CARTESIAN_POINT('Origin',(76.7202141453904,13.9372008042266,4.));
#17420=CARTESIAN_POINT('',(76.7202141453904,16.2186004021133,4.));
#17421=CARTESIAN_POINT('',(76.7202141453904,13.9372008042266,4.));
#17422=CARTESIAN_POINT('',(76.7202141453904,13.2612678355158,3.));
#17423=CARTESIAN_POINT('Origin',(75.0303817236134,12.9233013511604,3.));
#17424=CARTESIAN_POINT('',(74.5829741671874,12.0796414791797,3.));
#17425=CARTESIAN_POINT('',(75.1355448889207,12.0796414791797,3.));
#17426=CARTESIAN_POINT('',(74.5829741671874,12.7373753662204,3.));
#17427=CARTESIAN_POINT('',(74.5829741671874,12.5014714151701,3.));
#17428=CARTESIAN_POINT('',(74.8066779454004,12.7373753662204,3.));
#17429=CARTESIAN_POINT('Origin',(75.3683482079688,7.85380408582939,4.));
#17430=CARTESIAN_POINT('',(75.3683482079688,7.85380408582939,4.));
#17431=CARTESIAN_POINT('',(75.3683482079688,5.82600517969698,4.));
#17432=CARTESIAN_POINT('',(75.3683482079688,13.1769020429147,4.));
#17433=CARTESIAN_POINT('',(75.3683482079688,7.85380408582939,3.));
#17434=CARTESIAN_POINT('',(75.3683482079688,7.85380408582939,4.));
#17435=CARTESIAN_POINT('',(75.3683482079688,5.82600517969698,3.));
#17436=CARTESIAN_POINT('',(75.3683482079688,6.50193814840778,3.));
#17437=CARTESIAN_POINT('',(75.3683482079688,5.82600517969698,4.));
#17438=CARTESIAN_POINT('Origin',(76.0442811766796,7.85380408582939,4.));
#17439=CARTESIAN_POINT('',(76.0442811766796,7.85380408582939,4.));
#17440=CARTESIAN_POINT('',(60.5221405883398,7.85380408582939,4.));
#17441=CARTESIAN_POINT('',(76.0442811766796,7.85380408582939,3.));
#17442=CARTESIAN_POINT('',(76.0442811766796,7.85380408582939,4.));
#17443=CARTESIAN_POINT('',(76.0442811766796,7.85380408582939,3.));
#17444=CARTESIAN_POINT('Origin',(76.0442811766796,10.5575359606726,4.));
#17445=CARTESIAN_POINT('',(76.0442811766796,14.5287679803363,4.));
#17446=CARTESIAN_POINT('',(76.0442811766796,8.52973705454019,3.));
#17447=CARTESIAN_POINT('Origin',(74.692415239258,10.5575359606726,4.));
#17448=CARTESIAN_POINT('',(59.846207619629,10.5575359606726,4.));
#17449=CARTESIAN_POINT('',(75.3683482079688,10.5575359606726,3.));
#17450=CARTESIAN_POINT('Origin',(74.692415239258,5.82600517969698,4.));
#17451=CARTESIAN_POINT('',(74.692415239258,5.82600517969698,4.));
#17452=CARTESIAN_POINT('',(74.692415239258,12.1630025898485,4.));
#17453=CARTESIAN_POINT('',(74.692415239258,5.82600517969698,3.));
#17454=CARTESIAN_POINT('',(74.692415239258,5.82600517969698,4.));
#17455=CARTESIAN_POINT('',(74.692415239258,9.8816029919618,3.));
#17456=CARTESIAN_POINT('Origin',(75.3683482079688,5.82600517969698,4.));
#17457=CARTESIAN_POINT('',(60.1841741039844,5.82600517969703,4.));
#17458=CARTESIAN_POINT('',(75.3683482079688,5.82600517969698,3.));
#17459=CARTESIAN_POINT('Origin',(75.3683482079688,8.19177057018479,3.));
#17460=CARTESIAN_POINT('Origin',(78.7480130515228,15.2890667416482,4.));
#17461=CARTESIAN_POINT('',(78.7480130515228,15.2890667416482,4.));
#17462=CARTESIAN_POINT('',(78.7480130515228,14.6131337729374,4.));
#17463=CARTESIAN_POINT('',(78.7480130515228,16.8945333708241,4.));
#17464=CARTESIAN_POINT('',(78.7480130515228,15.2890667416482,3.));
#17465=CARTESIAN_POINT('',(78.7480130515228,15.2890667416482,4.));
#17466=CARTESIAN_POINT('',(78.7480130515228,14.6131337729374,3.));
#17467=CARTESIAN_POINT('',(78.7480130515228,15.2890667416482,3.));
#17468=CARTESIAN_POINT('',(78.7480130515228,14.6131337729374,4.));
#17469=CARTESIAN_POINT('Origin',(78.072080082812,15.2890667416482,4.));
#17470=CARTESIAN_POINT('',(78.072080082812,15.2890667416482,4.));
#17471=CARTESIAN_POINT('',(61.536040041406,15.2890667416482,4.));
#17472=CARTESIAN_POINT('',(78.072080082812,15.2890667416482,3.));
#17473=CARTESIAN_POINT('',(78.072080082812,15.2890667416482,4.));
#17474=CARTESIAN_POINT('',(78.072080082812,15.2890667416482,3.));
#17475=CARTESIAN_POINT('',(78.7480130515228,15.2890667416482,4.));
#17476=CARTESIAN_POINT('Origin',(78.072080082812,14.6131337729374,4.));
#17477=CARTESIAN_POINT('',(78.072080082812,14.6131337729374,4.));
#17478=CARTESIAN_POINT('',(78.072080082812,16.5565668864687,4.));
#17479=CARTESIAN_POINT('',(78.072080082812,14.6131337729374,3.));
#17480=CARTESIAN_POINT('',(78.072080082812,14.6131337729374,4.));
#17481=CARTESIAN_POINT('',(78.072080082812,14.6131337729374,3.));
#17482=CARTESIAN_POINT('',(78.072080082812,15.2890667416482,4.));
#17483=CARTESIAN_POINT('Origin',(78.7480130515228,14.6131337729374,4.));
#17484=CARTESIAN_POINT('',(61.8740065257614,14.6131337729374,4.));
#17485=CARTESIAN_POINT('',(78.7480130515228,14.6131337729374,3.));
#17486=CARTESIAN_POINT('',(78.072080082812,14.6131337729374,4.));
#17487=CARTESIAN_POINT('Origin',(78.4100465671674,14.9511002572928,3.));
#17488=CARTESIAN_POINT('Origin',(76.7202141453904,15.2890667416482,4.));
#17489=CARTESIAN_POINT('',(76.7202141453904,15.2890667416482,4.));
#17490=CARTESIAN_POINT('',(77.3961471141012,15.2890667416482,4.));
#17491=CARTESIAN_POINT('',(60.8601070726952,15.2890667416482,4.));
#17492=CARTESIAN_POINT('',(76.7202141453904,15.2890667416482,3.));
#17493=CARTESIAN_POINT('',(76.7202141453904,15.2890667416482,4.));
#17494=CARTESIAN_POINT('',(77.3961471141012,15.2890667416482,3.));
#17495=CARTESIAN_POINT('',(76.7202141453904,15.2890667416482,3.));
#17496=CARTESIAN_POINT('',(77.3961471141012,15.2890667416482,4.));
#17497=CARTESIAN_POINT('Origin',(76.7202141453904,13.9372008042266,4.));
#17498=CARTESIAN_POINT('',(76.7202141453904,16.2186004021133,4.));
#17499=CARTESIAN_POINT('',(76.7202141453904,14.6131337729374,3.));
#17500=CARTESIAN_POINT('Origin',(77.3961471141012,13.9372008042266,4.));
#17501=CARTESIAN_POINT('',(77.3961471141012,13.9372008042266,4.));
#17502=CARTESIAN_POINT('',(61.1980735570506,13.9372008042266,4.));
#17503=CARTESIAN_POINT('',(77.3961471141012,13.9372008042266,3.));
#17504=CARTESIAN_POINT('',(77.3961471141012,13.9372008042266,4.));
#17505=CARTESIAN_POINT('',(76.7202141453904,13.9372008042266,3.));
#17506=CARTESIAN_POINT('Origin',(77.3961471141012,13.2612678355158,4.));
#17507=CARTESIAN_POINT('',(77.3961471141012,15.8806339177579,4.));
#17508=CARTESIAN_POINT('',(77.3961471141012,13.2612678355158,3.));
#17509=CARTESIAN_POINT('Origin',(78.072080082812,13.2612678355158,4.));
#17510=CARTESIAN_POINT('',(78.072080082812,13.2612678355158,4.));
#17511=CARTESIAN_POINT('',(61.536040041406,13.2612678355158,4.));
#17512=CARTESIAN_POINT('',(78.072080082812,13.2612678355158,3.));
#17513=CARTESIAN_POINT('',(78.072080082812,13.2612678355158,4.));
#17514=CARTESIAN_POINT('',(78.072080082812,13.2612678355158,3.));
#17515=CARTESIAN_POINT('Origin',(78.072080082812,14.6131337729374,4.));
#17516=CARTESIAN_POINT('',(78.072080082812,16.5565668864687,4.));
#17517=CARTESIAN_POINT('',(78.072080082812,13.9372008042266,3.));
#17518=CARTESIAN_POINT('Origin',(77.3961471141012,14.6131337729374,4.));
#17519=CARTESIAN_POINT('',(77.3961471141012,14.6131337729374,4.));
#17520=CARTESIAN_POINT('',(61.1980735570506,14.6131337729374,4.));
#17521=CARTESIAN_POINT('',(77.3961471141012,14.6131337729374,3.));
#17522=CARTESIAN_POINT('',(77.3961471141012,14.6131337729374,4.));
#17523=CARTESIAN_POINT('',(77.3961471141012,14.6131337729374,3.));
#17524=CARTESIAN_POINT('Origin',(77.3961471141012,15.2890667416482,4.));
#17525=CARTESIAN_POINT('',(77.3961471141012,16.8945333708241,4.));
#17526=CARTESIAN_POINT('',(77.3961471141012,15.2890667416482,4.));
#17527=CARTESIAN_POINT('',(77.3961471141012,14.6131337729374,3.));
#17528=CARTESIAN_POINT('Origin',(77.3961471141012,14.275167288582,3.));
#17529=CARTESIAN_POINT('Origin',(78.072080082812,15.2890667416482,4.));
#17530=CARTESIAN_POINT('',(61.536040041406,15.2890667416482,4.));
#17531=CARTESIAN_POINT('',(77.3961471141012,15.2890667416482,3.));
#17532=CARTESIAN_POINT('Origin',(78.072080082812,15.964999710359,4.));
#17533=CARTESIAN_POINT('',(78.072080082812,15.964999710359,4.));
#17534=CARTESIAN_POINT('',(78.072080082812,17.2324998551793,4.));
#17535=CARTESIAN_POINT('',(78.072080082812,15.964999710359,3.));
#17536=CARTESIAN_POINT('',(78.072080082812,15.964999710359,4.));
#17537=CARTESIAN_POINT('',(78.072080082812,15.2890667416482,3.));
#17538=CARTESIAN_POINT('Origin',(77.3961471141012,15.964999710359,4.));
#17539=CARTESIAN_POINT('',(77.3961471141012,15.964999710359,4.));
#17540=CARTESIAN_POINT('',(61.1980735570506,15.964999710359,4.));
#17541=CARTESIAN_POINT('',(77.3961471141012,15.964999710359,3.));
#17542=CARTESIAN_POINT('',(77.3961471141012,15.964999710359,4.));
#17543=CARTESIAN_POINT('',(77.3961471141012,15.964999710359,3.));
#17544=CARTESIAN_POINT('',(78.072080082812,15.964999710359,4.));
#17545=CARTESIAN_POINT('Origin',(77.3961471141012,15.2890667416482,4.));
#17546=CARTESIAN_POINT('',(77.3961471141012,16.8945333708241,4.));
#17547=CARTESIAN_POINT('',(77.3961471141012,15.2890667416482,3.));
#17548=CARTESIAN_POINT('Origin',(77.7341135984566,15.6270332260036,3.));
#17549=CARTESIAN_POINT('Origin',(78.7480130515228,15.2890667416482,4.));
#17550=CARTESIAN_POINT('',(78.7480130515228,15.964999710359,4.));
#17551=CARTESIAN_POINT('',(78.7480130515228,16.8945333708241,4.));
#17552=CARTESIAN_POINT('',(78.7480130515228,15.964999710359,3.));
#17553=CARTESIAN_POINT('',(78.7480130515228,15.2890667416482,3.));
#17554=CARTESIAN_POINT('',(78.7480130515228,15.964999710359,4.));
#17555=CARTESIAN_POINT('Origin',(79.4239460202336,15.2890667416482,4.));
#17556=CARTESIAN_POINT('',(79.4239460202336,15.2890667416482,4.));
#17557=CARTESIAN_POINT('',(62.2119730101168,15.2890667416482,4.));
#17558=CARTESIAN_POINT('',(79.4239460202336,15.2890667416482,3.));
#17559=CARTESIAN_POINT('',(79.4239460202336,15.2890667416482,4.));
#17560=CARTESIAN_POINT('',(79.4239460202336,15.2890667416482,3.));
#17561=CARTESIAN_POINT('Origin',(79.4239460202336,15.964999710359,4.));
#17562=CARTESIAN_POINT('',(79.4239460202336,15.964999710359,4.));
#17563=CARTESIAN_POINT('',(79.4239460202336,17.2324998551795,4.));
#17564=CARTESIAN_POINT('',(79.4239460202336,15.964999710359,3.));
#17565=CARTESIAN_POINT('',(79.4239460202336,15.964999710359,4.));
#17566=CARTESIAN_POINT('',(79.4239460202336,15.964999710359,3.));
#17567=CARTESIAN_POINT('Origin',(80.7758119576552,15.964999710359,4.));
#17568=CARTESIAN_POINT('',(80.7758119576552,15.964999710359,4.));
#17569=CARTESIAN_POINT('',(62.8879059788276,15.964999710359,4.));
#17570=CARTESIAN_POINT('',(80.7758119576552,15.964999710359,3.));
#17571=CARTESIAN_POINT('',(80.7758119576552,15.964999710359,4.));
#17572=CARTESIAN_POINT('',(80.0998789889444,15.964999710359,3.));
#17573=CARTESIAN_POINT('Origin',(80.7758119576552,16.6409326790698,4.));
#17574=CARTESIAN_POINT('',(80.7758119576552,16.6409326790698,4.));
#17575=CARTESIAN_POINT('',(80.7758119576552,17.5704663395349,4.));
#17576=CARTESIAN_POINT('',(80.7758119576552,16.6409326790698,3.));
#17577=CARTESIAN_POINT('',(80.7758119576552,16.6409326790698,4.));
#17578=CARTESIAN_POINT('',(80.7758119576552,16.6409326790698,3.));
#17579=CARTESIAN_POINT('Origin',(82.8036108637876,16.6409326790698,4.));
#17580=CARTESIAN_POINT('',(82.8036108637876,16.6409326790698,4.));
#17581=CARTESIAN_POINT('',(63.9018054318938,16.6409326790698,4.));
#17582=CARTESIAN_POINT('',(82.8036108637876,16.6409326790698,3.));
#17583=CARTESIAN_POINT('',(82.8036108637876,16.6409326790698,4.));
#17584=CARTESIAN_POINT('',(81.451744926366,16.6409326790698,3.));
#17585=CARTESIAN_POINT('Origin',(82.8036108637876,17.3168656477807,4.));
#17586=CARTESIAN_POINT('',(82.8036108637876,17.3168656477807,4.));
#17587=CARTESIAN_POINT('',(82.8036108637876,17.9084328238903,4.));
#17588=CARTESIAN_POINT('',(82.8036108637876,17.3168656477807,3.));
#17589=CARTESIAN_POINT('',(82.8036108637876,17.3168656477807,4.));
#17590=CARTESIAN_POINT('',(82.8036108637876,17.3168656477807,3.));
#17591=CARTESIAN_POINT('Origin',(84.1554768012092,17.3168656477807,4.));
#17592=CARTESIAN_POINT('',(84.1554768012092,17.3168656477807,4.));
#17593=CARTESIAN_POINT('',(64.5777384006046,17.3168656477807,4.));
#17594=CARTESIAN_POINT('',(84.1554768012092,17.3168656477807,3.));
#17595=CARTESIAN_POINT('',(84.1554768012092,17.3168656477807,4.));
#17596=CARTESIAN_POINT('',(83.4795438324984,17.3168656477807,3.));
#17597=CARTESIAN_POINT('Origin',(84.1554768012092,17.9927986164915,4.));
#17598=CARTESIAN_POINT('',(84.1554768012092,17.9927986164915,4.));
#17599=CARTESIAN_POINT('',(84.1554768012092,18.2463993082457,4.));
#17600=CARTESIAN_POINT('',(84.1554768012092,17.9927986164915,3.));
#17601=CARTESIAN_POINT('',(84.1554768012092,17.9927986164915,4.));
#17602=CARTESIAN_POINT('',(84.1554768012092,17.9927986164915,3.));
#17603=CARTESIAN_POINT('Origin',(80.7758119576552,17.9927986164915,4.));
#17604=CARTESIAN_POINT('',(80.7758119576552,17.9927986164915,4.));
#17605=CARTESIAN_POINT('',(62.8879059788276,17.9927986164915,4.));
#17606=CARTESIAN_POINT('',(80.7758119576552,17.9927986164915,3.));
#17607=CARTESIAN_POINT('',(80.7758119576552,17.9927986164915,4.));
#17608=CARTESIAN_POINT('',(83.4795438324984,17.9927986164915,3.));
#17609=CARTESIAN_POINT('Origin',(80.7758119576552,18.6687315852023,4.));
#17610=CARTESIAN_POINT('',(80.7758119576552,18.6687315852023,4.));
#17611=CARTESIAN_POINT('',(80.7758119576552,18.5843657926011,4.));
#17612=CARTESIAN_POINT('',(80.7758119576552,18.6687315852023,3.));
#17613=CARTESIAN_POINT('',(80.7758119576552,18.6687315852023,4.));
#17614=CARTESIAN_POINT('',(80.7758119576552,18.6687315852023,3.));
#17615=CARTESIAN_POINT('Origin',(80.0998789889444,18.6687315852023,4.));
#17616=CARTESIAN_POINT('',(80.0998789889444,18.6687315852023,4.));
#17617=CARTESIAN_POINT('',(62.5499394944722,18.6687315852023,4.));
#17618=CARTESIAN_POINT('',(80.0998789889444,18.6687315852023,3.));
#17619=CARTESIAN_POINT('',(80.0998789889444,18.6687315852023,4.));
#17620=CARTESIAN_POINT('',(80.0998789889444,18.6687315852023,3.));
#17621=CARTESIAN_POINT('Origin',(80.0998789889444,19.3446645539131,4.));
#17622=CARTESIAN_POINT('',(80.0998789889444,19.3446645539131,4.));
#17623=CARTESIAN_POINT('',(80.0998789889444,18.9223322769561,4.));
#17624=CARTESIAN_POINT('',(80.0998789889444,19.3446645539131,3.));
#17625=CARTESIAN_POINT('',(80.0998789889444,19.3446645539131,4.));
#17626=CARTESIAN_POINT('',(80.0998789889444,19.3446645539131,3.));
#17627=CARTESIAN_POINT('Origin',(79.4239460202336,19.3446645539131,4.));
#17628=CARTESIAN_POINT('',(62.2119730101168,19.3446645539131,4.));
#17629=CARTESIAN_POINT('',(79.4239460202336,19.3446645539131,3.));
#17630=CARTESIAN_POINT('Origin',(79.4239460202336,18.6687315852023,4.));
#17631=CARTESIAN_POINT('',(79.4239460202336,18.6687315852023,4.));
#17632=CARTESIAN_POINT('',(79.4239460202336,18.5843657926011,4.));
#17633=CARTESIAN_POINT('',(79.4239460202336,18.6687315852023,3.));
#17634=CARTESIAN_POINT('',(79.4239460202336,18.6687315852023,4.));
#17635=CARTESIAN_POINT('',(79.4239460202336,18.6687315852023,3.));
#17636=CARTESIAN_POINT('Origin',(78.7480130515228,18.6687315852023,4.));
#17637=CARTESIAN_POINT('',(78.7480130515228,18.6687315852023,4.));
#17638=CARTESIAN_POINT('',(61.8740065257614,18.6687315852023,4.));
#17639=CARTESIAN_POINT('',(78.7480130515228,18.6687315852023,3.));
#17640=CARTESIAN_POINT('',(78.7480130515228,18.6687315852023,4.));
#17641=CARTESIAN_POINT('',(78.7480130515228,18.6687315852023,3.));
#17642=CARTESIAN_POINT('Origin',(78.7480130515228,17.9927986164915,4.));
#17643=CARTESIAN_POINT('',(78.7480130515228,17.9927986164915,4.));
#17644=CARTESIAN_POINT('',(78.7480130515228,18.2463993082459,4.));
#17645=CARTESIAN_POINT('',(78.7480130515228,17.9927986164915,3.));
#17646=CARTESIAN_POINT('',(78.7480130515228,17.9927986164915,4.));
#17647=CARTESIAN_POINT('',(78.7480130515228,17.9927986164915,3.));
#17648=CARTESIAN_POINT('',(78.7480130515228,18.6687315852023,4.));
#17649=CARTESIAN_POINT('Origin',(80.0998789889444,17.9927986164915,4.));
#17650=CARTESIAN_POINT('',(80.0998789889444,17.9927986164915,4.));
#17651=CARTESIAN_POINT('',(62.5499394944722,17.9927986164915,4.));
#17652=CARTESIAN_POINT('',(80.0998789889444,17.9927986164915,3.));
#17653=CARTESIAN_POINT('',(80.0998789889444,17.9927986164915,4.));
#17654=CARTESIAN_POINT('',(79.4239460202336,17.9927986164915,3.));
#17655=CARTESIAN_POINT('Origin',(80.0998789889444,16.6409326790698,4.));
#17656=CARTESIAN_POINT('',(80.0998789889444,16.6409326790698,4.));
#17657=CARTESIAN_POINT('',(80.0998789889444,17.5704663395349,4.));
#17658=CARTESIAN_POINT('',(80.0998789889444,16.6409326790698,3.));
#17659=CARTESIAN_POINT('',(80.0998789889444,16.6409326790698,4.));
#17660=CARTESIAN_POINT('',(80.0998789889444,17.3168656477807,3.));
#17661=CARTESIAN_POINT('Origin',(78.072080082812,16.6409326790698,4.));
#17662=CARTESIAN_POINT('',(78.072080082812,16.6409326790698,4.));
#17663=CARTESIAN_POINT('',(61.536040041406,16.6409326790698,4.));
#17664=CARTESIAN_POINT('',(78.072080082812,16.6409326790698,3.));
#17665=CARTESIAN_POINT('',(78.072080082812,16.6409326790698,4.));
#17666=CARTESIAN_POINT('',(79.4239460202336,16.6409326790698,3.));
#17667=CARTESIAN_POINT('Origin',(78.072080082812,15.964999710359,4.));
#17668=CARTESIAN_POINT('',(78.072080082812,17.2324998551797,4.));
#17669=CARTESIAN_POINT('',(78.072080082812,15.964999710359,3.));
#17670=CARTESIAN_POINT('Origin',(78.7480130515228,15.964999710359,4.));
#17671=CARTESIAN_POINT('',(61.8740065257614,15.964999710359,4.));
#17672=CARTESIAN_POINT('',(78.072080082812,15.964999710359,3.));
#17673=CARTESIAN_POINT('Origin',(81.1137784420106,17.3168656477807,3.));
#17674=CARTESIAN_POINT('Origin',(77.3961471141012,20.6965304913347,4.));
#17675=CARTESIAN_POINT('',(77.3961471141012,20.6965304913347,4.));
#17676=CARTESIAN_POINT('',(77.3961471141012,20.0205975226239,4.));
#17677=CARTESIAN_POINT('',(77.3961471141012,19.5982652456673,4.));
#17678=CARTESIAN_POINT('',(77.3961471141012,20.6965304913347,3.));
#17679=CARTESIAN_POINT('',(77.3961471141012,20.6965304913347,4.));
#17680=CARTESIAN_POINT('',(77.3961471141012,20.0205975226239,3.));
#17681=CARTESIAN_POINT('',(77.3961471141012,20.0205975226239,3.));
#17682=CARTESIAN_POINT('',(77.3961471141012,20.0205975226239,4.));
#17683=CARTESIAN_POINT('Origin',(78.072080082812,20.6965304913347,4.));
#17684=CARTESIAN_POINT('',(61.536040041406,20.6965304913347,4.));
#17685=CARTESIAN_POINT('',(77.3961471141012,20.6965304913347,3.));
#17686=CARTESIAN_POINT('Origin',(78.072080082812,22.0483964287563,4.));
#17687=CARTESIAN_POINT('',(78.072080082812,22.0483964287563,4.));
#17688=CARTESIAN_POINT('',(78.072080082812,20.2741982143781,4.));
#17689=CARTESIAN_POINT('',(78.072080082812,22.0483964287563,3.));
#17690=CARTESIAN_POINT('',(78.072080082812,22.0483964287563,4.));
#17691=CARTESIAN_POINT('',(78.072080082812,21.3724634600455,3.));
#17692=CARTESIAN_POINT('Origin',(77.3961471141012,22.0483964287563,4.));
#17693=CARTESIAN_POINT('',(77.3961471141012,22.0483964287563,4.));
#17694=CARTESIAN_POINT('',(61.1980735570506,22.0483964287563,4.));
#17695=CARTESIAN_POINT('',(77.3961471141012,22.0483964287563,3.));
#17696=CARTESIAN_POINT('',(77.3961471141012,22.0483964287563,4.));
#17697=CARTESIAN_POINT('',(77.3961471141012,22.0483964287563,3.));
#17698=CARTESIAN_POINT('Origin',(77.3961471141012,22.7243293974671,4.));
#17699=CARTESIAN_POINT('',(77.3961471141012,22.7243293974671,4.));
#17700=CARTESIAN_POINT('',(77.3961471141012,20.6121646987335,4.));
#17701=CARTESIAN_POINT('',(77.3961471141012,22.7243293974671,3.));
#17702=CARTESIAN_POINT('',(77.3961471141012,22.7243293974671,4.));
#17703=CARTESIAN_POINT('',(77.3961471141012,22.7243293974671,3.));
#17704=CARTESIAN_POINT('Origin',(76.7202141453904,22.7243293974671,4.));
#17705=CARTESIAN_POINT('',(76.7202141453904,22.7243293974671,4.));
#17706=CARTESIAN_POINT('',(60.8601070726952,22.724329397467,4.));
#17707=CARTESIAN_POINT('',(76.7202141453904,22.7243293974671,3.));
#17708=CARTESIAN_POINT('',(76.7202141453904,22.7243293974671,4.));
#17709=CARTESIAN_POINT('',(76.7202141453904,22.7243293974671,3.));
#17710=CARTESIAN_POINT('Origin',(76.7202141453904,24.7521283035995,4.));
#17711=CARTESIAN_POINT('',(76.7202141453904,24.7521283035995,4.));
#17712=CARTESIAN_POINT('',(76.7202141453904,21.6260641517997,4.));
#17713=CARTESIAN_POINT('',(76.7202141453904,24.7521283035995,3.));
#17714=CARTESIAN_POINT('',(76.7202141453904,24.7521283035995,4.));
#17715=CARTESIAN_POINT('',(76.7202141453904,23.4002623661779,3.));
#17716=CARTESIAN_POINT('Origin',(76.0442811766796,24.7521283035995,4.));
#17717=CARTESIAN_POINT('',(76.0442811766796,24.7521283035995,4.));
#17718=CARTESIAN_POINT('',(60.5221405883398,24.7521283035995,4.));
#17719=CARTESIAN_POINT('',(76.0442811766796,24.7521283035995,3.));
#17720=CARTESIAN_POINT('',(76.0442811766796,24.7521283035995,4.));
#17721=CARTESIAN_POINT('',(76.0442811766796,24.7521283035995,3.));
#17722=CARTESIAN_POINT('Origin',(76.0442811766796,23.4002623661779,4.));
#17723=CARTESIAN_POINT('',(76.0442811766796,23.4002623661779,4.));
#17724=CARTESIAN_POINT('',(76.0442811766796,20.9501311830889,4.));
#17725=CARTESIAN_POINT('',(76.0442811766796,23.4002623661779,3.));
#17726=CARTESIAN_POINT('',(76.0442811766796,23.4002623661779,4.));
#17727=CARTESIAN_POINT('',(76.0442811766796,24.0761953348887,3.));
#17728=CARTESIAN_POINT('',(76.0442811766796,24.7521283035995,4.));
#17729=CARTESIAN_POINT('Origin',(75.3683482079688,23.4002623661779,4.));
#17730=CARTESIAN_POINT('',(75.3683482079688,23.4002623661779,4.));
#17731=CARTESIAN_POINT('',(60.1841741039844,23.4002623661779,4.));
#17732=CARTESIAN_POINT('',(75.3683482079688,23.4002623661779,3.));
#17733=CARTESIAN_POINT('',(75.3683482079688,23.4002623661779,4.));
#17734=CARTESIAN_POINT('',(75.3683482079688,23.4002623661779,3.));
#17735=CARTESIAN_POINT('Origin',(75.3683482079688,22.7243293974671,4.));
#17736=CARTESIAN_POINT('',(75.3683482079688,22.7243293974671,4.));
#17737=CARTESIAN_POINT('',(75.3683482079688,20.6121646987335,4.));
#17738=CARTESIAN_POINT('',(75.3683482079688,22.7243293974671,3.));
#17739=CARTESIAN_POINT('',(75.3683482079688,22.7243293974671,4.));
#17740=CARTESIAN_POINT('',(75.3683482079688,22.7243293974671,3.));
#17741=CARTESIAN_POINT('',(75.3683482079688,23.4002623661779,4.));
#17742=CARTESIAN_POINT('Origin',(76.0442811766796,22.7243293974671,4.));
#17743=CARTESIAN_POINT('',(76.0442811766796,22.7243293974671,4.));
#17744=CARTESIAN_POINT('',(60.5221405883398,22.7243293974671,4.));
#17745=CARTESIAN_POINT('',(76.0442811766796,22.7243293974671,3.));
#17746=CARTESIAN_POINT('',(76.0442811766796,22.7243293974671,4.));
#17747=CARTESIAN_POINT('',(76.0442811766796,22.7243293974671,3.));
#17748=CARTESIAN_POINT('',(75.3683482079688,22.7243293974671,4.));
#17749=CARTESIAN_POINT('Origin',(76.0442811766796,22.0483964287563,4.));
#17750=CARTESIAN_POINT('',(76.0442811766796,22.0483964287563,4.));
#17751=CARTESIAN_POINT('',(76.0442811766796,20.2741982143781,4.));
#17752=CARTESIAN_POINT('',(76.0442811766796,22.0483964287563,3.));
#17753=CARTESIAN_POINT('',(76.0442811766796,22.0483964287563,4.));
#17754=CARTESIAN_POINT('',(76.0442811766796,22.0483964287563,3.));
#17755=CARTESIAN_POINT('Origin',(76.7202141453904,22.0483964287563,4.));
#17756=CARTESIAN_POINT('',(76.7202141453904,22.0483964287563,4.));
#17757=CARTESIAN_POINT('',(60.8601070726952,22.0483964287563,4.));
#17758=CARTESIAN_POINT('',(76.7202141453904,22.0483964287563,3.));
#17759=CARTESIAN_POINT('',(76.7202141453904,22.0483964287563,4.));
#17760=CARTESIAN_POINT('',(76.7202141453904,22.0483964287563,3.));
#17761=CARTESIAN_POINT('Origin',(76.7202141453904,20.0205975226239,4.));
#17762=CARTESIAN_POINT('',(76.7202141453904,20.0205975226239,4.));
#17763=CARTESIAN_POINT('',(76.7202141453904,19.2602987613119,4.));
#17764=CARTESIAN_POINT('',(76.7202141453904,20.0205975226239,3.));
#17765=CARTESIAN_POINT('',(76.7202141453904,20.0205975226239,4.));
#17766=CARTESIAN_POINT('',(76.7202141453904,21.3724634600455,3.));
#17767=CARTESIAN_POINT('Origin',(77.3961471141012,20.0205975226239,4.));
#17768=CARTESIAN_POINT('',(61.1980735570506,20.0205975226239,4.));
#17769=CARTESIAN_POINT('',(77.3961471141012,20.0205975226239,4.));
#17770=CARTESIAN_POINT('',(77.3961471141012,20.0205975226239,3.));
#17771=CARTESIAN_POINT('Origin',(76.7202141453904,22.3863629131117,3.));
#17772=CARTESIAN_POINT('Origin',(78.7480130515228,19.3446645539131,4.));
#17773=CARTESIAN_POINT('',(78.7480130515228,18.9223322769565,4.));
#17774=CARTESIAN_POINT('',(78.7480130515228,18.6687315852023,3.));
#17775=CARTESIAN_POINT('Origin',(78.072080082812,19.3446645539131,4.));
#17776=CARTESIAN_POINT('',(78.072080082812,19.3446645539131,4.));
#17777=CARTESIAN_POINT('',(61.536040041406,19.3446645539131,4.));
#17778=CARTESIAN_POINT('',(78.072080082812,19.3446645539131,3.));
#17779=CARTESIAN_POINT('',(78.072080082812,19.3446645539131,4.));
#17780=CARTESIAN_POINT('',(78.072080082812,19.3446645539131,3.));
#17781=CARTESIAN_POINT('Origin',(78.072080082812,18.6687315852023,4.));
#17782=CARTESIAN_POINT('',(78.072080082812,18.6687315852023,4.));
#17783=CARTESIAN_POINT('',(78.072080082812,18.5843657926013,4.));
#17784=CARTESIAN_POINT('',(78.072080082812,18.6687315852023,3.));
#17785=CARTESIAN_POINT('',(78.072080082812,18.6687315852023,4.));
#17786=CARTESIAN_POINT('',(78.072080082812,18.6687315852023,3.));
#17787=CARTESIAN_POINT('',(78.072080082812,19.3446645539131,4.));
#17788=CARTESIAN_POINT('Origin',(78.7480130515228,18.6687315852023,4.));
#17789=CARTESIAN_POINT('',(61.8740065257614,18.6687315852023,4.));
#17790=CARTESIAN_POINT('',(78.7480130515228,18.6687315852023,3.));
#17791=CARTESIAN_POINT('Origin',(78.4100465671674,19.0066980695577,3.));
#17792=CARTESIAN_POINT('Origin',(78.072080082812,20.0205975226239,4.));
#17793=CARTESIAN_POINT('',(78.072080082812,19.2602987613119,4.));
#17794=CARTESIAN_POINT('',(78.072080082812,19.3446645539131,3.));
#17795=CARTESIAN_POINT('Origin',(77.3961471141012,20.0205975226239,4.));
#17796=CARTESIAN_POINT('',(61.1980735570506,20.0205975226239,4.));
#17797=CARTESIAN_POINT('',(77.3961471141012,20.0205975226239,3.));
#17798=CARTESIAN_POINT('Origin',(77.3961471141012,19.3446645539131,4.));
#17799=CARTESIAN_POINT('',(77.3961471141012,19.3446645539131,4.));
#17800=CARTESIAN_POINT('',(77.3961471141012,18.9223322769565,4.));
#17801=CARTESIAN_POINT('',(77.3961471141012,19.3446645539131,3.));
#17802=CARTESIAN_POINT('',(77.3961471141012,19.3446645539131,4.));
#17803=CARTESIAN_POINT('',(77.3961471141012,19.3446645539131,3.));
#17804=CARTESIAN_POINT('Origin',(78.072080082812,19.3446645539131,4.));
#17805=CARTESIAN_POINT('',(61.536040041406,19.3446645539131,4.));
#17806=CARTESIAN_POINT('',(78.072080082812,19.3446645539131,3.));
#17807=CARTESIAN_POINT('Origin',(77.7341135984566,19.6826310382685,3.));
#17808=CARTESIAN_POINT('Origin',(75.3683482079688,23.4002623661779,4.));
#17809=CARTESIAN_POINT('',(74.692415239258,23.4002623661779,4.));
#17810=CARTESIAN_POINT('',(60.1841741039844,23.4002623661779,4.));
#17811=CARTESIAN_POINT('',(74.692415239258,23.4002623661779,3.));
#17812=CARTESIAN_POINT('',(74.692415239258,23.4002623661779,3.));
#17813=CARTESIAN_POINT('',(74.692415239258,23.4002623661779,4.));
#17814=CARTESIAN_POINT('Origin',(75.3683482079688,24.7521283035995,4.));
#17815=CARTESIAN_POINT('',(75.3683482079688,24.7521283035995,4.));
#17816=CARTESIAN_POINT('',(75.3683482079688,21.6260641517997,4.));
#17817=CARTESIAN_POINT('',(75.3683482079688,24.7521283035995,3.));
#17818=CARTESIAN_POINT('',(75.3683482079688,24.7521283035995,4.));
#17819=CARTESIAN_POINT('',(75.3683482079688,23.4002623661779,3.));
#17820=CARTESIAN_POINT('Origin',(76.0442811766796,24.7521283035995,4.));
#17821=CARTESIAN_POINT('',(60.5221405883398,24.7521283035995,4.));
#17822=CARTESIAN_POINT('',(75.3683482079688,24.7521283035995,3.));
#17823=CARTESIAN_POINT('Origin',(76.0442811766796,28.8077261158643,4.));
#17824=CARTESIAN_POINT('',(76.0442811766796,28.8077261158643,4.));
#17825=CARTESIAN_POINT('',(76.0442811766796,23.6538630579322,4.));
#17826=CARTESIAN_POINT('',(76.0442811766796,28.8077261158643,3.));
#17827=CARTESIAN_POINT('',(76.0442811766796,28.8077261158643,4.));
#17828=CARTESIAN_POINT('',(76.0442811766796,25.4280612723103,3.));
#17829=CARTESIAN_POINT('Origin',(75.3683482079688,28.8077261158643,4.));
#17830=CARTESIAN_POINT('',(75.3683482079688,28.8077261158643,4.));
#17831=CARTESIAN_POINT('',(60.1841741039844,28.8077261158643,4.));
#17832=CARTESIAN_POINT('',(75.3683482079688,28.8077261158643,3.));
#17833=CARTESIAN_POINT('',(75.3683482079688,28.8077261158643,4.));
#17834=CARTESIAN_POINT('',(75.3683482079688,28.8077261158643,3.));
#17835=CARTESIAN_POINT('Origin',(75.3683482079688,26.7799272097319,4.));
#17836=CARTESIAN_POINT('',(75.3683482079688,26.7799272097319,4.));
#17837=CARTESIAN_POINT('',(75.3683482079688,22.6399636048659,4.));
#17838=CARTESIAN_POINT('',(75.3683482079688,26.7799272097319,3.));
#17839=CARTESIAN_POINT('',(75.3683482079688,26.7799272097319,4.));
#17840=CARTESIAN_POINT('',(75.3683482079688,28.1317931471535,3.));
#17841=CARTESIAN_POINT('Origin',(74.692415239258,26.7799272097319,4.));
#17842=CARTESIAN_POINT('',(74.692415239258,26.7799272097319,4.));
#17843=CARTESIAN_POINT('',(59.846207619629,26.7799272097319,4.));
#17844=CARTESIAN_POINT('',(74.692415239258,26.7799272097319,3.));
#17845=CARTESIAN_POINT('',(74.692415239258,26.7799272097319,4.));
#17846=CARTESIAN_POINT('',(74.692415239258,26.7799272097319,3.));
#17847=CARTESIAN_POINT('Origin',(74.692415239258,23.4002623661779,4.));
#17848=CARTESIAN_POINT('',(74.6924152392581,20.9501311830891,4.));
#17849=CARTESIAN_POINT('',(74.692415239258,23.4002623661779,4.));
#17850=CARTESIAN_POINT('',(74.692415239258,26.1039942410211,3.));
#17851=CARTESIAN_POINT('Origin',(75.3683482079688,26.1039942410211,3.));
#17852=CARTESIAN_POINT('Origin',(74.0164822705472,20.0205975226239,4.));
#17853=CARTESIAN_POINT('',(74.0164822705472,20.0205975226239,4.));
#17854=CARTESIAN_POINT('',(74.0164822705472,19.3446645539131,4.));
#17855=CARTESIAN_POINT('',(74.0164822705472,19.2602987613119,4.));
#17856=CARTESIAN_POINT('',(74.0164822705472,20.0205975226239,3.));
#17857=CARTESIAN_POINT('',(74.0164822705472,20.0205975226239,4.));
#17858=CARTESIAN_POINT('',(74.0164822705472,19.3446645539131,3.));
#17859=CARTESIAN_POINT('',(74.0164822705472,20.0205975226239,3.));
#17860=CARTESIAN_POINT('',(74.0164822705472,19.3446645539131,4.));
#17861=CARTESIAN_POINT('Origin',(73.3405493018364,20.0205975226239,4.));
#17862=CARTESIAN_POINT('',(73.3405493018364,20.0205975226239,4.));
#17863=CARTESIAN_POINT('',(59.1702746509182,20.0205975226239,4.));
#17864=CARTESIAN_POINT('',(73.3405493018364,20.0205975226239,3.));
#17865=CARTESIAN_POINT('',(73.3405493018364,20.0205975226239,4.));
#17866=CARTESIAN_POINT('',(73.3405493018364,20.0205975226239,3.));
#17867=CARTESIAN_POINT('',(74.0164822705472,20.0205975226239,4.));
#17868=CARTESIAN_POINT('Origin',(73.3405493018364,19.3446645539131,4.));
#17869=CARTESIAN_POINT('',(73.3405493018364,19.3446645539131,4.));
#17870=CARTESIAN_POINT('',(73.3405493018364,18.9223322769565,4.));
#17871=CARTESIAN_POINT('',(73.3405493018364,19.3446645539131,3.));
#17872=CARTESIAN_POINT('',(73.3405493018364,19.3446645539131,4.));
#17873=CARTESIAN_POINT('',(73.3405493018364,19.3446645539131,3.));
#17874=CARTESIAN_POINT('',(73.3405493018364,20.0205975226239,4.));
#17875=CARTESIAN_POINT('Origin',(74.0164822705472,19.3446645539131,4.));
#17876=CARTESIAN_POINT('',(59.5082411352736,19.3446645539131,4.));
#17877=CARTESIAN_POINT('',(74.0164822705472,19.3446645539131,3.));
#17878=CARTESIAN_POINT('',(73.3405493018364,19.3446645539131,4.));
#17879=CARTESIAN_POINT('Origin',(73.6785157861918,19.6826310382685,3.));
#17880=CARTESIAN_POINT('Origin',(73.3405493018364,19.3446645539131,4.));
#17881=CARTESIAN_POINT('',(73.3405493018364,18.6687315852023,4.));
#17882=CARTESIAN_POINT('',(73.3405493018364,18.9223322769565,4.));
#17883=CARTESIAN_POINT('',(73.3405493018364,18.6687315852023,3.));
#17884=CARTESIAN_POINT('',(73.3405493018364,19.3446645539131,3.));
#17885=CARTESIAN_POINT('',(73.3405493018364,18.6687315852023,4.));
#17886=CARTESIAN_POINT('Origin',(72.6646163331256,19.3446645539131,4.));
#17887=CARTESIAN_POINT('',(72.6646163331256,19.3446645539131,4.));
#17888=CARTESIAN_POINT('',(58.8323081665628,19.3446645539131,4.));
#17889=CARTESIAN_POINT('',(72.6646163331256,19.3446645539131,3.));
#17890=CARTESIAN_POINT('',(72.6646163331256,19.3446645539131,4.));
#17891=CARTESIAN_POINT('',(72.6646163331256,19.3446645539131,3.));
#17892=CARTESIAN_POINT('Origin',(72.6646163331256,18.6687315852023,4.));
#17893=CARTESIAN_POINT('',(72.6646163331256,18.6687315852023,4.));
#17894=CARTESIAN_POINT('',(72.6646163331256,18.5843657926011,4.));
#17895=CARTESIAN_POINT('',(72.6646163331256,18.6687315852023,3.));
#17896=CARTESIAN_POINT('',(72.6646163331256,18.6687315852023,4.));
#17897=CARTESIAN_POINT('',(72.6646163331256,18.6687315852023,3.));
#17898=CARTESIAN_POINT('',(72.6646163331256,19.3446645539131,4.));
#17899=CARTESIAN_POINT('Origin',(73.3405493018364,18.6687315852023,4.));
#17900=CARTESIAN_POINT('',(59.1702746509182,18.6687315852023,4.));
#17901=CARTESIAN_POINT('',(73.3405493018364,18.6687315852023,3.));
#17902=CARTESIAN_POINT('',(72.6646163331256,18.6687315852023,4.));
#17903=CARTESIAN_POINT('Origin',(73.002582817481,19.0066980695577,3.));
#17904=CARTESIAN_POINT('Origin',(74.0164822705472,23.4002623661779,4.));
#17905=CARTESIAN_POINT('',(74.0164822705472,23.4002623661779,4.));
#17906=CARTESIAN_POINT('',(59.5082411352736,23.4002623661779,4.));
#17907=CARTESIAN_POINT('',(74.0164822705472,23.4002623661779,3.));
#17908=CARTESIAN_POINT('',(74.0164822705472,23.4002623661779,4.));
#17909=CARTESIAN_POINT('',(74.0164822705472,23.4002623661779,3.));
#17910=CARTESIAN_POINT('Origin',(74.0164822705472,22.0483964287563,4.));
#17911=CARTESIAN_POINT('',(74.0164822705472,22.0483964287563,4.));
#17912=CARTESIAN_POINT('',(74.0164822705472,20.2741982143781,4.));
#17913=CARTESIAN_POINT('',(74.0164822705472,22.0483964287563,3.));
#17914=CARTESIAN_POINT('',(74.0164822705472,22.0483964287563,4.));
#17915=CARTESIAN_POINT('',(74.0164822705472,22.7243293974671,3.));
#17916=CARTESIAN_POINT('Origin',(73.3405493018364,22.0483964287563,4.));
#17917=CARTESIAN_POINT('',(73.3405493018364,22.0483964287563,4.));
#17918=CARTESIAN_POINT('',(59.1702746509182,22.0483964287563,4.));
#17919=CARTESIAN_POINT('',(73.3405493018364,22.0483964287563,3.));
#17920=CARTESIAN_POINT('',(73.3405493018364,22.0483964287563,4.));
#17921=CARTESIAN_POINT('',(73.3405493018364,22.0483964287563,3.));
#17922=CARTESIAN_POINT('Origin',(73.3405493018364,21.3724634600455,4.));
#17923=CARTESIAN_POINT('',(73.3405493018364,21.3724634600455,4.));
#17924=CARTESIAN_POINT('',(73.3405493018364,19.9362317300227,4.));
#17925=CARTESIAN_POINT('',(73.3405493018364,21.3724634600455,3.));
#17926=CARTESIAN_POINT('',(73.3405493018364,21.3724634600455,4.));
#17927=CARTESIAN_POINT('',(73.3405493018364,21.3724634600455,3.));
#17928=CARTESIAN_POINT('Origin',(74.0164822705472,21.3724634600455,4.));
#17929=CARTESIAN_POINT('',(74.0164822705472,21.3724634600455,4.));
#17930=CARTESIAN_POINT('',(59.5082411352736,21.3724634600456,4.));
#17931=CARTESIAN_POINT('',(74.0164822705472,21.3724634600455,3.));
#17932=CARTESIAN_POINT('',(74.0164822705472,21.3724634600455,4.));
#17933=CARTESIAN_POINT('',(73.3405493018364,21.3724634600455,3.));
#17934=CARTESIAN_POINT('',(73.3405493018364,21.3724634600455,4.));
#17935=CARTESIAN_POINT('Origin',(74.0164822705472,20.0205975226239,4.));
#17936=CARTESIAN_POINT('',(74.0164822705472,19.2602987613119,4.));
#17937=CARTESIAN_POINT('',(74.0164822705472,20.6965304913347,3.));
#17938=CARTESIAN_POINT('Origin',(74.692415239258,20.0205975226239,4.));
#17939=CARTESIAN_POINT('',(74.692415239258,20.0205975226239,4.));
#17940=CARTESIAN_POINT('',(59.846207619629,20.0205975226239,4.));
#17941=CARTESIAN_POINT('',(74.692415239258,20.0205975226239,3.));
#17942=CARTESIAN_POINT('',(74.692415239258,20.0205975226239,4.));
#17943=CARTESIAN_POINT('',(74.692415239258,20.0205975226239,3.));
#17944=CARTESIAN_POINT('Origin',(74.692415239258,22.0483964287563,4.));
#17945=CARTESIAN_POINT('',(74.692415239258,22.0483964287563,4.));
#17946=CARTESIAN_POINT('',(74.692415239258,20.2741982143781,4.));
#17947=CARTESIAN_POINT('',(74.692415239258,22.0483964287563,3.));
#17948=CARTESIAN_POINT('',(74.692415239258,22.0483964287563,4.));
#17949=CARTESIAN_POINT('',(74.692415239258,20.6965304913347,3.));
#17950=CARTESIAN_POINT('Origin',(75.3683482079688,22.0483964287563,4.));
#17951=CARTESIAN_POINT('',(75.3683482079688,22.0483964287563,4.));
#17952=CARTESIAN_POINT('',(60.1841741039844,22.0483964287563,4.));
#17953=CARTESIAN_POINT('',(75.3683482079688,22.0483964287563,3.));
#17954=CARTESIAN_POINT('',(75.3683482079688,22.0483964287563,4.));
#17955=CARTESIAN_POINT('',(75.3683482079688,22.0483964287563,3.));
#17956=CARTESIAN_POINT('Origin',(75.3683482079688,22.7243293974671,4.));
#17957=CARTESIAN_POINT('',(75.3683482079688,20.6121646987335,4.));
#17958=CARTESIAN_POINT('',(75.3683482079688,22.7243293974671,3.));
#17959=CARTESIAN_POINT('Origin',(74.692415239258,22.7243293974671,4.));
#17960=CARTESIAN_POINT('',(74.692415239258,22.7243293974671,4.));
#17961=CARTESIAN_POINT('',(59.846207619629,22.7243293974671,4.));
#17962=CARTESIAN_POINT('',(74.692415239258,22.7243293974671,3.));
#17963=CARTESIAN_POINT('',(74.692415239258,22.7243293974671,4.));
#17964=CARTESIAN_POINT('',(74.692415239258,22.7243293974671,3.));
#17965=CARTESIAN_POINT('Origin',(74.692415239258,23.4002623661779,4.));
#17966=CARTESIAN_POINT('',(74.692415239258,20.9501311830887,4.));
#17967=CARTESIAN_POINT('',(74.692415239258,22.7243293974671,3.));
#17968=CARTESIAN_POINT('Origin',(74.3544487549026,21.7104299444009,3.));
#17969=CARTESIAN_POINT('Origin',(72.6646163331256,19.3446645539131,4.));
#17970=CARTESIAN_POINT('',(71.9886833644148,19.3446645539131,4.));
#17971=CARTESIAN_POINT('',(58.8323081665628,19.3446645539131,4.));
#17972=CARTESIAN_POINT('',(71.9886833644148,19.3446645539131,3.));
#17973=CARTESIAN_POINT('',(71.9886833644148,19.3446645539131,3.));
#17974=CARTESIAN_POINT('',(71.9886833644148,19.3446645539131,4.));
#17975=CARTESIAN_POINT('Origin',(72.6646163331256,20.0205975226239,4.));
#17976=CARTESIAN_POINT('',(72.6646163331256,20.0205975226239,4.));
#17977=CARTESIAN_POINT('',(72.6646163331256,19.2602987613117,4.));
#17978=CARTESIAN_POINT('',(72.6646163331256,20.0205975226239,3.));
#17979=CARTESIAN_POINT('',(72.6646163331256,20.0205975226239,4.));
#17980=CARTESIAN_POINT('',(72.6646163331256,19.3446645539131,3.));
#17981=CARTESIAN_POINT('Origin',(71.9886833644148,20.0205975226239,4.));
#17982=CARTESIAN_POINT('',(71.9886833644148,20.0205975226239,4.));
#17983=CARTESIAN_POINT('',(58.4943416822074,20.0205975226239,4.));
#17984=CARTESIAN_POINT('',(71.9886833644148,20.0205975226239,3.));
#17985=CARTESIAN_POINT('',(71.9886833644148,20.0205975226239,4.));
#17986=CARTESIAN_POINT('',(71.9886833644148,20.0205975226239,3.));
#17987=CARTESIAN_POINT('',(72.6646163331256,20.0205975226239,4.));
#17988=CARTESIAN_POINT('Origin',(71.9886833644148,19.3446645539131,4.));
#17989=CARTESIAN_POINT('',(71.9886833644148,18.9223322769565,4.));
#17990=CARTESIAN_POINT('',(71.9886833644148,19.3446645539131,4.));
#17991=CARTESIAN_POINT('',(71.9886833644148,19.3446645539131,3.));
#17992=CARTESIAN_POINT('Origin',(72.3266498487702,19.6826310382685,3.));
#17993=CARTESIAN_POINT('Origin',(73.3405493018364,20.0205975226239,4.));
#17994=CARTESIAN_POINT('',(59.1702746509182,20.0205975226239,4.));
#17995=CARTESIAN_POINT('',(72.6646163331256,20.0205975226239,3.));
#17996=CARTESIAN_POINT('Origin',(73.3405493018364,21.3724634600455,4.));
#17997=CARTESIAN_POINT('',(73.3405493018364,19.9362317300227,4.));
#17998=CARTESIAN_POINT('',(73.3405493018364,20.0205975226239,3.));
#17999=CARTESIAN_POINT('Origin',(72.6646163331256,21.3724634600455,4.));
#18000=CARTESIAN_POINT('',(72.6646163331256,21.3724634600455,4.));
#18001=CARTESIAN_POINT('',(58.8323081665628,21.3724634600455,4.));
#18002=CARTESIAN_POINT('',(72.6646163331256,21.3724634600455,3.));
#18003=CARTESIAN_POINT('',(72.6646163331256,21.3724634600455,4.));
#18004=CARTESIAN_POINT('',(72.6646163331256,21.3724634600455,3.));
#18005=CARTESIAN_POINT('Origin',(72.6646163331256,20.0205975226239,4.));
#18006=CARTESIAN_POINT('',(72.6646163331256,19.2602987613119,4.));
#18007=CARTESIAN_POINT('',(72.6646163331256,20.0205975226239,3.));
#18008=CARTESIAN_POINT('Origin',(73.002582817481,20.6965304913347,3.));
#18009=CARTESIAN_POINT('Origin',(72.6646163331256,15.2890667416482,4.));
#18010=CARTESIAN_POINT('',(72.6646163331256,15.2890667416482,4.));
#18011=CARTESIAN_POINT('',(72.6646163331256,16.8945333708241,4.));
#18012=CARTESIAN_POINT('',(72.6646163331256,15.2890667416482,3.));
#18013=CARTESIAN_POINT('',(72.6646163331256,15.2890667416482,4.));
#18014=CARTESIAN_POINT('',(72.6646163331256,14.6131337729374,3.));
#18015=CARTESIAN_POINT('Origin',(73.3405493018364,15.2890667416482,4.));
#18016=CARTESIAN_POINT('',(59.1702746509182,15.2890667416482,4.));
#18017=CARTESIAN_POINT('',(72.6646163331256,15.2890667416482,3.));
#18018=CARTESIAN_POINT('Origin',(73.3405493018364,15.964999710359,4.));
#18019=CARTESIAN_POINT('',(73.3405493018364,15.964999710359,4.));
#18020=CARTESIAN_POINT('',(73.3405493018363,17.2324998551797,4.));
#18021=CARTESIAN_POINT('',(73.3405493018364,15.964999710359,3.));
#18022=CARTESIAN_POINT('',(73.3405493018364,15.964999710359,4.));
#18023=CARTESIAN_POINT('',(73.3405493018364,15.964999710359,3.));
#18024=CARTESIAN_POINT('Origin',(72.6646163331256,15.964999710359,4.));
#18025=CARTESIAN_POINT('',(72.6646163331256,15.964999710359,4.));
#18026=CARTESIAN_POINT('',(58.8323081665628,15.964999710359,4.));
#18027=CARTESIAN_POINT('',(72.6646163331256,15.964999710359,3.));
#18028=CARTESIAN_POINT('',(72.6646163331256,15.964999710359,4.));
#18029=CARTESIAN_POINT('',(72.6646163331256,15.964999710359,3.));
#18030=CARTESIAN_POINT('Origin',(72.6646163331256,16.6409326790698,4.));
#18031=CARTESIAN_POINT('',(72.6646163331256,16.6409326790698,4.));
#18032=CARTESIAN_POINT('',(72.6646163331256,17.5704663395349,4.));
#18033=CARTESIAN_POINT('',(72.6646163331256,16.6409326790698,3.));
#18034=CARTESIAN_POINT('',(72.6646163331256,16.6409326790698,4.));
#18035=CARTESIAN_POINT('',(72.6646163331256,16.6409326790698,3.));
#18036=CARTESIAN_POINT('Origin',(70.6368174269931,16.6409326790698,4.));
#18037=CARTESIAN_POINT('',(70.6368174269931,16.6409326790698,4.));
#18038=CARTESIAN_POINT('',(57.8184087134966,16.6409326790698,4.));
#18039=CARTESIAN_POINT('',(70.6368174269931,16.6409326790698,3.));
#18040=CARTESIAN_POINT('',(70.6368174269931,16.6409326790698,4.));
#18041=CARTESIAN_POINT('',(71.9886833644148,16.6409326790698,3.));
#18042=CARTESIAN_POINT('Origin',(70.6368174269931,17.9927986164915,4.));
#18043=CARTESIAN_POINT('',(70.6368174269931,17.9927986164915,4.));
#18044=CARTESIAN_POINT('',(70.6368174269931,18.2463993082457,4.));
#18045=CARTESIAN_POINT('',(70.6368174269931,17.9927986164915,3.));
#18046=CARTESIAN_POINT('',(70.6368174269931,17.9927986164915,4.));
#18047=CARTESIAN_POINT('',(70.6368174269931,17.3168656477807,3.));
#18048=CARTESIAN_POINT('Origin',(72.6646163331256,17.9927986164915,4.));
#18049=CARTESIAN_POINT('',(72.6646163331256,17.9927986164915,4.));
#18050=CARTESIAN_POINT('',(58.8323081665628,17.9927986164915,4.));
#18051=CARTESIAN_POINT('',(72.6646163331256,17.9927986164915,3.));
#18052=CARTESIAN_POINT('',(72.6646163331256,17.9927986164915,4.));
#18053=CARTESIAN_POINT('',(71.312750395704,17.9927986164915,3.));
#18054=CARTESIAN_POINT('Origin',(72.6646163331256,18.6687315852023,4.));
#18055=CARTESIAN_POINT('',(72.6646163331256,18.5843657926011,4.));
#18056=CARTESIAN_POINT('',(72.6646163331256,18.6687315852023,3.));
#18057=CARTESIAN_POINT('Origin',(71.9886833644148,18.6687315852023,4.));
#18058=CARTESIAN_POINT('',(71.9886833644148,18.6687315852023,4.));
#18059=CARTESIAN_POINT('',(58.4943416822074,18.6687315852023,4.));
#18060=CARTESIAN_POINT('',(71.9886833644148,18.6687315852023,3.));
#18061=CARTESIAN_POINT('',(71.9886833644148,18.6687315852023,4.));
#18062=CARTESIAN_POINT('',(71.9886833644148,18.6687315852023,3.));
#18063=CARTESIAN_POINT('Origin',(71.9886833644148,19.3446645539131,4.));
#18064=CARTESIAN_POINT('',(71.9886833644148,18.9223322769565,4.));
#18065=CARTESIAN_POINT('',(71.9886833644148,18.6687315852023,3.));
#18066=CARTESIAN_POINT('Origin',(70.6368174269931,19.3446645539131,4.));
#18067=CARTESIAN_POINT('',(70.6368174269931,19.3446645539131,4.));
#18068=CARTESIAN_POINT('',(57.8184087134966,19.3446645539131,4.));
#18069=CARTESIAN_POINT('',(70.6368174269931,19.3446645539131,3.));
#18070=CARTESIAN_POINT('',(70.6368174269931,19.3446645539131,4.));
#18071=CARTESIAN_POINT('',(71.3127503957039,19.3446645539131,3.));
#18072=CARTESIAN_POINT('Origin',(70.6368174269931,18.6687315852023,4.));
#18073=CARTESIAN_POINT('',(70.6368174269931,18.6687315852023,4.));
#18074=CARTESIAN_POINT('',(70.6368174269932,18.5843657926013,4.));
#18075=CARTESIAN_POINT('',(70.6368174269931,18.6687315852023,3.));
#18076=CARTESIAN_POINT('',(70.6368174269931,18.6687315852023,4.));
#18077=CARTESIAN_POINT('',(70.6368174269931,18.6687315852023,3.));
#18078=CARTESIAN_POINT('Origin',(69.9788369579022,18.6687315852023,4.));
#18079=CARTESIAN_POINT('',(69.9788369579022,18.6687315852023,4.));
#18080=CARTESIAN_POINT('',(57.4894184789511,18.6687315852023,4.));
#18081=CARTESIAN_POINT('',(69.9788369579022,18.6687315852023,3.));
#18082=CARTESIAN_POINT('',(69.9788369579022,18.6687315852023,4.));
#18083=CARTESIAN_POINT('',(69.9608844582823,18.6687315852023,3.));
#18084=CARTESIAN_POINT('Origin',(69.2849514895715,17.9927986164915,4.));
#18085=CARTESIAN_POINT('',(69.2849514895715,17.9927986164915,4.));
#18086=CARTESIAN_POINT('',(69.2849514895715,18.656980349587,4.));
#18087=CARTESIAN_POINT('',(69.2849514895715,18.2463993082457,4.));
#18088=CARTESIAN_POINT('',(69.2849514895715,17.9927986164915,3.));
#18089=CARTESIAN_POINT('',(69.2849514895715,17.9927986164915,4.));
#18090=CARTESIAN_POINT('',(69.2849514895715,18.656980349587,3.));
#18091=CARTESIAN_POINT('',(69.2849514895715,17.9927986164915,3.));
#18092=CARTESIAN_POINT('',(69.2849514895715,18.656980349587,4.));
#18093=CARTESIAN_POINT('Origin',(69.9608844582823,17.9927986164915,4.));
#18094=CARTESIAN_POINT('',(69.9608844582823,17.9927986164915,4.));
#18095=CARTESIAN_POINT('',(57.4804422291412,17.9927986164915,4.));
#18096=CARTESIAN_POINT('',(69.9608844582823,17.9927986164915,3.));
#18097=CARTESIAN_POINT('',(69.9608844582823,17.9927986164915,4.));
#18098=CARTESIAN_POINT('',(69.2849514895715,17.9927986164915,3.));
#18099=CARTESIAN_POINT('',(69.2849514895715,17.9927986164915,4.));
#18100=CARTESIAN_POINT('Origin',(69.9608844582823,17.3168656477807,4.));
#18101=CARTESIAN_POINT('',(69.9608844582823,17.3168656477807,4.));
#18102=CARTESIAN_POINT('',(69.9608844582824,17.9084328238903,4.));
#18103=CARTESIAN_POINT('',(69.9608844582823,17.3168656477807,3.));
#18104=CARTESIAN_POINT('',(69.9608844582823,17.3168656477807,4.));
#18105=CARTESIAN_POINT('',(69.9608844582823,17.3168656477807,3.));
#18106=CARTESIAN_POINT('Origin',(69.2849514895715,17.3168656477807,4.));
#18107=CARTESIAN_POINT('',(69.2849514895715,17.3168656477807,4.));
#18108=CARTESIAN_POINT('',(57.1424757447858,17.3168656477807,4.));
#18109=CARTESIAN_POINT('',(69.2849514895715,17.3168656477807,3.));
#18110=CARTESIAN_POINT('',(69.2849514895715,17.3168656477807,4.));
#18111=CARTESIAN_POINT('',(69.2849514895715,17.3168656477807,3.));
#18112=CARTESIAN_POINT('Origin',(69.2849514895715,17.9927986164915,4.));
#18113=CARTESIAN_POINT('',(69.2849514895715,18.2463993082457,4.));
#18114=CARTESIAN_POINT('',(69.2849514895715,17.3168656477807,3.));
#18115=CARTESIAN_POINT('Origin',(67.2571525834391,17.9927986164915,4.));
#18116=CARTESIAN_POINT('',(67.2571525834391,17.9927986164915,4.));
#18117=CARTESIAN_POINT('',(56.1285762917196,17.9927986164915,4.));
#18118=CARTESIAN_POINT('',(67.2571525834391,17.9927986164915,3.));
#18119=CARTESIAN_POINT('',(67.2571525834391,17.9927986164915,4.));
#18120=CARTESIAN_POINT('',(68.6090185208607,17.9927986164915,3.));
#18121=CARTESIAN_POINT('Origin',(67.2571525834391,17.3415125755056,4.));
#18122=CARTESIAN_POINT('',(67.2571525834391,17.3415125755056,4.));
#18123=CARTESIAN_POINT('',(67.2571525834391,17.9207562877528,4.));
#18124=CARTESIAN_POINT('',(67.2571525834391,17.3415125755056,3.));
#18125=CARTESIAN_POINT('',(67.2571525834391,17.3415125755056,4.));
#18126=CARTESIAN_POINT('',(67.2571525834391,17.3168656477807,3.));
#18127=CARTESIAN_POINT('Origin',(68.6090185208607,17.3168656477807,4.));
#18128=CARTESIAN_POINT('',(68.6090185208607,17.3168656477807,4.));
#18129=CARTESIAN_POINT('',(67.3479014097393,17.3168656477807,4.));
#18130=CARTESIAN_POINT('',(56.8045092604304,17.3168656477807,4.));
#18131=CARTESIAN_POINT('',(68.6090185208607,17.3168656477807,3.));
#18132=CARTESIAN_POINT('',(68.6090185208607,17.3168656477807,4.));
#18133=CARTESIAN_POINT('',(67.3479014097393,17.3168656477807,3.));
#18134=CARTESIAN_POINT('',(67.9330855521499,17.3168656477807,3.));
#18135=CARTESIAN_POINT('',(67.3479014097393,17.3168656477807,4.));
#18136=CARTESIAN_POINT('Origin',(68.6090185208607,16.6409326790698,4.));
#18137=CARTESIAN_POINT('',(68.6090185208607,16.6409326790698,4.));
#18138=CARTESIAN_POINT('',(68.6090185208607,17.5704663395349,4.));
#18139=CARTESIAN_POINT('',(68.6090185208607,16.6409326790698,3.));
#18140=CARTESIAN_POINT('',(68.6090185208607,16.6409326790698,4.));
#18141=CARTESIAN_POINT('',(68.6090185208607,16.6409326790698,3.));
#18142=CARTESIAN_POINT('Origin',(69.9608844582823,16.6409326790698,4.));
#18143=CARTESIAN_POINT('',(69.9608844582823,16.6409326790698,4.));
#18144=CARTESIAN_POINT('',(57.4804422291412,16.6409326790698,4.));
#18145=CARTESIAN_POINT('',(69.9608844582823,16.6409326790698,3.));
#18146=CARTESIAN_POINT('',(69.9608844582823,16.6409326790698,4.));
#18147=CARTESIAN_POINT('',(69.2849514895715,16.6409326790698,3.));
#18148=CARTESIAN_POINT('Origin',(69.9608844582823,15.964999710359,4.));
#18149=CARTESIAN_POINT('',(69.9608844582823,15.964999710359,4.));
#18150=CARTESIAN_POINT('',(69.9608844582824,17.2324998551795,4.));
#18151=CARTESIAN_POINT('',(69.9608844582823,15.964999710359,3.));
#18152=CARTESIAN_POINT('',(69.9608844582823,15.964999710359,4.));
#18153=CARTESIAN_POINT('',(69.9608844582823,15.964999710359,3.));
#18154=CARTESIAN_POINT('Origin',(71.9886833644148,15.964999710359,4.));
#18155=CARTESIAN_POINT('',(71.9886833644148,15.964999710359,4.));
#18156=CARTESIAN_POINT('',(58.4943416822074,15.964999710359,4.));
#18157=CARTESIAN_POINT('',(71.9886833644148,15.964999710359,3.));
#18158=CARTESIAN_POINT('',(71.9886833644148,15.964999710359,4.));
#18159=CARTESIAN_POINT('',(70.6368174269931,15.964999710359,3.));
#18160=CARTESIAN_POINT('Origin',(71.9886833644148,14.6131337729374,4.));
#18161=CARTESIAN_POINT('',(71.9886833644148,14.6131337729374,4.));
#18162=CARTESIAN_POINT('',(71.9886833644148,16.5565668864687,4.));
#18163=CARTESIAN_POINT('',(71.9886833644148,14.6131337729374,3.));
#18164=CARTESIAN_POINT('',(71.9886833644148,14.6131337729374,4.));
#18165=CARTESIAN_POINT('',(71.9886833644148,15.2890667416482,3.));
#18166=CARTESIAN_POINT('Origin',(72.6646163331256,14.6131337729374,4.));
#18167=CARTESIAN_POINT('',(58.8323081665628,14.6131337729374,4.));
#18168=CARTESIAN_POINT('',(72.6646163331256,14.6131337729374,3.));
#18169=CARTESIAN_POINT('Origin',(70.0153584122675,16.9788991634253,3.));
#18170=CARTESIAN_POINT('',(69.9788369579022,18.656980349587,3.));
#18171=CARTESIAN_POINT('',(69.9788369579022,18.1468067000265,3.));
#18172=CARTESIAN_POINT('',(69.9970976850848,18.656980349587,3.));
#18173=CARTESIAN_POINT('',(67.3479014097393,17.3415125755056,3.));
#18174=CARTESIAN_POINT('',(68.352762967483,17.3415125755056,3.));
#18175=CARTESIAN_POINT('',(67.3479014097393,17.1602058694654,3.));
#18176=CARTESIAN_POINT('Origin',(75.2407080542281,12.0796414791797,4.));
#18177=CARTESIAN_POINT('',(75.2407080542281,12.0796414791797,4.));
#18178=CARTESIAN_POINT('',(75.2407080542281,12.0796414791797,2.));
#18179=CARTESIAN_POINT('',(75.2407080542281,12.0796414791797,4.));
#18180=CARTESIAN_POINT('',(74.5829741671874,12.0796414791797,2.));
#18181=CARTESIAN_POINT('',(73.1030729213457,12.0796414791797,2.));
#18182=CARTESIAN_POINT('',(74.5829741671874,12.0796414791797,4.));
#18183=CARTESIAN_POINT('',(60.120354027114,12.0796414791797,4.));
#18184=CARTESIAN_POINT('Origin',(75.2407080542281,12.7373753662204,4.));
#18185=CARTESIAN_POINT('',(75.2407080542281,12.7373753662204,4.));
#18186=CARTESIAN_POINT('',(75.2407080542281,12.7373753662204,2.));
#18187=CARTESIAN_POINT('',(75.2407080542281,12.7373753662204,4.));
#18188=CARTESIAN_POINT('',(75.2407080542281,14.7105770273426,2.));
#18189=CARTESIAN_POINT('',(75.2407080542281,15.6186876831102,4.));
#18190=CARTESIAN_POINT('Origin',(74.5829741671874,12.7373753662204,4.));
#18191=CARTESIAN_POINT('',(74.5829741671874,12.7373753662204,2.));
#18192=CARTESIAN_POINT('',(74.5829741671874,12.7373753662204,4.));
#18193=CARTESIAN_POINT('',(73.4319398648661,12.7373753662204,2.));
#18194=CARTESIAN_POINT('',(59.7914870835937,12.7373753662204,4.));
#18195=CARTESIAN_POINT('Origin',(69.9788369579022,19.9724481236685,4.));
#18196=CARTESIAN_POINT('',(69.9788369579022,19.9724481236685,4.));
#18197=CARTESIAN_POINT('',(69.9788369579022,19.9724481236685,2.));
#18198=CARTESIAN_POINT('',(69.9788369579022,19.9724481236685,4.));
#18199=CARTESIAN_POINT('',(70.636570844943,19.9724481236685,2.));
#18200=CARTESIAN_POINT('',(71.1298712602235,19.9724481236685,2.));
#18201=CARTESIAN_POINT('',(70.636570844943,19.9724481236685,4.));
#18202=CARTESIAN_POINT('',(70.636570844943,19.9724481236685,4.));
#18203=CARTESIAN_POINT('',(57.4894184789511,19.9724481236685,4.));
#18204=CARTESIAN_POINT('Origin',(69.9788369579022,19.3147142366278,4.));
#18205=CARTESIAN_POINT('',(69.9788369579022,19.3147142366278,4.));
#18206=CARTESIAN_POINT('',(69.9788369579022,19.3147142366278,2.));
#18207=CARTESIAN_POINT('',(69.9788369579022,19.3147142366278,4.));
#18208=CARTESIAN_POINT('',(69.9788369579022,18.656980349587,2.));
#18209=CARTESIAN_POINT('',(69.9788369579022,18.9073571183139,4.));
#18210=CARTESIAN_POINT('Origin',(68.6633691838207,19.3147142366278,4.));
#18211=CARTESIAN_POINT('',(68.6633691838207,19.3147142366278,4.));
#18212=CARTESIAN_POINT('',(68.6633691838207,19.3147142366278,2.));
#18213=CARTESIAN_POINT('',(68.6633691838207,19.3147142366278,4.));
#18214=CARTESIAN_POINT('',(70.8010043167031,19.3147142366278,2.));
#18215=CARTESIAN_POINT('',(56.8316845919104,19.3147142366278,4.));
#18216=CARTESIAN_POINT('Origin',(68.6633691838207,18.656980349587,4.));
#18217=CARTESIAN_POINT('',(68.6633691838207,18.656980349587,4.));
#18218=CARTESIAN_POINT('',(68.6633691838207,18.656980349587,2.));
#18219=CARTESIAN_POINT('',(68.6633691838207,18.656980349587,4.));
#18220=CARTESIAN_POINT('',(68.6633691838207,18.3281134060667,2.));
#18221=CARTESIAN_POINT('',(68.6633691838207,18.5784901747935,4.));
#18222=CARTESIAN_POINT('Origin',(45.,18.5,4.));
#18223=CARTESIAN_POINT('Origin',(45.,18.5,4.));
#18224=CARTESIAN_POINT('Origin',(45.,18.5,4.));
#18225=CARTESIAN_POINT('',(75.8984419412688,21.28791589775,4.));
#18226=CARTESIAN_POINT('',(75.2407080542281,21.28791589775,4.));
#18227=CARTESIAN_POINT('',(60.4492209706344,21.28791589775,4.));
#18228=CARTESIAN_POINT('',(75.2407080542281,21.9456497847907,4.));
#18229=CARTESIAN_POINT('',(75.2407080542281,19.893957948875,4.));
#18230=CARTESIAN_POINT('',(75.8984419412688,21.9456497847907,4.));
#18231=CARTESIAN_POINT('',(60.120354027114,21.9456497847907,4.));
#18232=CARTESIAN_POINT('',(75.8984419412688,20.2228248923954,4.));
#18233=CARTESIAN_POINT('',(75.8984419412688,14.0528431403019,4.));
#18234=CARTESIAN_POINT('',(75.2407080542281,14.0528431403019,4.));
#18235=CARTESIAN_POINT('',(60.4492209706344,14.0528431403019,4.));
#18236=CARTESIAN_POINT('',(75.2407080542281,14.7105770273426,4.));
#18237=CARTESIAN_POINT('',(75.2407080542281,16.276421570151,4.));
#18238=CARTESIAN_POINT('',(75.8984419412688,14.7105770273426,4.));
#18239=CARTESIAN_POINT('',(60.120354027114,14.7105770273426,4.));
#18240=CARTESIAN_POINT('',(75.8984419412688,16.6052885136713,4.));
#18241=CARTESIAN_POINT('',(77.871643602391,16.6837786884648,4.));
#18242=CARTESIAN_POINT('',(77.2139097153503,16.6837786884648,4.));
#18243=CARTESIAN_POINT('',(61.4358218011955,16.6837786884649,4.));
#18244=CARTESIAN_POINT('',(77.2139097153503,17.3415125755056,4.));
#18245=CARTESIAN_POINT('',(77.2139097153503,17.5918893442324,4.));
#18246=CARTESIAN_POINT('',(77.871643602391,17.3415125755056,4.));
#18247=CARTESIAN_POINT('',(61.1069548576751,17.3415125755056,4.));
#18248=CARTESIAN_POINT('',(77.871643602391,17.9992464625463,4.));
#18249=CARTESIAN_POINT('',(77.871643602391,17.9207562877528,4.));
#18250=CARTESIAN_POINT('',(77.2139097153503,17.9992464625463,4.));
#18251=CARTESIAN_POINT('',(61.4358218011955,17.9992464625463,4.));
#18252=CARTESIAN_POINT('',(77.2139097153503,18.656980349587,4.));
#18253=CARTESIAN_POINT('',(77.2139097153503,18.2496232312732,4.));
#18254=CARTESIAN_POINT('',(77.871643602391,18.656980349587,4.));
#18255=CARTESIAN_POINT('',(61.1069548576751,18.656980349587,4.));
#18256=CARTESIAN_POINT('',(77.871643602391,18.5784901747935,4.));
#18257=CARTESIAN_POINT('',(78.5293774894318,17.9992464625463,4.));
#18258=CARTESIAN_POINT('',(61.4358218011955,17.9992464625463,4.));
#18259=CARTESIAN_POINT('',(78.5293774894318,17.3415125755056,4.));
#18260=CARTESIAN_POINT('',(78.5293774894318,18.2496232312732,4.));
#18261=CARTESIAN_POINT('',(61.7646887447159,17.3415125755056,4.));
#18262=CARTESIAN_POINT('',(77.871643602391,17.9207562877528,4.));
#18263=CARTESIAN_POINT('',(76.5561758283095,19.3147142366278,4.));
#18264=CARTESIAN_POINT('',(75.8984419412688,19.3147142366278,4.));
#18265=CARTESIAN_POINT('',(60.7780879141548,19.3147142366278,4.));
#18266=CARTESIAN_POINT('',(75.8984419412688,19.9724481236685,4.));
#18267=CARTESIAN_POINT('',(75.8984419412688,18.9073571183137,4.));
#18268=CARTESIAN_POINT('',(75.2407080542281,19.9724481236685,4.));
#18269=CARTESIAN_POINT('',(60.4492209706344,19.9724481236686,4.));
#18270=CARTESIAN_POINT('',(75.2407080542281,20.6301820107092,4.));
#18271=CARTESIAN_POINT('',(75.2407080542281,19.2362240618342,4.));
#18272=CARTESIAN_POINT('',(75.8984419412688,20.6301820107092,4.));
#18273=CARTESIAN_POINT('',(60.120354027114,20.6301820107092,4.));
#18274=CARTESIAN_POINT('',(75.8984419412688,19.5650910053546,4.));
#18275=CARTESIAN_POINT('',(76.5561758283096,19.9724481236685,4.));
#18276=CARTESIAN_POINT('',(60.4492209706344,19.9724481236685,4.));
#18277=CARTESIAN_POINT('',(76.5561758283096,19.236224061834,4.));
#18278=CARTESIAN_POINT('',(76.5561758283095,15.3683109143834,4.));
#18279=CARTESIAN_POINT('',(75.8984419412688,15.3683109143834,4.));
#18280=CARTESIAN_POINT('',(60.7780879141548,15.3683109143834,4.));
#18281=CARTESIAN_POINT('',(75.8984419412688,16.0260448014241,4.));
#18282=CARTESIAN_POINT('',(75.8984419412688,16.9341554571915,4.));
#18283=CARTESIAN_POINT('',(76.5561758283096,16.0260448014241,4.));
#18284=CARTESIAN_POINT('',(60.4492209706344,16.0260448014241,4.));
#18285=CARTESIAN_POINT('',(76.5561758283096,17.2630224007118,4.));
#18286=CARTESIAN_POINT('Origin',(45.,18.5,4.));
#18287=CARTESIAN_POINT('Origin',(45.,18.5,4.));
#18288=CARTESIAN_POINT('Origin',(45.,18.5,4.));
#18289=CARTESIAN_POINT('Origin',(45.,18.5,4.));
#18290=CARTESIAN_POINT('Origin',(45.,18.5,4.));
#18291=CARTESIAN_POINT('Origin',(45.,18.5,4.));
#18292=CARTESIAN_POINT('Origin',(45.,18.5,4.));
#18293=CARTESIAN_POINT('Origin',(45.,18.5,4.));
#18294=CARTESIAN_POINT('Origin',(45.,18.5,4.));
#18295=CARTESIAN_POINT('Origin',(45.,18.5,4.));
#18296=CARTESIAN_POINT('Origin',(45.,18.5,4.));
#18297=CARTESIAN_POINT('Origin',(45.,18.5,4.));
#18298=CARTESIAN_POINT('Origin',(45.,18.5,4.));
#18299=CARTESIAN_POINT('',(65.5,23.9765983841137,4.));
#18300=CARTESIAN_POINT('',(82.,29.,4.));
#18301=CARTESIAN_POINT('',(63.5,29.,4.));
#18302=CARTESIAN_POINT('',(82.,33.,4.));
#18303=CARTESIAN_POINT('',(82.,25.75,4.));
#18304=CARTESIAN_POINT('',(8.,33.,4.));
#18305=CARTESIAN_POINT('',(26.5,33.,4.));
#18306=CARTESIAN_POINT('',(8.,29.,4.));
#18307=CARTESIAN_POINT('',(8.,23.75,4.));
#18308=CARTESIAN_POINT('',(4.,29.,4.));
#18309=CARTESIAN_POINT('',(24.5,29.,4.));
#18310=CARTESIAN_POINT('',(4.,8.,4.));
#18311=CARTESIAN_POINT('',(4.,13.25,4.));
#18312=CARTESIAN_POINT('',(8.,8.,4.));
#18313=CARTESIAN_POINT('',(26.5,8.,4.));
#18314=CARTESIAN_POINT('',(8.,4.,4.));
#18315=CARTESIAN_POINT('',(8.,11.25,4.));
#18316=CARTESIAN_POINT('',(82.,4.,4.));
#18317=CARTESIAN_POINT('',(63.5,4.,4.));
#18318=CARTESIAN_POINT('',(82.,8.,4.));
#18319=CARTESIAN_POINT('',(82.,13.25,4.));
#18320=CARTESIAN_POINT('',(86.,8.,4.));
#18321=CARTESIAN_POINT('',(65.5,7.99999999999999,4.));
#18322=CARTESIAN_POINT('',(86.,15.6807935062075,4.));
#18323=CARTESIAN_POINT('',(63.1417986292626,5.40081892215083,4.));
#18324=CARTESIAN_POINT('',(9.04179862926257,5.40081892215083,4.));
#18325=CARTESIAN_POINT('',(54.0458993146313,5.40081892215083,4.));
#18326=CARTESIAN_POINT('',(9.04179862926257,31.5008189221508,4.));
#18327=CARTESIAN_POINT('',(9.04179862926257,11.9754094610754,4.));
#18328=CARTESIAN_POINT('',(63.1417986292626,31.5008189221508,4.));
#18329=CARTESIAN_POINT('',(27.0458993146313,31.5008189221508,4.));
#18330=CARTESIAN_POINT('',(63.1417986292626,24.9754094610754,4.));
#18331=CARTESIAN_POINT('',(69.3211030708615,15.3683109143834,4.));
#18332=CARTESIAN_POINT('',(68.6633691838207,15.3683109143834,4.));
#18333=CARTESIAN_POINT('',(57.1605515354307,15.3683109143834,4.));
#18334=CARTESIAN_POINT('',(68.6633691838207,16.0260448014241,4.));
#18335=CARTESIAN_POINT('',(68.6633691838207,16.9341554571917,4.));
#18336=CARTESIAN_POINT('',(69.3211030708615,16.0260448014241,4.));
#18337=CARTESIAN_POINT('',(56.8316845919104,16.0260448014241,4.));
#18338=CARTESIAN_POINT('',(69.3211030708615,17.2630224007121,4.));
#18339=CARTESIAN_POINT('',(67.3479014097393,16.6837786884648,4.));
#18340=CARTESIAN_POINT('',(67.3479014097393,17.9207562877528,4.));
#18341=CARTESIAN_POINT('',(68.00563529678,16.6837786884648,4.));
#18342=CARTESIAN_POINT('',(56.1739507048696,16.6837786884648,4.));
#18343=CARTESIAN_POINT('',(68.00563529678,16.0260448014241,4.));
#18344=CARTESIAN_POINT('',(68.00563529678,17.5918893442323,4.));
#18345=CARTESIAN_POINT('',(67.3479014097393,16.0260448014241,4.));
#18346=CARTESIAN_POINT('',(56.50281764839,16.0260448014241,4.));
#18347=CARTESIAN_POINT('',(67.3479014097393,17.2630224007119,4.));
#18348=CARTESIAN_POINT('',(66.6901675226986,16.6837786884648,4.));
#18349=CARTESIAN_POINT('',(56.1739507048696,16.6837786884649,4.));
#18350=CARTESIAN_POINT('',(66.6901675226986,17.3415125755056,4.));
#18351=CARTESIAN_POINT('',(66.6901675226985,17.5918893442324,4.));
#18352=CARTESIAN_POINT('',(64.7169658615764,17.3415125755056,4.));
#18353=CARTESIAN_POINT('',(55.8450837613493,17.3415125755056,4.));
#18354=CARTESIAN_POINT('',(64.7169658615764,17.9992464625463,4.));
#18355=CARTESIAN_POINT('',(64.7169658615763,17.9207562877528,4.));
#18356=CARTESIAN_POINT('',(66.6901675226986,17.9992464625463,4.));
#18357=CARTESIAN_POINT('',(54.8584829307882,17.9992464625463,4.));
#18358=CARTESIAN_POINT('',(66.6901675226986,18.656980349587,4.));
#18359=CARTESIAN_POINT('',(66.6901675226985,18.2496232312732,4.));
#18360=CARTESIAN_POINT('',(67.3479014097393,18.656980349587,4.));
#18361=CARTESIAN_POINT('',(55.8450837613493,18.656980349587,4.));
#18362=CARTESIAN_POINT('',(67.3479014097393,17.9992464625463,4.));
#18363=CARTESIAN_POINT('',(67.3479014097393,18.5784901747935,4.));
#18364=CARTESIAN_POINT('',(56.1739507048696,17.9992464625463,4.));
#18365=CARTESIAN_POINT('',(66.6901675226985,18.2496232312732,4.));
#18366=CARTESIAN_POINT('',(55.8450837613493,17.3415125755056,4.));
#18367=CARTESIAN_POINT('',(57.4894184789511,18.6569803495871,4.));
#18368=CARTESIAN_POINT('',(70.636570844943,19.3147142366278,4.));
#18369=CARTESIAN_POINT('',(70.636570844943,19.2362240618342,4.));
#18370=CARTESIAN_POINT('',(57.8182854224715,19.3147142366278,4.));
#18371=CARTESIAN_POINT('',(69.9788369579022,18.9073571183139,4.));
#18372=CARTESIAN_POINT('',(73.9252402801466,8.79097204397604,4.));
#18373=CARTESIAN_POINT('',(73.2675063931059,8.79097204397604,4.));
#18374=CARTESIAN_POINT('',(59.4626201400733,8.79097204397601,4.));
#18375=CARTESIAN_POINT('',(73.2675063931059,10.7641737050982,4.));
#18376=CARTESIAN_POINT('',(73.2675063931059,13.645486021988,4.));
#18377=CARTESIAN_POINT('',(72.6097725060652,10.7641737050982,4.));
#18378=CARTESIAN_POINT('',(59.1337531965529,10.7641737050982,4.));
#18379=CARTESIAN_POINT('',(72.6097725060652,12.0796414791797,4.));
#18380=CARTESIAN_POINT('',(72.6097725060652,14.6320868525491,4.));
#18381=CARTESIAN_POINT('',(71.9520386190244,12.0796414791797,4.));
#18382=CARTESIAN_POINT('',(58.8048862530326,12.0796414791797,4.));
#18383=CARTESIAN_POINT('',(71.9520386190244,13.3951092532612,4.));
#18384=CARTESIAN_POINT('',(71.9520386190244,15.2898207395898,4.));
#18385=CARTESIAN_POINT('',(72.6097725060652,13.3951092532612,4.));
#18386=CARTESIAN_POINT('',(58.4760193095122,13.3951092532612,4.));
#18387=CARTESIAN_POINT('',(72.6097725060652,15.9475546266306,4.));
#18388=CARTESIAN_POINT('',(73.2675063931059,12.0796414791797,4.));
#18389=CARTESIAN_POINT('',(58.8048862530326,12.0796414791797,4.));
#18390=CARTESIAN_POINT('',(73.2675063931059,15.2898207395898,4.));
#18391=CARTESIAN_POINT('',(73.9252402801466,10.7641737050982,4.));
#18392=CARTESIAN_POINT('',(59.1337531965529,10.7641737050982,4.));
#18393=CARTESIAN_POINT('',(73.9252402801466,14.6320868525491,4.));
#18394=CARTESIAN_POINT('',(71.9520386190244,14.0528431403019,4.));
#18395=CARTESIAN_POINT('',(71.2943047319837,14.0528431403019,4.));
#18396=CARTESIAN_POINT('',(58.4760193095122,14.0528431403019,4.));
#18397=CARTESIAN_POINT('',(71.2943047319837,14.7105770273426,4.));
#18398=CARTESIAN_POINT('',(71.2943047319837,16.276421570151,4.));
#18399=CARTESIAN_POINT('',(70.636570844943,14.7105770273426,4.));
#18400=CARTESIAN_POINT('',(58.1471523659918,14.7105770273426,4.));
#18401=CARTESIAN_POINT('',(70.636570844943,15.3683109143834,4.));
#18402=CARTESIAN_POINT('',(70.636570844943,16.6052885136713,4.));
#18403=CARTESIAN_POINT('',(71.2943047319837,15.3683109143834,4.));
#18404=CARTESIAN_POINT('',(57.8182854224715,15.3683109143834,4.));
#18405=CARTESIAN_POINT('',(71.2943047319837,16.9341554571917,4.));
#18406=CARTESIAN_POINT('',(71.9520386190244,14.7105770273426,4.));
#18407=CARTESIAN_POINT('',(58.1471523659918,14.7105770273426,4.));
#18408=CARTESIAN_POINT('',(71.9520386190244,16.6052885136713,4.));
#18409=CARTESIAN_POINT('',(73.9252402801466,25.2343192199944,4.));
#18410=CARTESIAN_POINT('',(73.2675063931059,25.2343192199944,4.));
#18411=CARTESIAN_POINT('',(59.4626201400733,25.2343192199944,4.));
#18412=CARTESIAN_POINT('',(73.2675063931059,26.5497869940759,4.));
#18413=CARTESIAN_POINT('',(73.2675063931059,21.8671596099972,4.));
#18414=CARTESIAN_POINT('',(73.9252402801466,26.5497869940759,4.));
#18415=CARTESIAN_POINT('',(59.1337531965529,26.5497869940759,4.));
#18416=CARTESIAN_POINT('',(73.9252402801466,27.2075208811166,4.));
#18417=CARTESIAN_POINT('',(73.9252402801466,22.5248934970379,4.));
#18418=CARTESIAN_POINT('',(74.5829741671874,27.2075208811166,4.));
#18419=CARTESIAN_POINT('',(59.4626201400733,27.2075208811166,4.));
#18420=CARTESIAN_POINT('',(74.5829741671874,26.5497869940758,4.));
#18421=CARTESIAN_POINT('',(74.5829741671874,22.8537604405583,4.));
#18422=CARTESIAN_POINT('',(59.7914870835937,26.5497869940759,4.));
#18423=CARTESIAN_POINT('',(73.9252402801466,22.5248934970379,4.));
#18424=CARTESIAN_POINT('',(73.2675063931059,21.9456497847907,4.));
#18425=CARTESIAN_POINT('',(72.6097725060652,21.9456497847907,4.));
#18426=CARTESIAN_POINT('',(59.1337531965529,21.9456497847907,4.));
#18427=CARTESIAN_POINT('',(72.6097725060652,21.28791589775,4.));
#18428=CARTESIAN_POINT('',(72.6097725060652,20.2228248923954,4.));
#18429=CARTESIAN_POINT('',(71.9520386190244,21.28791589775,4.));
#18430=CARTESIAN_POINT('',(58.8048862530326,21.28791589775,4.));
#18431=CARTESIAN_POINT('',(71.9520386190244,19.9724481236685,4.));
#18432=CARTESIAN_POINT('',(71.9520386190244,19.893957948875,4.));
#18433=CARTESIAN_POINT('',(71.2943047319837,19.9724481236685,4.));
#18434=CARTESIAN_POINT('',(58.4760193095122,19.9724481236686,4.));
#18435=CARTESIAN_POINT('',(71.2943047319837,21.28791589775,4.));
#18436=CARTESIAN_POINT('',(71.2943047319837,19.2362240618342,4.));
#18437=CARTESIAN_POINT('',(58.1471523659918,21.28791589775,4.));
#18438=CARTESIAN_POINT('',(71.9520386190244,21.9456497847907,4.));
#18439=CARTESIAN_POINT('',(71.9520386190244,19.893957948875,4.));
#18440=CARTESIAN_POINT('',(58.4760193095122,21.9456497847907,4.));
#18441=CARTESIAN_POINT('',(72.6097725060652,23.2611175588722,4.));
#18442=CARTESIAN_POINT('',(72.6097725060652,20.2228248923954,4.));
#18443=CARTESIAN_POINT('',(73.2675063931059,23.2611175588722,4.));
#18444=CARTESIAN_POINT('',(58.8048862530326,23.2611175588722,4.));
#18445=CARTESIAN_POINT('',(73.2675063931059,23.9188514459129,4.));
#18446=CARTESIAN_POINT('',(73.2675063931059,20.8805587794361,4.));
#18447=CARTESIAN_POINT('',(73.9252402801466,23.9188514459129,4.));
#18448=CARTESIAN_POINT('',(59.1337531965529,23.9188514459129,4.));
#18449=CARTESIAN_POINT('',(73.9252402801466,23.2611175588722,4.));
#18450=CARTESIAN_POINT('',(73.9252402801466,21.2094257229564,4.));
#18451=CARTESIAN_POINT('',(59.4626201400733,23.2611175588722,4.));
#18452=CARTESIAN_POINT('',(73.2675063931059,20.8805587794361,4.));
#18453=CARTESIAN_POINT('',(74.5829741671874,27.8652547681573,4.));
#18454=CARTESIAN_POINT('',(73.9252402801466,27.8652547681573,4.));
#18455=CARTESIAN_POINT('',(59.7914870835937,27.8652547681573,4.));
#18456=CARTESIAN_POINT('',(73.9252402801466,28.522988655198,4.));
#18457=CARTESIAN_POINT('',(73.9252402801466,23.1826273840787,4.));
#18458=CARTESIAN_POINT('',(74.5829741671874,28.522988655198,4.));
#18459=CARTESIAN_POINT('',(59.4626201400733,28.522988655198,4.));
#18460=CARTESIAN_POINT('',(74.5829741671874,23.511494327599,4.));
#18461=CARTESIAN_POINT('',(73.9252402801466,6.1600364958131,4.));
#18462=CARTESIAN_POINT('',(73.2675063931059,6.1600364958131,4.));
#18463=CARTESIAN_POINT('',(59.4626201400733,6.16003649581308,4.));
#18464=CARTESIAN_POINT('',(73.2675063931059,7.47550426989457,4.));
#18465=CARTESIAN_POINT('',(73.2675063931059,12.3300182479065,4.));
#18466=CARTESIAN_POINT('',(73.9252402801466,7.47550426989457,4.));
#18467=CARTESIAN_POINT('',(59.1337531965529,7.47550426989457,4.));
#18468=CARTESIAN_POINT('',(73.9252402801466,12.9877521349473,4.));
#18469=CARTESIAN_POINT('Origin',(69.9788369579022,18.656980349587,4.));
#18470=CARTESIAN_POINT('',(69.9788369579022,18.656980349587,2.));
#18471=CARTESIAN_POINT('',(69.9788369579022,18.656980349587,4.));
#18472=CARTESIAN_POINT('',(70.1432704296624,18.656980349587,2.));
#18473=CARTESIAN_POINT('Origin',(66.6901675226986,18.656980349587,4.));
#18474=CARTESIAN_POINT('',(66.6901675226986,18.656980349587,2.));
#18475=CARTESIAN_POINT('',(66.6901675226986,18.656980349587,4.));
#18476=CARTESIAN_POINT('',(67.3479014097393,18.656980349587,2.));
#18477=CARTESIAN_POINT('',(69.4855365426217,18.656980349587,2.));
#18478=CARTESIAN_POINT('',(67.3479014097393,18.656980349587,4.));
#18479=CARTESIAN_POINT('Origin',(66.6901675226985,17.9992464625463,4.));
#18480=CARTESIAN_POINT('',(66.6901675226986,17.9992464625463,2.));
#18481=CARTESIAN_POINT('',(66.6901675226986,17.9992464625463,4.));
#18482=CARTESIAN_POINT('',(66.6901675226985,17.9992464625463,2.));
#18483=CARTESIAN_POINT('Origin',(64.7169658615763,17.3415125755056,4.));
#18484=CARTESIAN_POINT('',(64.7169658615764,17.3415125755056,2.));
#18485=CARTESIAN_POINT('',(64.7169658615764,17.3415125755056,4.));
#18486=CARTESIAN_POINT('',(64.7169658615764,17.9992464625463,2.));
#18487=CARTESIAN_POINT('',(64.7169658615763,17.6703795190259,2.));
#18488=CARTESIAN_POINT('',(64.7169658615764,17.9992464625463,4.));
#18489=CARTESIAN_POINT('Origin',(67.3479014097393,16.6837786884648,4.));
#18490=CARTESIAN_POINT('',(67.3479014097393,16.6837786884648,2.));
#18491=CARTESIAN_POINT('',(67.3479014097393,16.6837786884648,4.));
#18492=CARTESIAN_POINT('',(68.00563529678,16.6837786884648,2.));
#18493=CARTESIAN_POINT('',(69.814403486142,16.6837786884648,2.));
#18494=CARTESIAN_POINT('',(68.00563529678,16.6837786884648,4.));
#18495=CARTESIAN_POINT('Origin',(66.6901675226986,17.3415125755056,4.));
#18496=CARTESIAN_POINT('',(66.6901675226986,17.3415125755056,2.));
#18497=CARTESIAN_POINT('',(66.6901675226986,17.3415125755056,4.));
#18498=CARTESIAN_POINT('',(68.1700687685402,17.3415125755056,2.));
#18499=CARTESIAN_POINT('Origin',(66.6901675226986,17.3415125755056,4.));
#18500=CARTESIAN_POINT('',(66.6901675226986,17.3415125755056,4.));
#18501=CARTESIAN_POINT('',(67.3479014097393,17.3415125755056,2.));
#18502=CARTESIAN_POINT('',(69.4855365426217,17.3415125755056,2.));
#18503=CARTESIAN_POINT('',(67.3479014097393,17.3415125755056,4.));
#18504=CARTESIAN_POINT('Origin',(66.6901675226985,16.6837786884648,4.));
#18505=CARTESIAN_POINT('',(66.6901675226986,16.6837786884648,2.));
#18506=CARTESIAN_POINT('',(66.6901675226986,16.6837786884648,4.));
#18507=CARTESIAN_POINT('',(66.6901675226985,17.3415125755056,2.));
#18508=CARTESIAN_POINT('Origin',(77.871643602391,16.6837786884648,4.));
#18509=CARTESIAN_POINT('',(77.871643602391,16.6837786884648,2.));
#18510=CARTESIAN_POINT('',(77.871643602391,16.6837786884648,4.));
#18511=CARTESIAN_POINT('',(77.2139097153503,16.6837786884648,2.));
#18512=CARTESIAN_POINT('',(74.4185406954272,16.6837786884649,2.));
#18513=CARTESIAN_POINT('',(77.2139097153503,16.6837786884648,4.));
#18514=CARTESIAN_POINT('Origin',(77.871643602391,17.3415125755056,4.));
#18515=CARTESIAN_POINT('',(77.871643602391,17.3415125755056,2.));
#18516=CARTESIAN_POINT('',(77.871643602391,17.3415125755056,4.));
#18517=CARTESIAN_POINT('',(77.871643602391,17.0126456319852,2.));
#18518=CARTESIAN_POINT('Origin',(78.5293774894318,17.9992464625463,4.));
#18519=CARTESIAN_POINT('',(78.5293774894318,17.9992464625463,2.));
#18520=CARTESIAN_POINT('',(78.5293774894318,17.9992464625463,4.));
#18521=CARTESIAN_POINT('',(78.5293774894318,17.3415125755056,2.));
#18522=CARTESIAN_POINT('',(78.5293774894318,17.3415125755056,2.));
#18523=CARTESIAN_POINT('',(78.5293774894318,17.3415125755056,4.));
#18524=CARTESIAN_POINT('Origin',(77.871643602391,17.9992464625463,4.));
#18525=CARTESIAN_POINT('',(77.871643602391,17.9992464625463,2.));
#18526=CARTESIAN_POINT('',(77.871643602391,17.9992464625463,4.));
#18527=CARTESIAN_POINT('',(75.0762745824679,17.9992464625463,2.));
#18528=CARTESIAN_POINT('Origin',(77.871643602391,17.9992464625463,4.));
#18529=CARTESIAN_POINT('',(77.871643602391,17.9992464625463,4.));
#18530=CARTESIAN_POINT('',(77.2139097153503,17.9992464625463,2.));
#18531=CARTESIAN_POINT('',(74.4185406954272,17.9992464625463,2.));
#18532=CARTESIAN_POINT('',(77.2139097153503,17.9992464625463,4.));
#18533=CARTESIAN_POINT('Origin',(77.871643602391,18.656980349587,4.));
#18534=CARTESIAN_POINT('',(77.871643602391,18.656980349587,2.));
#18535=CARTESIAN_POINT('',(77.871643602391,18.656980349587,4.));
#18536=CARTESIAN_POINT('',(77.871643602391,17.6703795190259,2.));
#18537=CARTESIAN_POINT('Origin',(69.3211030708615,15.3683109143834,4.));
#18538=CARTESIAN_POINT('',(69.3211030708615,15.3683109143834,2.));
#18539=CARTESIAN_POINT('',(69.3211030708615,15.3683109143834,4.));
#18540=CARTESIAN_POINT('',(68.6633691838207,15.3683109143834,2.));
#18541=CARTESIAN_POINT('',(70.1432704296624,15.3683109143834,2.));
#18542=CARTESIAN_POINT('',(68.6633691838207,15.3683109143834,4.));
#18543=CARTESIAN_POINT('Origin',(69.3211030708615,16.0260448014241,4.));
#18544=CARTESIAN_POINT('',(69.3211030708615,16.0260448014241,2.));
#18545=CARTESIAN_POINT('',(69.3211030708615,16.0260448014241,4.));
#18546=CARTESIAN_POINT('',(69.3211030708615,16.3549117449445,2.));
#18547=CARTESIAN_POINT('Origin',(71.9520386190244,19.9724481236685,4.));
#18548=CARTESIAN_POINT('',(71.9520386190244,19.9724481236685,2.));
#18549=CARTESIAN_POINT('',(71.9520386190244,19.9724481236685,4.));
#18550=CARTESIAN_POINT('',(71.2943047319837,19.9724481236685,2.));
#18551=CARTESIAN_POINT('',(71.4587382037439,19.9724481236685,2.));
#18552=CARTESIAN_POINT('',(71.2943047319837,19.9724481236685,4.));
#18553=CARTESIAN_POINT('Origin',(71.9520386190244,21.28791589775,4.));
#18554=CARTESIAN_POINT('',(71.9520386190244,21.28791589775,2.));
#18555=CARTESIAN_POINT('',(71.9520386190244,21.28791589775,4.));
#18556=CARTESIAN_POINT('',(71.9520386190244,18.656980349587,2.));
#18557=CARTESIAN_POINT('Origin',(73.2675063931059,23.9188514459129,4.));
#18558=CARTESIAN_POINT('',(73.2675063931059,23.9188514459129,2.));
#18559=CARTESIAN_POINT('',(73.2675063931059,23.9188514459129,4.));
#18560=CARTESIAN_POINT('',(73.9252402801466,23.9188514459129,2.));
#18561=CARTESIAN_POINT('',(72.7742059778253,23.9188514459129,2.));
#18562=CARTESIAN_POINT('',(73.9252402801466,23.9188514459129,4.));
#18563=CARTESIAN_POINT('Origin',(72.6097725060652,21.9456497847907,4.));
#18564=CARTESIAN_POINT('',(72.6097725060652,21.9456497847907,2.));
#18565=CARTESIAN_POINT('',(72.6097725060652,21.9456497847907,4.));
#18566=CARTESIAN_POINT('',(72.6097725060652,21.28791589775,2.));
#18567=CARTESIAN_POINT('',(72.6097725060652,19.3147142366278,2.));
#18568=CARTESIAN_POINT('',(72.6097725060652,21.28791589775,4.));
#18569=CARTESIAN_POINT('Origin',(73.2675063931059,23.2611175588722,4.));
#18570=CARTESIAN_POINT('',(73.2675063931059,23.2611175588722,2.));
#18571=CARTESIAN_POINT('',(73.2675063931059,23.2611175588722,4.));
#18572=CARTESIAN_POINT('',(73.2675063931059,20.6301820107092,2.));
#18573=CARTESIAN_POINT('Origin',(72.6097725060652,21.9456497847907,4.));
#18574=CARTESIAN_POINT('',(72.6097725060652,21.9456497847907,4.));
#18575=CARTESIAN_POINT('',(72.6097725060652,23.2611175588722,2.));
#18576=CARTESIAN_POINT('',(72.6097725060652,20.3013150671889,2.));
#18577=CARTESIAN_POINT('',(72.6097725060652,23.2611175588722,4.));
#18578=CARTESIAN_POINT('Origin',(73.2675063931059,21.9456497847907,4.));
#18579=CARTESIAN_POINT('',(73.2675063931059,21.9456497847907,2.));
#18580=CARTESIAN_POINT('',(73.2675063931059,21.9456497847907,4.));
#18581=CARTESIAN_POINT('',(72.1164720907846,21.9456497847907,2.));
#18582=CARTESIAN_POINT('Origin',(73.9252402801466,6.1600364958131,4.));
#18583=CARTESIAN_POINT('',(73.9252402801466,6.1600364958131,2.));
#18584=CARTESIAN_POINT('',(73.9252402801466,6.1600364958131,4.));
#18585=CARTESIAN_POINT('',(73.2675063931059,6.1600364958131,2.));
#18586=CARTESIAN_POINT('',(72.445339034305,6.1600364958131,2.));
#18587=CARTESIAN_POINT('',(73.2675063931059,6.1600364958131,4.));
#18588=CARTESIAN_POINT('Origin',(73.9252402801466,7.47550426989457,4.));
#18589=CARTESIAN_POINT('',(73.9252402801466,7.47550426989457,2.));
#18590=CARTESIAN_POINT('',(73.9252402801466,7.47550426989457,4.));
#18591=CARTESIAN_POINT('',(73.9252402801466,11.7507745356593,2.));
#18592=CARTESIAN_POINT('Origin',(73.9252402801466,26.5497869940759,4.));
#18593=CARTESIAN_POINT('',(73.9252402801466,26.5497869940759,2.));
#18594=CARTESIAN_POINT('',(73.9252402801466,26.5497869940759,4.));
#18595=CARTESIAN_POINT('',(73.9252402801466,25.2343192199944,2.));
#18596=CARTESIAN_POINT('',(73.9252402801466,21.28791589775,2.));
#18597=CARTESIAN_POINT('',(73.9252402801466,25.2343192199944,4.));
#18598=CARTESIAN_POINT('Origin',(73.9252402801466,26.5497869940759,4.));
#18599=CARTESIAN_POINT('',(73.9252402801466,26.5497869940759,4.));
#18600=CARTESIAN_POINT('',(73.9252402801466,27.2075208811166,2.));
#18601=CARTESIAN_POINT('',(73.9252402801466,22.2745167283111,2.));
#18602=CARTESIAN_POINT('',(73.9252402801466,27.2075208811166,4.));
#18603=CARTESIAN_POINT('Origin',(74.5829741671874,26.5497869940758,4.));
#18604=CARTESIAN_POINT('',(74.5829741671874,26.5497869940758,2.));
#18605=CARTESIAN_POINT('',(74.5829741671874,26.5497869940758,4.));
#18606=CARTESIAN_POINT('',(72.7742059778254,26.5497869940759,2.));
#18607=CARTESIAN_POINT('Origin',(74.5829741671874,27.8652547681573,4.));
#18608=CARTESIAN_POINT('',(74.5829741671874,27.8652547681573,2.));
#18609=CARTESIAN_POINT('',(74.5829741671874,27.8652547681573,4.));
#18610=CARTESIAN_POINT('',(73.9252402801466,27.8652547681573,2.));
#18611=CARTESIAN_POINT('',(72.7742059778253,27.8652547681573,2.));
#18612=CARTESIAN_POINT('',(73.9252402801466,27.8652547681573,4.));
#18613=CARTESIAN_POINT('Origin',(74.5829741671874,28.522988655198,4.));
#18614=CARTESIAN_POINT('',(74.5829741671874,28.522988655198,2.));
#18615=CARTESIAN_POINT('',(74.5829741671874,28.522988655198,4.));
#18616=CARTESIAN_POINT('',(74.5829741671874,22.6033836718314,2.));
#18617=CARTESIAN_POINT('Origin',(70.636570844943,14.7105770273426,4.));
#18618=CARTESIAN_POINT('',(70.636570844943,14.7105770273426,2.));
#18619=CARTESIAN_POINT('',(70.636570844943,14.7105770273426,4.));
#18620=CARTESIAN_POINT('',(70.636570844943,15.3683109143834,2.));
#18621=CARTESIAN_POINT('',(70.636570844943,16.3549117449445,2.));
#18622=CARTESIAN_POINT('',(70.636570844943,15.3683109143834,4.));
#18623=CARTESIAN_POINT('Origin',(71.2943047319837,14.7105770273426,4.));
#18624=CARTESIAN_POINT('',(71.2943047319837,14.7105770273426,2.));
#18625=CARTESIAN_POINT('',(71.2943047319837,14.7105770273426,4.));
#18626=CARTESIAN_POINT('',(71.1298712602235,14.7105770273426,2.));
#18627=CARTESIAN_POINT('Origin',(71.9520386190244,14.0528431403019,4.));
#18628=CARTESIAN_POINT('',(71.9520386190244,14.0528431403019,2.));
#18629=CARTESIAN_POINT('',(71.9520386190244,14.0528431403019,4.));
#18630=CARTESIAN_POINT('',(71.2943047319837,14.0528431403019,2.));
#18631=CARTESIAN_POINT('',(71.4587382037439,14.0528431403019,2.));
#18632=CARTESIAN_POINT('',(71.2943047319837,14.0528431403019,4.));
#18633=CARTESIAN_POINT('Origin',(71.9520386190244,14.7105770273426,4.));
#18634=CARTESIAN_POINT('',(71.9520386190244,14.7105770273426,2.));
#18635=CARTESIAN_POINT('',(71.9520386190244,14.7105770273426,4.));
#18636=CARTESIAN_POINT('',(71.9520386190244,15.6971778579037,2.));
#18637=CARTESIAN_POINT('Origin',(76.5561758283095,15.3683109143834,4.));
#18638=CARTESIAN_POINT('',(76.5561758283095,15.3683109143834,2.));
#18639=CARTESIAN_POINT('',(76.5561758283095,15.3683109143834,4.));
#18640=CARTESIAN_POINT('',(75.8984419412688,15.3683109143834,2.));
#18641=CARTESIAN_POINT('',(73.7608068083864,15.3683109143834,2.));
#18642=CARTESIAN_POINT('',(75.8984419412688,15.3683109143834,4.));
#18643=CARTESIAN_POINT('Origin',(76.5561758283096,16.0260448014241,4.));
#18644=CARTESIAN_POINT('',(76.5561758283096,16.0260448014241,2.));
#18645=CARTESIAN_POINT('',(76.5561758283096,16.0260448014241,4.));
#18646=CARTESIAN_POINT('',(76.5561758283096,16.3549117449444,2.));
#18647=CARTESIAN_POINT('Origin',(73.9252402801466,10.7641737050982,4.));
#18648=CARTESIAN_POINT('',(73.9252402801466,10.7641737050982,2.));
#18649=CARTESIAN_POINT('',(73.9252402801466,10.7641737050982,4.));
#18650=CARTESIAN_POINT('',(73.9252402801466,8.79097204397604,2.));
#18651=CARTESIAN_POINT('',(73.9252402801466,13.0662423097408,2.));
#18652=CARTESIAN_POINT('',(73.9252402801466,8.79097204397604,4.));
#18653=CARTESIAN_POINT('Origin',(71.9520386190244,12.0796414791797,4.));
#18654=CARTESIAN_POINT('',(71.9520386190244,12.0796414791797,2.));
#18655=CARTESIAN_POINT('',(71.9520386190244,12.0796414791797,4.));
#18656=CARTESIAN_POINT('',(71.9520386190244,13.3951092532612,2.));
#18657=CARTESIAN_POINT('',(71.9520386190244,15.3683109143834,2.));
#18658=CARTESIAN_POINT('',(71.9520386190244,13.3951092532612,4.));
#18659=CARTESIAN_POINT('Origin',(72.6097725060652,12.0796414791797,4.));
#18660=CARTESIAN_POINT('',(72.6097725060652,12.0796414791797,2.));
#18661=CARTESIAN_POINT('',(72.6097725060652,12.0796414791797,4.));
#18662=CARTESIAN_POINT('',(71.7876051472642,12.0796414791797,2.));
#18663=CARTESIAN_POINT('Origin',(73.2675063931059,10.7641737050982,4.));
#18664=CARTESIAN_POINT('',(73.2675063931059,10.7641737050982,2.));
#18665=CARTESIAN_POINT('',(73.2675063931059,10.7641737050982,4.));
#18666=CARTESIAN_POINT('',(72.7742059778253,10.7641737050982,2.));
#18667=CARTESIAN_POINT('Origin',(73.2675063931059,10.7641737050982,4.));
#18668=CARTESIAN_POINT('',(73.2675063931059,10.7641737050982,4.));
#18669=CARTESIAN_POINT('',(72.6097725060652,10.7641737050982,2.));
#18670=CARTESIAN_POINT('',(72.1164720907846,10.7641737050982,2.));
#18671=CARTESIAN_POINT('',(72.6097725060652,10.7641737050982,4.));
#18672=CARTESIAN_POINT('Origin',(73.2675063931059,12.0796414791797,4.));
#18673=CARTESIAN_POINT('',(73.2675063931059,12.0796414791797,2.));
#18674=CARTESIAN_POINT('',(73.2675063931059,12.0796414791797,4.));
#18675=CARTESIAN_POINT('',(73.2675063931059,14.0528431403019,2.));
#18676=CARTESIAN_POINT('Origin',(76.5561758283096,19.9724481236685,4.));
#18677=CARTESIAN_POINT('',(76.5561758283096,19.9724481236685,2.));
#18678=CARTESIAN_POINT('',(76.5561758283096,19.9724481236685,4.));
#18679=CARTESIAN_POINT('',(76.5561758283095,19.3147142366278,2.));
#18680=CARTESIAN_POINT('',(76.5561758283095,18.3281134060666,2.));
#18681=CARTESIAN_POINT('',(76.5561758283095,19.3147142366278,4.));
#18682=CARTESIAN_POINT('Origin',(75.8984419412688,19.9724481236685,4.));
#18683=CARTESIAN_POINT('',(75.8984419412688,19.9724481236685,2.));
#18684=CARTESIAN_POINT('',(75.8984419412688,19.9724481236685,4.));
#18685=CARTESIAN_POINT('',(74.0896737519068,19.9724481236685,2.));
#18686=CARTESIAN_POINT('Origin',(75.8984419412688,19.9724481236685,4.));
#18687=CARTESIAN_POINT('',(75.8984419412688,19.9724481236685,4.));
#18688=CARTESIAN_POINT('',(75.2407080542281,19.9724481236685,2.));
#18689=CARTESIAN_POINT('',(73.4319398648661,19.9724481236685,2.));
#18690=CARTESIAN_POINT('',(75.2407080542281,19.9724481236685,4.));
#18691=CARTESIAN_POINT('Origin',(75.8984419412688,20.6301820107092,4.));
#18692=CARTESIAN_POINT('',(75.8984419412688,20.6301820107092,2.));
#18693=CARTESIAN_POINT('',(75.8984419412688,20.6301820107092,4.));
#18694=CARTESIAN_POINT('',(75.8984419412688,18.656980349587,2.));
#18695=CARTESIAN_POINT('Origin',(75.8984419412688,21.28791589775,4.));
#18696=CARTESIAN_POINT('',(75.8984419412688,21.28791589775,2.));
#18697=CARTESIAN_POINT('',(75.8984419412688,21.28791589775,4.));
#18698=CARTESIAN_POINT('',(75.2407080542281,21.28791589775,2.));
#18699=CARTESIAN_POINT('',(73.4319398648661,21.28791589775,2.));
#18700=CARTESIAN_POINT('',(75.2407080542281,21.28791589775,4.));
#18701=CARTESIAN_POINT('Origin',(75.8984419412688,21.9456497847907,4.));
#18702=CARTESIAN_POINT('',(75.8984419412688,21.9456497847907,2.));
#18703=CARTESIAN_POINT('',(75.8984419412688,21.9456497847907,4.));
#18704=CARTESIAN_POINT('',(75.8984419412688,19.3147142366278,2.));
#18705=CARTESIAN_POINT('Origin',(75.8984419412688,14.0528431403019,4.));
#18706=CARTESIAN_POINT('',(75.8984419412688,14.0528431403019,2.));
#18707=CARTESIAN_POINT('',(75.8984419412688,14.0528431403019,4.));
#18708=CARTESIAN_POINT('',(75.2407080542281,14.0528431403019,2.));
#18709=CARTESIAN_POINT('',(73.4319398648661,14.0528431403019,2.));
#18710=CARTESIAN_POINT('',(75.2407080542281,14.0528431403019,4.));
#18711=CARTESIAN_POINT('Origin',(75.8984419412688,14.7105770273426,4.));
#18712=CARTESIAN_POINT('',(75.8984419412688,14.7105770273426,2.));
#18713=CARTESIAN_POINT('',(75.8984419412688,14.7105770273426,4.));
#18714=CARTESIAN_POINT('',(75.8984419412688,15.6971778579037,2.));
#18715=CARTESIAN_POINT('Origin',(73.2675063931059,7.47550426989457,4.));
#18716=CARTESIAN_POINT('',(73.2675063931059,7.47550426989457,2.));
#18717=CARTESIAN_POINT('',(73.2675063931059,7.47550426989457,4.));
#18718=CARTESIAN_POINT('',(72.7742059778253,7.47550426989457,2.));
#18719=CARTESIAN_POINT('Origin',(73.2675063931059,6.1600364958131,4.));
#18720=CARTESIAN_POINT('',(73.2675063931059,12.4085084227001,2.));
#18721=CARTESIAN_POINT('Origin',(71.6231716755041,17.3415125755056,2.));
#18722=CARTESIAN_POINT('Origin',(75.8984419412688,16.0260448014241,4.));
#18723=CARTESIAN_POINT('',(75.8984419412688,16.0260448014241,2.));
#18724=CARTESIAN_POINT('',(75.8984419412688,16.0260448014241,4.));
#18725=CARTESIAN_POINT('',(74.0896737519068,16.0260448014241,2.));
#18726=CARTESIAN_POINT('Origin',(75.8984419412688,15.3683109143834,4.));
#18727=CARTESIAN_POINT('',(75.8984419412688,16.6837786884648,2.));
#18728=CARTESIAN_POINT('Origin',(71.6231716755041,17.3415125755056,2.));
#18729=CARTESIAN_POINT('Origin',(73.9252402801466,28.522988655198,4.));
#18730=CARTESIAN_POINT('',(73.9252402801466,28.522988655198,2.));
#18731=CARTESIAN_POINT('',(73.9252402801466,28.522988655198,4.));
#18732=CARTESIAN_POINT('',(73.1030729213457,28.522988655198,2.));
#18733=CARTESIAN_POINT('Origin',(73.9252402801466,27.8652547681573,4.));
#18734=CARTESIAN_POINT('',(73.9252402801466,22.9322506153518,2.));
#18735=CARTESIAN_POINT('Origin',(71.6231716755041,17.3415125755056,2.));
#18736=CARTESIAN_POINT('Origin',(75.2407080542281,20.6301820107092,4.));
#18737=CARTESIAN_POINT('',(75.2407080542281,20.6301820107092,2.));
#18738=CARTESIAN_POINT('',(75.2407080542281,20.6301820107092,4.));
#18739=CARTESIAN_POINT('',(73.7608068083864,20.6301820107092,2.));
#18740=CARTESIAN_POINT('Origin',(75.2407080542281,19.9724481236685,4.));
#18741=CARTESIAN_POINT('',(75.2407080542281,18.9858472931074,2.));
#18742=CARTESIAN_POINT('Origin',(71.6231716755041,17.3415125755056,2.));
#18743=CARTESIAN_POINT('Origin',(76.5561758283095,19.3147142366278,4.));
#18744=CARTESIAN_POINT('',(75.8984419412688,19.3147142366278,2.));
#18745=CARTESIAN_POINT('',(73.7608068083864,19.3147142366278,2.));
#18746=CARTESIAN_POINT('',(75.8984419412688,19.3147142366278,4.));
#18747=CARTESIAN_POINT('Origin',(75.8984419412688,19.3147142366278,4.));
#18748=CARTESIAN_POINT('',(75.8984419412688,18.656980349587,2.));
#18749=CARTESIAN_POINT('Origin',(71.6231716755041,17.3415125755056,2.));
#18750=CARTESIAN_POINT('Origin',(71.2943047319837,21.28791589775,4.));
#18751=CARTESIAN_POINT('',(71.2943047319837,21.28791589775,2.));
#18752=CARTESIAN_POINT('',(71.2943047319837,21.28791589775,4.));
#18753=CARTESIAN_POINT('',(71.7876051472642,21.28791589775,2.));
#18754=CARTESIAN_POINT('',(71.9520386190244,21.28791589775,4.));
#18755=CARTESIAN_POINT('Origin',(71.2943047319837,19.9724481236685,4.));
#18756=CARTESIAN_POINT('',(71.2943047319837,19.3147142366278,2.));
#18757=CARTESIAN_POINT('Origin',(71.6231716755041,17.3415125755056,2.));
#18758=CARTESIAN_POINT('Origin',(73.2675063931059,23.2611175588722,4.));
#18759=CARTESIAN_POINT('',(73.2675063931059,23.2611175588722,4.));
#18760=CARTESIAN_POINT('',(73.2675063931059,19.6435811801481,2.));
#18761=CARTESIAN_POINT('Origin',(72.6097725060652,23.2611175588722,4.));
#18762=CARTESIAN_POINT('',(72.445339034305,23.2611175588722,2.));
#18763=CARTESIAN_POINT('Origin',(71.6231716755041,17.3415125755056,2.));
#18764=CARTESIAN_POINT('Origin',(72.6097725060652,21.28791589775,4.));
#18765=CARTESIAN_POINT('',(71.7876051472642,21.28791589775,2.));
#18766=CARTESIAN_POINT('Origin',(71.9520386190244,21.9456497847907,4.));
#18767=CARTESIAN_POINT('',(71.9520386190244,21.9456497847907,2.));
#18768=CARTESIAN_POINT('',(71.9520386190244,21.9456497847907,4.));
#18769=CARTESIAN_POINT('',(72.1164720907846,21.9456497847907,2.));
#18770=CARTESIAN_POINT('Origin',(71.9520386190244,21.28791589775,4.));
#18771=CARTESIAN_POINT('',(71.9520386190244,19.6435811801481,2.));
#18772=CARTESIAN_POINT('Origin',(71.6231716755041,17.3415125755056,2.));
#18773=CARTESIAN_POINT('Origin',(73.9252402801466,23.2611175588722,4.));
#18774=CARTESIAN_POINT('',(73.9252402801466,23.2611175588722,2.));
#18775=CARTESIAN_POINT('',(73.9252402801466,23.2611175588722,4.));
#18776=CARTESIAN_POINT('',(72.445339034305,23.2611175588722,2.));
#18777=CARTESIAN_POINT('Origin',(73.9252402801466,23.9188514459129,4.));
#18778=CARTESIAN_POINT('',(73.9252402801466,20.3013150671889,2.));
#18779=CARTESIAN_POINT('Origin',(71.6231716755041,17.3415125755056,2.));
#18780=CARTESIAN_POINT('Origin',(70.636570844943,19.3147142366278,4.));
#18781=CARTESIAN_POINT('',(70.636570844943,19.3147142366278,2.));
#18782=CARTESIAN_POINT('',(70.636570844943,19.3147142366278,4.));
#18783=CARTESIAN_POINT('',(70.8010043167031,19.3147142366278,2.));
#18784=CARTESIAN_POINT('',(69.9788369579022,19.3147142366278,4.));
#18785=CARTESIAN_POINT('Origin',(70.636570844943,19.9724481236685,4.));
#18786=CARTESIAN_POINT('',(70.636570844943,18.3281134060667,2.));
#18787=CARTESIAN_POINT('Origin',(71.6231716755041,17.3415125755056,2.));
#18788=CARTESIAN_POINT('Origin',(69.9788369579022,19.3147142366278,4.));
#18789=CARTESIAN_POINT('',(69.9788369579022,17.9992464625463,2.));
#18790=CARTESIAN_POINT('Origin',(71.6231716755041,17.3415125755056,2.));
#18791=CARTESIAN_POINT('Origin',(74.5829741671874,27.2075208811166,4.));
#18792=CARTESIAN_POINT('',(74.5829741671874,27.2075208811166,2.));
#18793=CARTESIAN_POINT('',(74.5829741671874,27.2075208811166,4.));
#18794=CARTESIAN_POINT('',(74.5829741671874,21.9456497847907,2.));
#18795=CARTESIAN_POINT('Origin',(73.9252402801466,27.2075208811166,4.));
#18796=CARTESIAN_POINT('',(73.1030729213457,27.2075208811166,2.));
#18797=CARTESIAN_POINT('Origin',(71.6231716755041,17.3415125755056,2.));
#18798=CARTESIAN_POINT('Origin',(73.9252402801466,25.2343192199944,4.));
#18799=CARTESIAN_POINT('',(73.2675063931059,25.2343192199944,2.));
#18800=CARTESIAN_POINT('',(72.445339034305,25.2343192199944,2.));
#18801=CARTESIAN_POINT('',(73.2675063931059,25.2343192199944,4.));
#18802=CARTESIAN_POINT('Origin',(73.2675063931059,26.5497869940759,4.));
#18803=CARTESIAN_POINT('',(73.2675063931059,26.5497869940759,2.));
#18804=CARTESIAN_POINT('',(73.2675063931059,26.5497869940759,4.));
#18805=CARTESIAN_POINT('',(72.7742059778253,26.5497869940759,2.));
#18806=CARTESIAN_POINT('Origin',(73.2675063931059,25.2343192199944,4.));
#18807=CARTESIAN_POINT('',(73.2675063931059,21.9456497847907,2.));
#18808=CARTESIAN_POINT('Origin',(71.6231716755041,17.3415125755056,2.));
#18809=CARTESIAN_POINT('Origin',(71.2943047319837,14.7105770273426,4.));
#18810=CARTESIAN_POINT('',(71.2943047319837,14.7105770273426,4.));
#18811=CARTESIAN_POINT('',(71.7876051472642,14.7105770273426,2.));
#18812=CARTESIAN_POINT('Origin',(71.2943047319837,14.0528431403019,4.));
#18813=CARTESIAN_POINT('',(71.2943047319837,16.0260448014241,2.));
#18814=CARTESIAN_POINT('Origin',(71.6231716755041,17.3415125755056,2.));
#18815=CARTESIAN_POINT('Origin',(71.2943047319837,15.3683109143834,4.));
#18816=CARTESIAN_POINT('',(71.2943047319837,15.3683109143834,2.));
#18817=CARTESIAN_POINT('',(71.2943047319837,15.3683109143834,4.));
#18818=CARTESIAN_POINT('',(71.2943047319837,16.0260448014241,2.));
#18819=CARTESIAN_POINT('Origin',(70.636570844943,15.3683109143834,4.));
#18820=CARTESIAN_POINT('',(71.4587382037439,15.3683109143834,2.));
#18821=CARTESIAN_POINT('Origin',(71.6231716755041,17.3415125755056,2.));
#18822=CARTESIAN_POINT('Origin',(73.9252402801466,8.79097204397604,4.));
#18823=CARTESIAN_POINT('',(73.2675063931059,8.79097204397604,2.));
#18824=CARTESIAN_POINT('',(72.445339034305,8.79097204397604,2.));
#18825=CARTESIAN_POINT('',(73.2675063931059,8.79097204397604,4.));
#18826=CARTESIAN_POINT('Origin',(73.2675063931059,8.79097204397604,4.));
#18827=CARTESIAN_POINT('',(73.2675063931059,14.0528431403019,2.));
#18828=CARTESIAN_POINT('Origin',(71.6231716755041,17.3415125755056,2.));
#18829=CARTESIAN_POINT('Origin',(72.6097725060652,12.0796414791797,4.));
#18830=CARTESIAN_POINT('',(72.6097725060652,12.0796414791797,4.));
#18831=CARTESIAN_POINT('',(72.445339034305,12.0796414791797,2.));
#18832=CARTESIAN_POINT('Origin',(72.6097725060652,10.7641737050982,4.));
#18833=CARTESIAN_POINT('',(72.6097725060652,14.7105770273426,2.));
#18834=CARTESIAN_POINT('Origin',(71.6231716755041,17.3415125755056,2.));
#18835=CARTESIAN_POINT('Origin',(72.6097725060652,13.3951092532612,4.));
#18836=CARTESIAN_POINT('',(72.6097725060652,13.3951092532612,2.));
#18837=CARTESIAN_POINT('',(72.6097725060652,13.3951092532612,4.));
#18838=CARTESIAN_POINT('',(72.6097725060652,14.7105770273426,2.));
#18839=CARTESIAN_POINT('Origin',(71.9520386190244,13.3951092532612,4.));
#18840=CARTESIAN_POINT('',(72.1164720907846,13.3951092532612,2.));
#18841=CARTESIAN_POINT('Origin',(71.6231716755041,17.3415125755056,2.));
#18842=CARTESIAN_POINT('Origin',(67.3479014097393,16.6837786884648,4.));
#18843=CARTESIAN_POINT('',(67.3479014097393,16.6837786884648,4.));
#18844=CARTESIAN_POINT('',(69.1566695991013,16.6837786884648,2.));
#18845=CARTESIAN_POINT('Origin',(67.3479014097393,17.3415125755056,4.));
#18846=CARTESIAN_POINT('',(67.3479014097393,17.0126456319852,2.));
#18847=CARTESIAN_POINT('Origin',(71.6231716755041,17.3415125755056,2.));
#18848=CARTESIAN_POINT('Origin',(68.00563529678,16.0260448014241,4.));
#18849=CARTESIAN_POINT('',(68.00563529678,16.0260448014241,2.));
#18850=CARTESIAN_POINT('',(68.00563529678,16.0260448014241,4.));
#18851=CARTESIAN_POINT('',(67.3479014097393,16.0260448014241,2.));
#18852=CARTESIAN_POINT('',(69.4855365426217,16.0260448014241,2.));
#18853=CARTESIAN_POINT('',(67.3479014097393,16.0260448014241,4.));
#18854=CARTESIAN_POINT('Origin',(68.00563529678,16.6837786884648,4.));
#18855=CARTESIAN_POINT('',(68.00563529678,16.6837786884649,2.));
#18856=CARTESIAN_POINT('Origin',(67.3479014097393,16.0260448014241,4.));
#18857=CARTESIAN_POINT('',(67.3479014097393,17.0126456319852,2.));
#18858=CARTESIAN_POINT('Origin',(71.6231716755041,17.3415125755056,2.));
#18859=CARTESIAN_POINT('Origin',(67.3479014097393,17.9992464625463,4.));
#18860=CARTESIAN_POINT('',(67.3479014097393,17.9992464625463,2.));
#18861=CARTESIAN_POINT('',(67.3479014097393,17.9992464625463,4.));
#18862=CARTESIAN_POINT('',(69.1566695991013,17.9992464625463,2.));
#18863=CARTESIAN_POINT('',(66.6901675226986,17.9992464625463,4.));
#18864=CARTESIAN_POINT('Origin',(67.3479014097393,18.656980349587,4.));
#18865=CARTESIAN_POINT('',(67.3479014097393,17.6703795190259,2.));
#18866=CARTESIAN_POINT('Origin',(71.6231716755041,17.3415125755056,2.));
#18867=CARTESIAN_POINT('Origin',(66.6901675226985,17.9992464625463,4.));
#18868=CARTESIAN_POINT('',(66.6901675226985,17.3415125755056,2.));
#18869=CARTESIAN_POINT('Origin',(64.7169658615764,17.9992464625463,4.));
#18870=CARTESIAN_POINT('',(69.1566695991013,17.9992464625463,2.));
#18871=CARTESIAN_POINT('Origin',(71.6231716755041,17.3415125755056,2.));
#18872=CARTESIAN_POINT('Origin',(78.5293774894318,17.3415125755056,4.));
#18873=CARTESIAN_POINT('',(74.7474076389475,17.3415125755056,2.));
#18874=CARTESIAN_POINT('Origin',(77.871643602391,17.3415125755056,4.));
#18875=CARTESIAN_POINT('',(77.871643602391,17.3415125755056,4.));
#18876=CARTESIAN_POINT('',(77.871643602391,17.6703795190259,2.));
#18877=CARTESIAN_POINT('Origin',(71.6231716755041,17.3415125755056,2.));
#18878=CARTESIAN_POINT('Origin',(77.2139097153503,18.656980349587,4.));
#18879=CARTESIAN_POINT('',(77.2139097153503,18.656980349587,2.));
#18880=CARTESIAN_POINT('',(77.2139097153503,18.656980349587,4.));
#18881=CARTESIAN_POINT('',(74.7474076389475,18.656980349587,2.));
#18882=CARTESIAN_POINT('Origin',(77.2139097153503,17.9992464625463,4.));
#18883=CARTESIAN_POINT('',(77.2139097153503,17.9992464625463,2.));
#18884=CARTESIAN_POINT('Origin',(71.6231716755041,17.3415125755056,2.));
#18885=CARTESIAN_POINT('Origin',(77.2139097153503,17.3415125755056,4.));
#18886=CARTESIAN_POINT('',(77.2139097153503,17.3415125755056,2.));
#18887=CARTESIAN_POINT('',(77.2139097153503,17.3415125755056,4.));
#18888=CARTESIAN_POINT('',(74.7474076389475,17.3415125755056,2.));
#18889=CARTESIAN_POINT('Origin',(77.2139097153503,16.6837786884648,4.));
#18890=CARTESIAN_POINT('',(77.2139097153503,17.3415125755056,2.));
#18891=CARTESIAN_POINT('Origin',(71.6231716755041,17.3415125755056,2.));
#18892=CARTESIAN_POINT('Origin',(75.2407080542281,14.7105770273426,4.));
#18893=CARTESIAN_POINT('',(75.2407080542281,14.7105770273426,2.));
#18894=CARTESIAN_POINT('',(75.2407080542281,14.7105770273426,4.));
#18895=CARTESIAN_POINT('',(73.7608068083864,14.7105770273426,2.));
#18896=CARTESIAN_POINT('Origin',(75.2407080542281,14.0528431403019,4.));
#18897=CARTESIAN_POINT('',(75.2407080542281,16.0260448014241,2.));
#18898=CARTESIAN_POINT('Origin',(71.6231716755041,17.3415125755056,2.));
#18899=CARTESIAN_POINT('Origin',(75.2407080542281,21.9456497847907,4.));
#18900=CARTESIAN_POINT('',(75.2407080542281,21.9456497847907,2.));
#18901=CARTESIAN_POINT('',(75.2407080542281,21.9456497847907,4.));
#18902=CARTESIAN_POINT('',(73.7608068083864,21.9456497847907,2.));
#18903=CARTESIAN_POINT('Origin',(75.2407080542281,21.28791589775,4.));
#18904=CARTESIAN_POINT('',(75.2407080542281,19.6435811801481,2.));
#18905=CARTESIAN_POINT('Origin',(71.6231716755041,17.3415125755056,2.));
#18906=CARTESIAN_POINT('Origin',(74.5829741671874,12.0796414791797,4.));
#18907=CARTESIAN_POINT('',(74.5829741671874,15.039443970863,2.));
#18908=CARTESIAN_POINT('Origin',(71.6231716755041,17.3415125755056,2.));
#18909=CARTESIAN_POINT('Origin',(68.6633691838207,16.0260448014241,4.));
#18910=CARTESIAN_POINT('',(68.6633691838207,16.0260448014241,2.));
#18911=CARTESIAN_POINT('',(68.6633691838207,16.0260448014241,4.));
#18912=CARTESIAN_POINT('',(70.4721373731828,16.0260448014241,2.));
#18913=CARTESIAN_POINT('Origin',(68.6633691838207,15.3683109143834,4.));
#18914=CARTESIAN_POINT('',(68.6633691838207,16.6837786884648,2.));
#18915=CARTESIAN_POINT('Origin',(71.6231716755041,17.3415125755056,2.));
#18916=CARTESIAN_POINT('Origin',(63.0917986292626,5.40081892215083,4.));
#18917=CARTESIAN_POINT('',(63.1417986292626,5.40081892215083,4.));
#18918=CARTESIAN_POINT('',(9.04179862926257,5.40081892215083,4.));
#18919=CARTESIAN_POINT('Origin',(63.1417986292626,31.4508189221508,4.));
#18920=CARTESIAN_POINT('',(63.1417986292626,31.5008189221508,4.));
#18921=CARTESIAN_POINT('Origin',(9.09179862926258,31.5008189221508,4.));
#18922=CARTESIAN_POINT('',(9.04179862926257,31.5008189221508,4.));
#18923=CARTESIAN_POINT('Origin',(9.04179862926257,5.45081892215083,4.));
#18924=CARTESIAN_POINT('Origin',(86.,23.9765983841137,4.));
#18925=CARTESIAN_POINT('Origin',(82.,29.,4.));
#18926=CARTESIAN_POINT('',(82.,29.,4.));
#18927=CARTESIAN_POINT('Origin',(82.,33.,4.));
#18928=CARTESIAN_POINT('',(82.,33.,4.));
#18929=CARTESIAN_POINT('Origin',(8.,33.,4.));
#18930=CARTESIAN_POINT('',(8.,33.,4.));
#18931=CARTESIAN_POINT('Origin',(8.,29.,4.));
#18932=CARTESIAN_POINT('',(8.,29.,4.));
#18933=CARTESIAN_POINT('Origin',(4.,29.,4.));
#18934=CARTESIAN_POINT('',(4.,29.,4.));
#18935=CARTESIAN_POINT('Origin',(4.,8.,4.));
#18936=CARTESIAN_POINT('',(4.,8.,4.));
#18937=CARTESIAN_POINT('Origin',(8.,8.,4.));
#18938=CARTESIAN_POINT('',(8.,8.,4.));
#18939=CARTESIAN_POINT('Origin',(8.,4.,4.));
#18940=CARTESIAN_POINT('',(8.,4.,4.));
#18941=CARTESIAN_POINT('Origin',(82.,4.,4.));
#18942=CARTESIAN_POINT('',(82.,4.,4.));
#18943=CARTESIAN_POINT('Origin',(82.,8.,4.));
#18944=CARTESIAN_POINT('',(82.,8.,4.));
#18945=CARTESIAN_POINT('Origin',(86.,7.99999999999999,4.));
#18946=CARTESIAN_POINT('',(86.,8.,4.));
#18947=CARTESIAN_POINT('Origin',(86.,12.861587012415,4.));
#18948=UNCERTAINTY_MEASURE_WITH_UNIT(LENGTH_MEASURE(0.01),#18952,
'DISTANCE_ACCURACY_VALUE',
'Maximum model space distance between geometric entities at asserted c
onnectivities');
#18949=UNCERTAINTY_MEASURE_WITH_UNIT(LENGTH_MEASURE(0.01),#18952,
'DISTANCE_ACCURACY_VALUE',
'Maximum model space distance between geometric entities at asserted c
onnectivities');
#18950=(
GEOMETRIC_REPRESENTATION_CONTEXT(3)
GLOBAL_UNCERTAINTY_ASSIGNED_CONTEXT((#18948))
GLOBAL_UNIT_ASSIGNED_CONTEXT((#18952,#18954,#18955))
REPRESENTATION_CONTEXT('','3D')
);
#18951=(
GEOMETRIC_REPRESENTATION_CONTEXT(3)
GLOBAL_UNCERTAINTY_ASSIGNED_CONTEXT((#18949))
GLOBAL_UNIT_ASSIGNED_CONTEXT((#18952,#18954,#18955))
REPRESENTATION_CONTEXT('','3D')
);
#18952=(
LENGTH_UNIT()
NAMED_UNIT(*)
SI_UNIT(.MILLI.,.METRE.)
);
#18953=(
LENGTH_UNIT()
NAMED_UNIT(*)
SI_UNIT($,.METRE.)
);
#18954=(
NAMED_UNIT(*)
PLANE_ANGLE_UNIT()
SI_UNIT($,.RADIAN.)
);
#18955=(
NAMED_UNIT(*)
SI_UNIT($,.STERADIAN.)
SOLID_ANGLE_UNIT()
);
#18956=SHAPE_DEFINITION_REPRESENTATION(#18957,#18958);
#18957=PRODUCT_DEFINITION_SHAPE('',$,#18960);
#18958=SHAPE_REPRESENTATION('',(#11945),#18950);
#18959=PRODUCT_DEFINITION_CONTEXT('part definition',#18964,'design');
#18960=PRODUCT_DEFINITION('base','base v5',#18961,#18959);
#18961=PRODUCT_DEFINITION_FORMATION('',$,#18966);
#18962=PRODUCT_RELATED_PRODUCT_CATEGORY('base v5','base v5',(#18966));
#18963=APPLICATION_PROTOCOL_DEFINITION('international standard',
'ap242_managed_model_based_3d_engineering',2011,#18964);
#18964=APPLICATION_CONTEXT('Managed model based 3d engineering');
#18965=PRODUCT_CONTEXT('part definition',#18964,'mechanical');
#18966=PRODUCT('base','base v5',$,(#18965));
#18967=PRESENTATION_STYLE_ASSIGNMENT((#18969));
#18968=PRESENTATION_STYLE_ASSIGNMENT((#18970));
#18969=SURFACE_STYLE_USAGE(.BOTH.,#18971);
#18970=SURFACE_STYLE_USAGE(.BOTH.,#18972);
#18971=SURFACE_SIDE_STYLE('',(#18973));
#18972=SURFACE_SIDE_STYLE('',(#18974));
#18973=SURFACE_STYLE_FILL_AREA(#18975);
#18974=SURFACE_STYLE_FILL_AREA(#18976);
#18975=FILL_AREA_STYLE('ABS (White)',(#18977));
#18976=FILL_AREA_STYLE('Plastic - Matte (Black)',(#18978));
#18977=FILL_AREA_STYLE_COLOUR('ABS (White)',#18979);
#18978=FILL_AREA_STYLE_COLOUR('Plastic - Matte (Black)',#18980);
#18979=COLOUR_RGB('ABS (White)',0.964705882352941,0.964705882352941,0.952941176470588);
#18980=COLOUR_RGB('Plastic - Matte (Black)',0.0980392156862745,0.0980392156862745,
0.0980392156862745);
ENDSEC;
END-ISO-10303-21;
