ISO-10303-21;
HEADER;
/* Generated by software containing ST-Developer
 * from STEP Tools, Inc. (www.steptools.com) 
 */

FILE_DESCRIPTION(
/* description */ ('',
'CAx-IF Rec.Pracs.---Representation and Presentation of Product Manufa
cturing Information (PMI)---4.0---2014-10-13'),
/* implementation_level */ '2;1');

FILE_NAME(
/* name */ 'counterspellkeycap.step',
/* time_stamp */ '2024-11-25T21:56:30-05:00',
/* author */ (''),
/* organization */ (''),
/* preprocessor_version */ 'ST-DEVELOPER v20',
/* originating_system */ 'Autodesk Translation Framework v13.20.0.188',

/* authorisation */ '');

FILE_SCHEMA (('AP242_MANAGED_MODEL_BASED_3D_ENGINEERING_MIM_LF { 1 0 10303 442 1 1 4 }'));
ENDSEC;

DATA;
#10=MECHANICAL_DESIGN_GEOMETRIC_PRESENTATION_REPRESENTATION('',(#13,#14,
#15,#16,#17),#13833);
#11=SHAPE_REPRESENTATION_RELATIONSHIP('SRR','None',#13840,#12);
#12=ADVANCED_BREP_SHAPE_REPRESENTATION('',(#18,#19,#20,#21,#22),#13832);
#13=STYLED_ITEM('',(#13850),#18);
#14=STYLED_ITEM('',(#13851),#19);
#15=STYLED_ITEM('',(#13852),#20);
#16=STYLED_ITEM('',(#13852),#21);
#17=STYLED_ITEM('',(#13852),#22);
#18=MANIFOLD_SOLID_BREP('Body1',#8373);
#19=MANIFOLD_SOLID_BREP('OG',#8374);
#20=MANIFOLD_SOLID_BREP('Blue1',#8375);
#21=MANIFOLD_SOLID_BREP('Blue1',#8376);
#22=MANIFOLD_SOLID_BREP('Blue2',#8377);
#23=CIRCLE('',#8537,1.7);
#24=CIRCLE('',#8538,1.7);
#25=CIRCLE('',#8539,1.7);
#26=CIRCLE('',#8540,1.7);
#27=CIRCLE('',#8543,1.00000000146176);
#28=CIRCLE('',#8544,1.);
#29=CIRCLE('',#8546,1.);
#30=CIRCLE('',#8547,1.);
#31=CIRCLE('',#8549,1.);
#32=CIRCLE('',#8550,1.);
#33=CIRCLE('',#8552,1.);
#34=CIRCLE('',#8553,1.);
#35=CIRCLE('',#8561,1.7);
#36=CIRCLE('',#8564,1.7);
#37=CIRCLE('',#8566,1.7);
#38=CIRCLE('',#8569,1.7);
#39=ELLIPSE('',#8513,1.57233018209477,1.5);
#40=ELLIPSE('',#8516,1.5723301788041,1.5);
#41=ELLIPSE('',#8572,1.57233019525743,1.5);
#42=ELLIPSE('',#8574,1.5723301985481,1.5);
#43=CYLINDRICAL_SURFACE('',#8504,1.7);
#44=CYLINDRICAL_SURFACE('',#8506,1.7);
#45=CYLINDRICAL_SURFACE('',#8512,1.5);
#46=CYLINDRICAL_SURFACE('',#8515,1.5);
#47=CYLINDRICAL_SURFACE('',#8545,1.);
#48=CYLINDRICAL_SURFACE('',#8548,1.);
#49=CYLINDRICAL_SURFACE('',#8551,1.);
#50=CYLINDRICAL_SURFACE('',#8554,1.);
#51=CYLINDRICAL_SURFACE('',#8556,1.7);
#52=CYLINDRICAL_SURFACE('',#8559,1.7);
#53=CYLINDRICAL_SURFACE('',#8560,1.7);
#54=CYLINDRICAL_SURFACE('',#8563,1.7);
#55=CYLINDRICAL_SURFACE('',#8565,1.7);
#56=CYLINDRICAL_SURFACE('',#8568,1.7);
#57=CYLINDRICAL_SURFACE('',#8571,1.5);
#58=CYLINDRICAL_SURFACE('',#8576,1.5);
#59=B_SPLINE_SURFACE_WITH_KNOTS('',3,3,((#11430,#11431,#11432,#11433,#11434),
(#11435,#11436,#11437,#11438,#11439),(#11440,#11441,#11442,#11443,#11444),
(#11445,#11446,#11447,#11448,#11449)),.UNSPECIFIED.,.F.,.F.,.F.,(4,4),(4,
1,4),(0.,1.),(-0.761860053445504,-0.108837147930863,0.761860059421993),
 .UNSPECIFIED.);
#60=B_SPLINE_SURFACE_WITH_KNOTS('',3,3,((#11466,#11467,#11468,#11469),(#11470,
#11471,#11472,#11473),(#11474,#11475,#11476,#11477),(#11478,#11479,#11480,
#11481)),.UNSPECIFIED.,.F.,.F.,.F.,(4,4),(4,4),(0.,1.),(1.15698472867749,
1.16349264220806),.UNSPECIFIED.);
#61=B_SPLINE_SURFACE_WITH_KNOTS('',3,3,((#11499,#11500,#11501,#11502),(#11503,
#11504,#11505,#11506),(#11507,#11508,#11509,#11510),(#11511,#11512,#11513,
#11514)),.UNSPECIFIED.,.F.,.F.,.F.,(4,4),(4,4),(0.,1.),(-0.41349265853539,
-0.406984744019272),.UNSPECIFIED.);
#62=B_SPLINE_SURFACE_WITH_KNOTS('',3,3,((#11523,#11524,#11525,#11526,#11527),
(#11528,#11529,#11530,#11531,#11532),(#11533,#11534,#11535,#11536,#11537),
(#11538,#11539,#11540,#11541,#11542)),.UNSPECIFIED.,.F.,.F.,.F.,(4,4),(4,
1,4),(0.,1.),(-0.761860059667938,-0.108837149673566,0.761860063652264),
 .UNSPECIFIED.);
#63=B_SPLINE_SURFACE_WITH_KNOTS('',3,3,((#11559,#11560,#11561,#11562),(#11563,
#11564,#11565,#11566),(#11567,#11568,#11569,#11570),(#11571,#11572,#11573,
#11574)),.UNSPECIFIED.,.F.,.F.,.F.,(4,4),(4,4),(0.,1.),(1.15698471656003,
1.1634926295329),.UNSPECIFIED.);
#64=B_SPLINE_SURFACE_WITH_KNOTS('',3,3,((#11592,#11593,#11594,#11595),(#11596,
#11597,#11598,#11599),(#11600,#11601,#11602,#11603),(#11604,#11605,#11606,
#11607)),.UNSPECIFIED.,.F.,.F.,.F.,(4,4),(4,4),(0.,1.),(-0.413492640417784,
-0.406984726787891),.UNSPECIFIED.);
#65=B_SPLINE_SURFACE_WITH_KNOTS('',3,3,((#11616,#11617,#11618,#11619,#11620),
(#11621,#11622,#11623,#11624,#11625),(#11626,#11627,#11628,#11629,#11630),
(#11631,#11632,#11633,#11634,#11635)),.UNSPECIFIED.,.F.,.F.,.F.,(4,4),(4,
1,4),(0.,1.),(-0.761860063603074,0.108837148528161,0.761860057626587),
 .UNSPECIFIED.);
#66=B_SPLINE_SURFACE_WITH_KNOTS('',3,3,((#11652,#11653,#11654,#11655),(#11656,
#11657,#11658,#11659),(#11660,#11661,#11662,#11663),(#11664,#11665,#11666,
#11667)),.UNSPECIFIED.,.F.,.F.,.F.,(4,4),(4,4),(0.,1.),(1.15698473227974,
1.16349264621828),.UNSPECIFIED.);
#67=B_SPLINE_SURFACE_WITH_KNOTS('',3,3,((#11685,#11686,#11687,#11688),(#11689,
#11690,#11691,#11692),(#11693,#11694,#11695,#11696),(#11697,#11698,#11699,
#11700)),.UNSPECIFIED.,.F.,.F.,.F.,(4,4),(4,4),(0.,1.),(-0.413492629890955,
-0.406984716937953),.UNSPECIFIED.);
#68=B_SPLINE_SURFACE_WITH_KNOTS('',3,3,((#11709,#11710,#11711,#11712,#11713),
(#11714,#11715,#11716,#11717,#11718),(#11719,#11720,#11721,#11722,#11723),
(#11724,#11725,#11726,#11727,#11728)),.UNSPECIFIED.,.F.,.F.,.F.,(4,4),(4,
1,4),(0.,1.),(-0.761860057380638,-0.108837152761944,0.761860053396315),
 .UNSPECIFIED.);
#69=B_SPLINE_SURFACE_WITH_KNOTS('',3,3,((#11745,#11746,#11747,#11748),(#11749,
#11750,#11751,#11752),(#11753,#11754,#11755,#11756),(#11757,#11758,#11759,
#11760)),.UNSPECIFIED.,.F.,.F.,.F.,(4,4),(4,4),(0.,1.),(1.15698474439719,
1.16349265889345),.UNSPECIFIED.);
#70=B_SPLINE_SURFACE_WITH_KNOTS('',3,3,((#11769,#11770,#11771,#11772),(#11773,
#11774,#11775,#11776),(#11777,#11778,#11779,#11780),(#11781,#11782,#11783,
#11784)),.UNSPECIFIED.,.F.,.F.,.F.,(4,4),(4,4),(0.,1.),(-0.413492648008562,
-0.406984734169335),.UNSPECIFIED.);
#71=B_SPLINE_SURFACE_WITH_KNOTS('',3,3,((#11896,#11897,#11898,#11899,#11900),
(#11901,#11902,#11903,#11904,#11905),(#11906,#11907,#11908,#11909,#11910),
(#11911,#11912,#11913,#11914,#11915)),.UNSPECIFIED.,.F.,.F.,.F.,(4,4),(4,
1,4),(0.,1.),(-0.761860063652264,-0.108837153657892,0.761860059667938),
 .UNSPECIFIED.);
#72=B_SPLINE_SURFACE_WITH_KNOTS('',3,3,((#11931,#11932,#11933,#11934),(#11935,
#11936,#11937,#11938),(#11939,#11940,#11941,#11942),(#11943,#11944,#11945,
#11946)),.UNSPECIFIED.,.F.,.F.,.F.,(4,4),(4,4),(0.,1.),(-0.248625492787183,
-0.242117579154703),.UNSPECIFIED.);
#73=B_SPLINE_SURFACE_WITH_KNOTS('',3,3,((#11951,#11952,#11953,#11954,#11955),
(#11956,#11957,#11958,#11959,#11960),(#11961,#11962,#11963,#11964,#11965),
(#11966,#11967,#11968,#11969,#11970)),.UNSPECIFIED.,.F.,.F.,.F.,(4,4),(4,
1,4),(0.,1.),(-0.761860057626588,-0.108837148528161,0.761860063603075),
 .UNSPECIFIED.);
#74=B_SPLINE_SURFACE_WITH_KNOTS('',3,3,((#11980,#11981,#11982,#11983),(#11984,
#11985,#11986,#11987),(#11988,#11989,#11990,#11991),(#11992,#11993,#11994,
#11995)),.UNSPECIFIED.,.F.,.F.,.F.,(4,4),(4,4),(0.,1.),(0.992117584242486,
0.998625498184911),.UNSPECIFIED.);
#75=B_SPLINE_SURFACE_WITH_KNOTS('',3,3,((#12006,#12007,#12008,#12009),(#12010,
#12011,#12012,#12013),(#12014,#12015,#12016,#12017),(#12018,#12019,#12020,
#12021)),.UNSPECIFIED.,.F.,.F.,.F.,(4,4),(4,4),(0.,1.),(-0.248625482933664,
-0.242117569984544),.UNSPECIFIED.);
#76=B_SPLINE_SURFACE_WITH_KNOTS('',3,3,((#12026,#12027,#12028,#12029,#12030),
(#12031,#12032,#12033,#12034,#12035),(#12036,#12037,#12038,#12039,#12040),
(#12041,#12042,#12043,#12044,#12045)),.UNSPECIFIED.,.F.,.F.,.F.,(4,4),(4,
1,4),(0.,1.),(-0.761860053396316,-0.108837148777621,0.761860057380639),
 .UNSPECIFIED.);
#77=B_SPLINE_SURFACE_WITH_KNOTS('',3,3,((#12055,#12056,#12057,#12058),(#12059,
#12060,#12061,#12062),(#12063,#12064,#12065,#12066),(#12067,#12068,#12069,
#12070)),.UNSPECIFIED.,.F.,.F.,.F.,(4,4),(4,4),(0.,1.),(0.99211759542346,
0.998625509922302),.UNSPECIFIED.);
#78=B_SPLINE_SURFACE_WITH_KNOTS('',3,3,((#12081,#12082,#12083,#12084),(#12085,
#12086,#12087,#12088),(#12089,#12090,#12091,#12092),(#12093,#12094,#12095,
#12096)),.UNSPECIFIED.,.F.,.F.,.F.,(4,4),(4,4),(0.,1.),(-0.248625499754805,
-0.242117585918166),.UNSPECIFIED.);
#79=B_SPLINE_SURFACE_WITH_KNOTS('',3,3,((#12101,#12102,#12103,#12104,#12105),
(#12106,#12107,#12108,#12109,#12110),(#12111,#12112,#12113,#12114,#12115),
(#12116,#12117,#12118,#12119,#12120)),.UNSPECIFIED.,.F.,.F.,.F.,(4,4),(4,
1,4),(0.,1.),(-0.761860059421994,-0.108837153907352,0.761860053445504),
 .UNSPECIFIED.);
#80=B_SPLINE_SURFACE_WITH_KNOTS('',3,3,((#12130,#12131,#12132,#12133),(#12134,
#12135,#12136,#12137),(#12138,#12139,#12140,#12141),(#12142,#12143,#12144,
#12145)),.UNSPECIFIED.,.F.,.F.,.F.,(4,4),(4,4),(0.,1.),(0.992117580830382,
0.998625494357077),.UNSPECIFIED.);
#81=B_SPLINE_SURFACE_WITH_KNOTS('',3,3,((#12156,#12157,#12158,#12159),(#12160,
#12161,#12162,#12163),(#12164,#12165,#12166,#12167),(#12168,#12169,#12170,
#12171)),.UNSPECIFIED.,.F.,.F.,.F.,(4,4),(4,4),(0.,1.),(-0.248625509608324,
-0.242117595088324),.UNSPECIFIED.);
#82=B_SPLINE_SURFACE_WITH_KNOTS('',3,3,((#12176,#12177,#12178,#12179),(#12180,
#12181,#12182,#12183),(#12184,#12185,#12186,#12187),(#12188,#12189,#12190,
#12191)),.UNSPECIFIED.,.F.,.F.,.F.,(4,4),(4,4),(0.,1.),(0.992117569649408,
0.998625482619685),.UNSPECIFIED.);
#83=B_SPLINE_SURFACE_WITH_KNOTS('',3,3,((#12337,#12338,#12339,#12340,#12341),
(#12342,#12343,#12344,#12345,#12346),(#12347,#12348,#12349,#12350,#12351),
(#12352,#12353,#12354,#12355,#12356),(#12357,#12358,#12359,#12360,#12361)),
 .UNSPECIFIED.,.F.,.F.,.F.,(4,1,4),(4,1,4),(0.,0.5,1.),(-0.761860053396315,
-0.1088371486803,0.76186005760772),.UNSPECIFIED.);
#84=B_SPLINE_SURFACE_WITH_KNOTS('',3,3,((#12366,#12367,#12368,#12369,#12370),
(#12371,#12372,#12373,#12374,#12375),(#12376,#12377,#12378,#12379,#12380),
(#12381,#12382,#12383,#12384,#12385),(#12386,#12387,#12388,#12389,#12390)),
 .UNSPECIFIED.,.F.,.F.,.F.,(4,1,4),(4,1,4),(0.,0.5,1.),(-0.761860057479018,
-0.108837148297857,0.76186006394369),.UNSPECIFIED.);
#85=B_SPLINE_SURFACE_WITH_KNOTS('',3,3,((#12394,#12395,#12396,#12397,#12398),
(#12399,#12400,#12401,#12402,#12403),(#12404,#12405,#12406,#12407,#12408),
(#12409,#12410,#12411,#12412,#12413),(#12414,#12415,#12416,#12417,#12418)),
 .UNSPECIFIED.,.F.,.F.,.F.,(4,1,4),(4,1,4),(0.,0.5,1.),(-0.761860063896669,
-0.108837153797552,0.761860059667938),.UNSPECIFIED.);
#86=B_SPLINE_SURFACE_WITH_KNOTS('',3,3,((#12432,#12433,#12434,#12435,#12436),
(#12437,#12438,#12439,#12440,#12441),(#12442,#12443,#12444,#12445,#12446),
(#12447,#12448,#12449,#12450,#12451),(#12452,#12453,#12454,#12455,#12456)),
 .UNSPECIFIED.,.F.,.F.,.F.,(4,1,4),(4,1,4),(0.,0.5,1.),(-0.761860059788596,
-0.108837154116839,0.761860053445503),.UNSPECIFIED.);
#87=B_SPLINE_CURVE_WITH_KNOTS('',3,(#11391,#11392,#11393,#11394,#11395),
 .UNSPECIFIED.,.F.,.F.,(4,1,4),(-0.761860053396315,-0.1088371486803,0.761860057380642),
 .UNSPECIFIED.);
#88=B_SPLINE_CURVE_WITH_KNOTS('',3,(#11399,#11400,#11401,#11402,#11403),
 .UNSPECIFIED.,.F.,.F.,(4,1,4),(-0.761860059612135,-0.108837154116839,0.761860053445503),
 .UNSPECIFIED.);
#89=B_SPLINE_CURVE_WITH_KNOTS('',3,(#11407,#11408,#11409,#11410,#11411),
 .UNSPECIFIED.,.F.,.F.,(4,1,4),(-0.761860063779027,-0.108837153797552,0.761860059667938),
 .UNSPECIFIED.);
#90=B_SPLINE_CURVE_WITH_KNOTS('',3,(#11415,#11416,#11417,#11418,#11419),
 .UNSPECIFIED.,.F.,.F.,(4,1,4),(-0.761860057479018,-0.108837148297857,0.761860063603074),
 .UNSPECIFIED.);
#91=B_SPLINE_CURVE_WITH_KNOTS('',3,(#11454,#11455,#11456,#11457,#11458),
 .UNSPECIFIED.,.F.,.F.,(4,1,4),(-0.761860059421993,0.108837147930863,0.761860053445504),
 .UNSPECIFIED.);
#92=B_SPLINE_CURVE_WITH_KNOTS('',3,(#11461,#11462,#11463,#11464,#11465),
 .UNSPECIFIED.,.F.,.F.,(4,1,4),(-0.761860053445504,-0.108837147930863,0.761860059421993),
 .UNSPECIFIED.);
#93=B_SPLINE_CURVE_WITH_KNOTS('',3,(#11482,#11483,#11484,#11485),
 .UNSPECIFIED.,.F.,.F.,(4,4),(-1.16349264220806,-1.15698472867749),
 .UNSPECIFIED.);
#94=B_SPLINE_CURVE_WITH_KNOTS('',3,(#11486,#11487,#11488,#11489),
 .UNSPECIFIED.,.F.,.F.,(4,4),(1.15698472867749,1.16349264220806),
 .UNSPECIFIED.);
#95=B_SPLINE_CURVE_WITH_KNOTS('',3,(#11515,#11516,#11517,#11518),
 .UNSPECIFIED.,.F.,.F.,(4,4),(0.406984744019272,0.41349265853539),
 .UNSPECIFIED.);
#96=B_SPLINE_CURVE_WITH_KNOTS('',3,(#11519,#11520,#11521,#11522),
 .UNSPECIFIED.,.F.,.F.,(4,4),(-0.41349265853539,-0.406984744019272),
 .UNSPECIFIED.);
#97=B_SPLINE_CURVE_WITH_KNOTS('',3,(#11547,#11548,#11549,#11550,#11551),
 .UNSPECIFIED.,.F.,.F.,(4,1,4),(-0.761860063652264,0.108837149673566,0.761860059667938),
 .UNSPECIFIED.);
#98=B_SPLINE_CURVE_WITH_KNOTS('',3,(#11554,#11555,#11556,#11557,#11558),
 .UNSPECIFIED.,.F.,.F.,(4,1,4),(-0.761860059667938,-0.108837149673566,0.761860063652264),
 .UNSPECIFIED.);
#99=B_SPLINE_CURVE_WITH_KNOTS('',3,(#11575,#11576,#11577,#11578),
 .UNSPECIFIED.,.F.,.F.,(4,4),(-1.1634926295329,-1.15698471656003),
 .UNSPECIFIED.);
#100=B_SPLINE_CURVE_WITH_KNOTS('',3,(#11579,#11580,#11581,#11582),
 .UNSPECIFIED.,.F.,.F.,(4,4),(1.15698471656003,1.1634926295329),
 .UNSPECIFIED.);
#101=B_SPLINE_CURVE_WITH_KNOTS('',3,(#11608,#11609,#11610,#11611),
 .UNSPECIFIED.,.F.,.F.,(4,4),(0.406984726787891,0.413492640417784),
 .UNSPECIFIED.);
#102=B_SPLINE_CURVE_WITH_KNOTS('',3,(#11612,#11613,#11614,#11615),
 .UNSPECIFIED.,.F.,.F.,(4,4),(-0.413492640417784,-0.406984726787891),
 .UNSPECIFIED.);
#103=B_SPLINE_CURVE_WITH_KNOTS('',3,(#11640,#11641,#11642,#11643,#11644),
 .UNSPECIFIED.,.F.,.F.,(4,1,4),(-0.761860057626587,-0.108837148528161,0.761860063603074),
 .UNSPECIFIED.);
#104=B_SPLINE_CURVE_WITH_KNOTS('',3,(#11647,#11648,#11649,#11650,#11651),
 .UNSPECIFIED.,.F.,.F.,(4,1,4),(-0.761860063603074,0.108837148528161,0.761860057626587),
 .UNSPECIFIED.);
#105=B_SPLINE_CURVE_WITH_KNOTS('',3,(#11668,#11669,#11670,#11671),
 .UNSPECIFIED.,.F.,.F.,(4,4),(-1.16349264621828,-1.15698473227974),
 .UNSPECIFIED.);
#106=B_SPLINE_CURVE_WITH_KNOTS('',3,(#11672,#11673,#11674,#11675),
 .UNSPECIFIED.,.F.,.F.,(4,4),(1.15698473227974,1.16349264621828),
 .UNSPECIFIED.);
#107=B_SPLINE_CURVE_WITH_KNOTS('',3,(#11701,#11702,#11703,#11704),
 .UNSPECIFIED.,.F.,.F.,(4,4),(0.406984716937953,0.413492629890955),
 .UNSPECIFIED.);
#108=B_SPLINE_CURVE_WITH_KNOTS('',3,(#11705,#11706,#11707,#11708),
 .UNSPECIFIED.,.F.,.F.,(4,4),(-0.413492629890955,-0.406984716937953),
 .UNSPECIFIED.);
#109=B_SPLINE_CURVE_WITH_KNOTS('',3,(#11733,#11734,#11735,#11736,#11737),
 .UNSPECIFIED.,.F.,.F.,(4,1,4),(-0.761860053396315,0.108837152761944,0.761860057380638),
 .UNSPECIFIED.);
#110=B_SPLINE_CURVE_WITH_KNOTS('',3,(#11740,#11741,#11742,#11743,#11744),
 .UNSPECIFIED.,.F.,.F.,(4,1,4),(-0.761860057380638,-0.108837152761944,0.761860053396315),
 .UNSPECIFIED.);
#111=B_SPLINE_CURVE_WITH_KNOTS('',3,(#11761,#11762,#11763,#11764),
 .UNSPECIFIED.,.F.,.F.,(4,4),(-1.16349265889345,-1.15698474439719),
 .UNSPECIFIED.);
#112=B_SPLINE_CURVE_WITH_KNOTS('',3,(#11765,#11766,#11767,#11768),
 .UNSPECIFIED.,.F.,.F.,(4,4),(1.15698474439719,1.16349265889345),
 .UNSPECIFIED.);
#113=B_SPLINE_CURVE_WITH_KNOTS('',3,(#11785,#11786,#11787,#11788),
 .UNSPECIFIED.,.F.,.F.,(4,4),(0.406984734169335,0.413492648008562),
 .UNSPECIFIED.);
#114=B_SPLINE_CURVE_WITH_KNOTS('',3,(#11789,#11790,#11791,#11792),
 .UNSPECIFIED.,.F.,.F.,(4,4),(-0.413492648008562,-0.406984734169335),
 .UNSPECIFIED.);
#115=B_SPLINE_CURVE_WITH_KNOTS('',3,(#11802,#11803,#11804,#11805,#11806,
#11807,#11808),.UNSPECIFIED.,.F.,.F.,(4,3,4),(-0.761860063603073,0.10883714854467,
0.761860057436441),.UNSPECIFIED.);
#116=B_SPLINE_CURVE_WITH_KNOTS('',3,(#11816,#11817,#11818,#11819,#11820,
#11821,#11822),.UNSPECIFIED.,.F.,.F.,(4,3,4),(-0.761860057380643,0.108837148907378,
0.761860053396314),.UNSPECIFIED.);
#117=B_SPLINE_CURVE_WITH_KNOTS('',3,(#11828,#11829,#11830,#11831),
 .UNSPECIFIED.,.F.,.F.,(4,4),(-0.998625482619685,-0.992117569649408),
 .UNSPECIFIED.);
#118=B_SPLINE_CURVE_WITH_KNOTS('',3,(#11833,#11834,#11835,#11836,#11837),
 .UNSPECIFIED.,.F.,.F.,(4,1,4),(-0.761860063652264,-0.108837153657892,0.761860059667938),
 .UNSPECIFIED.);
#119=B_SPLINE_CURVE_WITH_KNOTS('',3,(#11839,#11840,#11841,#11842),
 .UNSPECIFIED.,.F.,.F.,(4,4),(0.242117579154703,0.248625492787183),
 .UNSPECIFIED.);
#120=B_SPLINE_CURVE_WITH_KNOTS('',3,(#11846,#11847,#11848,#11849),
 .UNSPECIFIED.,.F.,.F.,(4,4),(-0.998625498184911,-0.992117584242486),
 .UNSPECIFIED.);
#121=B_SPLINE_CURVE_WITH_KNOTS('',3,(#11851,#11852,#11853,#11854,#11855),
 .UNSPECIFIED.,.F.,.F.,(4,1,4),(-0.761860057626588,-0.108837148528161,0.761860063603075),
 .UNSPECIFIED.);
#122=B_SPLINE_CURVE_WITH_KNOTS('',3,(#11857,#11858,#11859,#11860),
 .UNSPECIFIED.,.F.,.F.,(4,4),(0.242117569984544,0.248625482933664),
 .UNSPECIFIED.);
#123=B_SPLINE_CURVE_WITH_KNOTS('',3,(#11864,#11865,#11866,#11867),
 .UNSPECIFIED.,.F.,.F.,(4,4),(-0.998625509922302,-0.99211759542346),
 .UNSPECIFIED.);
#124=B_SPLINE_CURVE_WITH_KNOTS('',3,(#11869,#11870,#11871,#11872,#11873),
 .UNSPECIFIED.,.F.,.F.,(4,1,4),(-0.761860053396316,-0.108837148777621,0.761860057380639),
 .UNSPECIFIED.);
#125=B_SPLINE_CURVE_WITH_KNOTS('',3,(#11875,#11876,#11877,#11878),
 .UNSPECIFIED.,.F.,.F.,(4,4),(0.242117585918166,0.248625499754805),
 .UNSPECIFIED.);
#126=B_SPLINE_CURVE_WITH_KNOTS('',3,(#11882,#11883,#11884,#11885),
 .UNSPECIFIED.,.F.,.F.,(4,4),(-0.998625494357077,-0.992117580830382),
 .UNSPECIFIED.);
#127=B_SPLINE_CURVE_WITH_KNOTS('',3,(#11887,#11888,#11889,#11890,#11891),
 .UNSPECIFIED.,.F.,.F.,(4,1,4),(-0.761860059421994,-0.108837153907352,0.761860053445504),
 .UNSPECIFIED.);
#128=B_SPLINE_CURVE_WITH_KNOTS('',3,(#11892,#11893,#11894,#11895),
 .UNSPECIFIED.,.F.,.F.,(4,4),(0.242117595088324,0.248625509608324),
 .UNSPECIFIED.);
#129=B_SPLINE_CURVE_WITH_KNOTS('',3,(#11919,#11920,#11921,#11922,#11923),
 .UNSPECIFIED.,.F.,.F.,(4,1,4),(-0.761860059667938,0.108837153657892,0.761860063652264),
 .UNSPECIFIED.);
#130=B_SPLINE_CURVE_WITH_KNOTS('',3,(#11947,#11948,#11949,#11950),
 .UNSPECIFIED.,.F.,.F.,(4,4),(-0.248625492787183,-0.242117579154703),
 .UNSPECIFIED.);
#131=B_SPLINE_CURVE_WITH_KNOTS('',3,(#11974,#11975,#11976,#11977,#11978),
 .UNSPECIFIED.,.F.,.F.,(4,1,4),(-0.761860063603075,0.108837148528161,0.761860057626588),
 .UNSPECIFIED.);
#132=B_SPLINE_CURVE_WITH_KNOTS('',3,(#11996,#11997,#11998,#11999),
 .UNSPECIFIED.,.F.,.F.,(4,4),(0.992117584242486,0.998625498184911),
 .UNSPECIFIED.);
#133=B_SPLINE_CURVE_WITH_KNOTS('',3,(#12022,#12023,#12024,#12025),
 .UNSPECIFIED.,.F.,.F.,(4,4),(-0.248625482933664,-0.242117569984544),
 .UNSPECIFIED.);
#134=B_SPLINE_CURVE_WITH_KNOTS('',3,(#12049,#12050,#12051,#12052,#12053),
 .UNSPECIFIED.,.F.,.F.,(4,1,4),(-0.761860057380639,0.108837148777621,0.761860053396316),
 .UNSPECIFIED.);
#135=B_SPLINE_CURVE_WITH_KNOTS('',3,(#12071,#12072,#12073,#12074),
 .UNSPECIFIED.,.F.,.F.,(4,4),(0.99211759542346,0.998625509922302),
 .UNSPECIFIED.);
#136=B_SPLINE_CURVE_WITH_KNOTS('',3,(#12097,#12098,#12099,#12100),
 .UNSPECIFIED.,.F.,.F.,(4,4),(-0.248625499754805,-0.242117585918166),
 .UNSPECIFIED.);
#137=B_SPLINE_CURVE_WITH_KNOTS('',3,(#12124,#12125,#12126,#12127,#12128),
 .UNSPECIFIED.,.F.,.F.,(4,1,4),(-0.761860053445504,0.108837153907352,0.761860059421994),
 .UNSPECIFIED.);
#138=B_SPLINE_CURVE_WITH_KNOTS('',3,(#12146,#12147,#12148,#12149),
 .UNSPECIFIED.,.F.,.F.,(4,4),(0.992117580830382,0.998625494357077),
 .UNSPECIFIED.);
#139=B_SPLINE_CURVE_WITH_KNOTS('',3,(#12172,#12173,#12174,#12175),
 .UNSPECIFIED.,.F.,.F.,(4,4),(-0.248625509608324,-0.242117595088324),
 .UNSPECIFIED.);
#140=B_SPLINE_CURVE_WITH_KNOTS('',3,(#12192,#12193,#12194,#12195),
 .UNSPECIFIED.,.F.,.F.,(4,4),(0.992117569649408,0.998625482619685),
 .UNSPECIFIED.);
#141=B_SPLINE_CURVE_WITH_KNOTS('',3,(#12421,#12422,#12423,#12424,#12425,
#12426,#12427),.UNSPECIFIED.,.F.,.F.,(4,3,4),(-0.761860059667937,0.108837153633008,
0.761860063779027),.UNSPECIFIED.);
#142=B_SPLINE_CURVE_WITH_KNOTS('',3,(#12459,#12460,#12461,#12462,#12463,
#12464,#12465),.UNSPECIFIED.,.F.,.F.,(4,3,4),(-0.761860053445503,0.108837153870025,
0.761860059612135),.UNSPECIFIED.);
#143=FACE_BOUND('',#680,.T.);
#144=FACE_BOUND('',#682,.T.);
#145=FACE_BOUND('',#704,.T.);
#146=FACE_BOUND('',#744,.T.);
#147=FACE_BOUND('',#769,.T.);
#148=FACE_BOUND('',#888,.T.);
#149=FACE_BOUND('',#890,.T.);
#150=FACE_OUTER_BOUND('',#573,.T.);
#151=FACE_OUTER_BOUND('',#574,.T.);
#152=FACE_OUTER_BOUND('',#575,.T.);
#153=FACE_OUTER_BOUND('',#576,.T.);
#154=FACE_OUTER_BOUND('',#577,.T.);
#155=FACE_OUTER_BOUND('',#578,.T.);
#156=FACE_OUTER_BOUND('',#579,.T.);
#157=FACE_OUTER_BOUND('',#580,.T.);
#158=FACE_OUTER_BOUND('',#581,.T.);
#159=FACE_OUTER_BOUND('',#582,.T.);
#160=FACE_OUTER_BOUND('',#583,.T.);
#161=FACE_OUTER_BOUND('',#584,.T.);
#162=FACE_OUTER_BOUND('',#585,.T.);
#163=FACE_OUTER_BOUND('',#586,.T.);
#164=FACE_OUTER_BOUND('',#587,.T.);
#165=FACE_OUTER_BOUND('',#588,.T.);
#166=FACE_OUTER_BOUND('',#589,.T.);
#167=FACE_OUTER_BOUND('',#590,.T.);
#168=FACE_OUTER_BOUND('',#591,.T.);
#169=FACE_OUTER_BOUND('',#592,.T.);
#170=FACE_OUTER_BOUND('',#593,.T.);
#171=FACE_OUTER_BOUND('',#594,.T.);
#172=FACE_OUTER_BOUND('',#595,.T.);
#173=FACE_OUTER_BOUND('',#596,.T.);
#174=FACE_OUTER_BOUND('',#597,.T.);
#175=FACE_OUTER_BOUND('',#598,.T.);
#176=FACE_OUTER_BOUND('',#599,.T.);
#177=FACE_OUTER_BOUND('',#600,.T.);
#178=FACE_OUTER_BOUND('',#601,.T.);
#179=FACE_OUTER_BOUND('',#602,.T.);
#180=FACE_OUTER_BOUND('',#603,.T.);
#181=FACE_OUTER_BOUND('',#604,.T.);
#182=FACE_OUTER_BOUND('',#605,.T.);
#183=FACE_OUTER_BOUND('',#606,.T.);
#184=FACE_OUTER_BOUND('',#607,.T.);
#185=FACE_OUTER_BOUND('',#608,.T.);
#186=FACE_OUTER_BOUND('',#609,.T.);
#187=FACE_OUTER_BOUND('',#610,.T.);
#188=FACE_OUTER_BOUND('',#611,.T.);
#189=FACE_OUTER_BOUND('',#612,.T.);
#190=FACE_OUTER_BOUND('',#613,.T.);
#191=FACE_OUTER_BOUND('',#614,.T.);
#192=FACE_OUTER_BOUND('',#615,.T.);
#193=FACE_OUTER_BOUND('',#616,.T.);
#194=FACE_OUTER_BOUND('',#617,.T.);
#195=FACE_OUTER_BOUND('',#618,.T.);
#196=FACE_OUTER_BOUND('',#619,.T.);
#197=FACE_OUTER_BOUND('',#620,.T.);
#198=FACE_OUTER_BOUND('',#621,.T.);
#199=FACE_OUTER_BOUND('',#622,.T.);
#200=FACE_OUTER_BOUND('',#623,.T.);
#201=FACE_OUTER_BOUND('',#624,.T.);
#202=FACE_OUTER_BOUND('',#625,.T.);
#203=FACE_OUTER_BOUND('',#626,.T.);
#204=FACE_OUTER_BOUND('',#627,.T.);
#205=FACE_OUTER_BOUND('',#628,.T.);
#206=FACE_OUTER_BOUND('',#629,.T.);
#207=FACE_OUTER_BOUND('',#630,.T.);
#208=FACE_OUTER_BOUND('',#631,.T.);
#209=FACE_OUTER_BOUND('',#632,.T.);
#210=FACE_OUTER_BOUND('',#633,.T.);
#211=FACE_OUTER_BOUND('',#634,.T.);
#212=FACE_OUTER_BOUND('',#635,.T.);
#213=FACE_OUTER_BOUND('',#636,.T.);
#214=FACE_OUTER_BOUND('',#637,.T.);
#215=FACE_OUTER_BOUND('',#638,.T.);
#216=FACE_OUTER_BOUND('',#639,.T.);
#217=FACE_OUTER_BOUND('',#640,.T.);
#218=FACE_OUTER_BOUND('',#641,.T.);
#219=FACE_OUTER_BOUND('',#642,.T.);
#220=FACE_OUTER_BOUND('',#643,.T.);
#221=FACE_OUTER_BOUND('',#644,.T.);
#222=FACE_OUTER_BOUND('',#645,.T.);
#223=FACE_OUTER_BOUND('',#646,.T.);
#224=FACE_OUTER_BOUND('',#647,.T.);
#225=FACE_OUTER_BOUND('',#648,.T.);
#226=FACE_OUTER_BOUND('',#649,.T.);
#227=FACE_OUTER_BOUND('',#650,.T.);
#228=FACE_OUTER_BOUND('',#651,.T.);
#229=FACE_OUTER_BOUND('',#652,.T.);
#230=FACE_OUTER_BOUND('',#653,.T.);
#231=FACE_OUTER_BOUND('',#654,.T.);
#232=FACE_OUTER_BOUND('',#655,.T.);
#233=FACE_OUTER_BOUND('',#656,.T.);
#234=FACE_OUTER_BOUND('',#657,.T.);
#235=FACE_OUTER_BOUND('',#658,.T.);
#236=FACE_OUTER_BOUND('',#659,.T.);
#237=FACE_OUTER_BOUND('',#660,.T.);
#238=FACE_OUTER_BOUND('',#661,.T.);
#239=FACE_OUTER_BOUND('',#662,.T.);
#240=FACE_OUTER_BOUND('',#663,.T.);
#241=FACE_OUTER_BOUND('',#664,.T.);
#242=FACE_OUTER_BOUND('',#665,.T.);
#243=FACE_OUTER_BOUND('',#666,.T.);
#244=FACE_OUTER_BOUND('',#667,.T.);
#245=FACE_OUTER_BOUND('',#668,.T.);
#246=FACE_OUTER_BOUND('',#669,.T.);
#247=FACE_OUTER_BOUND('',#670,.T.);
#248=FACE_OUTER_BOUND('',#671,.T.);
#249=FACE_OUTER_BOUND('',#672,.T.);
#250=FACE_OUTER_BOUND('',#673,.T.);
#251=FACE_OUTER_BOUND('',#674,.T.);
#252=FACE_OUTER_BOUND('',#675,.T.);
#253=FACE_OUTER_BOUND('',#676,.T.);
#254=FACE_OUTER_BOUND('',#677,.T.);
#255=FACE_OUTER_BOUND('',#678,.T.);
#256=FACE_OUTER_BOUND('',#679,.T.);
#257=FACE_OUTER_BOUND('',#681,.T.);
#258=FACE_OUTER_BOUND('',#683,.T.);
#259=FACE_OUTER_BOUND('',#684,.T.);
#260=FACE_OUTER_BOUND('',#685,.T.);
#261=FACE_OUTER_BOUND('',#686,.T.);
#262=FACE_OUTER_BOUND('',#687,.T.);
#263=FACE_OUTER_BOUND('',#688,.T.);
#264=FACE_OUTER_BOUND('',#689,.T.);
#265=FACE_OUTER_BOUND('',#690,.T.);
#266=FACE_OUTER_BOUND('',#691,.T.);
#267=FACE_OUTER_BOUND('',#692,.T.);
#268=FACE_OUTER_BOUND('',#693,.T.);
#269=FACE_OUTER_BOUND('',#694,.T.);
#270=FACE_OUTER_BOUND('',#695,.T.);
#271=FACE_OUTER_BOUND('',#696,.T.);
#272=FACE_OUTER_BOUND('',#697,.T.);
#273=FACE_OUTER_BOUND('',#698,.T.);
#274=FACE_OUTER_BOUND('',#699,.T.);
#275=FACE_OUTER_BOUND('',#700,.T.);
#276=FACE_OUTER_BOUND('',#701,.T.);
#277=FACE_OUTER_BOUND('',#702,.T.);
#278=FACE_OUTER_BOUND('',#703,.T.);
#279=FACE_OUTER_BOUND('',#705,.T.);
#280=FACE_OUTER_BOUND('',#706,.T.);
#281=FACE_OUTER_BOUND('',#707,.T.);
#282=FACE_OUTER_BOUND('',#708,.T.);
#283=FACE_OUTER_BOUND('',#709,.T.);
#284=FACE_OUTER_BOUND('',#710,.T.);
#285=FACE_OUTER_BOUND('',#711,.T.);
#286=FACE_OUTER_BOUND('',#712,.T.);
#287=FACE_OUTER_BOUND('',#713,.T.);
#288=FACE_OUTER_BOUND('',#714,.T.);
#289=FACE_OUTER_BOUND('',#715,.T.);
#290=FACE_OUTER_BOUND('',#716,.T.);
#291=FACE_OUTER_BOUND('',#717,.T.);
#292=FACE_OUTER_BOUND('',#718,.T.);
#293=FACE_OUTER_BOUND('',#719,.T.);
#294=FACE_OUTER_BOUND('',#720,.T.);
#295=FACE_OUTER_BOUND('',#721,.T.);
#296=FACE_OUTER_BOUND('',#722,.T.);
#297=FACE_OUTER_BOUND('',#723,.T.);
#298=FACE_OUTER_BOUND('',#724,.T.);
#299=FACE_OUTER_BOUND('',#725,.T.);
#300=FACE_OUTER_BOUND('',#726,.T.);
#301=FACE_OUTER_BOUND('',#727,.T.);
#302=FACE_OUTER_BOUND('',#728,.T.);
#303=FACE_OUTER_BOUND('',#729,.T.);
#304=FACE_OUTER_BOUND('',#730,.T.);
#305=FACE_OUTER_BOUND('',#731,.T.);
#306=FACE_OUTER_BOUND('',#732,.T.);
#307=FACE_OUTER_BOUND('',#733,.T.);
#308=FACE_OUTER_BOUND('',#734,.T.);
#309=FACE_OUTER_BOUND('',#735,.T.);
#310=FACE_OUTER_BOUND('',#736,.T.);
#311=FACE_OUTER_BOUND('',#737,.T.);
#312=FACE_OUTER_BOUND('',#738,.T.);
#313=FACE_OUTER_BOUND('',#739,.T.);
#314=FACE_OUTER_BOUND('',#740,.T.);
#315=FACE_OUTER_BOUND('',#741,.T.);
#316=FACE_OUTER_BOUND('',#742,.T.);
#317=FACE_OUTER_BOUND('',#743,.T.);
#318=FACE_OUTER_BOUND('',#745,.T.);
#319=FACE_OUTER_BOUND('',#746,.T.);
#320=FACE_OUTER_BOUND('',#747,.T.);
#321=FACE_OUTER_BOUND('',#748,.T.);
#322=FACE_OUTER_BOUND('',#749,.T.);
#323=FACE_OUTER_BOUND('',#750,.T.);
#324=FACE_OUTER_BOUND('',#751,.T.);
#325=FACE_OUTER_BOUND('',#752,.T.);
#326=FACE_OUTER_BOUND('',#753,.T.);
#327=FACE_OUTER_BOUND('',#754,.T.);
#328=FACE_OUTER_BOUND('',#755,.T.);
#329=FACE_OUTER_BOUND('',#756,.T.);
#330=FACE_OUTER_BOUND('',#757,.T.);
#331=FACE_OUTER_BOUND('',#758,.T.);
#332=FACE_OUTER_BOUND('',#759,.T.);
#333=FACE_OUTER_BOUND('',#760,.T.);
#334=FACE_OUTER_BOUND('',#761,.T.);
#335=FACE_OUTER_BOUND('',#762,.T.);
#336=FACE_OUTER_BOUND('',#763,.T.);
#337=FACE_OUTER_BOUND('',#764,.T.);
#338=FACE_OUTER_BOUND('',#765,.T.);
#339=FACE_OUTER_BOUND('',#766,.T.);
#340=FACE_OUTER_BOUND('',#767,.T.);
#341=FACE_OUTER_BOUND('',#768,.T.);
#342=FACE_OUTER_BOUND('',#770,.T.);
#343=FACE_OUTER_BOUND('',#771,.T.);
#344=FACE_OUTER_BOUND('',#772,.T.);
#345=FACE_OUTER_BOUND('',#773,.T.);
#346=FACE_OUTER_BOUND('',#774,.T.);
#347=FACE_OUTER_BOUND('',#775,.T.);
#348=FACE_OUTER_BOUND('',#776,.T.);
#349=FACE_OUTER_BOUND('',#777,.T.);
#350=FACE_OUTER_BOUND('',#778,.T.);
#351=FACE_OUTER_BOUND('',#779,.T.);
#352=FACE_OUTER_BOUND('',#780,.T.);
#353=FACE_OUTER_BOUND('',#781,.T.);
#354=FACE_OUTER_BOUND('',#782,.T.);
#355=FACE_OUTER_BOUND('',#783,.T.);
#356=FACE_OUTER_BOUND('',#784,.T.);
#357=FACE_OUTER_BOUND('',#785,.T.);
#358=FACE_OUTER_BOUND('',#786,.T.);
#359=FACE_OUTER_BOUND('',#787,.T.);
#360=FACE_OUTER_BOUND('',#788,.T.);
#361=FACE_OUTER_BOUND('',#789,.T.);
#362=FACE_OUTER_BOUND('',#790,.T.);
#363=FACE_OUTER_BOUND('',#791,.T.);
#364=FACE_OUTER_BOUND('',#792,.T.);
#365=FACE_OUTER_BOUND('',#793,.T.);
#366=FACE_OUTER_BOUND('',#794,.T.);
#367=FACE_OUTER_BOUND('',#795,.T.);
#368=FACE_OUTER_BOUND('',#796,.T.);
#369=FACE_OUTER_BOUND('',#797,.T.);
#370=FACE_OUTER_BOUND('',#798,.T.);
#371=FACE_OUTER_BOUND('',#799,.T.);
#372=FACE_OUTER_BOUND('',#800,.T.);
#373=FACE_OUTER_BOUND('',#801,.T.);
#374=FACE_OUTER_BOUND('',#802,.T.);
#375=FACE_OUTER_BOUND('',#803,.T.);
#376=FACE_OUTER_BOUND('',#804,.T.);
#377=FACE_OUTER_BOUND('',#805,.T.);
#378=FACE_OUTER_BOUND('',#806,.T.);
#379=FACE_OUTER_BOUND('',#807,.T.);
#380=FACE_OUTER_BOUND('',#808,.T.);
#381=FACE_OUTER_BOUND('',#809,.T.);
#382=FACE_OUTER_BOUND('',#810,.T.);
#383=FACE_OUTER_BOUND('',#811,.T.);
#384=FACE_OUTER_BOUND('',#812,.T.);
#385=FACE_OUTER_BOUND('',#813,.T.);
#386=FACE_OUTER_BOUND('',#814,.T.);
#387=FACE_OUTER_BOUND('',#815,.T.);
#388=FACE_OUTER_BOUND('',#816,.T.);
#389=FACE_OUTER_BOUND('',#817,.T.);
#390=FACE_OUTER_BOUND('',#818,.T.);
#391=FACE_OUTER_BOUND('',#819,.T.);
#392=FACE_OUTER_BOUND('',#820,.T.);
#393=FACE_OUTER_BOUND('',#821,.T.);
#394=FACE_OUTER_BOUND('',#822,.T.);
#395=FACE_OUTER_BOUND('',#823,.T.);
#396=FACE_OUTER_BOUND('',#824,.T.);
#397=FACE_OUTER_BOUND('',#825,.T.);
#398=FACE_OUTER_BOUND('',#826,.T.);
#399=FACE_OUTER_BOUND('',#827,.T.);
#400=FACE_OUTER_BOUND('',#828,.T.);
#401=FACE_OUTER_BOUND('',#829,.T.);
#402=FACE_OUTER_BOUND('',#830,.T.);
#403=FACE_OUTER_BOUND('',#831,.T.);
#404=FACE_OUTER_BOUND('',#832,.T.);
#405=FACE_OUTER_BOUND('',#833,.T.);
#406=FACE_OUTER_BOUND('',#834,.T.);
#407=FACE_OUTER_BOUND('',#835,.T.);
#408=FACE_OUTER_BOUND('',#836,.T.);
#409=FACE_OUTER_BOUND('',#837,.T.);
#410=FACE_OUTER_BOUND('',#838,.T.);
#411=FACE_OUTER_BOUND('',#839,.T.);
#412=FACE_OUTER_BOUND('',#840,.T.);
#413=FACE_OUTER_BOUND('',#841,.T.);
#414=FACE_OUTER_BOUND('',#842,.T.);
#415=FACE_OUTER_BOUND('',#843,.T.);
#416=FACE_OUTER_BOUND('',#844,.T.);
#417=FACE_OUTER_BOUND('',#845,.T.);
#418=FACE_OUTER_BOUND('',#846,.T.);
#419=FACE_OUTER_BOUND('',#847,.T.);
#420=FACE_OUTER_BOUND('',#848,.T.);
#421=FACE_OUTER_BOUND('',#849,.T.);
#422=FACE_OUTER_BOUND('',#850,.T.);
#423=FACE_OUTER_BOUND('',#851,.T.);
#424=FACE_OUTER_BOUND('',#852,.T.);
#425=FACE_OUTER_BOUND('',#853,.T.);
#426=FACE_OUTER_BOUND('',#854,.T.);
#427=FACE_OUTER_BOUND('',#855,.T.);
#428=FACE_OUTER_BOUND('',#856,.T.);
#429=FACE_OUTER_BOUND('',#857,.T.);
#430=FACE_OUTER_BOUND('',#858,.T.);
#431=FACE_OUTER_BOUND('',#859,.T.);
#432=FACE_OUTER_BOUND('',#860,.T.);
#433=FACE_OUTER_BOUND('',#861,.T.);
#434=FACE_OUTER_BOUND('',#862,.T.);
#435=FACE_OUTER_BOUND('',#863,.T.);
#436=FACE_OUTER_BOUND('',#864,.T.);
#437=FACE_OUTER_BOUND('',#865,.T.);
#438=FACE_OUTER_BOUND('',#866,.T.);
#439=FACE_OUTER_BOUND('',#867,.T.);
#440=FACE_OUTER_BOUND('',#868,.T.);
#441=FACE_OUTER_BOUND('',#869,.T.);
#442=FACE_OUTER_BOUND('',#870,.T.);
#443=FACE_OUTER_BOUND('',#871,.T.);
#444=FACE_OUTER_BOUND('',#872,.T.);
#445=FACE_OUTER_BOUND('',#873,.T.);
#446=FACE_OUTER_BOUND('',#874,.T.);
#447=FACE_OUTER_BOUND('',#875,.T.);
#448=FACE_OUTER_BOUND('',#876,.T.);
#449=FACE_OUTER_BOUND('',#877,.T.);
#450=FACE_OUTER_BOUND('',#878,.T.);
#451=FACE_OUTER_BOUND('',#879,.T.);
#452=FACE_OUTER_BOUND('',#880,.T.);
#453=FACE_OUTER_BOUND('',#881,.T.);
#454=FACE_OUTER_BOUND('',#882,.T.);
#455=FACE_OUTER_BOUND('',#883,.T.);
#456=FACE_OUTER_BOUND('',#884,.T.);
#457=FACE_OUTER_BOUND('',#885,.T.);
#458=FACE_OUTER_BOUND('',#886,.T.);
#459=FACE_OUTER_BOUND('',#887,.T.);
#460=FACE_OUTER_BOUND('',#889,.T.);
#461=FACE_OUTER_BOUND('',#891,.T.);
#462=FACE_OUTER_BOUND('',#892,.T.);
#463=FACE_OUTER_BOUND('',#893,.T.);
#464=FACE_OUTER_BOUND('',#894,.T.);
#465=FACE_OUTER_BOUND('',#895,.T.);
#466=FACE_OUTER_BOUND('',#896,.T.);
#467=FACE_OUTER_BOUND('',#897,.T.);
#468=FACE_OUTER_BOUND('',#898,.T.);
#469=FACE_OUTER_BOUND('',#899,.T.);
#470=FACE_OUTER_BOUND('',#900,.T.);
#471=FACE_OUTER_BOUND('',#901,.T.);
#472=FACE_OUTER_BOUND('',#902,.T.);
#473=FACE_OUTER_BOUND('',#903,.T.);
#474=FACE_OUTER_BOUND('',#904,.T.);
#475=FACE_OUTER_BOUND('',#905,.T.);
#476=FACE_OUTER_BOUND('',#906,.T.);
#477=FACE_OUTER_BOUND('',#907,.T.);
#478=FACE_OUTER_BOUND('',#908,.T.);
#479=FACE_OUTER_BOUND('',#909,.T.);
#480=FACE_OUTER_BOUND('',#910,.T.);
#481=FACE_OUTER_BOUND('',#911,.T.);
#482=FACE_OUTER_BOUND('',#912,.T.);
#483=FACE_OUTER_BOUND('',#913,.T.);
#484=FACE_OUTER_BOUND('',#914,.T.);
#485=FACE_OUTER_BOUND('',#915,.T.);
#486=FACE_OUTER_BOUND('',#916,.T.);
#487=FACE_OUTER_BOUND('',#917,.T.);
#488=FACE_OUTER_BOUND('',#918,.T.);
#489=FACE_OUTER_BOUND('',#919,.T.);
#490=FACE_OUTER_BOUND('',#920,.T.);
#491=FACE_OUTER_BOUND('',#921,.T.);
#492=FACE_OUTER_BOUND('',#922,.T.);
#493=FACE_OUTER_BOUND('',#923,.T.);
#494=FACE_OUTER_BOUND('',#924,.T.);
#495=FACE_OUTER_BOUND('',#925,.T.);
#496=FACE_OUTER_BOUND('',#926,.T.);
#497=FACE_OUTER_BOUND('',#927,.T.);
#498=FACE_OUTER_BOUND('',#928,.T.);
#499=FACE_OUTER_BOUND('',#929,.T.);
#500=FACE_OUTER_BOUND('',#930,.T.);
#501=FACE_OUTER_BOUND('',#931,.T.);
#502=FACE_OUTER_BOUND('',#932,.T.);
#503=FACE_OUTER_BOUND('',#933,.T.);
#504=FACE_OUTER_BOUND('',#934,.T.);
#505=FACE_OUTER_BOUND('',#935,.T.);
#506=FACE_OUTER_BOUND('',#936,.T.);
#507=FACE_OUTER_BOUND('',#937,.T.);
#508=FACE_OUTER_BOUND('',#938,.T.);
#509=FACE_OUTER_BOUND('',#939,.T.);
#510=FACE_OUTER_BOUND('',#940,.T.);
#511=FACE_OUTER_BOUND('',#941,.T.);
#512=FACE_OUTER_BOUND('',#942,.T.);
#513=FACE_OUTER_BOUND('',#943,.T.);
#514=FACE_OUTER_BOUND('',#944,.T.);
#515=FACE_OUTER_BOUND('',#945,.T.);
#516=FACE_OUTER_BOUND('',#946,.T.);
#517=FACE_OUTER_BOUND('',#947,.T.);
#518=FACE_OUTER_BOUND('',#948,.T.);
#519=FACE_OUTER_BOUND('',#949,.T.);
#520=FACE_OUTER_BOUND('',#950,.T.);
#521=FACE_OUTER_BOUND('',#951,.T.);
#522=FACE_OUTER_BOUND('',#952,.T.);
#523=FACE_OUTER_BOUND('',#953,.T.);
#524=FACE_OUTER_BOUND('',#954,.T.);
#525=FACE_OUTER_BOUND('',#955,.T.);
#526=FACE_OUTER_BOUND('',#956,.T.);
#527=FACE_OUTER_BOUND('',#957,.T.);
#528=FACE_OUTER_BOUND('',#958,.T.);
#529=FACE_OUTER_BOUND('',#959,.T.);
#530=FACE_OUTER_BOUND('',#960,.T.);
#531=FACE_OUTER_BOUND('',#961,.T.);
#532=FACE_OUTER_BOUND('',#962,.T.);
#533=FACE_OUTER_BOUND('',#963,.T.);
#534=FACE_OUTER_BOUND('',#964,.T.);
#535=FACE_OUTER_BOUND('',#965,.T.);
#536=FACE_OUTER_BOUND('',#966,.T.);
#537=FACE_OUTER_BOUND('',#967,.T.);
#538=FACE_OUTER_BOUND('',#968,.T.);
#539=FACE_OUTER_BOUND('',#969,.T.);
#540=FACE_OUTER_BOUND('',#970,.T.);
#541=FACE_OUTER_BOUND('',#971,.T.);
#542=FACE_OUTER_BOUND('',#972,.T.);
#543=FACE_OUTER_BOUND('',#973,.T.);
#544=FACE_OUTER_BOUND('',#974,.T.);
#545=FACE_OUTER_BOUND('',#975,.T.);
#546=FACE_OUTER_BOUND('',#976,.T.);
#547=FACE_OUTER_BOUND('',#977,.T.);
#548=FACE_OUTER_BOUND('',#978,.T.);
#549=FACE_OUTER_BOUND('',#979,.T.);
#550=FACE_OUTER_BOUND('',#980,.T.);
#551=FACE_OUTER_BOUND('',#981,.T.);
#552=FACE_OUTER_BOUND('',#982,.T.);
#553=FACE_OUTER_BOUND('',#983,.T.);
#554=FACE_OUTER_BOUND('',#984,.T.);
#555=FACE_OUTER_BOUND('',#985,.T.);
#556=FACE_OUTER_BOUND('',#986,.T.);
#557=FACE_OUTER_BOUND('',#987,.T.);
#558=FACE_OUTER_BOUND('',#988,.T.);
#559=FACE_OUTER_BOUND('',#989,.T.);
#560=FACE_OUTER_BOUND('',#990,.T.);
#561=FACE_OUTER_BOUND('',#991,.T.);
#562=FACE_OUTER_BOUND('',#992,.T.);
#563=FACE_OUTER_BOUND('',#993,.T.);
#564=FACE_OUTER_BOUND('',#994,.T.);
#565=FACE_OUTER_BOUND('',#995,.T.);
#566=FACE_OUTER_BOUND('',#996,.T.);
#567=FACE_OUTER_BOUND('',#997,.T.);
#568=FACE_OUTER_BOUND('',#998,.T.);
#569=FACE_OUTER_BOUND('',#999,.T.);
#570=FACE_OUTER_BOUND('',#1000,.T.);
#571=FACE_OUTER_BOUND('',#1001,.T.);
#572=FACE_OUTER_BOUND('',#1002,.T.);
#573=EDGE_LOOP('',(#5195,#5196,#5197,#5198));
#574=EDGE_LOOP('',(#5199,#5200,#5201,#5202));
#575=EDGE_LOOP('',(#5203,#5204,#5205,#5206));
#576=EDGE_LOOP('',(#5207,#5208,#5209,#5210));
#577=EDGE_LOOP('',(#5211,#5212,#5213,#5214));
#578=EDGE_LOOP('',(#5215,#5216,#5217,#5218));
#579=EDGE_LOOP('',(#5219,#5220,#5221,#5222));
#580=EDGE_LOOP('',(#5223,#5224,#5225,#5226));
#581=EDGE_LOOP('',(#5227,#5228,#5229,#5230));
#582=EDGE_LOOP('',(#5231,#5232,#5233,#5234));
#583=EDGE_LOOP('',(#5235,#5236,#5237,#5238));
#584=EDGE_LOOP('',(#5239,#5240,#5241,#5242));
#585=EDGE_LOOP('',(#5243,#5244,#5245,#5246));
#586=EDGE_LOOP('',(#5247,#5248,#5249,#5250));
#587=EDGE_LOOP('',(#5251,#5252,#5253,#5254));
#588=EDGE_LOOP('',(#5255,#5256,#5257,#5258));
#589=EDGE_LOOP('',(#5259,#5260,#5261,#5262));
#590=EDGE_LOOP('',(#5263,#5264,#5265,#5266));
#591=EDGE_LOOP('',(#5267,#5268,#5269,#5270));
#592=EDGE_LOOP('',(#5271,#5272,#5273,#5274));
#593=EDGE_LOOP('',(#5275,#5276,#5277,#5278));
#594=EDGE_LOOP('',(#5279,#5280,#5281,#5282));
#595=EDGE_LOOP('',(#5283,#5284,#5285,#5286));
#596=EDGE_LOOP('',(#5287,#5288,#5289,#5290));
#597=EDGE_LOOP('',(#5291,#5292,#5293,#5294));
#598=EDGE_LOOP('',(#5295,#5296,#5297,#5298));
#599=EDGE_LOOP('',(#5299,#5300,#5301,#5302));
#600=EDGE_LOOP('',(#5303,#5304,#5305,#5306));
#601=EDGE_LOOP('',(#5307,#5308,#5309,#5310));
#602=EDGE_LOOP('',(#5311,#5312,#5313,#5314));
#603=EDGE_LOOP('',(#5315,#5316,#5317,#5318));
#604=EDGE_LOOP('',(#5319,#5320,#5321,#5322));
#605=EDGE_LOOP('',(#5323,#5324,#5325,#5326));
#606=EDGE_LOOP('',(#5327,#5328,#5329,#5330));
#607=EDGE_LOOP('',(#5331,#5332,#5333,#5334));
#608=EDGE_LOOP('',(#5335,#5336,#5337,#5338));
#609=EDGE_LOOP('',(#5339,#5340,#5341,#5342));
#610=EDGE_LOOP('',(#5343,#5344,#5345,#5346));
#611=EDGE_LOOP('',(#5347,#5348,#5349,#5350));
#612=EDGE_LOOP('',(#5351,#5352,#5353,#5354));
#613=EDGE_LOOP('',(#5355,#5356,#5357,#5358));
#614=EDGE_LOOP('',(#5359,#5360,#5361,#5362));
#615=EDGE_LOOP('',(#5363,#5364,#5365,#5366));
#616=EDGE_LOOP('',(#5367,#5368,#5369,#5370));
#617=EDGE_LOOP('',(#5371,#5372,#5373,#5374));
#618=EDGE_LOOP('',(#5375,#5376,#5377,#5378));
#619=EDGE_LOOP('',(#5379,#5380,#5381,#5382));
#620=EDGE_LOOP('',(#5383,#5384,#5385,#5386));
#621=EDGE_LOOP('',(#5387,#5388,#5389,#5390));
#622=EDGE_LOOP('',(#5391,#5392,#5393,#5394));
#623=EDGE_LOOP('',(#5395,#5396,#5397,#5398));
#624=EDGE_LOOP('',(#5399,#5400,#5401,#5402));
#625=EDGE_LOOP('',(#5403,#5404,#5405,#5406));
#626=EDGE_LOOP('',(#5407,#5408,#5409,#5410));
#627=EDGE_LOOP('',(#5411,#5412,#5413,#5414));
#628=EDGE_LOOP('',(#5415,#5416,#5417,#5418));
#629=EDGE_LOOP('',(#5419,#5420,#5421,#5422));
#630=EDGE_LOOP('',(#5423,#5424,#5425,#5426));
#631=EDGE_LOOP('',(#5427,#5428,#5429,#5430));
#632=EDGE_LOOP('',(#5431,#5432,#5433,#5434));
#633=EDGE_LOOP('',(#5435,#5436,#5437,#5438));
#634=EDGE_LOOP('',(#5439,#5440,#5441,#5442));
#635=EDGE_LOOP('',(#5443,#5444,#5445,#5446));
#636=EDGE_LOOP('',(#5447,#5448,#5449,#5450));
#637=EDGE_LOOP('',(#5451,#5452,#5453,#5454));
#638=EDGE_LOOP('',(#5455,#5456,#5457,#5458));
#639=EDGE_LOOP('',(#5459,#5460,#5461,#5462));
#640=EDGE_LOOP('',(#5463,#5464,#5465,#5466));
#641=EDGE_LOOP('',(#5467,#5468,#5469,#5470));
#642=EDGE_LOOP('',(#5471,#5472,#5473,#5474));
#643=EDGE_LOOP('',(#5475,#5476,#5477,#5478));
#644=EDGE_LOOP('',(#5479,#5480,#5481,#5482));
#645=EDGE_LOOP('',(#5483,#5484,#5485,#5486));
#646=EDGE_LOOP('',(#5487,#5488,#5489,#5490));
#647=EDGE_LOOP('',(#5491,#5492,#5493,#5494));
#648=EDGE_LOOP('',(#5495,#5496,#5497,#5498));
#649=EDGE_LOOP('',(#5499,#5500,#5501,#5502));
#650=EDGE_LOOP('',(#5503,#5504,#5505,#5506));
#651=EDGE_LOOP('',(#5507,#5508,#5509,#5510));
#652=EDGE_LOOP('',(#5511,#5512,#5513,#5514));
#653=EDGE_LOOP('',(#5515,#5516,#5517,#5518));
#654=EDGE_LOOP('',(#5519,#5520,#5521,#5522));
#655=EDGE_LOOP('',(#5523,#5524,#5525,#5526));
#656=EDGE_LOOP('',(#5527,#5528,#5529,#5530));
#657=EDGE_LOOP('',(#5531,#5532,#5533,#5534));
#658=EDGE_LOOP('',(#5535,#5536,#5537,#5538));
#659=EDGE_LOOP('',(#5539,#5540,#5541,#5542));
#660=EDGE_LOOP('',(#5543,#5544,#5545,#5546));
#661=EDGE_LOOP('',(#5547,#5548,#5549,#5550));
#662=EDGE_LOOP('',(#5551,#5552,#5553,#5554));
#663=EDGE_LOOP('',(#5555,#5556,#5557,#5558));
#664=EDGE_LOOP('',(#5559,#5560,#5561,#5562));
#665=EDGE_LOOP('',(#5563,#5564,#5565,#5566));
#666=EDGE_LOOP('',(#5567,#5568,#5569,#5570));
#667=EDGE_LOOP('',(#5571,#5572,#5573,#5574));
#668=EDGE_LOOP('',(#5575,#5576,#5577,#5578));
#669=EDGE_LOOP('',(#5579,#5580,#5581,#5582));
#670=EDGE_LOOP('',(#5583,#5584,#5585,#5586));
#671=EDGE_LOOP('',(#5587,#5588,#5589,#5590));
#672=EDGE_LOOP('',(#5591,#5592,#5593,#5594));
#673=EDGE_LOOP('',(#5595,#5596,#5597,#5598));
#674=EDGE_LOOP('',(#5599,#5600,#5601,#5602));
#675=EDGE_LOOP('',(#5603,#5604,#5605,#5606));
#676=EDGE_LOOP('',(#5607,#5608,#5609,#5610));
#677=EDGE_LOOP('',(#5611,#5612,#5613,#5614));
#678=EDGE_LOOP('',(#5615,#5616,#5617,#5618));
#679=EDGE_LOOP('',(#5619,#5620,#5621,#5622,#5623,#5624,#5625,#5626,#5627,
#5628,#5629,#5630,#5631,#5632,#5633,#5634,#5635,#5636,#5637,#5638,#5639,
#5640,#5641,#5642,#5643,#5644,#5645,#5646,#5647,#5648,#5649,#5650,#5651,
#5652,#5653,#5654,#5655,#5656,#5657,#5658,#5659,#5660,#5661,#5662,#5663,
#5664,#5665,#5666,#5667,#5668,#5669,#5670,#5671,#5672,#5673,#5674,#5675,
#5676,#5677,#5678,#5679,#5680,#5681,#5682,#5683,#5684,#5685,#5686,#5687,
#5688,#5689,#5690));
#680=EDGE_LOOP('',(#5691,#5692,#5693,#5694,#5695,#5696,#5697,#5698,#5699,
#5700,#5701,#5702,#5703,#5704,#5705,#5706,#5707,#5708,#5709,#5710,#5711,
#5712,#5713,#5714,#5715,#5716,#5717,#5718,#5719,#5720,#5721,#5722,#5723,
#5724));
#681=EDGE_LOOP('',(#5725,#5726,#5727,#5728,#5729,#5730,#5731,#5732));
#682=EDGE_LOOP('',(#5733,#5734,#5735,#5736,#5737,#5738,#5739,#5740,#5741,
#5742,#5743,#5744,#5745,#5746,#5747,#5748,#5749,#5750,#5751,#5752,#5753,
#5754,#5755,#5756,#5757,#5758,#5759,#5760,#5761,#5762,#5763,#5764,#5765,
#5766,#5767,#5768,#5769,#5770,#5771,#5772,#5773,#5774,#5775,#5776,#5777,
#5778,#5779,#5780,#5781,#5782,#5783,#5784,#5785,#5786,#5787,#5788,#5789,
#5790,#5791,#5792,#5793,#5794,#5795,#5796,#5797,#5798,#5799,#5800,#5801,
#5802,#5803,#5804));
#683=EDGE_LOOP('',(#5805,#5806,#5807,#5808));
#684=EDGE_LOOP('',(#5809,#5810,#5811,#5812));
#685=EDGE_LOOP('',(#5813,#5814,#5815,#5816));
#686=EDGE_LOOP('',(#5817,#5818,#5819,#5820));
#687=EDGE_LOOP('',(#5821,#5822,#5823,#5824));
#688=EDGE_LOOP('',(#5825,#5826,#5827,#5828));
#689=EDGE_LOOP('',(#5829,#5830,#5831,#5832));
#690=EDGE_LOOP('',(#5833,#5834,#5835,#5836));
#691=EDGE_LOOP('',(#5837,#5838,#5839,#5840));
#692=EDGE_LOOP('',(#5841,#5842,#5843,#5844));
#693=EDGE_LOOP('',(#5845,#5846,#5847,#5848));
#694=EDGE_LOOP('',(#5849,#5850,#5851,#5852));
#695=EDGE_LOOP('',(#5853,#5854,#5855,#5856));
#696=EDGE_LOOP('',(#5857,#5858,#5859,#5860));
#697=EDGE_LOOP('',(#5861,#5862,#5863,#5864));
#698=EDGE_LOOP('',(#5865,#5866,#5867,#5868));
#699=EDGE_LOOP('',(#5869,#5870,#5871,#5872));
#700=EDGE_LOOP('',(#5873,#5874,#5875,#5876,#5877,#5878));
#701=EDGE_LOOP('',(#5879,#5880,#5881,#5882));
#702=EDGE_LOOP('',(#5883,#5884,#5885,#5886,#5887,#5888));
#703=EDGE_LOOP('',(#5889,#5890,#5891,#5892,#5893,#5894,#5895,#5896,#5897,
#5898,#5899,#5900,#5901,#5902,#5903,#5904));
#704=EDGE_LOOP('',(#5905,#5906,#5907,#5908,#5909,#5910,#5911,#5912,#5913,
#5914,#5915,#5916,#5917,#5918,#5919,#5920));
#705=EDGE_LOOP('',(#5921,#5922,#5923,#5924));
#706=EDGE_LOOP('',(#5925,#5926,#5927,#5928));
#707=EDGE_LOOP('',(#5929,#5930,#5931,#5932));
#708=EDGE_LOOP('',(#5933,#5934,#5935,#5936));
#709=EDGE_LOOP('',(#5937,#5938,#5939,#5940));
#710=EDGE_LOOP('',(#5941,#5942,#5943,#5944));
#711=EDGE_LOOP('',(#5945,#5946,#5947,#5948));
#712=EDGE_LOOP('',(#5949,#5950,#5951,#5952));
#713=EDGE_LOOP('',(#5953,#5954,#5955,#5956));
#714=EDGE_LOOP('',(#5957,#5958,#5959,#5960));
#715=EDGE_LOOP('',(#5961,#5962,#5963,#5964));
#716=EDGE_LOOP('',(#5965,#5966,#5967,#5968));
#717=EDGE_LOOP('',(#5969,#5970,#5971,#5972));
#718=EDGE_LOOP('',(#5973,#5974,#5975,#5976));
#719=EDGE_LOOP('',(#5977,#5978,#5979,#5980));
#720=EDGE_LOOP('',(#5981,#5982,#5983,#5984));
#721=EDGE_LOOP('',(#5985,#5986,#5987,#5988,#5989,#5990));
#722=EDGE_LOOP('',(#5991,#5992,#5993,#5994));
#723=EDGE_LOOP('',(#5995,#5996,#5997,#5998,#5999,#6000));
#724=EDGE_LOOP('',(#6001,#6002,#6003,#6004));
#725=EDGE_LOOP('',(#6005,#6006,#6007,#6008));
#726=EDGE_LOOP('',(#6009,#6010,#6011,#6012));
#727=EDGE_LOOP('',(#6013,#6014,#6015,#6016));
#728=EDGE_LOOP('',(#6017,#6018,#6019,#6020));
#729=EDGE_LOOP('',(#6021,#6022,#6023,#6024));
#730=EDGE_LOOP('',(#6025,#6026,#6027,#6028));
#731=EDGE_LOOP('',(#6029,#6030,#6031,#6032));
#732=EDGE_LOOP('',(#6033,#6034,#6035,#6036));
#733=EDGE_LOOP('',(#6037,#6038,#6039,#6040));
#734=EDGE_LOOP('',(#6041,#6042,#6043,#6044));
#735=EDGE_LOOP('',(#6045,#6046,#6047,#6048));
#736=EDGE_LOOP('',(#6049,#6050,#6051,#6052));
#737=EDGE_LOOP('',(#6053,#6054,#6055,#6056));
#738=EDGE_LOOP('',(#6057,#6058,#6059,#6060));
#739=EDGE_LOOP('',(#6061,#6062,#6063,#6064));
#740=EDGE_LOOP('',(#6065,#6066,#6067,#6068));
#741=EDGE_LOOP('',(#6069,#6070,#6071,#6072));
#742=EDGE_LOOP('',(#6073,#6074,#6075,#6076));
#743=EDGE_LOOP('',(#6077,#6078,#6079,#6080,#6081,#6082,#6083,#6084));
#744=EDGE_LOOP('',(#6085,#6086,#6087,#6088,#6089,#6090,#6091,#6092,#6093,
#6094,#6095,#6096));
#745=EDGE_LOOP('',(#6097,#6098,#6099,#6100));
#746=EDGE_LOOP('',(#6101,#6102,#6103,#6104));
#747=EDGE_LOOP('',(#6105,#6106,#6107,#6108));
#748=EDGE_LOOP('',(#6109,#6110,#6111,#6112));
#749=EDGE_LOOP('',(#6113,#6114,#6115,#6116));
#750=EDGE_LOOP('',(#6117,#6118,#6119,#6120));
#751=EDGE_LOOP('',(#6121,#6122,#6123,#6124));
#752=EDGE_LOOP('',(#6125,#6126,#6127,#6128));
#753=EDGE_LOOP('',(#6129,#6130,#6131,#6132));
#754=EDGE_LOOP('',(#6133,#6134,#6135,#6136));
#755=EDGE_LOOP('',(#6137,#6138,#6139,#6140));
#756=EDGE_LOOP('',(#6141,#6142,#6143,#6144,#6145,#6146));
#757=EDGE_LOOP('',(#6147,#6148,#6149,#6150));
#758=EDGE_LOOP('',(#6151,#6152,#6153,#6154,#6155,#6156,#6157,#6158,#6159,
#6160,#6161,#6162,#6163,#6164,#6165,#6166,#6167,#6168,#6169,#6170,#6171,
#6172,#6173,#6174,#6175,#6176,#6177,#6178,#6179,#6180,#6181,#6182,#6183,
#6184));
#759=EDGE_LOOP('',(#6185,#6186,#6187,#6188,#6189,#6190));
#760=EDGE_LOOP('',(#6191,#6192,#6193,#6194));
#761=EDGE_LOOP('',(#6195,#6196,#6197,#6198));
#762=EDGE_LOOP('',(#6199,#6200,#6201,#6202));
#763=EDGE_LOOP('',(#6203,#6204,#6205,#6206));
#764=EDGE_LOOP('',(#6207,#6208,#6209,#6210));
#765=EDGE_LOOP('',(#6211,#6212,#6213,#6214));
#766=EDGE_LOOP('',(#6215,#6216,#6217,#6218));
#767=EDGE_LOOP('',(#6219,#6220,#6221,#6222,#6223,#6224));
#768=EDGE_LOOP('',(#6225,#6226,#6227,#6228,#6229,#6230,#6231,#6232));
#769=EDGE_LOOP('',(#6233,#6234,#6235,#6236,#6237,#6238,#6239,#6240));
#770=EDGE_LOOP('',(#6241,#6242,#6243,#6244));
#771=EDGE_LOOP('',(#6245,#6246,#6247,#6248,#6249,#6250));
#772=EDGE_LOOP('',(#6251,#6252,#6253,#6254));
#773=EDGE_LOOP('',(#6255,#6256,#6257,#6258));
#774=EDGE_LOOP('',(#6259,#6260,#6261,#6262));
#775=EDGE_LOOP('',(#6263,#6264,#6265,#6266));
#776=EDGE_LOOP('',(#6267,#6268,#6269,#6270,#6271,#6272,#6273,#6274,#6275,
#6276,#6277,#6278));
#777=EDGE_LOOP('',(#6279,#6280,#6281,#6282));
#778=EDGE_LOOP('',(#6283,#6284,#6285,#6286));
#779=EDGE_LOOP('',(#6287,#6288,#6289,#6290));
#780=EDGE_LOOP('',(#6291,#6292,#6293,#6294));
#781=EDGE_LOOP('',(#6295,#6296,#6297,#6298));
#782=EDGE_LOOP('',(#6299,#6300,#6301,#6302));
#783=EDGE_LOOP('',(#6303,#6304,#6305,#6306));
#784=EDGE_LOOP('',(#6307,#6308,#6309,#6310));
#785=EDGE_LOOP('',(#6311,#6312,#6313,#6314));
#786=EDGE_LOOP('',(#6315,#6316,#6317,#6318));
#787=EDGE_LOOP('',(#6319,#6320,#6321,#6322));
#788=EDGE_LOOP('',(#6323,#6324,#6325,#6326));
#789=EDGE_LOOP('',(#6327,#6328,#6329,#6330));
#790=EDGE_LOOP('',(#6331,#6332,#6333,#6334));
#791=EDGE_LOOP('',(#6335,#6336,#6337,#6338));
#792=EDGE_LOOP('',(#6339,#6340,#6341,#6342));
#793=EDGE_LOOP('',(#6343,#6344,#6345,#6346));
#794=EDGE_LOOP('',(#6347,#6348,#6349,#6350));
#795=EDGE_LOOP('',(#6351,#6352,#6353,#6354));
#796=EDGE_LOOP('',(#6355,#6356,#6357,#6358));
#797=EDGE_LOOP('',(#6359,#6360,#6361,#6362));
#798=EDGE_LOOP('',(#6363,#6364,#6365,#6366));
#799=EDGE_LOOP('',(#6367,#6368,#6369,#6370));
#800=EDGE_LOOP('',(#6371,#6372,#6373,#6374));
#801=EDGE_LOOP('',(#6375,#6376,#6377,#6378));
#802=EDGE_LOOP('',(#6379,#6380,#6381,#6382));
#803=EDGE_LOOP('',(#6383,#6384,#6385,#6386));
#804=EDGE_LOOP('',(#6387,#6388,#6389,#6390));
#805=EDGE_LOOP('',(#6391,#6392,#6393,#6394));
#806=EDGE_LOOP('',(#6395,#6396,#6397,#6398));
#807=EDGE_LOOP('',(#6399,#6400,#6401,#6402));
#808=EDGE_LOOP('',(#6403,#6404,#6405,#6406));
#809=EDGE_LOOP('',(#6407,#6408,#6409,#6410));
#810=EDGE_LOOP('',(#6411,#6412,#6413,#6414));
#811=EDGE_LOOP('',(#6415,#6416,#6417,#6418));
#812=EDGE_LOOP('',(#6419,#6420,#6421,#6422));
#813=EDGE_LOOP('',(#6423,#6424,#6425,#6426));
#814=EDGE_LOOP('',(#6427,#6428,#6429,#6430));
#815=EDGE_LOOP('',(#6431,#6432,#6433,#6434));
#816=EDGE_LOOP('',(#6435,#6436,#6437,#6438));
#817=EDGE_LOOP('',(#6439,#6440,#6441,#6442));
#818=EDGE_LOOP('',(#6443,#6444,#6445,#6446));
#819=EDGE_LOOP('',(#6447,#6448,#6449,#6450));
#820=EDGE_LOOP('',(#6451,#6452,#6453,#6454));
#821=EDGE_LOOP('',(#6455,#6456,#6457,#6458));
#822=EDGE_LOOP('',(#6459,#6460,#6461,#6462));
#823=EDGE_LOOP('',(#6463,#6464,#6465,#6466));
#824=EDGE_LOOP('',(#6467,#6468,#6469,#6470));
#825=EDGE_LOOP('',(#6471,#6472,#6473,#6474));
#826=EDGE_LOOP('',(#6475,#6476,#6477,#6478));
#827=EDGE_LOOP('',(#6479,#6480,#6481,#6482));
#828=EDGE_LOOP('',(#6483,#6484,#6485,#6486));
#829=EDGE_LOOP('',(#6487,#6488,#6489,#6490));
#830=EDGE_LOOP('',(#6491,#6492,#6493,#6494));
#831=EDGE_LOOP('',(#6495,#6496,#6497,#6498));
#832=EDGE_LOOP('',(#6499,#6500,#6501,#6502));
#833=EDGE_LOOP('',(#6503,#6504,#6505,#6506));
#834=EDGE_LOOP('',(#6507,#6508,#6509,#6510));
#835=EDGE_LOOP('',(#6511,#6512,#6513,#6514));
#836=EDGE_LOOP('',(#6515,#6516,#6517,#6518));
#837=EDGE_LOOP('',(#6519,#6520,#6521,#6522));
#838=EDGE_LOOP('',(#6523,#6524,#6525,#6526));
#839=EDGE_LOOP('',(#6527,#6528,#6529,#6530));
#840=EDGE_LOOP('',(#6531,#6532,#6533,#6534));
#841=EDGE_LOOP('',(#6535,#6536,#6537,#6538));
#842=EDGE_LOOP('',(#6539,#6540,#6541,#6542));
#843=EDGE_LOOP('',(#6543,#6544,#6545,#6546));
#844=EDGE_LOOP('',(#6547,#6548,#6549,#6550));
#845=EDGE_LOOP('',(#6551,#6552,#6553,#6554));
#846=EDGE_LOOP('',(#6555,#6556,#6557,#6558));
#847=EDGE_LOOP('',(#6559,#6560,#6561,#6562));
#848=EDGE_LOOP('',(#6563,#6564,#6565,#6566));
#849=EDGE_LOOP('',(#6567,#6568,#6569,#6570));
#850=EDGE_LOOP('',(#6571,#6572,#6573,#6574));
#851=EDGE_LOOP('',(#6575,#6576,#6577,#6578));
#852=EDGE_LOOP('',(#6579,#6580,#6581,#6582));
#853=EDGE_LOOP('',(#6583,#6584,#6585,#6586));
#854=EDGE_LOOP('',(#6587,#6588,#6589,#6590));
#855=EDGE_LOOP('',(#6591,#6592,#6593,#6594));
#856=EDGE_LOOP('',(#6595,#6596,#6597,#6598));
#857=EDGE_LOOP('',(#6599,#6600,#6601,#6602));
#858=EDGE_LOOP('',(#6603,#6604,#6605,#6606));
#859=EDGE_LOOP('',(#6607,#6608,#6609,#6610));
#860=EDGE_LOOP('',(#6611,#6612,#6613,#6614));
#861=EDGE_LOOP('',(#6615,#6616,#6617,#6618));
#862=EDGE_LOOP('',(#6619,#6620,#6621,#6622));
#863=EDGE_LOOP('',(#6623,#6624,#6625,#6626));
#864=EDGE_LOOP('',(#6627,#6628,#6629,#6630));
#865=EDGE_LOOP('',(#6631,#6632,#6633,#6634));
#866=EDGE_LOOP('',(#6635,#6636,#6637,#6638));
#867=EDGE_LOOP('',(#6639,#6640,#6641,#6642));
#868=EDGE_LOOP('',(#6643,#6644,#6645,#6646));
#869=EDGE_LOOP('',(#6647,#6648,#6649,#6650));
#870=EDGE_LOOP('',(#6651,#6652,#6653,#6654));
#871=EDGE_LOOP('',(#6655,#6656,#6657,#6658));
#872=EDGE_LOOP('',(#6659,#6660,#6661,#6662));
#873=EDGE_LOOP('',(#6663,#6664,#6665,#6666));
#874=EDGE_LOOP('',(#6667,#6668,#6669,#6670));
#875=EDGE_LOOP('',(#6671,#6672,#6673,#6674));
#876=EDGE_LOOP('',(#6675,#6676,#6677,#6678));
#877=EDGE_LOOP('',(#6679,#6680,#6681,#6682));
#878=EDGE_LOOP('',(#6683,#6684,#6685,#6686));
#879=EDGE_LOOP('',(#6687,#6688,#6689,#6690));
#880=EDGE_LOOP('',(#6691,#6692,#6693,#6694));
#881=EDGE_LOOP('',(#6695,#6696,#6697,#6698));
#882=EDGE_LOOP('',(#6699,#6700,#6701,#6702));
#883=EDGE_LOOP('',(#6703,#6704,#6705,#6706));
#884=EDGE_LOOP('',(#6707,#6708,#6709,#6710));
#885=EDGE_LOOP('',(#6711,#6712,#6713,#6714));
#886=EDGE_LOOP('',(#6715,#6716,#6717,#6718));
#887=EDGE_LOOP('',(#6719,#6720,#6721,#6722,#6723,#6724,#6725,#6726,#6727,
#6728,#6729,#6730,#6731,#6732,#6733,#6734,#6735,#6736,#6737,#6738,#6739,
#6740,#6741,#6742,#6743,#6744,#6745,#6746,#6747,#6748,#6749,#6750,#6751,
#6752,#6753,#6754,#6755,#6756,#6757,#6758,#6759,#6760,#6761,#6762,#6763,
#6764,#6765,#6766,#6767,#6768,#6769,#6770,#6771,#6772,#6773,#6774,#6775,
#6776,#6777,#6778,#6779,#6780,#6781,#6782,#6783,#6784,#6785,#6786));
#888=EDGE_LOOP('',(#6787,#6788,#6789,#6790,#6791,#6792,#6793,#6794,#6795,
#6796,#6797,#6798,#6799,#6800,#6801,#6802,#6803,#6804,#6805,#6806,#6807,
#6808,#6809,#6810,#6811,#6812,#6813,#6814,#6815,#6816,#6817,#6818,#6819,
#6820,#6821,#6822,#6823,#6824,#6825,#6826));
#889=EDGE_LOOP('',(#6827,#6828,#6829,#6830,#6831,#6832,#6833,#6834,#6835,
#6836,#6837,#6838,#6839,#6840,#6841,#6842,#6843,#6844,#6845,#6846,#6847,
#6848,#6849,#6850,#6851,#6852,#6853,#6854,#6855,#6856,#6857,#6858,#6859,
#6860,#6861,#6862,#6863,#6864,#6865,#6866,#6867,#6868,#6869,#6870,#6871,
#6872,#6873,#6874,#6875,#6876,#6877,#6878,#6879,#6880,#6881,#6882,#6883,
#6884,#6885,#6886,#6887,#6888,#6889,#6890,#6891,#6892,#6893,#6894));
#890=EDGE_LOOP('',(#6895,#6896,#6897,#6898,#6899,#6900,#6901,#6902,#6903,
#6904,#6905,#6906,#6907,#6908,#6909,#6910,#6911,#6912,#6913,#6914,#6915,
#6916,#6917,#6918,#6919,#6920,#6921,#6922,#6923,#6924,#6925,#6926,#6927,
#6928,#6929,#6930,#6931,#6932,#6933,#6934));
#891=EDGE_LOOP('',(#6935,#6936,#6937,#6938));
#892=EDGE_LOOP('',(#6939,#6940,#6941,#6942));
#893=EDGE_LOOP('',(#6943,#6944,#6945,#6946));
#894=EDGE_LOOP('',(#6947,#6948,#6949,#6950));
#895=EDGE_LOOP('',(#6951,#6952,#6953,#6954));
#896=EDGE_LOOP('',(#6955,#6956,#6957,#6958));
#897=EDGE_LOOP('',(#6959,#6960,#6961,#6962));
#898=EDGE_LOOP('',(#6963,#6964,#6965,#6966,#6967,#6968,#6969,#6970,#6971,
#6972,#6973,#6974));
#899=EDGE_LOOP('',(#6975,#6976,#6977,#6978,#6979,#6980,#6981,#6982,#6983,
#6984,#6985,#6986));
#900=EDGE_LOOP('',(#6987,#6988,#6989,#6990));
#901=EDGE_LOOP('',(#6991,#6992,#6993,#6994));
#902=EDGE_LOOP('',(#6995,#6996,#6997,#6998));
#903=EDGE_LOOP('',(#6999,#7000,#7001,#7002));
#904=EDGE_LOOP('',(#7003,#7004,#7005,#7006));
#905=EDGE_LOOP('',(#7007,#7008,#7009,#7010,#7011,#7012,#7013,#7014,#7015,
#7016,#7017,#7018,#7019,#7020,#7021,#7022,#7023,#7024,#7025,#7026,#7027,
#7028,#7029,#7030,#7031,#7032));
#906=EDGE_LOOP('',(#7033,#7034,#7035,#7036));
#907=EDGE_LOOP('',(#7037,#7038,#7039,#7040));
#908=EDGE_LOOP('',(#7041,#7042,#7043,#7044));
#909=EDGE_LOOP('',(#7045,#7046,#7047,#7048));
#910=EDGE_LOOP('',(#7049,#7050,#7051,#7052));
#911=EDGE_LOOP('',(#7053,#7054,#7055,#7056));
#912=EDGE_LOOP('',(#7057,#7058,#7059,#7060));
#913=EDGE_LOOP('',(#7061,#7062,#7063,#7064));
#914=EDGE_LOOP('',(#7065,#7066,#7067,#7068));
#915=EDGE_LOOP('',(#7069,#7070,#7071,#7072));
#916=EDGE_LOOP('',(#7073,#7074,#7075,#7076));
#917=EDGE_LOOP('',(#7077,#7078,#7079,#7080,#7081,#7082,#7083,#7084,#7085,
#7086,#7087,#7088,#7089,#7090,#7091,#7092,#7093,#7094,#7095,#7096,#7097,
#7098,#7099,#7100,#7101,#7102));
#918=EDGE_LOOP('',(#7103,#7104,#7105,#7106));
#919=EDGE_LOOP('',(#7107,#7108,#7109,#7110));
#920=EDGE_LOOP('',(#7111,#7112,#7113,#7114));
#921=EDGE_LOOP('',(#7115,#7116,#7117,#7118));
#922=EDGE_LOOP('',(#7119,#7120,#7121,#7122));
#923=EDGE_LOOP('',(#7123,#7124,#7125,#7126));
#924=EDGE_LOOP('',(#7127,#7128,#7129,#7130));
#925=EDGE_LOOP('',(#7131,#7132,#7133,#7134));
#926=EDGE_LOOP('',(#7135,#7136,#7137,#7138));
#927=EDGE_LOOP('',(#7139,#7140,#7141,#7142));
#928=EDGE_LOOP('',(#7143,#7144,#7145,#7146));
#929=EDGE_LOOP('',(#7147,#7148,#7149,#7150));
#930=EDGE_LOOP('',(#7151,#7152,#7153,#7154));
#931=EDGE_LOOP('',(#7155,#7156,#7157,#7158));
#932=EDGE_LOOP('',(#7159,#7160,#7161,#7162));
#933=EDGE_LOOP('',(#7163,#7164,#7165,#7166,#7167,#7168,#7169,#7170,#7171,
#7172,#7173,#7174,#7175,#7176,#7177,#7178,#7179,#7180,#7181,#7182,#7183,
#7184,#7185,#7186,#7187,#7188,#7189,#7190,#7191,#7192,#7193,#7194,#7195,
#7196,#7197,#7198,#7199,#7200,#7201,#7202,#7203,#7204,#7205,#7206,#7207,
#7208,#7209,#7210,#7211,#7212,#7213,#7214,#7215,#7216,#7217,#7218,#7219,
#7220,#7221,#7222,#7223,#7224,#7225,#7226,#7227,#7228,#7229,#7230));
#934=EDGE_LOOP('',(#7231,#7232,#7233,#7234));
#935=EDGE_LOOP('',(#7235,#7236,#7237,#7238));
#936=EDGE_LOOP('',(#7239,#7240,#7241,#7242));
#937=EDGE_LOOP('',(#7243,#7244,#7245,#7246));
#938=EDGE_LOOP('',(#7247,#7248,#7249,#7250));
#939=EDGE_LOOP('',(#7251,#7252,#7253,#7254));
#940=EDGE_LOOP('',(#7255,#7256,#7257,#7258));
#941=EDGE_LOOP('',(#7259,#7260,#7261,#7262));
#942=EDGE_LOOP('',(#7263,#7264,#7265,#7266));
#943=EDGE_LOOP('',(#7267,#7268,#7269,#7270));
#944=EDGE_LOOP('',(#7271,#7272,#7273,#7274));
#945=EDGE_LOOP('',(#7275,#7276,#7277,#7278));
#946=EDGE_LOOP('',(#7279,#7280,#7281,#7282));
#947=EDGE_LOOP('',(#7283,#7284,#7285,#7286));
#948=EDGE_LOOP('',(#7287,#7288,#7289,#7290));
#949=EDGE_LOOP('',(#7291,#7292,#7293,#7294));
#950=EDGE_LOOP('',(#7295,#7296,#7297,#7298));
#951=EDGE_LOOP('',(#7299,#7300,#7301,#7302));
#952=EDGE_LOOP('',(#7303,#7304,#7305,#7306));
#953=EDGE_LOOP('',(#7307,#7308,#7309,#7310));
#954=EDGE_LOOP('',(#7311,#7312,#7313,#7314));
#955=EDGE_LOOP('',(#7315,#7316,#7317,#7318));
#956=EDGE_LOOP('',(#7319,#7320,#7321,#7322));
#957=EDGE_LOOP('',(#7323,#7324,#7325,#7326));
#958=EDGE_LOOP('',(#7327,#7328,#7329,#7330));
#959=EDGE_LOOP('',(#7331,#7332,#7333,#7334));
#960=EDGE_LOOP('',(#7335,#7336,#7337,#7338));
#961=EDGE_LOOP('',(#7339,#7340,#7341,#7342));
#962=EDGE_LOOP('',(#7343,#7344,#7345,#7346));
#963=EDGE_LOOP('',(#7347,#7348,#7349,#7350));
#964=EDGE_LOOP('',(#7351,#7352,#7353,#7354));
#965=EDGE_LOOP('',(#7355,#7356,#7357,#7358));
#966=EDGE_LOOP('',(#7359,#7360,#7361,#7362));
#967=EDGE_LOOP('',(#7363,#7364,#7365,#7366));
#968=EDGE_LOOP('',(#7367,#7368,#7369,#7370));
#969=EDGE_LOOP('',(#7371,#7372,#7373,#7374));
#970=EDGE_LOOP('',(#7375,#7376,#7377,#7378,#7379,#7380,#7381,#7382,#7383,
#7384,#7385,#7386,#7387,#7388,#7389,#7390,#7391,#7392,#7393,#7394,#7395,
#7396,#7397,#7398,#7399,#7400,#7401,#7402,#7403,#7404,#7405,#7406,#7407,
#7408,#7409,#7410,#7411,#7412,#7413,#7414,#7415,#7416,#7417,#7418,#7419,
#7420,#7421,#7422,#7423,#7424,#7425,#7426,#7427,#7428,#7429,#7430,#7431,
#7432,#7433,#7434,#7435,#7436,#7437,#7438,#7439,#7440,#7441,#7442));
#971=EDGE_LOOP('',(#7443,#7444,#7445,#7446));
#972=EDGE_LOOP('',(#7447,#7448,#7449,#7450));
#973=EDGE_LOOP('',(#7451,#7452,#7453,#7454));
#974=EDGE_LOOP('',(#7455,#7456,#7457,#7458));
#975=EDGE_LOOP('',(#7459,#7460,#7461,#7462));
#976=EDGE_LOOP('',(#7463,#7464,#7465,#7466));
#977=EDGE_LOOP('',(#7467,#7468,#7469,#7470));
#978=EDGE_LOOP('',(#7471,#7472,#7473,#7474));
#979=EDGE_LOOP('',(#7475,#7476,#7477,#7478));
#980=EDGE_LOOP('',(#7479,#7480,#7481,#7482));
#981=EDGE_LOOP('',(#7483,#7484,#7485,#7486));
#982=EDGE_LOOP('',(#7487,#7488,#7489,#7490));
#983=EDGE_LOOP('',(#7491,#7492,#7493,#7494));
#984=EDGE_LOOP('',(#7495,#7496,#7497,#7498));
#985=EDGE_LOOP('',(#7499,#7500,#7501,#7502));
#986=EDGE_LOOP('',(#7503,#7504,#7505,#7506));
#987=EDGE_LOOP('',(#7507,#7508,#7509,#7510));
#988=EDGE_LOOP('',(#7511,#7512,#7513,#7514));
#989=EDGE_LOOP('',(#7515,#7516,#7517,#7518));
#990=EDGE_LOOP('',(#7519,#7520,#7521,#7522));
#991=EDGE_LOOP('',(#7523,#7524,#7525,#7526));
#992=EDGE_LOOP('',(#7527,#7528,#7529,#7530));
#993=EDGE_LOOP('',(#7531,#7532,#7533,#7534));
#994=EDGE_LOOP('',(#7535,#7536,#7537,#7538));
#995=EDGE_LOOP('',(#7539,#7540,#7541,#7542));
#996=EDGE_LOOP('',(#7543,#7544,#7545,#7546));
#997=EDGE_LOOP('',(#7547,#7548,#7549,#7550));
#998=EDGE_LOOP('',(#7551,#7552,#7553,#7554));
#999=EDGE_LOOP('',(#7555,#7556,#7557,#7558));
#1000=EDGE_LOOP('',(#7559,#7560,#7561,#7562));
#1001=EDGE_LOOP('',(#7563,#7564,#7565,#7566));
#1002=EDGE_LOOP('',(#7567,#7568,#7569,#7570));
#1003=LINE('',#10754,#2115);
#1004=LINE('',#10756,#2116);
#1005=LINE('',#10758,#2117);
#1006=LINE('',#10759,#2118);
#1007=LINE('',#10762,#2119);
#1008=LINE('',#10764,#2120);
#1009=LINE('',#10765,#2121);
#1010=LINE('',#10768,#2122);
#1011=LINE('',#10770,#2123);
#1012=LINE('',#10771,#2124);
#1013=LINE('',#10774,#2125);
#1014=LINE('',#10776,#2126);
#1015=LINE('',#10777,#2127);
#1016=LINE('',#10780,#2128);
#1017=LINE('',#10782,#2129);
#1018=LINE('',#10783,#2130);
#1019=LINE('',#10786,#2131);
#1020=LINE('',#10788,#2132);
#1021=LINE('',#10789,#2133);
#1022=LINE('',#10792,#2134);
#1023=LINE('',#10794,#2135);
#1024=LINE('',#10795,#2136);
#1025=LINE('',#10798,#2137);
#1026=LINE('',#10800,#2138);
#1027=LINE('',#10801,#2139);
#1028=LINE('',#10804,#2140);
#1029=LINE('',#10806,#2141);
#1030=LINE('',#10807,#2142);
#1031=LINE('',#10810,#2143);
#1032=LINE('',#10812,#2144);
#1033=LINE('',#10813,#2145);
#1034=LINE('',#10816,#2146);
#1035=LINE('',#10818,#2147);
#1036=LINE('',#10819,#2148);
#1037=LINE('',#10822,#2149);
#1038=LINE('',#10824,#2150);
#1039=LINE('',#10825,#2151);
#1040=LINE('',#10828,#2152);
#1041=LINE('',#10830,#2153);
#1042=LINE('',#10831,#2154);
#1043=LINE('',#10834,#2155);
#1044=LINE('',#10836,#2156);
#1045=LINE('',#10837,#2157);
#1046=LINE('',#10840,#2158);
#1047=LINE('',#10842,#2159);
#1048=LINE('',#10843,#2160);
#1049=LINE('',#10846,#2161);
#1050=LINE('',#10848,#2162);
#1051=LINE('',#10849,#2163);
#1052=LINE('',#10852,#2164);
#1053=LINE('',#10854,#2165);
#1054=LINE('',#10855,#2166);
#1055=LINE('',#10858,#2167);
#1056=LINE('',#10860,#2168);
#1057=LINE('',#10861,#2169);
#1058=LINE('',#10864,#2170);
#1059=LINE('',#10866,#2171);
#1060=LINE('',#10867,#2172);
#1061=LINE('',#10870,#2173);
#1062=LINE('',#10872,#2174);
#1063=LINE('',#10873,#2175);
#1064=LINE('',#10876,#2176);
#1065=LINE('',#10878,#2177);
#1066=LINE('',#10879,#2178);
#1067=LINE('',#10882,#2179);
#1068=LINE('',#10884,#2180);
#1069=LINE('',#10885,#2181);
#1070=LINE('',#10888,#2182);
#1071=LINE('',#10890,#2183);
#1072=LINE('',#10891,#2184);
#1073=LINE('',#10894,#2185);
#1074=LINE('',#10896,#2186);
#1075=LINE('',#10897,#2187);
#1076=LINE('',#10900,#2188);
#1077=LINE('',#10902,#2189);
#1078=LINE('',#10903,#2190);
#1079=LINE('',#10906,#2191);
#1080=LINE('',#10908,#2192);
#1081=LINE('',#10909,#2193);
#1082=LINE('',#10912,#2194);
#1083=LINE('',#10914,#2195);
#1084=LINE('',#10915,#2196);
#1085=LINE('',#10918,#2197);
#1086=LINE('',#10920,#2198);
#1087=LINE('',#10921,#2199);
#1088=LINE('',#10924,#2200);
#1089=LINE('',#10926,#2201);
#1090=LINE('',#10927,#2202);
#1091=LINE('',#10930,#2203);
#1092=LINE('',#10932,#2204);
#1093=LINE('',#10933,#2205);
#1094=LINE('',#10936,#2206);
#1095=LINE('',#10938,#2207);
#1096=LINE('',#10939,#2208);
#1097=LINE('',#10942,#2209);
#1098=LINE('',#10944,#2210);
#1099=LINE('',#10945,#2211);
#1100=LINE('',#10948,#2212);
#1101=LINE('',#10950,#2213);
#1102=LINE('',#10951,#2214);
#1103=LINE('',#10953,#2215);
#1104=LINE('',#10954,#2216);
#1105=LINE('',#10958,#2217);
#1106=LINE('',#10960,#2218);
#1107=LINE('',#10962,#2219);
#1108=LINE('',#10963,#2220);
#1109=LINE('',#10966,#2221);
#1110=LINE('',#10968,#2222);
#1111=LINE('',#10969,#2223);
#1112=LINE('',#10972,#2224);
#1113=LINE('',#10974,#2225);
#1114=LINE('',#10975,#2226);
#1115=LINE('',#10978,#2227);
#1116=LINE('',#10980,#2228);
#1117=LINE('',#10981,#2229);
#1118=LINE('',#10984,#2230);
#1119=LINE('',#10986,#2231);
#1120=LINE('',#10987,#2232);
#1121=LINE('',#10990,#2233);
#1122=LINE('',#10992,#2234);
#1123=LINE('',#10993,#2235);
#1124=LINE('',#10996,#2236);
#1125=LINE('',#10998,#2237);
#1126=LINE('',#10999,#2238);
#1127=LINE('',#11002,#2239);
#1128=LINE('',#11004,#2240);
#1129=LINE('',#11005,#2241);
#1130=LINE('',#11008,#2242);
#1131=LINE('',#11010,#2243);
#1132=LINE('',#11011,#2244);
#1133=LINE('',#11014,#2245);
#1134=LINE('',#11016,#2246);
#1135=LINE('',#11017,#2247);
#1136=LINE('',#11020,#2248);
#1137=LINE('',#11022,#2249);
#1138=LINE('',#11023,#2250);
#1139=LINE('',#11026,#2251);
#1140=LINE('',#11028,#2252);
#1141=LINE('',#11029,#2253);
#1142=LINE('',#11032,#2254);
#1143=LINE('',#11034,#2255);
#1144=LINE('',#11035,#2256);
#1145=LINE('',#11038,#2257);
#1146=LINE('',#11040,#2258);
#1147=LINE('',#11041,#2259);
#1148=LINE('',#11044,#2260);
#1149=LINE('',#11046,#2261);
#1150=LINE('',#11047,#2262);
#1151=LINE('',#11050,#2263);
#1152=LINE('',#11052,#2264);
#1153=LINE('',#11053,#2265);
#1154=LINE('',#11056,#2266);
#1155=LINE('',#11058,#2267);
#1156=LINE('',#11059,#2268);
#1157=LINE('',#11062,#2269);
#1158=LINE('',#11064,#2270);
#1159=LINE('',#11065,#2271);
#1160=LINE('',#11068,#2272);
#1161=LINE('',#11070,#2273);
#1162=LINE('',#11071,#2274);
#1163=LINE('',#11074,#2275);
#1164=LINE('',#11076,#2276);
#1165=LINE('',#11077,#2277);
#1166=LINE('',#11080,#2278);
#1167=LINE('',#11082,#2279);
#1168=LINE('',#11083,#2280);
#1169=LINE('',#11086,#2281);
#1170=LINE('',#11088,#2282);
#1171=LINE('',#11089,#2283);
#1172=LINE('',#11092,#2284);
#1173=LINE('',#11094,#2285);
#1174=LINE('',#11095,#2286);
#1175=LINE('',#11098,#2287);
#1176=LINE('',#11100,#2288);
#1177=LINE('',#11101,#2289);
#1178=LINE('',#11104,#2290);
#1179=LINE('',#11106,#2291);
#1180=LINE('',#11107,#2292);
#1181=LINE('',#11110,#2293);
#1182=LINE('',#11112,#2294);
#1183=LINE('',#11113,#2295);
#1184=LINE('',#11116,#2296);
#1185=LINE('',#11118,#2297);
#1186=LINE('',#11119,#2298);
#1187=LINE('',#11122,#2299);
#1188=LINE('',#11124,#2300);
#1189=LINE('',#11125,#2301);
#1190=LINE('',#11128,#2302);
#1191=LINE('',#11130,#2303);
#1192=LINE('',#11131,#2304);
#1193=LINE('',#11134,#2305);
#1194=LINE('',#11136,#2306);
#1195=LINE('',#11137,#2307);
#1196=LINE('',#11140,#2308);
#1197=LINE('',#11142,#2309);
#1198=LINE('',#11143,#2310);
#1199=LINE('',#11146,#2311);
#1200=LINE('',#11148,#2312);
#1201=LINE('',#11149,#2313);
#1202=LINE('',#11152,#2314);
#1203=LINE('',#11154,#2315);
#1204=LINE('',#11155,#2316);
#1205=LINE('',#11158,#2317);
#1206=LINE('',#11160,#2318);
#1207=LINE('',#11161,#2319);
#1208=LINE('',#11164,#2320);
#1209=LINE('',#11166,#2321);
#1210=LINE('',#11167,#2322);
#1211=LINE('',#11170,#2323);
#1212=LINE('',#11172,#2324);
#1213=LINE('',#11173,#2325);
#1214=LINE('',#11176,#2326);
#1215=LINE('',#11178,#2327);
#1216=LINE('',#11179,#2328);
#1217=LINE('',#11182,#2329);
#1218=LINE('',#11184,#2330);
#1219=LINE('',#11185,#2331);
#1220=LINE('',#11188,#2332);
#1221=LINE('',#11190,#2333);
#1222=LINE('',#11191,#2334);
#1223=LINE('',#11194,#2335);
#1224=LINE('',#11196,#2336);
#1225=LINE('',#11197,#2337);
#1226=LINE('',#11200,#2338);
#1227=LINE('',#11202,#2339);
#1228=LINE('',#11203,#2340);
#1229=LINE('',#11206,#2341);
#1230=LINE('',#11208,#2342);
#1231=LINE('',#11209,#2343);
#1232=LINE('',#11212,#2344);
#1233=LINE('',#11214,#2345);
#1234=LINE('',#11215,#2346);
#1235=LINE('',#11218,#2347);
#1236=LINE('',#11220,#2348);
#1237=LINE('',#11221,#2349);
#1238=LINE('',#11224,#2350);
#1239=LINE('',#11226,#2351);
#1240=LINE('',#11227,#2352);
#1241=LINE('',#11230,#2353);
#1242=LINE('',#11232,#2354);
#1243=LINE('',#11233,#2355);
#1244=LINE('',#11236,#2356);
#1245=LINE('',#11238,#2357);
#1246=LINE('',#11239,#2358);
#1247=LINE('',#11242,#2359);
#1248=LINE('',#11244,#2360);
#1249=LINE('',#11245,#2361);
#1250=LINE('',#11248,#2362);
#1251=LINE('',#11250,#2363);
#1252=LINE('',#11251,#2364);
#1253=LINE('',#11254,#2365);
#1254=LINE('',#11256,#2366);
#1255=LINE('',#11257,#2367);
#1256=LINE('',#11260,#2368);
#1257=LINE('',#11262,#2369);
#1258=LINE('',#11263,#2370);
#1259=LINE('',#11266,#2371);
#1260=LINE('',#11268,#2372);
#1261=LINE('',#11269,#2373);
#1262=LINE('',#11272,#2374);
#1263=LINE('',#11274,#2375);
#1264=LINE('',#11275,#2376);
#1265=LINE('',#11278,#2377);
#1266=LINE('',#11280,#2378);
#1267=LINE('',#11281,#2379);
#1268=LINE('',#11284,#2380);
#1269=LINE('',#11286,#2381);
#1270=LINE('',#11287,#2382);
#1271=LINE('',#11290,#2383);
#1272=LINE('',#11292,#2384);
#1273=LINE('',#11293,#2385);
#1274=LINE('',#11296,#2386);
#1275=LINE('',#11298,#2387);
#1276=LINE('',#11299,#2388);
#1277=LINE('',#11302,#2389);
#1278=LINE('',#11304,#2390);
#1279=LINE('',#11305,#2391);
#1280=LINE('',#11308,#2392);
#1281=LINE('',#11310,#2393);
#1282=LINE('',#11311,#2394);
#1283=LINE('',#11314,#2395);
#1284=LINE('',#11316,#2396);
#1285=LINE('',#11317,#2397);
#1286=LINE('',#11320,#2398);
#1287=LINE('',#11322,#2399);
#1288=LINE('',#11323,#2400);
#1289=LINE('',#11326,#2401);
#1290=LINE('',#11328,#2402);
#1291=LINE('',#11329,#2403);
#1292=LINE('',#11332,#2404);
#1293=LINE('',#11334,#2405);
#1294=LINE('',#11335,#2406);
#1295=LINE('',#11338,#2407);
#1296=LINE('',#11340,#2408);
#1297=LINE('',#11341,#2409);
#1298=LINE('',#11344,#2410);
#1299=LINE('',#11346,#2411);
#1300=LINE('',#11347,#2412);
#1301=LINE('',#11350,#2413);
#1302=LINE('',#11352,#2414);
#1303=LINE('',#11353,#2415);
#1304=LINE('',#11356,#2416);
#1305=LINE('',#11358,#2417);
#1306=LINE('',#11359,#2418);
#1307=LINE('',#11362,#2419);
#1308=LINE('',#11364,#2420);
#1309=LINE('',#11365,#2421);
#1310=LINE('',#11368,#2422);
#1311=LINE('',#11370,#2423);
#1312=LINE('',#11371,#2424);
#1313=LINE('',#11374,#2425);
#1314=LINE('',#11376,#2426);
#1315=LINE('',#11377,#2427);
#1316=LINE('',#11380,#2428);
#1317=LINE('',#11382,#2429);
#1318=LINE('',#11383,#2430);
#1319=LINE('',#11385,#2431);
#1320=LINE('',#11386,#2432);
#1321=LINE('',#11397,#2433);
#1322=LINE('',#11405,#2434);
#1323=LINE('',#11413,#2435);
#1324=LINE('',#11420,#2436);
#1325=LINE('',#11424,#2437);
#1326=LINE('',#11426,#2438);
#1327=LINE('',#11428,#2439);
#1328=LINE('',#11429,#2440);
#1329=LINE('',#11452,#2441);
#1330=LINE('',#11460,#2442);
#1331=LINE('',#11493,#2443);
#1332=LINE('',#11495,#2444);
#1333=LINE('',#11497,#2445);
#1334=LINE('',#11498,#2446);
#1335=LINE('',#11545,#2447);
#1336=LINE('',#11553,#2448);
#1337=LINE('',#11586,#2449);
#1338=LINE('',#11588,#2450);
#1339=LINE('',#11590,#2451);
#1340=LINE('',#11591,#2452);
#1341=LINE('',#11638,#2453);
#1342=LINE('',#11646,#2454);
#1343=LINE('',#11679,#2455);
#1344=LINE('',#11681,#2456);
#1345=LINE('',#11683,#2457);
#1346=LINE('',#11684,#2458);
#1347=LINE('',#11731,#2459);
#1348=LINE('',#11739,#2460);
#1349=LINE('',#11795,#2461);
#1350=LINE('',#11797,#2462);
#1351=LINE('',#11798,#2463);
#1352=LINE('',#11801,#2464);
#1353=LINE('',#11811,#2465);
#1354=LINE('',#11812,#2466);
#1355=LINE('',#11815,#2467);
#1356=LINE('',#11826,#2468);
#1357=LINE('',#11844,#2469);
#1358=LINE('',#11862,#2470);
#1359=LINE('',#11880,#2471);
#1360=LINE('',#11917,#2472);
#1361=LINE('',#11924,#2473);
#1362=LINE('',#11927,#2474);
#1363=LINE('',#11929,#2475);
#1364=LINE('',#11930,#2476);
#1365=LINE('',#11972,#2477);
#1366=LINE('',#11979,#2478);
#1367=LINE('',#12002,#2479);
#1368=LINE('',#12004,#2480);
#1369=LINE('',#12005,#2481);
#1370=LINE('',#12047,#2482);
#1371=LINE('',#12054,#2483);
#1372=LINE('',#12077,#2484);
#1373=LINE('',#12079,#2485);
#1374=LINE('',#12080,#2486);
#1375=LINE('',#12122,#2487);
#1376=LINE('',#12129,#2488);
#1377=LINE('',#12152,#2489);
#1378=LINE('',#12154,#2490);
#1379=LINE('',#12155,#2491);
#1380=LINE('',#12198,#2492);
#1381=LINE('',#12201,#2493);
#1382=LINE('',#12204,#2494);
#1383=LINE('',#12205,#2495);
#1384=LINE('',#12208,#2496);
#1385=LINE('',#12212,#2497);
#1386=LINE('',#12213,#2498);
#1387=LINE('',#12217,#2499);
#1388=LINE('',#12219,#2500);
#1389=LINE('',#12221,#2501);
#1390=LINE('',#12222,#2502);
#1391=LINE('',#12226,#2503);
#1392=LINE('',#12228,#2504);
#1393=LINE('',#12230,#2505);
#1394=LINE('',#12231,#2506);
#1395=LINE('',#12235,#2507);
#1396=LINE('',#12237,#2508);
#1397=LINE('',#12239,#2509);
#1398=LINE('',#12240,#2510);
#1399=LINE('',#12244,#2511);
#1400=LINE('',#12246,#2512);
#1401=LINE('',#12248,#2513);
#1402=LINE('',#12249,#2514);
#1403=LINE('',#12252,#2515);
#1404=LINE('',#12254,#2516);
#1405=LINE('',#12255,#2517);
#1406=LINE('',#12259,#2518);
#1407=LINE('',#12261,#2519);
#1408=LINE('',#12263,#2520);
#1409=LINE('',#12264,#2521);
#1410=LINE('',#12266,#2522);
#1411=LINE('',#12267,#2523);
#1412=LINE('',#12269,#2524);
#1413=LINE('',#12270,#2525);
#1414=LINE('',#12272,#2526);
#1415=LINE('',#12273,#2527);
#1416=LINE('',#12276,#2528);
#1417=LINE('',#12278,#2529);
#1418=LINE('',#12279,#2530);
#1419=LINE('',#12281,#2531);
#1420=LINE('',#12282,#2532);
#1421=LINE('',#12284,#2533);
#1422=LINE('',#12285,#2534);
#1423=LINE('',#12288,#2535);
#1424=LINE('',#12290,#2536);
#1425=LINE('',#12291,#2537);
#1426=LINE('',#12294,#2538);
#1427=LINE('',#12295,#2539);
#1428=LINE('',#12298,#2540);
#1429=LINE('',#12299,#2541);
#1430=LINE('',#12302,#2542);
#1431=LINE('',#12303,#2543);
#1432=LINE('',#12306,#2544);
#1433=LINE('',#12307,#2545);
#1434=LINE('',#12310,#2546);
#1435=LINE('',#12311,#2547);
#1436=LINE('',#12315,#2548);
#1437=LINE('',#12319,#2549);
#1438=LINE('',#12323,#2550);
#1439=LINE('',#12327,#2551);
#1440=LINE('',#12331,#2552);
#1441=LINE('',#12332,#2553);
#1442=LINE('',#12335,#2554);
#1443=LINE('',#12336,#2555);
#1444=LINE('',#12431,#2556);
#1445=LINE('',#12467,#2557);
#1446=LINE('',#12469,#2558);
#1447=LINE('',#12470,#2559);
#1448=LINE('',#12472,#2560);
#1449=LINE('',#12478,#2561);
#1450=LINE('',#12481,#2562);
#1451=LINE('',#12484,#2563);
#1452=LINE('',#12485,#2564);
#1453=LINE('',#12489,#2565);
#1454=LINE('',#12492,#2566);
#1455=LINE('',#12495,#2567);
#1456=LINE('',#12498,#2568);
#1457=LINE('',#12499,#2569);
#1458=LINE('',#12502,#2570);
#1459=LINE('',#12506,#2571);
#1460=LINE('',#12507,#2572);
#1461=LINE('',#12510,#2573);
#1462=LINE('',#12514,#2574);
#1463=LINE('',#12516,#2575);
#1464=LINE('',#12517,#2576);
#1465=LINE('',#12519,#2577);
#1466=LINE('',#12523,#2578);
#1467=LINE('',#12524,#2579);
#1468=LINE('',#12527,#2580);
#1469=LINE('',#12528,#2581);
#1470=LINE('',#12531,#2582);
#1471=LINE('',#12532,#2583);
#1472=LINE('',#12534,#2584);
#1473=LINE('',#12541,#2585);
#1474=LINE('',#12543,#2586);
#1475=LINE('',#12545,#2587);
#1476=LINE('',#12546,#2588);
#1477=LINE('',#12549,#2589);
#1478=LINE('',#12551,#2590);
#1479=LINE('',#12552,#2591);
#1480=LINE('',#12555,#2592);
#1481=LINE('',#12557,#2593);
#1482=LINE('',#12558,#2594);
#1483=LINE('',#12561,#2595);
#1484=LINE('',#12563,#2596);
#1485=LINE('',#12564,#2597);
#1486=LINE('',#12567,#2598);
#1487=LINE('',#12569,#2599);
#1488=LINE('',#12570,#2600);
#1489=LINE('',#12573,#2601);
#1490=LINE('',#12575,#2602);
#1491=LINE('',#12576,#2603);
#1492=LINE('',#12579,#2604);
#1493=LINE('',#12581,#2605);
#1494=LINE('',#12582,#2606);
#1495=LINE('',#12585,#2607);
#1496=LINE('',#12587,#2608);
#1497=LINE('',#12588,#2609);
#1498=LINE('',#12591,#2610);
#1499=LINE('',#12593,#2611);
#1500=LINE('',#12594,#2612);
#1501=LINE('',#12597,#2613);
#1502=LINE('',#12599,#2614);
#1503=LINE('',#12600,#2615);
#1504=LINE('',#12603,#2616);
#1505=LINE('',#12605,#2617);
#1506=LINE('',#12606,#2618);
#1507=LINE('',#12609,#2619);
#1508=LINE('',#12611,#2620);
#1509=LINE('',#12612,#2621);
#1510=LINE('',#12615,#2622);
#1511=LINE('',#12617,#2623);
#1512=LINE('',#12618,#2624);
#1513=LINE('',#12621,#2625);
#1514=LINE('',#12623,#2626);
#1515=LINE('',#12624,#2627);
#1516=LINE('',#12627,#2628);
#1517=LINE('',#12629,#2629);
#1518=LINE('',#12630,#2630);
#1519=LINE('',#12633,#2631);
#1520=LINE('',#12635,#2632);
#1521=LINE('',#12636,#2633);
#1522=LINE('',#12639,#2634);
#1523=LINE('',#12641,#2635);
#1524=LINE('',#12642,#2636);
#1525=LINE('',#12645,#2637);
#1526=LINE('',#12647,#2638);
#1527=LINE('',#12648,#2639);
#1528=LINE('',#12651,#2640);
#1529=LINE('',#12653,#2641);
#1530=LINE('',#12654,#2642);
#1531=LINE('',#12657,#2643);
#1532=LINE('',#12659,#2644);
#1533=LINE('',#12660,#2645);
#1534=LINE('',#12663,#2646);
#1535=LINE('',#12665,#2647);
#1536=LINE('',#12666,#2648);
#1537=LINE('',#12669,#2649);
#1538=LINE('',#12671,#2650);
#1539=LINE('',#12672,#2651);
#1540=LINE('',#12675,#2652);
#1541=LINE('',#12677,#2653);
#1542=LINE('',#12678,#2654);
#1543=LINE('',#12681,#2655);
#1544=LINE('',#12683,#2656);
#1545=LINE('',#12684,#2657);
#1546=LINE('',#12687,#2658);
#1547=LINE('',#12689,#2659);
#1548=LINE('',#12690,#2660);
#1549=LINE('',#12693,#2661);
#1550=LINE('',#12695,#2662);
#1551=LINE('',#12696,#2663);
#1552=LINE('',#12699,#2664);
#1553=LINE('',#12701,#2665);
#1554=LINE('',#12702,#2666);
#1555=LINE('',#12705,#2667);
#1556=LINE('',#12707,#2668);
#1557=LINE('',#12708,#2669);
#1558=LINE('',#12711,#2670);
#1559=LINE('',#12713,#2671);
#1560=LINE('',#12714,#2672);
#1561=LINE('',#12717,#2673);
#1562=LINE('',#12719,#2674);
#1563=LINE('',#12720,#2675);
#1564=LINE('',#12723,#2676);
#1565=LINE('',#12725,#2677);
#1566=LINE('',#12726,#2678);
#1567=LINE('',#12729,#2679);
#1568=LINE('',#12731,#2680);
#1569=LINE('',#12732,#2681);
#1570=LINE('',#12735,#2682);
#1571=LINE('',#12737,#2683);
#1572=LINE('',#12738,#2684);
#1573=LINE('',#12741,#2685);
#1574=LINE('',#12743,#2686);
#1575=LINE('',#12744,#2687);
#1576=LINE('',#12747,#2688);
#1577=LINE('',#12749,#2689);
#1578=LINE('',#12750,#2690);
#1579=LINE('',#12753,#2691);
#1580=LINE('',#12755,#2692);
#1581=LINE('',#12756,#2693);
#1582=LINE('',#12759,#2694);
#1583=LINE('',#12761,#2695);
#1584=LINE('',#12762,#2696);
#1585=LINE('',#12765,#2697);
#1586=LINE('',#12767,#2698);
#1587=LINE('',#12768,#2699);
#1588=LINE('',#12771,#2700);
#1589=LINE('',#12773,#2701);
#1590=LINE('',#12774,#2702);
#1591=LINE('',#12776,#2703);
#1592=LINE('',#12777,#2704);
#1593=LINE('',#12781,#2705);
#1594=LINE('',#12783,#2706);
#1595=LINE('',#12785,#2707);
#1596=LINE('',#12786,#2708);
#1597=LINE('',#12789,#2709);
#1598=LINE('',#12791,#2710);
#1599=LINE('',#12792,#2711);
#1600=LINE('',#12795,#2712);
#1601=LINE('',#12797,#2713);
#1602=LINE('',#12798,#2714);
#1603=LINE('',#12801,#2715);
#1604=LINE('',#12803,#2716);
#1605=LINE('',#12804,#2717);
#1606=LINE('',#12807,#2718);
#1607=LINE('',#12809,#2719);
#1608=LINE('',#12810,#2720);
#1609=LINE('',#12813,#2721);
#1610=LINE('',#12815,#2722);
#1611=LINE('',#12816,#2723);
#1612=LINE('',#12819,#2724);
#1613=LINE('',#12821,#2725);
#1614=LINE('',#12822,#2726);
#1615=LINE('',#12825,#2727);
#1616=LINE('',#12827,#2728);
#1617=LINE('',#12828,#2729);
#1618=LINE('',#12831,#2730);
#1619=LINE('',#12833,#2731);
#1620=LINE('',#12834,#2732);
#1621=LINE('',#12837,#2733);
#1622=LINE('',#12839,#2734);
#1623=LINE('',#12840,#2735);
#1624=LINE('',#12843,#2736);
#1625=LINE('',#12845,#2737);
#1626=LINE('',#12846,#2738);
#1627=LINE('',#12849,#2739);
#1628=LINE('',#12851,#2740);
#1629=LINE('',#12852,#2741);
#1630=LINE('',#12855,#2742);
#1631=LINE('',#12857,#2743);
#1632=LINE('',#12858,#2744);
#1633=LINE('',#12861,#2745);
#1634=LINE('',#12863,#2746);
#1635=LINE('',#12864,#2747);
#1636=LINE('',#12867,#2748);
#1637=LINE('',#12869,#2749);
#1638=LINE('',#12870,#2750);
#1639=LINE('',#12873,#2751);
#1640=LINE('',#12875,#2752);
#1641=LINE('',#12876,#2753);
#1642=LINE('',#12879,#2754);
#1643=LINE('',#12881,#2755);
#1644=LINE('',#12882,#2756);
#1645=LINE('',#12885,#2757);
#1646=LINE('',#12887,#2758);
#1647=LINE('',#12888,#2759);
#1648=LINE('',#12891,#2760);
#1649=LINE('',#12893,#2761);
#1650=LINE('',#12894,#2762);
#1651=LINE('',#12897,#2763);
#1652=LINE('',#12899,#2764);
#1653=LINE('',#12900,#2765);
#1654=LINE('',#12903,#2766);
#1655=LINE('',#12905,#2767);
#1656=LINE('',#12906,#2768);
#1657=LINE('',#12909,#2769);
#1658=LINE('',#12911,#2770);
#1659=LINE('',#12912,#2771);
#1660=LINE('',#12915,#2772);
#1661=LINE('',#12917,#2773);
#1662=LINE('',#12918,#2774);
#1663=LINE('',#12921,#2775);
#1664=LINE('',#12923,#2776);
#1665=LINE('',#12924,#2777);
#1666=LINE('',#12927,#2778);
#1667=LINE('',#12929,#2779);
#1668=LINE('',#12930,#2780);
#1669=LINE('',#12933,#2781);
#1670=LINE('',#12935,#2782);
#1671=LINE('',#12936,#2783);
#1672=LINE('',#12939,#2784);
#1673=LINE('',#12941,#2785);
#1674=LINE('',#12942,#2786);
#1675=LINE('',#12945,#2787);
#1676=LINE('',#12947,#2788);
#1677=LINE('',#12948,#2789);
#1678=LINE('',#12951,#2790);
#1679=LINE('',#12953,#2791);
#1680=LINE('',#12954,#2792);
#1681=LINE('',#12957,#2793);
#1682=LINE('',#12959,#2794);
#1683=LINE('',#12960,#2795);
#1684=LINE('',#12963,#2796);
#1685=LINE('',#12965,#2797);
#1686=LINE('',#12966,#2798);
#1687=LINE('',#12969,#2799);
#1688=LINE('',#12971,#2800);
#1689=LINE('',#12972,#2801);
#1690=LINE('',#12975,#2802);
#1691=LINE('',#12977,#2803);
#1692=LINE('',#12978,#2804);
#1693=LINE('',#12981,#2805);
#1694=LINE('',#12983,#2806);
#1695=LINE('',#12984,#2807);
#1696=LINE('',#12987,#2808);
#1697=LINE('',#12989,#2809);
#1698=LINE('',#12990,#2810);
#1699=LINE('',#12993,#2811);
#1700=LINE('',#12995,#2812);
#1701=LINE('',#12996,#2813);
#1702=LINE('',#12999,#2814);
#1703=LINE('',#13001,#2815);
#1704=LINE('',#13002,#2816);
#1705=LINE('',#13005,#2817);
#1706=LINE('',#13007,#2818);
#1707=LINE('',#13008,#2819);
#1708=LINE('',#13011,#2820);
#1709=LINE('',#13013,#2821);
#1710=LINE('',#13014,#2822);
#1711=LINE('',#13017,#2823);
#1712=LINE('',#13019,#2824);
#1713=LINE('',#13020,#2825);
#1714=LINE('',#13023,#2826);
#1715=LINE('',#13025,#2827);
#1716=LINE('',#13026,#2828);
#1717=LINE('',#13029,#2829);
#1718=LINE('',#13031,#2830);
#1719=LINE('',#13032,#2831);
#1720=LINE('',#13035,#2832);
#1721=LINE('',#13037,#2833);
#1722=LINE('',#13038,#2834);
#1723=LINE('',#13041,#2835);
#1724=LINE('',#13043,#2836);
#1725=LINE('',#13044,#2837);
#1726=LINE('',#13047,#2838);
#1727=LINE('',#13049,#2839);
#1728=LINE('',#13050,#2840);
#1729=LINE('',#13053,#2841);
#1730=LINE('',#13055,#2842);
#1731=LINE('',#13056,#2843);
#1732=LINE('',#13059,#2844);
#1733=LINE('',#13061,#2845);
#1734=LINE('',#13062,#2846);
#1735=LINE('',#13065,#2847);
#1736=LINE('',#13067,#2848);
#1737=LINE('',#13068,#2849);
#1738=LINE('',#13071,#2850);
#1739=LINE('',#13073,#2851);
#1740=LINE('',#13074,#2852);
#1741=LINE('',#13077,#2853);
#1742=LINE('',#13079,#2854);
#1743=LINE('',#13080,#2855);
#1744=LINE('',#13083,#2856);
#1745=LINE('',#13085,#2857);
#1746=LINE('',#13086,#2858);
#1747=LINE('',#13089,#2859);
#1748=LINE('',#13091,#2860);
#1749=LINE('',#13092,#2861);
#1750=LINE('',#13095,#2862);
#1751=LINE('',#13097,#2863);
#1752=LINE('',#13098,#2864);
#1753=LINE('',#13101,#2865);
#1754=LINE('',#13103,#2866);
#1755=LINE('',#13104,#2867);
#1756=LINE('',#13107,#2868);
#1757=LINE('',#13109,#2869);
#1758=LINE('',#13110,#2870);
#1759=LINE('',#13113,#2871);
#1760=LINE('',#13115,#2872);
#1761=LINE('',#13116,#2873);
#1762=LINE('',#13119,#2874);
#1763=LINE('',#13121,#2875);
#1764=LINE('',#13122,#2876);
#1765=LINE('',#13125,#2877);
#1766=LINE('',#13127,#2878);
#1767=LINE('',#13128,#2879);
#1768=LINE('',#13131,#2880);
#1769=LINE('',#13133,#2881);
#1770=LINE('',#13134,#2882);
#1771=LINE('',#13137,#2883);
#1772=LINE('',#13139,#2884);
#1773=LINE('',#13140,#2885);
#1774=LINE('',#13143,#2886);
#1775=LINE('',#13145,#2887);
#1776=LINE('',#13146,#2888);
#1777=LINE('',#13149,#2889);
#1778=LINE('',#13151,#2890);
#1779=LINE('',#13152,#2891);
#1780=LINE('',#13155,#2892);
#1781=LINE('',#13157,#2893);
#1782=LINE('',#13158,#2894);
#1783=LINE('',#13161,#2895);
#1784=LINE('',#13163,#2896);
#1785=LINE('',#13164,#2897);
#1786=LINE('',#13167,#2898);
#1787=LINE('',#13169,#2899);
#1788=LINE('',#13170,#2900);
#1789=LINE('',#13173,#2901);
#1790=LINE('',#13175,#2902);
#1791=LINE('',#13176,#2903);
#1792=LINE('',#13179,#2904);
#1793=LINE('',#13181,#2905);
#1794=LINE('',#13182,#2906);
#1795=LINE('',#13184,#2907);
#1796=LINE('',#13185,#2908);
#1797=LINE('',#13191,#2909);
#1798=LINE('',#13193,#2910);
#1799=LINE('',#13195,#2911);
#1800=LINE('',#13196,#2912);
#1801=LINE('',#13200,#2913);
#1802=LINE('',#13202,#2914);
#1803=LINE('',#13204,#2915);
#1804=LINE('',#13205,#2916);
#1805=LINE('',#13208,#2917);
#1806=LINE('',#13210,#2918);
#1807=LINE('',#13211,#2919);
#1808=LINE('',#13214,#2920);
#1809=LINE('',#13216,#2921);
#1810=LINE('',#13217,#2922);
#1811=LINE('',#13220,#2923);
#1812=LINE('',#13222,#2924);
#1813=LINE('',#13223,#2925);
#1814=LINE('',#13226,#2926);
#1815=LINE('',#13228,#2927);
#1816=LINE('',#13229,#2928);
#1817=LINE('',#13231,#2929);
#1818=LINE('',#13232,#2930);
#1819=LINE('',#13235,#2931);
#1820=LINE('',#13237,#2932);
#1821=LINE('',#13239,#2933);
#1822=LINE('',#13241,#2934);
#1823=LINE('',#13242,#2935);
#1824=LINE('',#13245,#2936);
#1825=LINE('',#13247,#2937);
#1826=LINE('',#13249,#2938);
#1827=LINE('',#13251,#2939);
#1828=LINE('',#13252,#2940);
#1829=LINE('',#13254,#2941);
#1830=LINE('',#13256,#2942);
#1831=LINE('',#13258,#2943);
#1832=LINE('',#13260,#2944);
#1833=LINE('',#13265,#2945);
#1834=LINE('',#13267,#2946);
#1835=LINE('',#13269,#2947);
#1836=LINE('',#13271,#2948);
#1837=LINE('',#13273,#2949);
#1838=LINE('',#13275,#2950);
#1839=LINE('',#13277,#2951);
#1840=LINE('',#13279,#2952);
#1841=LINE('',#13281,#2953);
#1842=LINE('',#13283,#2954);
#1843=LINE('',#13285,#2955);
#1844=LINE('',#13287,#2956);
#1845=LINE('',#13289,#2957);
#1846=LINE('',#13291,#2958);
#1847=LINE('',#13293,#2959);
#1848=LINE('',#13295,#2960);
#1849=LINE('',#13297,#2961);
#1850=LINE('',#13299,#2962);
#1851=LINE('',#13301,#2963);
#1852=LINE('',#13303,#2964);
#1853=LINE('',#13305,#2965);
#1854=LINE('',#13307,#2966);
#1855=LINE('',#13309,#2967);
#1856=LINE('',#13311,#2968);
#1857=LINE('',#13313,#2969);
#1858=LINE('',#13314,#2970);
#1859=LINE('',#13318,#2971);
#1860=LINE('',#13319,#2972);
#1861=LINE('',#13320,#2973);
#1862=LINE('',#13323,#2974);
#1863=LINE('',#13324,#2975);
#1864=LINE('',#13327,#2976);
#1865=LINE('',#13328,#2977);
#1866=LINE('',#13331,#2978);
#1867=LINE('',#13332,#2979);
#1868=LINE('',#13335,#2980);
#1869=LINE('',#13336,#2981);
#1870=LINE('',#13339,#2982);
#1871=LINE('',#13340,#2983);
#1872=LINE('',#13343,#2984);
#1873=LINE('',#13344,#2985);
#1874=LINE('',#13347,#2986);
#1875=LINE('',#13348,#2987);
#1876=LINE('',#13351,#2988);
#1877=LINE('',#13352,#2989);
#1878=LINE('',#13355,#2990);
#1879=LINE('',#13356,#2991);
#1880=LINE('',#13359,#2992);
#1881=LINE('',#13360,#2993);
#1882=LINE('',#13363,#2994);
#1883=LINE('',#13365,#2995);
#1884=LINE('',#13367,#2996);
#1885=LINE('',#13369,#2997);
#1886=LINE('',#13371,#2998);
#1887=LINE('',#13373,#2999);
#1888=LINE('',#13375,#3000);
#1889=LINE('',#13377,#3001);
#1890=LINE('',#13379,#3002);
#1891=LINE('',#13381,#3003);
#1892=LINE('',#13383,#3004);
#1893=LINE('',#13385,#3005);
#1894=LINE('',#13387,#3006);
#1895=LINE('',#13389,#3007);
#1896=LINE('',#13390,#3008);
#1897=LINE('',#13392,#3009);
#1898=LINE('',#13394,#3010);
#1899=LINE('',#13396,#3011);
#1900=LINE('',#13398,#3012);
#1901=LINE('',#13400,#3013);
#1902=LINE('',#13402,#3014);
#1903=LINE('',#13404,#3015);
#1904=LINE('',#13406,#3016);
#1905=LINE('',#13408,#3017);
#1906=LINE('',#13410,#3018);
#1907=LINE('',#13412,#3019);
#1908=LINE('',#13414,#3020);
#1909=LINE('',#13416,#3021);
#1910=LINE('',#13418,#3022);
#1911=LINE('',#13423,#3023);
#1912=LINE('',#13425,#3024);
#1913=LINE('',#13427,#3025);
#1914=LINE('',#13429,#3026);
#1915=LINE('',#13431,#3027);
#1916=LINE('',#13433,#3028);
#1917=LINE('',#13435,#3029);
#1918=LINE('',#13437,#3030);
#1919=LINE('',#13439,#3031);
#1920=LINE('',#13441,#3032);
#1921=LINE('',#13443,#3033);
#1922=LINE('',#13445,#3034);
#1923=LINE('',#13447,#3035);
#1924=LINE('',#13449,#3036);
#1925=LINE('',#13451,#3037);
#1926=LINE('',#13453,#3038);
#1927=LINE('',#13455,#3039);
#1928=LINE('',#13457,#3040);
#1929=LINE('',#13459,#3041);
#1930=LINE('',#13461,#3042);
#1931=LINE('',#13463,#3043);
#1932=LINE('',#13465,#3044);
#1933=LINE('',#13467,#3045);
#1934=LINE('',#13469,#3046);
#1935=LINE('',#13471,#3047);
#1936=LINE('',#13473,#3048);
#1937=LINE('',#13475,#3049);
#1938=LINE('',#13477,#3050);
#1939=LINE('',#13479,#3051);
#1940=LINE('',#13481,#3052);
#1941=LINE('',#13483,#3053);
#1942=LINE('',#13485,#3054);
#1943=LINE('',#13487,#3055);
#1944=LINE('',#13489,#3056);
#1945=LINE('',#13491,#3057);
#1946=LINE('',#13493,#3058);
#1947=LINE('',#13495,#3059);
#1948=LINE('',#13497,#3060);
#1949=LINE('',#13499,#3061);
#1950=LINE('',#13501,#3062);
#1951=LINE('',#13503,#3063);
#1952=LINE('',#13505,#3064);
#1953=LINE('',#13507,#3065);
#1954=LINE('',#13509,#3066);
#1955=LINE('',#13511,#3067);
#1956=LINE('',#13513,#3068);
#1957=LINE('',#13515,#3069);
#1958=LINE('',#13517,#3070);
#1959=LINE('',#13519,#3071);
#1960=LINE('',#13521,#3072);
#1961=LINE('',#13523,#3073);
#1962=LINE('',#13525,#3074);
#1963=LINE('',#13527,#3075);
#1964=LINE('',#13529,#3076);
#1965=LINE('',#13531,#3077);
#1966=LINE('',#13533,#3078);
#1967=LINE('',#13535,#3079);
#1968=LINE('',#13537,#3080);
#1969=LINE('',#13539,#3081);
#1970=LINE('',#13541,#3082);
#1971=LINE('',#13543,#3083);
#1972=LINE('',#13545,#3084);
#1973=LINE('',#13547,#3085);
#1974=LINE('',#13549,#3086);
#1975=LINE('',#13551,#3087);
#1976=LINE('',#13553,#3088);
#1977=LINE('',#13555,#3089);
#1978=LINE('',#13556,#3090);
#1979=LINE('',#13559,#3091);
#1980=LINE('',#13561,#3092);
#1981=LINE('',#13562,#3093);
#1982=LINE('',#13565,#3094);
#1983=LINE('',#13566,#3095);
#1984=LINE('',#13569,#3096);
#1985=LINE('',#13570,#3097);
#1986=LINE('',#13573,#3098);
#1987=LINE('',#13574,#3099);
#1988=LINE('',#13577,#3100);
#1989=LINE('',#13578,#3101);
#1990=LINE('',#13581,#3102);
#1991=LINE('',#13582,#3103);
#1992=LINE('',#13585,#3104);
#1993=LINE('',#13586,#3105);
#1994=LINE('',#13589,#3106);
#1995=LINE('',#13590,#3107);
#1996=LINE('',#13593,#3108);
#1997=LINE('',#13594,#3109);
#1998=LINE('',#13597,#3110);
#1999=LINE('',#13598,#3111);
#2000=LINE('',#13601,#3112);
#2001=LINE('',#13602,#3113);
#2002=LINE('',#13605,#3114);
#2003=LINE('',#13606,#3115);
#2004=LINE('',#13609,#3116);
#2005=LINE('',#13610,#3117);
#2006=LINE('',#13613,#3118);
#2007=LINE('',#13614,#3119);
#2008=LINE('',#13617,#3120);
#2009=LINE('',#13618,#3121);
#2010=LINE('',#13621,#3122);
#2011=LINE('',#13622,#3123);
#2012=LINE('',#13625,#3124);
#2013=LINE('',#13626,#3125);
#2014=LINE('',#13629,#3126);
#2015=LINE('',#13630,#3127);
#2016=LINE('',#13633,#3128);
#2017=LINE('',#13634,#3129);
#2018=LINE('',#13637,#3130);
#2019=LINE('',#13638,#3131);
#2020=LINE('',#13641,#3132);
#2021=LINE('',#13642,#3133);
#2022=LINE('',#13645,#3134);
#2023=LINE('',#13646,#3135);
#2024=LINE('',#13649,#3136);
#2025=LINE('',#13650,#3137);
#2026=LINE('',#13653,#3138);
#2027=LINE('',#13654,#3139);
#2028=LINE('',#13657,#3140);
#2029=LINE('',#13658,#3141);
#2030=LINE('',#13661,#3142);
#2031=LINE('',#13662,#3143);
#2032=LINE('',#13665,#3144);
#2033=LINE('',#13666,#3145);
#2034=LINE('',#13669,#3146);
#2035=LINE('',#13670,#3147);
#2036=LINE('',#13673,#3148);
#2037=LINE('',#13674,#3149);
#2038=LINE('',#13677,#3150);
#2039=LINE('',#13678,#3151);
#2040=LINE('',#13681,#3152);
#2041=LINE('',#13682,#3153);
#2042=LINE('',#13685,#3154);
#2043=LINE('',#13686,#3155);
#2044=LINE('',#13689,#3156);
#2045=LINE('',#13690,#3157);
#2046=LINE('',#13693,#3158);
#2047=LINE('',#13694,#3159);
#2048=LINE('',#13697,#3160);
#2049=LINE('',#13698,#3161);
#2050=LINE('',#13701,#3162);
#2051=LINE('',#13702,#3163);
#2052=LINE('',#13706,#3164);
#2053=LINE('',#13708,#3165);
#2054=LINE('',#13710,#3166);
#2055=LINE('',#13712,#3167);
#2056=LINE('',#13714,#3168);
#2057=LINE('',#13716,#3169);
#2058=LINE('',#13718,#3170);
#2059=LINE('',#13720,#3171);
#2060=LINE('',#13722,#3172);
#2061=LINE('',#13724,#3173);
#2062=LINE('',#13726,#3174);
#2063=LINE('',#13728,#3175);
#2064=LINE('',#13730,#3176);
#2065=LINE('',#13732,#3177);
#2066=LINE('',#13734,#3178);
#2067=LINE('',#13736,#3179);
#2068=LINE('',#13738,#3180);
#2069=LINE('',#13740,#3181);
#2070=LINE('',#13742,#3182);
#2071=LINE('',#13744,#3183);
#2072=LINE('',#13746,#3184);
#2073=LINE('',#13748,#3185);
#2074=LINE('',#13750,#3186);
#2075=LINE('',#13752,#3187);
#2076=LINE('',#13754,#3188);
#2077=LINE('',#13756,#3189);
#2078=LINE('',#13758,#3190);
#2079=LINE('',#13760,#3191);
#2080=LINE('',#13762,#3192);
#2081=LINE('',#13764,#3193);
#2082=LINE('',#13765,#3194);
#2083=LINE('',#13766,#3195);
#2084=LINE('',#13768,#3196);
#2085=LINE('',#13770,#3197);
#2086=LINE('',#13771,#3198);
#2087=LINE('',#13773,#3199);
#2088=LINE('',#13775,#3200);
#2089=LINE('',#13777,#3201);
#2090=LINE('',#13779,#3202);
#2091=LINE('',#13781,#3203);
#2092=LINE('',#13783,#3204);
#2093=LINE('',#13785,#3205);
#2094=LINE('',#13787,#3206);
#2095=LINE('',#13789,#3207);
#2096=LINE('',#13791,#3208);
#2097=LINE('',#13793,#3209);
#2098=LINE('',#13795,#3210);
#2099=LINE('',#13797,#3211);
#2100=LINE('',#13799,#3212);
#2101=LINE('',#13801,#3213);
#2102=LINE('',#13803,#3214);
#2103=LINE('',#13806,#3215);
#2104=LINE('',#13808,#3216);
#2105=LINE('',#13810,#3217);
#2106=LINE('',#13812,#3218);
#2107=LINE('',#13814,#3219);
#2108=LINE('',#13816,#3220);
#2109=LINE('',#13818,#3221);
#2110=LINE('',#13820,#3222);
#2111=LINE('',#13822,#3223);
#2112=LINE('',#13824,#3224);
#2113=LINE('',#13826,#3225);
#2114=LINE('',#13828,#3226);
#2115=VECTOR('',#8810,10.);
#2116=VECTOR('',#8811,10.);
#2117=VECTOR('',#8812,10.);
#2118=VECTOR('',#8813,10.);
#2119=VECTOR('',#8816,10.);
#2120=VECTOR('',#8817,10.);
#2121=VECTOR('',#8818,10.);
#2122=VECTOR('',#8821,10.);
#2123=VECTOR('',#8822,10.);
#2124=VECTOR('',#8823,10.);
#2125=VECTOR('',#8826,10.);
#2126=VECTOR('',#8827,10.);
#2127=VECTOR('',#8828,10.);
#2128=VECTOR('',#8831,10.);
#2129=VECTOR('',#8832,10.);
#2130=VECTOR('',#8833,10.);
#2131=VECTOR('',#8836,10.);
#2132=VECTOR('',#8837,10.);
#2133=VECTOR('',#8838,10.);
#2134=VECTOR('',#8841,10.);
#2135=VECTOR('',#8842,10.);
#2136=VECTOR('',#8843,10.);
#2137=VECTOR('',#8846,10.);
#2138=VECTOR('',#8847,10.);
#2139=VECTOR('',#8848,10.);
#2140=VECTOR('',#8851,10.);
#2141=VECTOR('',#8852,10.);
#2142=VECTOR('',#8853,10.);
#2143=VECTOR('',#8856,10.);
#2144=VECTOR('',#8857,10.);
#2145=VECTOR('',#8858,10.);
#2146=VECTOR('',#8861,10.);
#2147=VECTOR('',#8862,10.);
#2148=VECTOR('',#8863,10.);
#2149=VECTOR('',#8866,10.);
#2150=VECTOR('',#8867,10.);
#2151=VECTOR('',#8868,10.);
#2152=VECTOR('',#8871,10.);
#2153=VECTOR('',#8872,10.);
#2154=VECTOR('',#8873,10.);
#2155=VECTOR('',#8876,10.);
#2156=VECTOR('',#8877,10.);
#2157=VECTOR('',#8878,10.);
#2158=VECTOR('',#8881,10.);
#2159=VECTOR('',#8882,10.);
#2160=VECTOR('',#8883,10.);
#2161=VECTOR('',#8886,10.);
#2162=VECTOR('',#8887,10.);
#2163=VECTOR('',#8888,10.);
#2164=VECTOR('',#8891,10.);
#2165=VECTOR('',#8892,10.);
#2166=VECTOR('',#8893,10.);
#2167=VECTOR('',#8896,10.);
#2168=VECTOR('',#8897,10.);
#2169=VECTOR('',#8898,10.);
#2170=VECTOR('',#8901,10.);
#2171=VECTOR('',#8902,10.);
#2172=VECTOR('',#8903,10.);
#2173=VECTOR('',#8906,10.);
#2174=VECTOR('',#8907,10.);
#2175=VECTOR('',#8908,10.);
#2176=VECTOR('',#8911,10.);
#2177=VECTOR('',#8912,10.);
#2178=VECTOR('',#8913,10.);
#2179=VECTOR('',#8916,10.);
#2180=VECTOR('',#8917,10.);
#2181=VECTOR('',#8918,10.);
#2182=VECTOR('',#8921,10.);
#2183=VECTOR('',#8922,10.);
#2184=VECTOR('',#8923,10.);
#2185=VECTOR('',#8926,10.);
#2186=VECTOR('',#8927,10.);
#2187=VECTOR('',#8928,10.);
#2188=VECTOR('',#8931,10.);
#2189=VECTOR('',#8932,10.);
#2190=VECTOR('',#8933,10.);
#2191=VECTOR('',#8936,10.);
#2192=VECTOR('',#8937,10.);
#2193=VECTOR('',#8938,10.);
#2194=VECTOR('',#8941,10.);
#2195=VECTOR('',#8942,10.);
#2196=VECTOR('',#8943,10.);
#2197=VECTOR('',#8946,10.);
#2198=VECTOR('',#8947,10.);
#2199=VECTOR('',#8948,10.);
#2200=VECTOR('',#8951,10.);
#2201=VECTOR('',#8952,10.);
#2202=VECTOR('',#8953,10.);
#2203=VECTOR('',#8956,10.);
#2204=VECTOR('',#8957,10.);
#2205=VECTOR('',#8958,10.);
#2206=VECTOR('',#8961,10.);
#2207=VECTOR('',#8962,10.);
#2208=VECTOR('',#8963,10.);
#2209=VECTOR('',#8966,10.);
#2210=VECTOR('',#8967,10.);
#2211=VECTOR('',#8968,10.);
#2212=VECTOR('',#8971,10.);
#2213=VECTOR('',#8972,10.);
#2214=VECTOR('',#8973,10.);
#2215=VECTOR('',#8976,10.);
#2216=VECTOR('',#8977,10.);
#2217=VECTOR('',#8980,10.);
#2218=VECTOR('',#8981,10.);
#2219=VECTOR('',#8982,10.);
#2220=VECTOR('',#8983,10.);
#2221=VECTOR('',#8986,10.);
#2222=VECTOR('',#8987,10.);
#2223=VECTOR('',#8988,10.);
#2224=VECTOR('',#8991,10.);
#2225=VECTOR('',#8992,10.);
#2226=VECTOR('',#8993,10.);
#2227=VECTOR('',#8996,10.);
#2228=VECTOR('',#8997,10.);
#2229=VECTOR('',#8998,10.);
#2230=VECTOR('',#9001,10.);
#2231=VECTOR('',#9002,10.);
#2232=VECTOR('',#9003,10.);
#2233=VECTOR('',#9006,10.);
#2234=VECTOR('',#9007,10.);
#2235=VECTOR('',#9008,10.);
#2236=VECTOR('',#9011,10.);
#2237=VECTOR('',#9012,10.);
#2238=VECTOR('',#9013,10.);
#2239=VECTOR('',#9016,10.);
#2240=VECTOR('',#9017,10.);
#2241=VECTOR('',#9018,10.);
#2242=VECTOR('',#9021,10.);
#2243=VECTOR('',#9022,10.);
#2244=VECTOR('',#9023,10.);
#2245=VECTOR('',#9026,10.);
#2246=VECTOR('',#9027,10.);
#2247=VECTOR('',#9028,10.);
#2248=VECTOR('',#9031,10.);
#2249=VECTOR('',#9032,10.);
#2250=VECTOR('',#9033,10.);
#2251=VECTOR('',#9036,10.);
#2252=VECTOR('',#9037,10.);
#2253=VECTOR('',#9038,10.);
#2254=VECTOR('',#9041,10.);
#2255=VECTOR('',#9042,10.);
#2256=VECTOR('',#9043,10.);
#2257=VECTOR('',#9046,10.);
#2258=VECTOR('',#9047,10.);
#2259=VECTOR('',#9048,10.);
#2260=VECTOR('',#9051,10.);
#2261=VECTOR('',#9052,10.);
#2262=VECTOR('',#9053,10.);
#2263=VECTOR('',#9056,10.);
#2264=VECTOR('',#9057,10.);
#2265=VECTOR('',#9058,10.);
#2266=VECTOR('',#9061,10.);
#2267=VECTOR('',#9062,10.);
#2268=VECTOR('',#9063,10.);
#2269=VECTOR('',#9066,10.);
#2270=VECTOR('',#9067,10.);
#2271=VECTOR('',#9068,10.);
#2272=VECTOR('',#9071,10.);
#2273=VECTOR('',#9072,10.);
#2274=VECTOR('',#9073,10.);
#2275=VECTOR('',#9076,10.);
#2276=VECTOR('',#9077,10.);
#2277=VECTOR('',#9078,10.);
#2278=VECTOR('',#9081,10.);
#2279=VECTOR('',#9082,10.);
#2280=VECTOR('',#9083,10.);
#2281=VECTOR('',#9086,10.);
#2282=VECTOR('',#9087,10.);
#2283=VECTOR('',#9088,10.);
#2284=VECTOR('',#9091,10.);
#2285=VECTOR('',#9092,10.);
#2286=VECTOR('',#9093,10.);
#2287=VECTOR('',#9096,10.);
#2288=VECTOR('',#9097,10.);
#2289=VECTOR('',#9098,10.);
#2290=VECTOR('',#9101,10.);
#2291=VECTOR('',#9102,10.);
#2292=VECTOR('',#9103,10.);
#2293=VECTOR('',#9106,10.);
#2294=VECTOR('',#9107,10.);
#2295=VECTOR('',#9108,10.);
#2296=VECTOR('',#9111,10.);
#2297=VECTOR('',#9112,10.);
#2298=VECTOR('',#9113,10.);
#2299=VECTOR('',#9116,10.);
#2300=VECTOR('',#9117,10.);
#2301=VECTOR('',#9118,10.);
#2302=VECTOR('',#9121,10.);
#2303=VECTOR('',#9122,10.);
#2304=VECTOR('',#9123,10.);
#2305=VECTOR('',#9126,10.);
#2306=VECTOR('',#9127,10.);
#2307=VECTOR('',#9128,10.);
#2308=VECTOR('',#9131,10.);
#2309=VECTOR('',#9132,10.);
#2310=VECTOR('',#9133,10.);
#2311=VECTOR('',#9136,10.);
#2312=VECTOR('',#9137,10.);
#2313=VECTOR('',#9138,10.);
#2314=VECTOR('',#9141,10.);
#2315=VECTOR('',#9142,10.);
#2316=VECTOR('',#9143,10.);
#2317=VECTOR('',#9146,10.);
#2318=VECTOR('',#9147,10.);
#2319=VECTOR('',#9148,10.);
#2320=VECTOR('',#9151,10.);
#2321=VECTOR('',#9152,10.);
#2322=VECTOR('',#9153,10.);
#2323=VECTOR('',#9156,10.);
#2324=VECTOR('',#9157,10.);
#2325=VECTOR('',#9158,10.);
#2326=VECTOR('',#9161,10.);
#2327=VECTOR('',#9162,10.);
#2328=VECTOR('',#9163,10.);
#2329=VECTOR('',#9166,10.);
#2330=VECTOR('',#9167,10.);
#2331=VECTOR('',#9168,10.);
#2332=VECTOR('',#9171,10.);
#2333=VECTOR('',#9172,10.);
#2334=VECTOR('',#9173,10.);
#2335=VECTOR('',#9176,10.);
#2336=VECTOR('',#9177,10.);
#2337=VECTOR('',#9178,10.);
#2338=VECTOR('',#9181,10.);
#2339=VECTOR('',#9182,10.);
#2340=VECTOR('',#9183,10.);
#2341=VECTOR('',#9186,10.);
#2342=VECTOR('',#9187,10.);
#2343=VECTOR('',#9188,10.);
#2344=VECTOR('',#9191,10.);
#2345=VECTOR('',#9192,10.);
#2346=VECTOR('',#9193,10.);
#2347=VECTOR('',#9196,10.);
#2348=VECTOR('',#9197,10.);
#2349=VECTOR('',#9198,10.);
#2350=VECTOR('',#9201,10.);
#2351=VECTOR('',#9202,10.);
#2352=VECTOR('',#9203,10.);
#2353=VECTOR('',#9206,10.);
#2354=VECTOR('',#9207,10.);
#2355=VECTOR('',#9208,10.);
#2356=VECTOR('',#9211,10.);
#2357=VECTOR('',#9212,10.);
#2358=VECTOR('',#9213,10.);
#2359=VECTOR('',#9216,10.);
#2360=VECTOR('',#9217,10.);
#2361=VECTOR('',#9218,10.);
#2362=VECTOR('',#9221,10.);
#2363=VECTOR('',#9222,10.);
#2364=VECTOR('',#9223,10.);
#2365=VECTOR('',#9226,10.);
#2366=VECTOR('',#9227,10.);
#2367=VECTOR('',#9228,10.);
#2368=VECTOR('',#9231,10.);
#2369=VECTOR('',#9232,10.);
#2370=VECTOR('',#9233,10.);
#2371=VECTOR('',#9236,10.);
#2372=VECTOR('',#9237,10.);
#2373=VECTOR('',#9238,10.);
#2374=VECTOR('',#9241,10.);
#2375=VECTOR('',#9242,10.);
#2376=VECTOR('',#9243,10.);
#2377=VECTOR('',#9246,10.);
#2378=VECTOR('',#9247,10.);
#2379=VECTOR('',#9248,10.);
#2380=VECTOR('',#9251,10.);
#2381=VECTOR('',#9252,10.);
#2382=VECTOR('',#9253,10.);
#2383=VECTOR('',#9256,10.);
#2384=VECTOR('',#9257,10.);
#2385=VECTOR('',#9258,10.);
#2386=VECTOR('',#9261,10.);
#2387=VECTOR('',#9262,10.);
#2388=VECTOR('',#9263,10.);
#2389=VECTOR('',#9266,10.);
#2390=VECTOR('',#9267,10.);
#2391=VECTOR('',#9268,10.);
#2392=VECTOR('',#9271,10.);
#2393=VECTOR('',#9272,10.);
#2394=VECTOR('',#9273,10.);
#2395=VECTOR('',#9276,10.);
#2396=VECTOR('',#9277,10.);
#2397=VECTOR('',#9278,10.);
#2398=VECTOR('',#9281,10.);
#2399=VECTOR('',#9282,10.);
#2400=VECTOR('',#9283,10.);
#2401=VECTOR('',#9286,10.);
#2402=VECTOR('',#9287,10.);
#2403=VECTOR('',#9288,10.);
#2404=VECTOR('',#9291,10.);
#2405=VECTOR('',#9292,10.);
#2406=VECTOR('',#9293,10.);
#2407=VECTOR('',#9296,10.);
#2408=VECTOR('',#9297,10.);
#2409=VECTOR('',#9298,10.);
#2410=VECTOR('',#9301,10.);
#2411=VECTOR('',#9302,10.);
#2412=VECTOR('',#9303,10.);
#2413=VECTOR('',#9306,10.);
#2414=VECTOR('',#9307,10.);
#2415=VECTOR('',#9308,10.);
#2416=VECTOR('',#9311,10.);
#2417=VECTOR('',#9312,10.);
#2418=VECTOR('',#9313,10.);
#2419=VECTOR('',#9316,10.);
#2420=VECTOR('',#9317,10.);
#2421=VECTOR('',#9318,10.);
#2422=VECTOR('',#9321,10.);
#2423=VECTOR('',#9322,10.);
#2424=VECTOR('',#9323,10.);
#2425=VECTOR('',#9326,10.);
#2426=VECTOR('',#9327,10.);
#2427=VECTOR('',#9328,10.);
#2428=VECTOR('',#9331,10.);
#2429=VECTOR('',#9332,10.);
#2430=VECTOR('',#9333,10.);
#2431=VECTOR('',#9336,10.);
#2432=VECTOR('',#9337,10.);
#2433=VECTOR('',#9342,10.);
#2434=VECTOR('',#9343,10.);
#2435=VECTOR('',#9344,10.);
#2436=VECTOR('',#9345,10.);
#2437=VECTOR('',#9348,10.);
#2438=VECTOR('',#9349,10.);
#2439=VECTOR('',#9350,10.);
#2440=VECTOR('',#9351,10.);
#2441=VECTOR('',#9352,10.);
#2442=VECTOR('',#9353,10.);
#2443=VECTOR('',#9356,10.);
#2444=VECTOR('',#9357,10.);
#2445=VECTOR('',#9358,10.);
#2446=VECTOR('',#9359,10.);
#2447=VECTOR('',#9360,10.);
#2448=VECTOR('',#9361,10.);
#2449=VECTOR('',#9364,10.);
#2450=VECTOR('',#9365,10.);
#2451=VECTOR('',#9366,10.);
#2452=VECTOR('',#9367,10.);
#2453=VECTOR('',#9368,10.);
#2454=VECTOR('',#9369,10.);
#2455=VECTOR('',#9372,10.);
#2456=VECTOR('',#9373,10.);
#2457=VECTOR('',#9374,10.);
#2458=VECTOR('',#9375,10.);
#2459=VECTOR('',#9376,10.);
#2460=VECTOR('',#9377,10.);
#2461=VECTOR('',#9380,10.);
#2462=VECTOR('',#9381,10.);
#2463=VECTOR('',#9382,10.);
#2464=VECTOR('',#9385,10.);
#2465=VECTOR('',#9388,10.);
#2466=VECTOR('',#9389,10.);
#2467=VECTOR('',#9392,10.);
#2468=VECTOR('',#9395,10.);
#2469=VECTOR('',#9396,10.);
#2470=VECTOR('',#9397,10.);
#2471=VECTOR('',#9398,10.);
#2472=VECTOR('',#9399,10.);
#2473=VECTOR('',#9400,10.);
#2474=VECTOR('',#9403,10.);
#2475=VECTOR('',#9404,10.);
#2476=VECTOR('',#9405,10.);
#2477=VECTOR('',#9406,10.);
#2478=VECTOR('',#9407,10.);
#2479=VECTOR('',#9410,10.);
#2480=VECTOR('',#9411,10.);
#2481=VECTOR('',#9412,10.);
#2482=VECTOR('',#9413,10.);
#2483=VECTOR('',#9414,10.);
#2484=VECTOR('',#9417,10.);
#2485=VECTOR('',#9418,10.);
#2486=VECTOR('',#9419,10.);
#2487=VECTOR('',#9420,10.);
#2488=VECTOR('',#9421,10.);
#2489=VECTOR('',#9424,10.);
#2490=VECTOR('',#9425,10.);
#2491=VECTOR('',#9426,10.);
#2492=VECTOR('',#9429,10.);
#2493=VECTOR('',#9432,10.);
#2494=VECTOR('',#9435,10.);
#2495=VECTOR('',#9436,10.);
#2496=VECTOR('',#9439,10.);
#2497=VECTOR('',#9444,10.);
#2498=VECTOR('',#9445,10.);
#2499=VECTOR('',#9448,10.);
#2500=VECTOR('',#9449,10.);
#2501=VECTOR('',#9450,10.);
#2502=VECTOR('',#9451,10.);
#2503=VECTOR('',#9454,10.);
#2504=VECTOR('',#9455,10.);
#2505=VECTOR('',#9456,10.);
#2506=VECTOR('',#9457,10.);
#2507=VECTOR('',#9460,10.);
#2508=VECTOR('',#9461,10.);
#2509=VECTOR('',#9462,10.);
#2510=VECTOR('',#9463,10.);
#2511=VECTOR('',#9466,10.);
#2512=VECTOR('',#9467,10.);
#2513=VECTOR('',#9468,10.);
#2514=VECTOR('',#9469,10.);
#2515=VECTOR('',#9472,10.);
#2516=VECTOR('',#9473,10.);
#2517=VECTOR('',#9474,10.);
#2518=VECTOR('',#9477,10.);
#2519=VECTOR('',#9478,10.);
#2520=VECTOR('',#9479,10.);
#2521=VECTOR('',#9480,10.);
#2522=VECTOR('',#9483,10.);
#2523=VECTOR('',#9484,10.);
#2524=VECTOR('',#9487,10.);
#2525=VECTOR('',#9488,10.);
#2526=VECTOR('',#9491,10.);
#2527=VECTOR('',#9492,10.);
#2528=VECTOR('',#9495,10.);
#2529=VECTOR('',#9496,10.);
#2530=VECTOR('',#9497,10.);
#2531=VECTOR('',#9500,10.);
#2532=VECTOR('',#9501,10.);
#2533=VECTOR('',#9504,10.);
#2534=VECTOR('',#9505,10.);
#2535=VECTOR('',#9508,10.);
#2536=VECTOR('',#9509,10.);
#2537=VECTOR('',#9510,10.);
#2538=VECTOR('',#9513,10.);
#2539=VECTOR('',#9514,10.);
#2540=VECTOR('',#9517,10.);
#2541=VECTOR('',#9518,10.);
#2542=VECTOR('',#9521,10.);
#2543=VECTOR('',#9522,10.);
#2544=VECTOR('',#9525,10.);
#2545=VECTOR('',#9526,10.);
#2546=VECTOR('',#9529,10.);
#2547=VECTOR('',#9530,10.);
#2548=VECTOR('',#9533,10.);
#2549=VECTOR('',#9536,10.);
#2550=VECTOR('',#9539,10.);
#2551=VECTOR('',#9542,10.);
#2552=VECTOR('',#9547,10.);
#2553=VECTOR('',#9548,10.);
#2554=VECTOR('',#9551,10.);
#2555=VECTOR('',#9552,10.);
#2556=VECTOR('',#9573,10.);
#2557=VECTOR('',#9578,10.);
#2558=VECTOR('',#9581,10.);
#2559=VECTOR('',#9582,10.);
#2560=VECTOR('',#9585,10.);
#2561=VECTOR('',#9594,10.);
#2562=VECTOR('',#9597,10.);
#2563=VECTOR('',#9600,10.);
#2564=VECTOR('',#9601,10.);
#2565=VECTOR('',#9606,10.);
#2566=VECTOR('',#9609,10.);
#2567=VECTOR('',#9612,10.);
#2568=VECTOR('',#9615,10.);
#2569=VECTOR('',#9616,10.);
#2570=VECTOR('',#9619,10.);
#2571=VECTOR('',#9624,10.);
#2572=VECTOR('',#9625,10.);
#2573=VECTOR('',#9628,10.);
#2574=VECTOR('',#9633,10.);
#2575=VECTOR('',#9636,10.);
#2576=VECTOR('',#9637,10.);
#2577=VECTOR('',#9640,10.);
#2578=VECTOR('',#9645,10.);
#2579=VECTOR('',#9646,10.);
#2580=VECTOR('',#9649,10.);
#2581=VECTOR('',#9650,10.);
#2582=VECTOR('',#9653,10.);
#2583=VECTOR('',#9654,10.);
#2584=VECTOR('',#9657,10.);
#2585=VECTOR('',#9666,10.);
#2586=VECTOR('',#9667,10.);
#2587=VECTOR('',#9668,10.);
#2588=VECTOR('',#9669,10.);
#2589=VECTOR('',#9672,10.);
#2590=VECTOR('',#9673,10.);
#2591=VECTOR('',#9674,10.);
#2592=VECTOR('',#9677,10.);
#2593=VECTOR('',#9678,10.);
#2594=VECTOR('',#9679,10.);
#2595=VECTOR('',#9682,10.);
#2596=VECTOR('',#9683,10.);
#2597=VECTOR('',#9684,10.);
#2598=VECTOR('',#9687,10.);
#2599=VECTOR('',#9688,10.);
#2600=VECTOR('',#9689,10.);
#2601=VECTOR('',#9692,10.);
#2602=VECTOR('',#9693,10.);
#2603=VECTOR('',#9694,10.);
#2604=VECTOR('',#9697,10.);
#2605=VECTOR('',#9698,10.);
#2606=VECTOR('',#9699,10.);
#2607=VECTOR('',#9702,10.);
#2608=VECTOR('',#9703,10.);
#2609=VECTOR('',#9704,10.);
#2610=VECTOR('',#9707,10.);
#2611=VECTOR('',#9708,10.);
#2612=VECTOR('',#9709,10.);
#2613=VECTOR('',#9712,10.);
#2614=VECTOR('',#9713,10.);
#2615=VECTOR('',#9714,10.);
#2616=VECTOR('',#9717,10.);
#2617=VECTOR('',#9718,10.);
#2618=VECTOR('',#9719,10.);
#2619=VECTOR('',#9722,10.);
#2620=VECTOR('',#9723,10.);
#2621=VECTOR('',#9724,10.);
#2622=VECTOR('',#9727,10.);
#2623=VECTOR('',#9728,10.);
#2624=VECTOR('',#9729,10.);
#2625=VECTOR('',#9732,10.);
#2626=VECTOR('',#9733,10.);
#2627=VECTOR('',#9734,10.);
#2628=VECTOR('',#9737,10.);
#2629=VECTOR('',#9738,10.);
#2630=VECTOR('',#9739,10.);
#2631=VECTOR('',#9742,10.);
#2632=VECTOR('',#9743,10.);
#2633=VECTOR('',#9744,10.);
#2634=VECTOR('',#9747,10.);
#2635=VECTOR('',#9748,10.);
#2636=VECTOR('',#9749,10.);
#2637=VECTOR('',#9752,10.);
#2638=VECTOR('',#9753,10.);
#2639=VECTOR('',#9754,10.);
#2640=VECTOR('',#9757,10.);
#2641=VECTOR('',#9758,10.);
#2642=VECTOR('',#9759,10.);
#2643=VECTOR('',#9762,10.);
#2644=VECTOR('',#9763,10.);
#2645=VECTOR('',#9764,10.);
#2646=VECTOR('',#9767,10.);
#2647=VECTOR('',#9768,10.);
#2648=VECTOR('',#9769,10.);
#2649=VECTOR('',#9772,10.);
#2650=VECTOR('',#9773,10.);
#2651=VECTOR('',#9774,10.);
#2652=VECTOR('',#9777,10.);
#2653=VECTOR('',#9778,10.);
#2654=VECTOR('',#9779,10.);
#2655=VECTOR('',#9782,10.);
#2656=VECTOR('',#9783,10.);
#2657=VECTOR('',#9784,10.);
#2658=VECTOR('',#9787,10.);
#2659=VECTOR('',#9788,10.);
#2660=VECTOR('',#9789,10.);
#2661=VECTOR('',#9792,10.);
#2662=VECTOR('',#9793,10.);
#2663=VECTOR('',#9794,10.);
#2664=VECTOR('',#9797,10.);
#2665=VECTOR('',#9798,10.);
#2666=VECTOR('',#9799,10.);
#2667=VECTOR('',#9802,10.);
#2668=VECTOR('',#9803,10.);
#2669=VECTOR('',#9804,10.);
#2670=VECTOR('',#9807,10.);
#2671=VECTOR('',#9808,10.);
#2672=VECTOR('',#9809,10.);
#2673=VECTOR('',#9812,10.);
#2674=VECTOR('',#9813,10.);
#2675=VECTOR('',#9814,10.);
#2676=VECTOR('',#9817,10.);
#2677=VECTOR('',#9818,10.);
#2678=VECTOR('',#9819,10.);
#2679=VECTOR('',#9822,10.);
#2680=VECTOR('',#9823,10.);
#2681=VECTOR('',#9824,10.);
#2682=VECTOR('',#9827,10.);
#2683=VECTOR('',#9828,10.);
#2684=VECTOR('',#9829,10.);
#2685=VECTOR('',#9832,10.);
#2686=VECTOR('',#9833,10.);
#2687=VECTOR('',#9834,10.);
#2688=VECTOR('',#9837,10.);
#2689=VECTOR('',#9838,10.);
#2690=VECTOR('',#9839,10.);
#2691=VECTOR('',#9842,10.);
#2692=VECTOR('',#9843,10.);
#2693=VECTOR('',#9844,10.);
#2694=VECTOR('',#9847,10.);
#2695=VECTOR('',#9848,10.);
#2696=VECTOR('',#9849,10.);
#2697=VECTOR('',#9852,10.);
#2698=VECTOR('',#9853,10.);
#2699=VECTOR('',#9854,10.);
#2700=VECTOR('',#9857,10.);
#2701=VECTOR('',#9858,10.);
#2702=VECTOR('',#9859,10.);
#2703=VECTOR('',#9862,10.);
#2704=VECTOR('',#9863,10.);
#2705=VECTOR('',#9866,10.);
#2706=VECTOR('',#9867,10.);
#2707=VECTOR('',#9868,10.);
#2708=VECTOR('',#9869,10.);
#2709=VECTOR('',#9872,10.);
#2710=VECTOR('',#9873,10.);
#2711=VECTOR('',#9874,10.);
#2712=VECTOR('',#9877,10.);
#2713=VECTOR('',#9878,10.);
#2714=VECTOR('',#9879,10.);
#2715=VECTOR('',#9882,10.);
#2716=VECTOR('',#9883,10.);
#2717=VECTOR('',#9884,10.);
#2718=VECTOR('',#9887,10.);
#2719=VECTOR('',#9888,10.);
#2720=VECTOR('',#9889,10.);
#2721=VECTOR('',#9892,10.);
#2722=VECTOR('',#9893,10.);
#2723=VECTOR('',#9894,10.);
#2724=VECTOR('',#9897,10.);
#2725=VECTOR('',#9898,10.);
#2726=VECTOR('',#9899,10.);
#2727=VECTOR('',#9902,10.);
#2728=VECTOR('',#9903,10.);
#2729=VECTOR('',#9904,10.);
#2730=VECTOR('',#9907,10.);
#2731=VECTOR('',#9908,10.);
#2732=VECTOR('',#9909,10.);
#2733=VECTOR('',#9912,10.);
#2734=VECTOR('',#9913,10.);
#2735=VECTOR('',#9914,10.);
#2736=VECTOR('',#9917,10.);
#2737=VECTOR('',#9918,10.);
#2738=VECTOR('',#9919,10.);
#2739=VECTOR('',#9922,10.);
#2740=VECTOR('',#9923,10.);
#2741=VECTOR('',#9924,10.);
#2742=VECTOR('',#9927,10.);
#2743=VECTOR('',#9928,10.);
#2744=VECTOR('',#9929,10.);
#2745=VECTOR('',#9932,10.);
#2746=VECTOR('',#9933,10.);
#2747=VECTOR('',#9934,10.);
#2748=VECTOR('',#9937,10.);
#2749=VECTOR('',#9938,10.);
#2750=VECTOR('',#9939,10.);
#2751=VECTOR('',#9942,10.);
#2752=VECTOR('',#9943,10.);
#2753=VECTOR('',#9944,10.);
#2754=VECTOR('',#9947,10.);
#2755=VECTOR('',#9948,10.);
#2756=VECTOR('',#9949,10.);
#2757=VECTOR('',#9952,10.);
#2758=VECTOR('',#9953,10.);
#2759=VECTOR('',#9954,10.);
#2760=VECTOR('',#9957,10.);
#2761=VECTOR('',#9958,10.);
#2762=VECTOR('',#9959,10.);
#2763=VECTOR('',#9962,10.);
#2764=VECTOR('',#9963,10.);
#2765=VECTOR('',#9964,10.);
#2766=VECTOR('',#9967,10.);
#2767=VECTOR('',#9968,10.);
#2768=VECTOR('',#9969,10.);
#2769=VECTOR('',#9972,10.);
#2770=VECTOR('',#9973,10.);
#2771=VECTOR('',#9974,10.);
#2772=VECTOR('',#9977,10.);
#2773=VECTOR('',#9978,10.);
#2774=VECTOR('',#9979,10.);
#2775=VECTOR('',#9982,10.);
#2776=VECTOR('',#9983,10.);
#2777=VECTOR('',#9984,10.);
#2778=VECTOR('',#9987,10.);
#2779=VECTOR('',#9988,10.);
#2780=VECTOR('',#9989,10.);
#2781=VECTOR('',#9992,10.);
#2782=VECTOR('',#9993,10.);
#2783=VECTOR('',#9994,10.);
#2784=VECTOR('',#9997,10.);
#2785=VECTOR('',#9998,10.);
#2786=VECTOR('',#9999,10.);
#2787=VECTOR('',#10002,10.);
#2788=VECTOR('',#10003,10.);
#2789=VECTOR('',#10004,10.);
#2790=VECTOR('',#10007,10.);
#2791=VECTOR('',#10008,10.);
#2792=VECTOR('',#10009,10.);
#2793=VECTOR('',#10012,10.);
#2794=VECTOR('',#10013,10.);
#2795=VECTOR('',#10014,10.);
#2796=VECTOR('',#10017,10.);
#2797=VECTOR('',#10018,10.);
#2798=VECTOR('',#10019,10.);
#2799=VECTOR('',#10022,10.);
#2800=VECTOR('',#10023,10.);
#2801=VECTOR('',#10024,10.);
#2802=VECTOR('',#10027,10.);
#2803=VECTOR('',#10028,10.);
#2804=VECTOR('',#10029,10.);
#2805=VECTOR('',#10032,10.);
#2806=VECTOR('',#10033,10.);
#2807=VECTOR('',#10034,10.);
#2808=VECTOR('',#10037,10.);
#2809=VECTOR('',#10038,10.);
#2810=VECTOR('',#10039,10.);
#2811=VECTOR('',#10042,10.);
#2812=VECTOR('',#10043,10.);
#2813=VECTOR('',#10044,10.);
#2814=VECTOR('',#10047,10.);
#2815=VECTOR('',#10048,10.);
#2816=VECTOR('',#10049,10.);
#2817=VECTOR('',#10052,10.);
#2818=VECTOR('',#10053,10.);
#2819=VECTOR('',#10054,10.);
#2820=VECTOR('',#10057,10.);
#2821=VECTOR('',#10058,10.);
#2822=VECTOR('',#10059,10.);
#2823=VECTOR('',#10062,10.);
#2824=VECTOR('',#10063,10.);
#2825=VECTOR('',#10064,10.);
#2826=VECTOR('',#10067,10.);
#2827=VECTOR('',#10068,10.);
#2828=VECTOR('',#10069,10.);
#2829=VECTOR('',#10072,10.);
#2830=VECTOR('',#10073,10.);
#2831=VECTOR('',#10074,10.);
#2832=VECTOR('',#10077,10.);
#2833=VECTOR('',#10078,10.);
#2834=VECTOR('',#10079,10.);
#2835=VECTOR('',#10082,10.);
#2836=VECTOR('',#10083,10.);
#2837=VECTOR('',#10084,10.);
#2838=VECTOR('',#10087,10.);
#2839=VECTOR('',#10088,10.);
#2840=VECTOR('',#10089,10.);
#2841=VECTOR('',#10092,10.);
#2842=VECTOR('',#10093,10.);
#2843=VECTOR('',#10094,10.);
#2844=VECTOR('',#10097,10.);
#2845=VECTOR('',#10098,10.);
#2846=VECTOR('',#10099,10.);
#2847=VECTOR('',#10102,10.);
#2848=VECTOR('',#10103,10.);
#2849=VECTOR('',#10104,10.);
#2850=VECTOR('',#10107,10.);
#2851=VECTOR('',#10108,10.);
#2852=VECTOR('',#10109,10.);
#2853=VECTOR('',#10112,10.);
#2854=VECTOR('',#10113,10.);
#2855=VECTOR('',#10114,10.);
#2856=VECTOR('',#10117,10.);
#2857=VECTOR('',#10118,10.);
#2858=VECTOR('',#10119,10.);
#2859=VECTOR('',#10122,10.);
#2860=VECTOR('',#10123,10.);
#2861=VECTOR('',#10124,10.);
#2862=VECTOR('',#10127,10.);
#2863=VECTOR('',#10128,10.);
#2864=VECTOR('',#10129,10.);
#2865=VECTOR('',#10132,10.);
#2866=VECTOR('',#10133,10.);
#2867=VECTOR('',#10134,10.);
#2868=VECTOR('',#10137,10.);
#2869=VECTOR('',#10138,10.);
#2870=VECTOR('',#10139,10.);
#2871=VECTOR('',#10142,10.);
#2872=VECTOR('',#10143,10.);
#2873=VECTOR('',#10144,10.);
#2874=VECTOR('',#10147,10.);
#2875=VECTOR('',#10148,10.);
#2876=VECTOR('',#10149,10.);
#2877=VECTOR('',#10152,10.);
#2878=VECTOR('',#10153,10.);
#2879=VECTOR('',#10154,10.);
#2880=VECTOR('',#10157,10.);
#2881=VECTOR('',#10158,10.);
#2882=VECTOR('',#10159,10.);
#2883=VECTOR('',#10162,10.);
#2884=VECTOR('',#10163,10.);
#2885=VECTOR('',#10164,10.);
#2886=VECTOR('',#10167,10.);
#2887=VECTOR('',#10168,10.);
#2888=VECTOR('',#10169,10.);
#2889=VECTOR('',#10172,10.);
#2890=VECTOR('',#10173,10.);
#2891=VECTOR('',#10174,10.);
#2892=VECTOR('',#10177,10.);
#2893=VECTOR('',#10178,10.);
#2894=VECTOR('',#10179,10.);
#2895=VECTOR('',#10182,10.);
#2896=VECTOR('',#10183,10.);
#2897=VECTOR('',#10184,10.);
#2898=VECTOR('',#10187,10.);
#2899=VECTOR('',#10188,10.);
#2900=VECTOR('',#10189,10.);
#2901=VECTOR('',#10192,10.);
#2902=VECTOR('',#10193,10.);
#2903=VECTOR('',#10194,10.);
#2904=VECTOR('',#10197,10.);
#2905=VECTOR('',#10198,10.);
#2906=VECTOR('',#10199,10.);
#2907=VECTOR('',#10202,10.);
#2908=VECTOR('',#10203,10.);
#2909=VECTOR('',#10210,10.);
#2910=VECTOR('',#10211,10.);
#2911=VECTOR('',#10212,10.);
#2912=VECTOR('',#10213,10.);
#2913=VECTOR('',#10216,10.);
#2914=VECTOR('',#10217,10.);
#2915=VECTOR('',#10218,10.);
#2916=VECTOR('',#10219,10.);
#2917=VECTOR('',#10222,10.);
#2918=VECTOR('',#10223,10.);
#2919=VECTOR('',#10224,10.);
#2920=VECTOR('',#10227,10.);
#2921=VECTOR('',#10228,10.);
#2922=VECTOR('',#10229,10.);
#2923=VECTOR('',#10232,10.);
#2924=VECTOR('',#10233,10.);
#2925=VECTOR('',#10234,10.);
#2926=VECTOR('',#10237,10.);
#2927=VECTOR('',#10238,10.);
#2928=VECTOR('',#10239,10.);
#2929=VECTOR('',#10242,10.);
#2930=VECTOR('',#10243,10.);
#2931=VECTOR('',#10246,10.);
#2932=VECTOR('',#10247,10.);
#2933=VECTOR('',#10248,10.);
#2934=VECTOR('',#10249,10.);
#2935=VECTOR('',#10250,10.);
#2936=VECTOR('',#10253,10.);
#2937=VECTOR('',#10254,10.);
#2938=VECTOR('',#10255,10.);
#2939=VECTOR('',#10256,10.);
#2940=VECTOR('',#10257,10.);
#2941=VECTOR('',#10260,10.);
#2942=VECTOR('',#10263,10.);
#2943=VECTOR('',#10266,10.);
#2944=VECTOR('',#10269,10.);
#2945=VECTOR('',#10274,10.);
#2946=VECTOR('',#10275,10.);
#2947=VECTOR('',#10276,10.);
#2948=VECTOR('',#10277,10.);
#2949=VECTOR('',#10278,10.);
#2950=VECTOR('',#10279,10.);
#2951=VECTOR('',#10280,10.);
#2952=VECTOR('',#10281,10.);
#2953=VECTOR('',#10282,10.);
#2954=VECTOR('',#10283,10.);
#2955=VECTOR('',#10284,10.);
#2956=VECTOR('',#10285,10.);
#2957=VECTOR('',#10286,10.);
#2958=VECTOR('',#10287,10.);
#2959=VECTOR('',#10288,10.);
#2960=VECTOR('',#10289,10.);
#2961=VECTOR('',#10290,10.);
#2962=VECTOR('',#10291,10.);
#2963=VECTOR('',#10292,10.);
#2964=VECTOR('',#10293,10.);
#2965=VECTOR('',#10294,10.);
#2966=VECTOR('',#10295,10.);
#2967=VECTOR('',#10296,10.);
#2968=VECTOR('',#10297,10.);
#2969=VECTOR('',#10298,10.);
#2970=VECTOR('',#10299,10.);
#2971=VECTOR('',#10302,10.);
#2972=VECTOR('',#10303,10.);
#2973=VECTOR('',#10304,10.);
#2974=VECTOR('',#10307,10.);
#2975=VECTOR('',#10308,10.);
#2976=VECTOR('',#10311,10.);
#2977=VECTOR('',#10312,10.);
#2978=VECTOR('',#10315,10.);
#2979=VECTOR('',#10316,10.);
#2980=VECTOR('',#10319,10.);
#2981=VECTOR('',#10320,10.);
#2982=VECTOR('',#10323,10.);
#2983=VECTOR('',#10324,10.);
#2984=VECTOR('',#10327,10.);
#2985=VECTOR('',#10328,10.);
#2986=VECTOR('',#10331,10.);
#2987=VECTOR('',#10332,10.);
#2988=VECTOR('',#10335,10.);
#2989=VECTOR('',#10336,10.);
#2990=VECTOR('',#10339,10.);
#2991=VECTOR('',#10340,10.);
#2992=VECTOR('',#10343,10.);
#2993=VECTOR('',#10344,10.);
#2994=VECTOR('',#10347,10.);
#2995=VECTOR('',#10348,10.);
#2996=VECTOR('',#10349,10.);
#2997=VECTOR('',#10350,10.);
#2998=VECTOR('',#10351,10.);
#2999=VECTOR('',#10352,10.);
#3000=VECTOR('',#10353,10.);
#3001=VECTOR('',#10354,10.);
#3002=VECTOR('',#10355,10.);
#3003=VECTOR('',#10356,10.);
#3004=VECTOR('',#10357,10.);
#3005=VECTOR('',#10358,10.);
#3006=VECTOR('',#10359,10.);
#3007=VECTOR('',#10360,10.);
#3008=VECTOR('',#10361,10.);
#3009=VECTOR('',#10364,10.);
#3010=VECTOR('',#10367,10.);
#3011=VECTOR('',#10370,10.);
#3012=VECTOR('',#10373,10.);
#3013=VECTOR('',#10376,10.);
#3014=VECTOR('',#10379,10.);
#3015=VECTOR('',#10382,10.);
#3016=VECTOR('',#10385,10.);
#3017=VECTOR('',#10388,10.);
#3018=VECTOR('',#10391,10.);
#3019=VECTOR('',#10394,10.);
#3020=VECTOR('',#10397,10.);
#3021=VECTOR('',#10400,10.);
#3022=VECTOR('',#10403,10.);
#3023=VECTOR('',#10408,10.);
#3024=VECTOR('',#10409,10.);
#3025=VECTOR('',#10410,10.);
#3026=VECTOR('',#10411,10.);
#3027=VECTOR('',#10412,10.);
#3028=VECTOR('',#10413,10.);
#3029=VECTOR('',#10414,10.);
#3030=VECTOR('',#10415,10.);
#3031=VECTOR('',#10416,10.);
#3032=VECTOR('',#10417,10.);
#3033=VECTOR('',#10418,10.);
#3034=VECTOR('',#10419,10.);
#3035=VECTOR('',#10420,10.);
#3036=VECTOR('',#10421,10.);
#3037=VECTOR('',#10422,10.);
#3038=VECTOR('',#10423,10.);
#3039=VECTOR('',#10424,10.);
#3040=VECTOR('',#10425,10.);
#3041=VECTOR('',#10426,10.);
#3042=VECTOR('',#10427,10.);
#3043=VECTOR('',#10428,10.);
#3044=VECTOR('',#10429,10.);
#3045=VECTOR('',#10430,10.);
#3046=VECTOR('',#10431,10.);
#3047=VECTOR('',#10432,10.);
#3048=VECTOR('',#10433,10.);
#3049=VECTOR('',#10434,10.);
#3050=VECTOR('',#10435,10.);
#3051=VECTOR('',#10436,10.);
#3052=VECTOR('',#10437,10.);
#3053=VECTOR('',#10438,10.);
#3054=VECTOR('',#10439,10.);
#3055=VECTOR('',#10440,10.);
#3056=VECTOR('',#10441,10.);
#3057=VECTOR('',#10442,10.);
#3058=VECTOR('',#10443,10.);
#3059=VECTOR('',#10444,10.);
#3060=VECTOR('',#10445,10.);
#3061=VECTOR('',#10446,10.);
#3062=VECTOR('',#10447,10.);
#3063=VECTOR('',#10448,10.);
#3064=VECTOR('',#10449,10.);
#3065=VECTOR('',#10450,10.);
#3066=VECTOR('',#10451,10.);
#3067=VECTOR('',#10452,10.);
#3068=VECTOR('',#10453,10.);
#3069=VECTOR('',#10454,10.);
#3070=VECTOR('',#10455,10.);
#3071=VECTOR('',#10456,10.);
#3072=VECTOR('',#10457,10.);
#3073=VECTOR('',#10458,10.);
#3074=VECTOR('',#10459,10.);
#3075=VECTOR('',#10460,10.);
#3076=VECTOR('',#10461,10.);
#3077=VECTOR('',#10462,10.);
#3078=VECTOR('',#10463,10.);
#3079=VECTOR('',#10464,10.);
#3080=VECTOR('',#10465,10.);
#3081=VECTOR('',#10466,10.);
#3082=VECTOR('',#10467,10.);
#3083=VECTOR('',#10468,10.);
#3084=VECTOR('',#10469,10.);
#3085=VECTOR('',#10470,10.);
#3086=VECTOR('',#10471,10.);
#3087=VECTOR('',#10472,10.);
#3088=VECTOR('',#10473,10.);
#3089=VECTOR('',#10474,10.);
#3090=VECTOR('',#10475,10.);
#3091=VECTOR('',#10478,10.);
#3092=VECTOR('',#10479,10.);
#3093=VECTOR('',#10480,10.);
#3094=VECTOR('',#10483,10.);
#3095=VECTOR('',#10484,10.);
#3096=VECTOR('',#10487,10.);
#3097=VECTOR('',#10488,10.);
#3098=VECTOR('',#10491,10.);
#3099=VECTOR('',#10492,10.);
#3100=VECTOR('',#10495,10.);
#3101=VECTOR('',#10496,10.);
#3102=VECTOR('',#10499,10.);
#3103=VECTOR('',#10500,10.);
#3104=VECTOR('',#10503,10.);
#3105=VECTOR('',#10504,10.);
#3106=VECTOR('',#10507,10.);
#3107=VECTOR('',#10508,10.);
#3108=VECTOR('',#10511,10.);
#3109=VECTOR('',#10512,10.);
#3110=VECTOR('',#10515,10.);
#3111=VECTOR('',#10516,10.);
#3112=VECTOR('',#10519,10.);
#3113=VECTOR('',#10520,10.);
#3114=VECTOR('',#10523,10.);
#3115=VECTOR('',#10524,10.);
#3116=VECTOR('',#10527,10.);
#3117=VECTOR('',#10528,10.);
#3118=VECTOR('',#10531,10.);
#3119=VECTOR('',#10532,10.);
#3120=VECTOR('',#10535,10.);
#3121=VECTOR('',#10536,10.);
#3122=VECTOR('',#10539,10.);
#3123=VECTOR('',#10540,10.);
#3124=VECTOR('',#10543,10.);
#3125=VECTOR('',#10544,10.);
#3126=VECTOR('',#10547,10.);
#3127=VECTOR('',#10548,10.);
#3128=VECTOR('',#10551,10.);
#3129=VECTOR('',#10552,10.);
#3130=VECTOR('',#10555,10.);
#3131=VECTOR('',#10556,10.);
#3132=VECTOR('',#10559,10.);
#3133=VECTOR('',#10560,10.);
#3134=VECTOR('',#10563,10.);
#3135=VECTOR('',#10564,10.);
#3136=VECTOR('',#10567,10.);
#3137=VECTOR('',#10568,10.);
#3138=VECTOR('',#10571,10.);
#3139=VECTOR('',#10572,10.);
#3140=VECTOR('',#10575,10.);
#3141=VECTOR('',#10576,10.);
#3142=VECTOR('',#10579,10.);
#3143=VECTOR('',#10580,10.);
#3144=VECTOR('',#10583,10.);
#3145=VECTOR('',#10584,10.);
#3146=VECTOR('',#10587,10.);
#3147=VECTOR('',#10588,10.);
#3148=VECTOR('',#10591,10.);
#3149=VECTOR('',#10592,10.);
#3150=VECTOR('',#10595,10.);
#3151=VECTOR('',#10596,10.);
#3152=VECTOR('',#10599,10.);
#3153=VECTOR('',#10600,10.);
#3154=VECTOR('',#10603,10.);
#3155=VECTOR('',#10604,10.);
#3156=VECTOR('',#10607,10.);
#3157=VECTOR('',#10608,10.);
#3158=VECTOR('',#10611,10.);
#3159=VECTOR('',#10612,10.);
#3160=VECTOR('',#10615,10.);
#3161=VECTOR('',#10616,10.);
#3162=VECTOR('',#10619,10.);
#3163=VECTOR('',#10620,10.);
#3164=VECTOR('',#10623,10.);
#3165=VECTOR('',#10624,10.);
#3166=VECTOR('',#10625,10.);
#3167=VECTOR('',#10626,10.);
#3168=VECTOR('',#10627,10.);
#3169=VECTOR('',#10628,10.);
#3170=VECTOR('',#10629,10.);
#3171=VECTOR('',#10630,10.);
#3172=VECTOR('',#10631,10.);
#3173=VECTOR('',#10632,10.);
#3174=VECTOR('',#10633,10.);
#3175=VECTOR('',#10634,10.);
#3176=VECTOR('',#10635,10.);
#3177=VECTOR('',#10636,10.);
#3178=VECTOR('',#10637,10.);
#3179=VECTOR('',#10638,10.);
#3180=VECTOR('',#10639,10.);
#3181=VECTOR('',#10640,10.);
#3182=VECTOR('',#10641,10.);
#3183=VECTOR('',#10642,10.);
#3184=VECTOR('',#10643,10.);
#3185=VECTOR('',#10644,10.);
#3186=VECTOR('',#10645,10.);
#3187=VECTOR('',#10646,10.);
#3188=VECTOR('',#10647,10.);
#3189=VECTOR('',#10648,10.);
#3190=VECTOR('',#10649,10.);
#3191=VECTOR('',#10650,10.);
#3192=VECTOR('',#10651,10.);
#3193=VECTOR('',#10652,10.);
#3194=VECTOR('',#10653,10.);
#3195=VECTOR('',#10654,10.);
#3196=VECTOR('',#10657,10.);
#3197=VECTOR('',#10660,10.);
#3198=VECTOR('',#10661,10.);
#3199=VECTOR('',#10664,10.);
#3200=VECTOR('',#10667,10.);
#3201=VECTOR('',#10670,10.);
#3202=VECTOR('',#10673,10.);
#3203=VECTOR('',#10676,10.);
#3204=VECTOR('',#10679,10.);
#3205=VECTOR('',#10682,10.);
#3206=VECTOR('',#10685,10.);
#3207=VECTOR('',#10688,10.);
#3208=VECTOR('',#10691,10.);
#3209=VECTOR('',#10694,10.);
#3210=VECTOR('',#10697,10.);
#3211=VECTOR('',#10700,10.);
#3212=VECTOR('',#10703,10.);
#3213=VECTOR('',#10706,10.);
#3214=VECTOR('',#10709,10.);
#3215=VECTOR('',#10714,10.);
#3216=VECTOR('',#10717,10.);
#3217=VECTOR('',#10720,10.);
#3218=VECTOR('',#10723,10.);
#3219=VECTOR('',#10726,10.);
#3220=VECTOR('',#10729,10.);
#3221=VECTOR('',#10732,10.);
#3222=VECTOR('',#10735,10.);
#3223=VECTOR('',#10738,10.);
#3224=VECTOR('',#10741,10.);
#3225=VECTOR('',#10744,10.);
#3226=VECTOR('',#10747,10.);
#3227=VERTEX_POINT('',#10752);
#3228=VERTEX_POINT('',#10753);
#3229=VERTEX_POINT('',#10755);
#3230=VERTEX_POINT('',#10757);
#3231=VERTEX_POINT('',#10761);
#3232=VERTEX_POINT('',#10763);
#3233=VERTEX_POINT('',#10767);
#3234=VERTEX_POINT('',#10769);
#3235=VERTEX_POINT('',#10773);
#3236=VERTEX_POINT('',#10775);
#3237=VERTEX_POINT('',#10779);
#3238=VERTEX_POINT('',#10781);
#3239=VERTEX_POINT('',#10785);
#3240=VERTEX_POINT('',#10787);
#3241=VERTEX_POINT('',#10791);
#3242=VERTEX_POINT('',#10793);
#3243=VERTEX_POINT('',#10797);
#3244=VERTEX_POINT('',#10799);
#3245=VERTEX_POINT('',#10803);
#3246=VERTEX_POINT('',#10805);
#3247=VERTEX_POINT('',#10809);
#3248=VERTEX_POINT('',#10811);
#3249=VERTEX_POINT('',#10815);
#3250=VERTEX_POINT('',#10817);
#3251=VERTEX_POINT('',#10821);
#3252=VERTEX_POINT('',#10823);
#3253=VERTEX_POINT('',#10827);
#3254=VERTEX_POINT('',#10829);
#3255=VERTEX_POINT('',#10833);
#3256=VERTEX_POINT('',#10835);
#3257=VERTEX_POINT('',#10839);
#3258=VERTEX_POINT('',#10841);
#3259=VERTEX_POINT('',#10845);
#3260=VERTEX_POINT('',#10847);
#3261=VERTEX_POINT('',#10851);
#3262=VERTEX_POINT('',#10853);
#3263=VERTEX_POINT('',#10857);
#3264=VERTEX_POINT('',#10859);
#3265=VERTEX_POINT('',#10863);
#3266=VERTEX_POINT('',#10865);
#3267=VERTEX_POINT('',#10869);
#3268=VERTEX_POINT('',#10871);
#3269=VERTEX_POINT('',#10875);
#3270=VERTEX_POINT('',#10877);
#3271=VERTEX_POINT('',#10881);
#3272=VERTEX_POINT('',#10883);
#3273=VERTEX_POINT('',#10887);
#3274=VERTEX_POINT('',#10889);
#3275=VERTEX_POINT('',#10893);
#3276=VERTEX_POINT('',#10895);
#3277=VERTEX_POINT('',#10899);
#3278=VERTEX_POINT('',#10901);
#3279=VERTEX_POINT('',#10905);
#3280=VERTEX_POINT('',#10907);
#3281=VERTEX_POINT('',#10911);
#3282=VERTEX_POINT('',#10913);
#3283=VERTEX_POINT('',#10917);
#3284=VERTEX_POINT('',#10919);
#3285=VERTEX_POINT('',#10923);
#3286=VERTEX_POINT('',#10925);
#3287=VERTEX_POINT('',#10929);
#3288=VERTEX_POINT('',#10931);
#3289=VERTEX_POINT('',#10935);
#3290=VERTEX_POINT('',#10937);
#3291=VERTEX_POINT('',#10941);
#3292=VERTEX_POINT('',#10943);
#3293=VERTEX_POINT('',#10947);
#3294=VERTEX_POINT('',#10949);
#3295=VERTEX_POINT('',#10956);
#3296=VERTEX_POINT('',#10957);
#3297=VERTEX_POINT('',#10959);
#3298=VERTEX_POINT('',#10961);
#3299=VERTEX_POINT('',#10965);
#3300=VERTEX_POINT('',#10967);
#3301=VERTEX_POINT('',#10971);
#3302=VERTEX_POINT('',#10973);
#3303=VERTEX_POINT('',#10977);
#3304=VERTEX_POINT('',#10979);
#3305=VERTEX_POINT('',#10983);
#3306=VERTEX_POINT('',#10985);
#3307=VERTEX_POINT('',#10989);
#3308=VERTEX_POINT('',#10991);
#3309=VERTEX_POINT('',#10995);
#3310=VERTEX_POINT('',#10997);
#3311=VERTEX_POINT('',#11001);
#3312=VERTEX_POINT('',#11003);
#3313=VERTEX_POINT('',#11007);
#3314=VERTEX_POINT('',#11009);
#3315=VERTEX_POINT('',#11013);
#3316=VERTEX_POINT('',#11015);
#3317=VERTEX_POINT('',#11019);
#3318=VERTEX_POINT('',#11021);
#3319=VERTEX_POINT('',#11025);
#3320=VERTEX_POINT('',#11027);
#3321=VERTEX_POINT('',#11031);
#3322=VERTEX_POINT('',#11033);
#3323=VERTEX_POINT('',#11037);
#3324=VERTEX_POINT('',#11039);
#3325=VERTEX_POINT('',#11043);
#3326=VERTEX_POINT('',#11045);
#3327=VERTEX_POINT('',#11049);
#3328=VERTEX_POINT('',#11051);
#3329=VERTEX_POINT('',#11055);
#3330=VERTEX_POINT('',#11057);
#3331=VERTEX_POINT('',#11061);
#3332=VERTEX_POINT('',#11063);
#3333=VERTEX_POINT('',#11067);
#3334=VERTEX_POINT('',#11069);
#3335=VERTEX_POINT('',#11073);
#3336=VERTEX_POINT('',#11075);
#3337=VERTEX_POINT('',#11079);
#3338=VERTEX_POINT('',#11081);
#3339=VERTEX_POINT('',#11085);
#3340=VERTEX_POINT('',#11087);
#3341=VERTEX_POINT('',#11091);
#3342=VERTEX_POINT('',#11093);
#3343=VERTEX_POINT('',#11097);
#3344=VERTEX_POINT('',#11099);
#3345=VERTEX_POINT('',#11103);
#3346=VERTEX_POINT('',#11105);
#3347=VERTEX_POINT('',#11109);
#3348=VERTEX_POINT('',#11111);
#3349=VERTEX_POINT('',#11115);
#3350=VERTEX_POINT('',#11117);
#3351=VERTEX_POINT('',#11121);
#3352=VERTEX_POINT('',#11123);
#3353=VERTEX_POINT('',#11127);
#3354=VERTEX_POINT('',#11129);
#3355=VERTEX_POINT('',#11133);
#3356=VERTEX_POINT('',#11135);
#3357=VERTEX_POINT('',#11139);
#3358=VERTEX_POINT('',#11141);
#3359=VERTEX_POINT('',#11145);
#3360=VERTEX_POINT('',#11147);
#3361=VERTEX_POINT('',#11151);
#3362=VERTEX_POINT('',#11153);
#3363=VERTEX_POINT('',#11157);
#3364=VERTEX_POINT('',#11159);
#3365=VERTEX_POINT('',#11163);
#3366=VERTEX_POINT('',#11165);
#3367=VERTEX_POINT('',#11169);
#3368=VERTEX_POINT('',#11171);
#3369=VERTEX_POINT('',#11175);
#3370=VERTEX_POINT('',#11177);
#3371=VERTEX_POINT('',#11181);
#3372=VERTEX_POINT('',#11183);
#3373=VERTEX_POINT('',#11187);
#3374=VERTEX_POINT('',#11189);
#3375=VERTEX_POINT('',#11193);
#3376=VERTEX_POINT('',#11195);
#3377=VERTEX_POINT('',#11199);
#3378=VERTEX_POINT('',#11201);
#3379=VERTEX_POINT('',#11205);
#3380=VERTEX_POINT('',#11207);
#3381=VERTEX_POINT('',#11211);
#3382=VERTEX_POINT('',#11213);
#3383=VERTEX_POINT('',#11217);
#3384=VERTEX_POINT('',#11219);
#3385=VERTEX_POINT('',#11223);
#3386=VERTEX_POINT('',#11225);
#3387=VERTEX_POINT('',#11229);
#3388=VERTEX_POINT('',#11231);
#3389=VERTEX_POINT('',#11235);
#3390=VERTEX_POINT('',#11237);
#3391=VERTEX_POINT('',#11241);
#3392=VERTEX_POINT('',#11243);
#3393=VERTEX_POINT('',#11247);
#3394=VERTEX_POINT('',#11249);
#3395=VERTEX_POINT('',#11253);
#3396=VERTEX_POINT('',#11255);
#3397=VERTEX_POINT('',#11259);
#3398=VERTEX_POINT('',#11261);
#3399=VERTEX_POINT('',#11265);
#3400=VERTEX_POINT('',#11267);
#3401=VERTEX_POINT('',#11271);
#3402=VERTEX_POINT('',#11273);
#3403=VERTEX_POINT('',#11277);
#3404=VERTEX_POINT('',#11279);
#3405=VERTEX_POINT('',#11283);
#3406=VERTEX_POINT('',#11285);
#3407=VERTEX_POINT('',#11289);
#3408=VERTEX_POINT('',#11291);
#3409=VERTEX_POINT('',#11295);
#3410=VERTEX_POINT('',#11297);
#3411=VERTEX_POINT('',#11301);
#3412=VERTEX_POINT('',#11303);
#3413=VERTEX_POINT('',#11307);
#3414=VERTEX_POINT('',#11309);
#3415=VERTEX_POINT('',#11313);
#3416=VERTEX_POINT('',#11315);
#3417=VERTEX_POINT('',#11319);
#3418=VERTEX_POINT('',#11321);
#3419=VERTEX_POINT('',#11325);
#3420=VERTEX_POINT('',#11327);
#3421=VERTEX_POINT('',#11331);
#3422=VERTEX_POINT('',#11333);
#3423=VERTEX_POINT('',#11337);
#3424=VERTEX_POINT('',#11339);
#3425=VERTEX_POINT('',#11343);
#3426=VERTEX_POINT('',#11345);
#3427=VERTEX_POINT('',#11349);
#3428=VERTEX_POINT('',#11351);
#3429=VERTEX_POINT('',#11355);
#3430=VERTEX_POINT('',#11357);
#3431=VERTEX_POINT('',#11361);
#3432=VERTEX_POINT('',#11363);
#3433=VERTEX_POINT('',#11367);
#3434=VERTEX_POINT('',#11369);
#3435=VERTEX_POINT('',#11373);
#3436=VERTEX_POINT('',#11375);
#3437=VERTEX_POINT('',#11379);
#3438=VERTEX_POINT('',#11381);
#3439=VERTEX_POINT('',#11389);
#3440=VERTEX_POINT('',#11390);
#3441=VERTEX_POINT('',#11396);
#3442=VERTEX_POINT('',#11398);
#3443=VERTEX_POINT('',#11404);
#3444=VERTEX_POINT('',#11406);
#3445=VERTEX_POINT('',#11412);
#3446=VERTEX_POINT('',#11414);
#3447=VERTEX_POINT('',#11422);
#3448=VERTEX_POINT('',#11423);
#3449=VERTEX_POINT('',#11425);
#3450=VERTEX_POINT('',#11427);
#3451=VERTEX_POINT('',#11450);
#3452=VERTEX_POINT('',#11451);
#3453=VERTEX_POINT('',#11453);
#3454=VERTEX_POINT('',#11459);
#3455=VERTEX_POINT('',#11491);
#3456=VERTEX_POINT('',#11492);
#3457=VERTEX_POINT('',#11494);
#3458=VERTEX_POINT('',#11496);
#3459=VERTEX_POINT('',#11543);
#3460=VERTEX_POINT('',#11544);
#3461=VERTEX_POINT('',#11546);
#3462=VERTEX_POINT('',#11552);
#3463=VERTEX_POINT('',#11584);
#3464=VERTEX_POINT('',#11585);
#3465=VERTEX_POINT('',#11587);
#3466=VERTEX_POINT('',#11589);
#3467=VERTEX_POINT('',#11636);
#3468=VERTEX_POINT('',#11637);
#3469=VERTEX_POINT('',#11639);
#3470=VERTEX_POINT('',#11645);
#3471=VERTEX_POINT('',#11677);
#3472=VERTEX_POINT('',#11678);
#3473=VERTEX_POINT('',#11680);
#3474=VERTEX_POINT('',#11682);
#3475=VERTEX_POINT('',#11729);
#3476=VERTEX_POINT('',#11730);
#3477=VERTEX_POINT('',#11732);
#3478=VERTEX_POINT('',#11738);
#3479=VERTEX_POINT('',#11794);
#3480=VERTEX_POINT('',#11796);
#3481=VERTEX_POINT('',#11800);
#3482=VERTEX_POINT('',#11810);
#3483=VERTEX_POINT('',#11814);
#3484=VERTEX_POINT('',#11824);
#3485=VERTEX_POINT('',#11825);
#3486=VERTEX_POINT('',#11827);
#3487=VERTEX_POINT('',#11832);
#3488=VERTEX_POINT('',#11838);
#3489=VERTEX_POINT('',#11843);
#3490=VERTEX_POINT('',#11845);
#3491=VERTEX_POINT('',#11850);
#3492=VERTEX_POINT('',#11856);
#3493=VERTEX_POINT('',#11861);
#3494=VERTEX_POINT('',#11863);
#3495=VERTEX_POINT('',#11868);
#3496=VERTEX_POINT('',#11874);
#3497=VERTEX_POINT('',#11879);
#3498=VERTEX_POINT('',#11881);
#3499=VERTEX_POINT('',#11886);
#3500=VERTEX_POINT('',#11916);
#3501=VERTEX_POINT('',#11918);
#3502=VERTEX_POINT('',#11926);
#3503=VERTEX_POINT('',#11928);
#3504=VERTEX_POINT('',#11971);
#3505=VERTEX_POINT('',#11973);
#3506=VERTEX_POINT('',#12001);
#3507=VERTEX_POINT('',#12003);
#3508=VERTEX_POINT('',#12046);
#3509=VERTEX_POINT('',#12048);
#3510=VERTEX_POINT('',#12076);
#3511=VERTEX_POINT('',#12078);
#3512=VERTEX_POINT('',#12121);
#3513=VERTEX_POINT('',#12123);
#3514=VERTEX_POINT('',#12151);
#3515=VERTEX_POINT('',#12153);
#3516=VERTEX_POINT('',#12197);
#3517=VERTEX_POINT('',#12199);
#3518=VERTEX_POINT('',#12203);
#3519=VERTEX_POINT('',#12207);
#3520=VERTEX_POINT('',#12211);
#3521=VERTEX_POINT('',#12215);
#3522=VERTEX_POINT('',#12216);
#3523=VERTEX_POINT('',#12218);
#3524=VERTEX_POINT('',#12220);
#3525=VERTEX_POINT('',#12224);
#3526=VERTEX_POINT('',#12225);
#3527=VERTEX_POINT('',#12227);
#3528=VERTEX_POINT('',#12229);
#3529=VERTEX_POINT('',#12233);
#3530=VERTEX_POINT('',#12234);
#3531=VERTEX_POINT('',#12236);
#3532=VERTEX_POINT('',#12238);
#3533=VERTEX_POINT('',#12242);
#3534=VERTEX_POINT('',#12243);
#3535=VERTEX_POINT('',#12245);
#3536=VERTEX_POINT('',#12247);
#3537=VERTEX_POINT('',#12251);
#3538=VERTEX_POINT('',#12253);
#3539=VERTEX_POINT('',#12257);
#3540=VERTEX_POINT('',#12258);
#3541=VERTEX_POINT('',#12260);
#3542=VERTEX_POINT('',#12262);
#3543=VERTEX_POINT('',#12275);
#3544=VERTEX_POINT('',#12277);
#3545=VERTEX_POINT('',#12287);
#3546=VERTEX_POINT('',#12289);
#3547=VERTEX_POINT('',#12293);
#3548=VERTEX_POINT('',#12297);
#3549=VERTEX_POINT('',#12301);
#3550=VERTEX_POINT('',#12305);
#3551=VERTEX_POINT('',#12309);
#3552=VERTEX_POINT('',#12313);
#3553=VERTEX_POINT('',#12314);
#3554=VERTEX_POINT('',#12316);
#3555=VERTEX_POINT('',#12318);
#3556=VERTEX_POINT('',#12320);
#3557=VERTEX_POINT('',#12322);
#3558=VERTEX_POINT('',#12324);
#3559=VERTEX_POINT('',#12326);
#3560=VERTEX_POINT('',#12330);
#3561=VERTEX_POINT('',#12334);
#3562=VERTEX_POINT('',#12419);
#3563=VERTEX_POINT('',#12429);
#3564=VERTEX_POINT('',#12457);
#3565=VERTEX_POINT('',#12477);
#3566=VERTEX_POINT('',#12479);
#3567=VERTEX_POINT('',#12483);
#3568=VERTEX_POINT('',#12487);
#3569=VERTEX_POINT('',#12491);
#3570=VERTEX_POINT('',#12493);
#3571=VERTEX_POINT('',#12497);
#3572=VERTEX_POINT('',#12501);
#3573=VERTEX_POINT('',#12505);
#3574=VERTEX_POINT('',#12509);
#3575=VERTEX_POINT('',#12513);
#3576=VERTEX_POINT('',#12522);
#3577=VERTEX_POINT('',#12526);
#3578=VERTEX_POINT('',#12530);
#3579=VERTEX_POINT('',#12539);
#3580=VERTEX_POINT('',#12540);
#3581=VERTEX_POINT('',#12542);
#3582=VERTEX_POINT('',#12544);
#3583=VERTEX_POINT('',#12548);
#3584=VERTEX_POINT('',#12550);
#3585=VERTEX_POINT('',#12554);
#3586=VERTEX_POINT('',#12556);
#3587=VERTEX_POINT('',#12560);
#3588=VERTEX_POINT('',#12562);
#3589=VERTEX_POINT('',#12566);
#3590=VERTEX_POINT('',#12568);
#3591=VERTEX_POINT('',#12572);
#3592=VERTEX_POINT('',#12574);
#3593=VERTEX_POINT('',#12578);
#3594=VERTEX_POINT('',#12580);
#3595=VERTEX_POINT('',#12584);
#3596=VERTEX_POINT('',#12586);
#3597=VERTEX_POINT('',#12590);
#3598=VERTEX_POINT('',#12592);
#3599=VERTEX_POINT('',#12596);
#3600=VERTEX_POINT('',#12598);
#3601=VERTEX_POINT('',#12602);
#3602=VERTEX_POINT('',#12604);
#3603=VERTEX_POINT('',#12608);
#3604=VERTEX_POINT('',#12610);
#3605=VERTEX_POINT('',#12614);
#3606=VERTEX_POINT('',#12616);
#3607=VERTEX_POINT('',#12620);
#3608=VERTEX_POINT('',#12622);
#3609=VERTEX_POINT('',#12626);
#3610=VERTEX_POINT('',#12628);
#3611=VERTEX_POINT('',#12632);
#3612=VERTEX_POINT('',#12634);
#3613=VERTEX_POINT('',#12638);
#3614=VERTEX_POINT('',#12640);
#3615=VERTEX_POINT('',#12644);
#3616=VERTEX_POINT('',#12646);
#3617=VERTEX_POINT('',#12650);
#3618=VERTEX_POINT('',#12652);
#3619=VERTEX_POINT('',#12656);
#3620=VERTEX_POINT('',#12658);
#3621=VERTEX_POINT('',#12662);
#3622=VERTEX_POINT('',#12664);
#3623=VERTEX_POINT('',#12668);
#3624=VERTEX_POINT('',#12670);
#3625=VERTEX_POINT('',#12674);
#3626=VERTEX_POINT('',#12676);
#3627=VERTEX_POINT('',#12680);
#3628=VERTEX_POINT('',#12682);
#3629=VERTEX_POINT('',#12686);
#3630=VERTEX_POINT('',#12688);
#3631=VERTEX_POINT('',#12692);
#3632=VERTEX_POINT('',#12694);
#3633=VERTEX_POINT('',#12698);
#3634=VERTEX_POINT('',#12700);
#3635=VERTEX_POINT('',#12704);
#3636=VERTEX_POINT('',#12706);
#3637=VERTEX_POINT('',#12710);
#3638=VERTEX_POINT('',#12712);
#3639=VERTEX_POINT('',#12716);
#3640=VERTEX_POINT('',#12718);
#3641=VERTEX_POINT('',#12722);
#3642=VERTEX_POINT('',#12724);
#3643=VERTEX_POINT('',#12728);
#3644=VERTEX_POINT('',#12730);
#3645=VERTEX_POINT('',#12734);
#3646=VERTEX_POINT('',#12736);
#3647=VERTEX_POINT('',#12740);
#3648=VERTEX_POINT('',#12742);
#3649=VERTEX_POINT('',#12746);
#3650=VERTEX_POINT('',#12748);
#3651=VERTEX_POINT('',#12752);
#3652=VERTEX_POINT('',#12754);
#3653=VERTEX_POINT('',#12758);
#3654=VERTEX_POINT('',#12760);
#3655=VERTEX_POINT('',#12764);
#3656=VERTEX_POINT('',#12766);
#3657=VERTEX_POINT('',#12770);
#3658=VERTEX_POINT('',#12772);
#3659=VERTEX_POINT('',#12779);
#3660=VERTEX_POINT('',#12780);
#3661=VERTEX_POINT('',#12782);
#3662=VERTEX_POINT('',#12784);
#3663=VERTEX_POINT('',#12788);
#3664=VERTEX_POINT('',#12790);
#3665=VERTEX_POINT('',#12794);
#3666=VERTEX_POINT('',#12796);
#3667=VERTEX_POINT('',#12800);
#3668=VERTEX_POINT('',#12802);
#3669=VERTEX_POINT('',#12806);
#3670=VERTEX_POINT('',#12808);
#3671=VERTEX_POINT('',#12812);
#3672=VERTEX_POINT('',#12814);
#3673=VERTEX_POINT('',#12818);
#3674=VERTEX_POINT('',#12820);
#3675=VERTEX_POINT('',#12824);
#3676=VERTEX_POINT('',#12826);
#3677=VERTEX_POINT('',#12830);
#3678=VERTEX_POINT('',#12832);
#3679=VERTEX_POINT('',#12836);
#3680=VERTEX_POINT('',#12838);
#3681=VERTEX_POINT('',#12842);
#3682=VERTEX_POINT('',#12844);
#3683=VERTEX_POINT('',#12848);
#3684=VERTEX_POINT('',#12850);
#3685=VERTEX_POINT('',#12854);
#3686=VERTEX_POINT('',#12856);
#3687=VERTEX_POINT('',#12860);
#3688=VERTEX_POINT('',#12862);
#3689=VERTEX_POINT('',#12866);
#3690=VERTEX_POINT('',#12868);
#3691=VERTEX_POINT('',#12872);
#3692=VERTEX_POINT('',#12874);
#3693=VERTEX_POINT('',#12878);
#3694=VERTEX_POINT('',#12880);
#3695=VERTEX_POINT('',#12884);
#3696=VERTEX_POINT('',#12886);
#3697=VERTEX_POINT('',#12890);
#3698=VERTEX_POINT('',#12892);
#3699=VERTEX_POINT('',#12896);
#3700=VERTEX_POINT('',#12898);
#3701=VERTEX_POINT('',#12902);
#3702=VERTEX_POINT('',#12904);
#3703=VERTEX_POINT('',#12908);
#3704=VERTEX_POINT('',#12910);
#3705=VERTEX_POINT('',#12914);
#3706=VERTEX_POINT('',#12916);
#3707=VERTEX_POINT('',#12920);
#3708=VERTEX_POINT('',#12922);
#3709=VERTEX_POINT('',#12926);
#3710=VERTEX_POINT('',#12928);
#3711=VERTEX_POINT('',#12932);
#3712=VERTEX_POINT('',#12934);
#3713=VERTEX_POINT('',#12938);
#3714=VERTEX_POINT('',#12940);
#3715=VERTEX_POINT('',#12944);
#3716=VERTEX_POINT('',#12946);
#3717=VERTEX_POINT('',#12950);
#3718=VERTEX_POINT('',#12952);
#3719=VERTEX_POINT('',#12956);
#3720=VERTEX_POINT('',#12958);
#3721=VERTEX_POINT('',#12962);
#3722=VERTEX_POINT('',#12964);
#3723=VERTEX_POINT('',#12968);
#3724=VERTEX_POINT('',#12970);
#3725=VERTEX_POINT('',#12974);
#3726=VERTEX_POINT('',#12976);
#3727=VERTEX_POINT('',#12980);
#3728=VERTEX_POINT('',#12982);
#3729=VERTEX_POINT('',#12986);
#3730=VERTEX_POINT('',#12988);
#3731=VERTEX_POINT('',#12992);
#3732=VERTEX_POINT('',#12994);
#3733=VERTEX_POINT('',#12998);
#3734=VERTEX_POINT('',#13000);
#3735=VERTEX_POINT('',#13004);
#3736=VERTEX_POINT('',#13006);
#3737=VERTEX_POINT('',#13010);
#3738=VERTEX_POINT('',#13012);
#3739=VERTEX_POINT('',#13016);
#3740=VERTEX_POINT('',#13018);
#3741=VERTEX_POINT('',#13022);
#3742=VERTEX_POINT('',#13024);
#3743=VERTEX_POINT('',#13028);
#3744=VERTEX_POINT('',#13030);
#3745=VERTEX_POINT('',#13034);
#3746=VERTEX_POINT('',#13036);
#3747=VERTEX_POINT('',#13040);
#3748=VERTEX_POINT('',#13042);
#3749=VERTEX_POINT('',#13046);
#3750=VERTEX_POINT('',#13048);
#3751=VERTEX_POINT('',#13052);
#3752=VERTEX_POINT('',#13054);
#3753=VERTEX_POINT('',#13058);
#3754=VERTEX_POINT('',#13060);
#3755=VERTEX_POINT('',#13064);
#3756=VERTEX_POINT('',#13066);
#3757=VERTEX_POINT('',#13070);
#3758=VERTEX_POINT('',#13072);
#3759=VERTEX_POINT('',#13076);
#3760=VERTEX_POINT('',#13078);
#3761=VERTEX_POINT('',#13082);
#3762=VERTEX_POINT('',#13084);
#3763=VERTEX_POINT('',#13088);
#3764=VERTEX_POINT('',#13090);
#3765=VERTEX_POINT('',#13094);
#3766=VERTEX_POINT('',#13096);
#3767=VERTEX_POINT('',#13100);
#3768=VERTEX_POINT('',#13102);
#3769=VERTEX_POINT('',#13106);
#3770=VERTEX_POINT('',#13108);
#3771=VERTEX_POINT('',#13112);
#3772=VERTEX_POINT('',#13114);
#3773=VERTEX_POINT('',#13118);
#3774=VERTEX_POINT('',#13120);
#3775=VERTEX_POINT('',#13124);
#3776=VERTEX_POINT('',#13126);
#3777=VERTEX_POINT('',#13130);
#3778=VERTEX_POINT('',#13132);
#3779=VERTEX_POINT('',#13136);
#3780=VERTEX_POINT('',#13138);
#3781=VERTEX_POINT('',#13142);
#3782=VERTEX_POINT('',#13144);
#3783=VERTEX_POINT('',#13148);
#3784=VERTEX_POINT('',#13150);
#3785=VERTEX_POINT('',#13154);
#3786=VERTEX_POINT('',#13156);
#3787=VERTEX_POINT('',#13160);
#3788=VERTEX_POINT('',#13162);
#3789=VERTEX_POINT('',#13166);
#3790=VERTEX_POINT('',#13168);
#3791=VERTEX_POINT('',#13172);
#3792=VERTEX_POINT('',#13174);
#3793=VERTEX_POINT('',#13178);
#3794=VERTEX_POINT('',#13180);
#3795=VERTEX_POINT('',#13189);
#3796=VERTEX_POINT('',#13190);
#3797=VERTEX_POINT('',#13192);
#3798=VERTEX_POINT('',#13194);
#3799=VERTEX_POINT('',#13198);
#3800=VERTEX_POINT('',#13199);
#3801=VERTEX_POINT('',#13201);
#3802=VERTEX_POINT('',#13203);
#3803=VERTEX_POINT('',#13207);
#3804=VERTEX_POINT('',#13209);
#3805=VERTEX_POINT('',#13213);
#3806=VERTEX_POINT('',#13215);
#3807=VERTEX_POINT('',#13219);
#3808=VERTEX_POINT('',#13221);
#3809=VERTEX_POINT('',#13225);
#3810=VERTEX_POINT('',#13227);
#3811=VERTEX_POINT('',#13234);
#3812=VERTEX_POINT('',#13236);
#3813=VERTEX_POINT('',#13238);
#3814=VERTEX_POINT('',#13240);
#3815=VERTEX_POINT('',#13244);
#3816=VERTEX_POINT('',#13246);
#3817=VERTEX_POINT('',#13248);
#3818=VERTEX_POINT('',#13250);
#3819=VERTEX_POINT('',#13263);
#3820=VERTEX_POINT('',#13264);
#3821=VERTEX_POINT('',#13266);
#3822=VERTEX_POINT('',#13268);
#3823=VERTEX_POINT('',#13270);
#3824=VERTEX_POINT('',#13272);
#3825=VERTEX_POINT('',#13274);
#3826=VERTEX_POINT('',#13276);
#3827=VERTEX_POINT('',#13278);
#3828=VERTEX_POINT('',#13280);
#3829=VERTEX_POINT('',#13282);
#3830=VERTEX_POINT('',#13284);
#3831=VERTEX_POINT('',#13286);
#3832=VERTEX_POINT('',#13288);
#3833=VERTEX_POINT('',#13290);
#3834=VERTEX_POINT('',#13292);
#3835=VERTEX_POINT('',#13294);
#3836=VERTEX_POINT('',#13296);
#3837=VERTEX_POINT('',#13298);
#3838=VERTEX_POINT('',#13300);
#3839=VERTEX_POINT('',#13302);
#3840=VERTEX_POINT('',#13304);
#3841=VERTEX_POINT('',#13306);
#3842=VERTEX_POINT('',#13308);
#3843=VERTEX_POINT('',#13310);
#3844=VERTEX_POINT('',#13312);
#3845=VERTEX_POINT('',#13316);
#3846=VERTEX_POINT('',#13317);
#3847=VERTEX_POINT('',#13322);
#3848=VERTEX_POINT('',#13326);
#3849=VERTEX_POINT('',#13330);
#3850=VERTEX_POINT('',#13334);
#3851=VERTEX_POINT('',#13338);
#3852=VERTEX_POINT('',#13342);
#3853=VERTEX_POINT('',#13346);
#3854=VERTEX_POINT('',#13350);
#3855=VERTEX_POINT('',#13354);
#3856=VERTEX_POINT('',#13358);
#3857=VERTEX_POINT('',#13362);
#3858=VERTEX_POINT('',#13364);
#3859=VERTEX_POINT('',#13366);
#3860=VERTEX_POINT('',#13368);
#3861=VERTEX_POINT('',#13370);
#3862=VERTEX_POINT('',#13372);
#3863=VERTEX_POINT('',#13374);
#3864=VERTEX_POINT('',#13376);
#3865=VERTEX_POINT('',#13378);
#3866=VERTEX_POINT('',#13380);
#3867=VERTEX_POINT('',#13382);
#3868=VERTEX_POINT('',#13384);
#3869=VERTEX_POINT('',#13386);
#3870=VERTEX_POINT('',#13388);
#3871=VERTEX_POINT('',#13421);
#3872=VERTEX_POINT('',#13422);
#3873=VERTEX_POINT('',#13424);
#3874=VERTEX_POINT('',#13426);
#3875=VERTEX_POINT('',#13428);
#3876=VERTEX_POINT('',#13430);
#3877=VERTEX_POINT('',#13432);
#3878=VERTEX_POINT('',#13434);
#3879=VERTEX_POINT('',#13436);
#3880=VERTEX_POINT('',#13438);
#3881=VERTEX_POINT('',#13440);
#3882=VERTEX_POINT('',#13442);
#3883=VERTEX_POINT('',#13444);
#3884=VERTEX_POINT('',#13446);
#3885=VERTEX_POINT('',#13448);
#3886=VERTEX_POINT('',#13450);
#3887=VERTEX_POINT('',#13452);
#3888=VERTEX_POINT('',#13454);
#3889=VERTEX_POINT('',#13456);
#3890=VERTEX_POINT('',#13458);
#3891=VERTEX_POINT('',#13460);
#3892=VERTEX_POINT('',#13462);
#3893=VERTEX_POINT('',#13464);
#3894=VERTEX_POINT('',#13466);
#3895=VERTEX_POINT('',#13468);
#3896=VERTEX_POINT('',#13470);
#3897=VERTEX_POINT('',#13472);
#3898=VERTEX_POINT('',#13474);
#3899=VERTEX_POINT('',#13476);
#3900=VERTEX_POINT('',#13478);
#3901=VERTEX_POINT('',#13480);
#3902=VERTEX_POINT('',#13482);
#3903=VERTEX_POINT('',#13484);
#3904=VERTEX_POINT('',#13486);
#3905=VERTEX_POINT('',#13488);
#3906=VERTEX_POINT('',#13490);
#3907=VERTEX_POINT('',#13492);
#3908=VERTEX_POINT('',#13494);
#3909=VERTEX_POINT('',#13496);
#3910=VERTEX_POINT('',#13498);
#3911=VERTEX_POINT('',#13500);
#3912=VERTEX_POINT('',#13502);
#3913=VERTEX_POINT('',#13504);
#3914=VERTEX_POINT('',#13506);
#3915=VERTEX_POINT('',#13508);
#3916=VERTEX_POINT('',#13510);
#3917=VERTEX_POINT('',#13512);
#3918=VERTEX_POINT('',#13514);
#3919=VERTEX_POINT('',#13516);
#3920=VERTEX_POINT('',#13518);
#3921=VERTEX_POINT('',#13520);
#3922=VERTEX_POINT('',#13522);
#3923=VERTEX_POINT('',#13524);
#3924=VERTEX_POINT('',#13526);
#3925=VERTEX_POINT('',#13528);
#3926=VERTEX_POINT('',#13530);
#3927=VERTEX_POINT('',#13532);
#3928=VERTEX_POINT('',#13534);
#3929=VERTEX_POINT('',#13536);
#3930=VERTEX_POINT('',#13538);
#3931=VERTEX_POINT('',#13540);
#3932=VERTEX_POINT('',#13542);
#3933=VERTEX_POINT('',#13544);
#3934=VERTEX_POINT('',#13546);
#3935=VERTEX_POINT('',#13548);
#3936=VERTEX_POINT('',#13550);
#3937=VERTEX_POINT('',#13552);
#3938=VERTEX_POINT('',#13554);
#3939=VERTEX_POINT('',#13558);
#3940=VERTEX_POINT('',#13560);
#3941=VERTEX_POINT('',#13564);
#3942=VERTEX_POINT('',#13568);
#3943=VERTEX_POINT('',#13572);
#3944=VERTEX_POINT('',#13576);
#3945=VERTEX_POINT('',#13580);
#3946=VERTEX_POINT('',#13584);
#3947=VERTEX_POINT('',#13588);
#3948=VERTEX_POINT('',#13592);
#3949=VERTEX_POINT('',#13596);
#3950=VERTEX_POINT('',#13600);
#3951=VERTEX_POINT('',#13604);
#3952=VERTEX_POINT('',#13608);
#3953=VERTEX_POINT('',#13612);
#3954=VERTEX_POINT('',#13616);
#3955=VERTEX_POINT('',#13620);
#3956=VERTEX_POINT('',#13624);
#3957=VERTEX_POINT('',#13628);
#3958=VERTEX_POINT('',#13632);
#3959=VERTEX_POINT('',#13636);
#3960=VERTEX_POINT('',#13640);
#3961=VERTEX_POINT('',#13644);
#3962=VERTEX_POINT('',#13648);
#3963=VERTEX_POINT('',#13652);
#3964=VERTEX_POINT('',#13656);
#3965=VERTEX_POINT('',#13660);
#3966=VERTEX_POINT('',#13664);
#3967=VERTEX_POINT('',#13668);
#3968=VERTEX_POINT('',#13672);
#3969=VERTEX_POINT('',#13676);
#3970=VERTEX_POINT('',#13680);
#3971=VERTEX_POINT('',#13684);
#3972=VERTEX_POINT('',#13688);
#3973=VERTEX_POINT('',#13692);
#3974=VERTEX_POINT('',#13696);
#3975=VERTEX_POINT('',#13700);
#3976=VERTEX_POINT('',#13704);
#3977=VERTEX_POINT('',#13705);
#3978=VERTEX_POINT('',#13707);
#3979=VERTEX_POINT('',#13709);
#3980=VERTEX_POINT('',#13711);
#3981=VERTEX_POINT('',#13713);
#3982=VERTEX_POINT('',#13715);
#3983=VERTEX_POINT('',#13717);
#3984=VERTEX_POINT('',#13719);
#3985=VERTEX_POINT('',#13721);
#3986=VERTEX_POINT('',#13723);
#3987=VERTEX_POINT('',#13725);
#3988=VERTEX_POINT('',#13727);
#3989=VERTEX_POINT('',#13729);
#3990=VERTEX_POINT('',#13731);
#3991=VERTEX_POINT('',#13733);
#3992=VERTEX_POINT('',#13735);
#3993=VERTEX_POINT('',#13737);
#3994=VERTEX_POINT('',#13739);
#3995=VERTEX_POINT('',#13741);
#3996=VERTEX_POINT('',#13743);
#3997=VERTEX_POINT('',#13745);
#3998=VERTEX_POINT('',#13747);
#3999=VERTEX_POINT('',#13749);
#4000=VERTEX_POINT('',#13751);
#4001=VERTEX_POINT('',#13753);
#4002=VERTEX_POINT('',#13755);
#4003=VERTEX_POINT('',#13757);
#4004=VERTEX_POINT('',#13759);
#4005=VERTEX_POINT('',#13761);
#4006=VERTEX_POINT('',#13763);
#4007=EDGE_CURVE('',#3227,#3228,#1003,.T.);
#4008=EDGE_CURVE('',#3227,#3229,#1004,.T.);
#4009=EDGE_CURVE('',#3229,#3230,#1005,.T.);
#4010=EDGE_CURVE('',#3228,#3230,#1006,.T.);
#4011=EDGE_CURVE('',#3231,#3227,#1007,.T.);
#4012=EDGE_CURVE('',#3231,#3232,#1008,.T.);
#4013=EDGE_CURVE('',#3232,#3229,#1009,.T.);
#4014=EDGE_CURVE('',#3233,#3231,#1010,.T.);
#4015=EDGE_CURVE('',#3233,#3234,#1011,.T.);
#4016=EDGE_CURVE('',#3234,#3232,#1012,.T.);
#4017=EDGE_CURVE('',#3235,#3233,#1013,.T.);
#4018=EDGE_CURVE('',#3235,#3236,#1014,.T.);
#4019=EDGE_CURVE('',#3236,#3234,#1015,.T.);
#4020=EDGE_CURVE('',#3237,#3235,#1016,.T.);
#4021=EDGE_CURVE('',#3237,#3238,#1017,.T.);
#4022=EDGE_CURVE('',#3238,#3236,#1018,.T.);
#4023=EDGE_CURVE('',#3239,#3237,#1019,.T.);
#4024=EDGE_CURVE('',#3239,#3240,#1020,.T.);
#4025=EDGE_CURVE('',#3240,#3238,#1021,.T.);
#4026=EDGE_CURVE('',#3241,#3239,#1022,.T.);
#4027=EDGE_CURVE('',#3241,#3242,#1023,.T.);
#4028=EDGE_CURVE('',#3242,#3240,#1024,.T.);
#4029=EDGE_CURVE('',#3243,#3241,#1025,.T.);
#4030=EDGE_CURVE('',#3243,#3244,#1026,.T.);
#4031=EDGE_CURVE('',#3244,#3242,#1027,.T.);
#4032=EDGE_CURVE('',#3245,#3243,#1028,.T.);
#4033=EDGE_CURVE('',#3245,#3246,#1029,.T.);
#4034=EDGE_CURVE('',#3246,#3244,#1030,.T.);
#4035=EDGE_CURVE('',#3247,#3245,#1031,.T.);
#4036=EDGE_CURVE('',#3247,#3248,#1032,.T.);
#4037=EDGE_CURVE('',#3248,#3246,#1033,.T.);
#4038=EDGE_CURVE('',#3249,#3247,#1034,.T.);
#4039=EDGE_CURVE('',#3249,#3250,#1035,.T.);
#4040=EDGE_CURVE('',#3250,#3248,#1036,.T.);
#4041=EDGE_CURVE('',#3251,#3249,#1037,.T.);
#4042=EDGE_CURVE('',#3251,#3252,#1038,.T.);
#4043=EDGE_CURVE('',#3252,#3250,#1039,.T.);
#4044=EDGE_CURVE('',#3253,#3251,#1040,.T.);
#4045=EDGE_CURVE('',#3253,#3254,#1041,.T.);
#4046=EDGE_CURVE('',#3254,#3252,#1042,.T.);
#4047=EDGE_CURVE('',#3255,#3253,#1043,.T.);
#4048=EDGE_CURVE('',#3255,#3256,#1044,.T.);
#4049=EDGE_CURVE('',#3256,#3254,#1045,.T.);
#4050=EDGE_CURVE('',#3257,#3255,#1046,.T.);
#4051=EDGE_CURVE('',#3257,#3258,#1047,.T.);
#4052=EDGE_CURVE('',#3258,#3256,#1048,.T.);
#4053=EDGE_CURVE('',#3259,#3257,#1049,.T.);
#4054=EDGE_CURVE('',#3259,#3260,#1050,.T.);
#4055=EDGE_CURVE('',#3260,#3258,#1051,.T.);
#4056=EDGE_CURVE('',#3261,#3259,#1052,.T.);
#4057=EDGE_CURVE('',#3261,#3262,#1053,.T.);
#4058=EDGE_CURVE('',#3262,#3260,#1054,.T.);
#4059=EDGE_CURVE('',#3263,#3261,#1055,.T.);
#4060=EDGE_CURVE('',#3263,#3264,#1056,.T.);
#4061=EDGE_CURVE('',#3264,#3262,#1057,.T.);
#4062=EDGE_CURVE('',#3265,#3263,#1058,.T.);
#4063=EDGE_CURVE('',#3265,#3266,#1059,.T.);
#4064=EDGE_CURVE('',#3266,#3264,#1060,.T.);
#4065=EDGE_CURVE('',#3267,#3265,#1061,.T.);
#4066=EDGE_CURVE('',#3267,#3268,#1062,.T.);
#4067=EDGE_CURVE('',#3268,#3266,#1063,.T.);
#4068=EDGE_CURVE('',#3269,#3267,#1064,.T.);
#4069=EDGE_CURVE('',#3269,#3270,#1065,.T.);
#4070=EDGE_CURVE('',#3270,#3268,#1066,.T.);
#4071=EDGE_CURVE('',#3271,#3269,#1067,.T.);
#4072=EDGE_CURVE('',#3271,#3272,#1068,.T.);
#4073=EDGE_CURVE('',#3272,#3270,#1069,.T.);
#4074=EDGE_CURVE('',#3273,#3271,#1070,.T.);
#4075=EDGE_CURVE('',#3273,#3274,#1071,.T.);
#4076=EDGE_CURVE('',#3274,#3272,#1072,.T.);
#4077=EDGE_CURVE('',#3275,#3273,#1073,.T.);
#4078=EDGE_CURVE('',#3275,#3276,#1074,.T.);
#4079=EDGE_CURVE('',#3276,#3274,#1075,.T.);
#4080=EDGE_CURVE('',#3277,#3275,#1076,.T.);
#4081=EDGE_CURVE('',#3277,#3278,#1077,.T.);
#4082=EDGE_CURVE('',#3278,#3276,#1078,.T.);
#4083=EDGE_CURVE('',#3279,#3277,#1079,.T.);
#4084=EDGE_CURVE('',#3279,#3280,#1080,.T.);
#4085=EDGE_CURVE('',#3280,#3278,#1081,.T.);
#4086=EDGE_CURVE('',#3281,#3279,#1082,.T.);
#4087=EDGE_CURVE('',#3281,#3282,#1083,.T.);
#4088=EDGE_CURVE('',#3282,#3280,#1084,.T.);
#4089=EDGE_CURVE('',#3283,#3281,#1085,.T.);
#4090=EDGE_CURVE('',#3283,#3284,#1086,.T.);
#4091=EDGE_CURVE('',#3284,#3282,#1087,.T.);
#4092=EDGE_CURVE('',#3285,#3283,#1088,.T.);
#4093=EDGE_CURVE('',#3285,#3286,#1089,.T.);
#4094=EDGE_CURVE('',#3286,#3284,#1090,.T.);
#4095=EDGE_CURVE('',#3287,#3285,#1091,.T.);
#4096=EDGE_CURVE('',#3287,#3288,#1092,.T.);
#4097=EDGE_CURVE('',#3288,#3286,#1093,.T.);
#4098=EDGE_CURVE('',#3289,#3287,#1094,.T.);
#4099=EDGE_CURVE('',#3289,#3290,#1095,.T.);
#4100=EDGE_CURVE('',#3290,#3288,#1096,.T.);
#4101=EDGE_CURVE('',#3291,#3289,#1097,.T.);
#4102=EDGE_CURVE('',#3291,#3292,#1098,.T.);
#4103=EDGE_CURVE('',#3292,#3290,#1099,.T.);
#4104=EDGE_CURVE('',#3293,#3291,#1100,.T.);
#4105=EDGE_CURVE('',#3293,#3294,#1101,.T.);
#4106=EDGE_CURVE('',#3294,#3292,#1102,.T.);
#4107=EDGE_CURVE('',#3228,#3293,#1103,.T.);
#4108=EDGE_CURVE('',#3230,#3294,#1104,.T.);
#4109=EDGE_CURVE('',#3295,#3296,#1105,.T.);
#4110=EDGE_CURVE('',#3295,#3297,#1106,.T.);
#4111=EDGE_CURVE('',#3297,#3298,#1107,.T.);
#4112=EDGE_CURVE('',#3296,#3298,#1108,.T.);
#4113=EDGE_CURVE('',#3299,#3295,#1109,.T.);
#4114=EDGE_CURVE('',#3299,#3300,#1110,.T.);
#4115=EDGE_CURVE('',#3300,#3297,#1111,.T.);
#4116=EDGE_CURVE('',#3301,#3299,#1112,.T.);
#4117=EDGE_CURVE('',#3301,#3302,#1113,.T.);
#4118=EDGE_CURVE('',#3302,#3300,#1114,.T.);
#4119=EDGE_CURVE('',#3303,#3301,#1115,.T.);
#4120=EDGE_CURVE('',#3303,#3304,#1116,.T.);
#4121=EDGE_CURVE('',#3304,#3302,#1117,.T.);
#4122=EDGE_CURVE('',#3305,#3303,#1118,.T.);
#4123=EDGE_CURVE('',#3305,#3306,#1119,.T.);
#4124=EDGE_CURVE('',#3306,#3304,#1120,.T.);
#4125=EDGE_CURVE('',#3307,#3305,#1121,.T.);
#4126=EDGE_CURVE('',#3307,#3308,#1122,.T.);
#4127=EDGE_CURVE('',#3308,#3306,#1123,.T.);
#4128=EDGE_CURVE('',#3309,#3307,#1124,.T.);
#4129=EDGE_CURVE('',#3309,#3310,#1125,.T.);
#4130=EDGE_CURVE('',#3310,#3308,#1126,.T.);
#4131=EDGE_CURVE('',#3311,#3309,#1127,.T.);
#4132=EDGE_CURVE('',#3311,#3312,#1128,.T.);
#4133=EDGE_CURVE('',#3312,#3310,#1129,.T.);
#4134=EDGE_CURVE('',#3313,#3311,#1130,.T.);
#4135=EDGE_CURVE('',#3313,#3314,#1131,.T.);
#4136=EDGE_CURVE('',#3314,#3312,#1132,.T.);
#4137=EDGE_CURVE('',#3315,#3313,#1133,.T.);
#4138=EDGE_CURVE('',#3315,#3316,#1134,.T.);
#4139=EDGE_CURVE('',#3316,#3314,#1135,.T.);
#4140=EDGE_CURVE('',#3317,#3315,#1136,.T.);
#4141=EDGE_CURVE('',#3317,#3318,#1137,.T.);
#4142=EDGE_CURVE('',#3318,#3316,#1138,.T.);
#4143=EDGE_CURVE('',#3319,#3317,#1139,.T.);
#4144=EDGE_CURVE('',#3319,#3320,#1140,.T.);
#4145=EDGE_CURVE('',#3320,#3318,#1141,.T.);
#4146=EDGE_CURVE('',#3321,#3319,#1142,.T.);
#4147=EDGE_CURVE('',#3321,#3322,#1143,.T.);
#4148=EDGE_CURVE('',#3322,#3320,#1144,.T.);
#4149=EDGE_CURVE('',#3323,#3321,#1145,.T.);
#4150=EDGE_CURVE('',#3323,#3324,#1146,.T.);
#4151=EDGE_CURVE('',#3324,#3322,#1147,.T.);
#4152=EDGE_CURVE('',#3325,#3323,#1148,.T.);
#4153=EDGE_CURVE('',#3325,#3326,#1149,.T.);
#4154=EDGE_CURVE('',#3326,#3324,#1150,.T.);
#4155=EDGE_CURVE('',#3327,#3325,#1151,.T.);
#4156=EDGE_CURVE('',#3327,#3328,#1152,.T.);
#4157=EDGE_CURVE('',#3328,#3326,#1153,.T.);
#4158=EDGE_CURVE('',#3329,#3327,#1154,.T.);
#4159=EDGE_CURVE('',#3329,#3330,#1155,.T.);
#4160=EDGE_CURVE('',#3330,#3328,#1156,.T.);
#4161=EDGE_CURVE('',#3331,#3329,#1157,.T.);
#4162=EDGE_CURVE('',#3331,#3332,#1158,.T.);
#4163=EDGE_CURVE('',#3332,#3330,#1159,.T.);
#4164=EDGE_CURVE('',#3333,#3331,#1160,.T.);
#4165=EDGE_CURVE('',#3333,#3334,#1161,.T.);
#4166=EDGE_CURVE('',#3334,#3332,#1162,.T.);
#4167=EDGE_CURVE('',#3335,#3333,#1163,.T.);
#4168=EDGE_CURVE('',#3335,#3336,#1164,.T.);
#4169=EDGE_CURVE('',#3336,#3334,#1165,.T.);
#4170=EDGE_CURVE('',#3337,#3335,#1166,.T.);
#4171=EDGE_CURVE('',#3337,#3338,#1167,.T.);
#4172=EDGE_CURVE('',#3338,#3336,#1168,.T.);
#4173=EDGE_CURVE('',#3339,#3337,#1169,.T.);
#4174=EDGE_CURVE('',#3339,#3340,#1170,.T.);
#4175=EDGE_CURVE('',#3340,#3338,#1171,.T.);
#4176=EDGE_CURVE('',#3341,#3339,#1172,.T.);
#4177=EDGE_CURVE('',#3341,#3342,#1173,.T.);
#4178=EDGE_CURVE('',#3342,#3340,#1174,.T.);
#4179=EDGE_CURVE('',#3343,#3341,#1175,.T.);
#4180=EDGE_CURVE('',#3343,#3344,#1176,.T.);
#4181=EDGE_CURVE('',#3344,#3342,#1177,.T.);
#4182=EDGE_CURVE('',#3345,#3343,#1178,.T.);
#4183=EDGE_CURVE('',#3345,#3346,#1179,.T.);
#4184=EDGE_CURVE('',#3346,#3344,#1180,.T.);
#4185=EDGE_CURVE('',#3347,#3345,#1181,.T.);
#4186=EDGE_CURVE('',#3347,#3348,#1182,.T.);
#4187=EDGE_CURVE('',#3348,#3346,#1183,.T.);
#4188=EDGE_CURVE('',#3349,#3347,#1184,.T.);
#4189=EDGE_CURVE('',#3349,#3350,#1185,.T.);
#4190=EDGE_CURVE('',#3350,#3348,#1186,.T.);
#4191=EDGE_CURVE('',#3351,#3349,#1187,.T.);
#4192=EDGE_CURVE('',#3351,#3352,#1188,.T.);
#4193=EDGE_CURVE('',#3352,#3350,#1189,.T.);
#4194=EDGE_CURVE('',#3353,#3351,#1190,.T.);
#4195=EDGE_CURVE('',#3353,#3354,#1191,.T.);
#4196=EDGE_CURVE('',#3354,#3352,#1192,.T.);
#4197=EDGE_CURVE('',#3355,#3353,#1193,.T.);
#4198=EDGE_CURVE('',#3355,#3356,#1194,.T.);
#4199=EDGE_CURVE('',#3356,#3354,#1195,.T.);
#4200=EDGE_CURVE('',#3357,#3355,#1196,.T.);
#4201=EDGE_CURVE('',#3357,#3358,#1197,.T.);
#4202=EDGE_CURVE('',#3358,#3356,#1198,.T.);
#4203=EDGE_CURVE('',#3359,#3357,#1199,.T.);
#4204=EDGE_CURVE('',#3359,#3360,#1200,.T.);
#4205=EDGE_CURVE('',#3360,#3358,#1201,.T.);
#4206=EDGE_CURVE('',#3361,#3359,#1202,.T.);
#4207=EDGE_CURVE('',#3361,#3362,#1203,.T.);
#4208=EDGE_CURVE('',#3362,#3360,#1204,.T.);
#4209=EDGE_CURVE('',#3363,#3361,#1205,.T.);
#4210=EDGE_CURVE('',#3363,#3364,#1206,.T.);
#4211=EDGE_CURVE('',#3364,#3362,#1207,.T.);
#4212=EDGE_CURVE('',#3365,#3363,#1208,.T.);
#4213=EDGE_CURVE('',#3365,#3366,#1209,.T.);
#4214=EDGE_CURVE('',#3366,#3364,#1210,.T.);
#4215=EDGE_CURVE('',#3367,#3365,#1211,.T.);
#4216=EDGE_CURVE('',#3367,#3368,#1212,.T.);
#4217=EDGE_CURVE('',#3368,#3366,#1213,.T.);
#4218=EDGE_CURVE('',#3369,#3367,#1214,.T.);
#4219=EDGE_CURVE('',#3369,#3370,#1215,.T.);
#4220=EDGE_CURVE('',#3370,#3368,#1216,.T.);
#4221=EDGE_CURVE('',#3371,#3369,#1217,.T.);
#4222=EDGE_CURVE('',#3371,#3372,#1218,.T.);
#4223=EDGE_CURVE('',#3372,#3370,#1219,.T.);
#4224=EDGE_CURVE('',#3373,#3371,#1220,.T.);
#4225=EDGE_CURVE('',#3373,#3374,#1221,.T.);
#4226=EDGE_CURVE('',#3374,#3372,#1222,.T.);
#4227=EDGE_CURVE('',#3375,#3373,#1223,.T.);
#4228=EDGE_CURVE('',#3375,#3376,#1224,.T.);
#4229=EDGE_CURVE('',#3376,#3374,#1225,.T.);
#4230=EDGE_CURVE('',#3377,#3375,#1226,.T.);
#4231=EDGE_CURVE('',#3377,#3378,#1227,.T.);
#4232=EDGE_CURVE('',#3378,#3376,#1228,.T.);
#4233=EDGE_CURVE('',#3379,#3377,#1229,.T.);
#4234=EDGE_CURVE('',#3379,#3380,#1230,.T.);
#4235=EDGE_CURVE('',#3380,#3378,#1231,.T.);
#4236=EDGE_CURVE('',#3381,#3379,#1232,.T.);
#4237=EDGE_CURVE('',#3381,#3382,#1233,.T.);
#4238=EDGE_CURVE('',#3382,#3380,#1234,.T.);
#4239=EDGE_CURVE('',#3383,#3381,#1235,.T.);
#4240=EDGE_CURVE('',#3383,#3384,#1236,.T.);
#4241=EDGE_CURVE('',#3384,#3382,#1237,.T.);
#4242=EDGE_CURVE('',#3385,#3383,#1238,.T.);
#4243=EDGE_CURVE('',#3385,#3386,#1239,.T.);
#4244=EDGE_CURVE('',#3386,#3384,#1240,.T.);
#4245=EDGE_CURVE('',#3387,#3385,#1241,.T.);
#4246=EDGE_CURVE('',#3387,#3388,#1242,.T.);
#4247=EDGE_CURVE('',#3388,#3386,#1243,.T.);
#4248=EDGE_CURVE('',#3389,#3387,#1244,.T.);
#4249=EDGE_CURVE('',#3389,#3390,#1245,.T.);
#4250=EDGE_CURVE('',#3390,#3388,#1246,.T.);
#4251=EDGE_CURVE('',#3391,#3389,#1247,.T.);
#4252=EDGE_CURVE('',#3391,#3392,#1248,.T.);
#4253=EDGE_CURVE('',#3392,#3390,#1249,.T.);
#4254=EDGE_CURVE('',#3393,#3391,#1250,.T.);
#4255=EDGE_CURVE('',#3393,#3394,#1251,.T.);
#4256=EDGE_CURVE('',#3394,#3392,#1252,.T.);
#4257=EDGE_CURVE('',#3395,#3393,#1253,.T.);
#4258=EDGE_CURVE('',#3395,#3396,#1254,.T.);
#4259=EDGE_CURVE('',#3396,#3394,#1255,.T.);
#4260=EDGE_CURVE('',#3397,#3395,#1256,.T.);
#4261=EDGE_CURVE('',#3397,#3398,#1257,.T.);
#4262=EDGE_CURVE('',#3398,#3396,#1258,.T.);
#4263=EDGE_CURVE('',#3399,#3397,#1259,.T.);
#4264=EDGE_CURVE('',#3399,#3400,#1260,.T.);
#4265=EDGE_CURVE('',#3400,#3398,#1261,.T.);
#4266=EDGE_CURVE('',#3401,#3399,#1262,.T.);
#4267=EDGE_CURVE('',#3401,#3402,#1263,.T.);
#4268=EDGE_CURVE('',#3402,#3400,#1264,.T.);
#4269=EDGE_CURVE('',#3403,#3401,#1265,.T.);
#4270=EDGE_CURVE('',#3403,#3404,#1266,.T.);
#4271=EDGE_CURVE('',#3404,#3402,#1267,.T.);
#4272=EDGE_CURVE('',#3405,#3403,#1268,.T.);
#4273=EDGE_CURVE('',#3405,#3406,#1269,.T.);
#4274=EDGE_CURVE('',#3406,#3404,#1270,.T.);
#4275=EDGE_CURVE('',#3407,#3405,#1271,.T.);
#4276=EDGE_CURVE('',#3407,#3408,#1272,.T.);
#4277=EDGE_CURVE('',#3408,#3406,#1273,.T.);
#4278=EDGE_CURVE('',#3409,#3407,#1274,.T.);
#4279=EDGE_CURVE('',#3409,#3410,#1275,.T.);
#4280=EDGE_CURVE('',#3410,#3408,#1276,.T.);
#4281=EDGE_CURVE('',#3411,#3409,#1277,.T.);
#4282=EDGE_CURVE('',#3411,#3412,#1278,.T.);
#4283=EDGE_CURVE('',#3412,#3410,#1279,.T.);
#4284=EDGE_CURVE('',#3413,#3411,#1280,.T.);
#4285=EDGE_CURVE('',#3413,#3414,#1281,.T.);
#4286=EDGE_CURVE('',#3414,#3412,#1282,.T.);
#4287=EDGE_CURVE('',#3415,#3413,#1283,.T.);
#4288=EDGE_CURVE('',#3415,#3416,#1284,.T.);
#4289=EDGE_CURVE('',#3416,#3414,#1285,.T.);
#4290=EDGE_CURVE('',#3417,#3415,#1286,.T.);
#4291=EDGE_CURVE('',#3417,#3418,#1287,.T.);
#4292=EDGE_CURVE('',#3418,#3416,#1288,.T.);
#4293=EDGE_CURVE('',#3419,#3417,#1289,.T.);
#4294=EDGE_CURVE('',#3419,#3420,#1290,.T.);
#4295=EDGE_CURVE('',#3420,#3418,#1291,.T.);
#4296=EDGE_CURVE('',#3421,#3419,#1292,.T.);
#4297=EDGE_CURVE('',#3421,#3422,#1293,.T.);
#4298=EDGE_CURVE('',#3422,#3420,#1294,.T.);
#4299=EDGE_CURVE('',#3423,#3421,#1295,.T.);
#4300=EDGE_CURVE('',#3423,#3424,#1296,.T.);
#4301=EDGE_CURVE('',#3424,#3422,#1297,.T.);
#4302=EDGE_CURVE('',#3425,#3423,#1298,.T.);
#4303=EDGE_CURVE('',#3425,#3426,#1299,.T.);
#4304=EDGE_CURVE('',#3426,#3424,#1300,.T.);
#4305=EDGE_CURVE('',#3427,#3425,#1301,.T.);
#4306=EDGE_CURVE('',#3427,#3428,#1302,.T.);
#4307=EDGE_CURVE('',#3428,#3426,#1303,.T.);
#4308=EDGE_CURVE('',#3429,#3427,#1304,.T.);
#4309=EDGE_CURVE('',#3429,#3430,#1305,.T.);
#4310=EDGE_CURVE('',#3430,#3428,#1306,.T.);
#4311=EDGE_CURVE('',#3431,#3429,#1307,.T.);
#4312=EDGE_CURVE('',#3431,#3432,#1308,.T.);
#4313=EDGE_CURVE('',#3432,#3430,#1309,.T.);
#4314=EDGE_CURVE('',#3433,#3431,#1310,.T.);
#4315=EDGE_CURVE('',#3433,#3434,#1311,.T.);
#4316=EDGE_CURVE('',#3434,#3432,#1312,.T.);
#4317=EDGE_CURVE('',#3435,#3433,#1313,.T.);
#4318=EDGE_CURVE('',#3435,#3436,#1314,.T.);
#4319=EDGE_CURVE('',#3436,#3434,#1315,.T.);
#4320=EDGE_CURVE('',#3437,#3435,#1316,.T.);
#4321=EDGE_CURVE('',#3437,#3438,#1317,.T.);
#4322=EDGE_CURVE('',#3438,#3436,#1318,.T.);
#4323=EDGE_CURVE('',#3296,#3437,#1319,.T.);
#4324=EDGE_CURVE('',#3298,#3438,#1320,.T.);
#4325=EDGE_CURVE('',#3439,#3440,#87,.T.);
#4326=EDGE_CURVE('',#3441,#3439,#1321,.T.);
#4327=EDGE_CURVE('',#3442,#3441,#88,.T.);
#4328=EDGE_CURVE('',#3443,#3442,#1322,.T.);
#4329=EDGE_CURVE('',#3444,#3443,#89,.T.);
#4330=EDGE_CURVE('',#3445,#3444,#1323,.T.);
#4331=EDGE_CURVE('',#3446,#3445,#90,.T.);
#4332=EDGE_CURVE('',#3440,#3446,#1324,.T.);
#4333=EDGE_CURVE('',#3447,#3448,#1325,.T.);
#4334=EDGE_CURVE('',#3448,#3449,#1326,.T.);
#4335=EDGE_CURVE('',#3449,#3450,#1327,.T.);
#4336=EDGE_CURVE('',#3450,#3447,#1328,.T.);
#4337=EDGE_CURVE('',#3451,#3452,#1329,.T.);
#4338=EDGE_CURVE('',#3452,#3453,#91,.T.);
#4339=EDGE_CURVE('',#3453,#3454,#1330,.T.);
#4340=EDGE_CURVE('',#3454,#3451,#92,.T.);
#4341=EDGE_CURVE('',#3453,#3450,#93,.T.);
#4342=EDGE_CURVE('',#3449,#3454,#94,.T.);
#4343=EDGE_CURVE('',#3455,#3456,#1331,.T.);
#4344=EDGE_CURVE('',#3456,#3457,#1332,.T.);
#4345=EDGE_CURVE('',#3457,#3458,#1333,.T.);
#4346=EDGE_CURVE('',#3458,#3455,#1334,.T.);
#4347=EDGE_CURVE('',#3455,#3452,#95,.T.);
#4348=EDGE_CURVE('',#3451,#3456,#96,.T.);
#4349=EDGE_CURVE('',#3459,#3460,#1335,.T.);
#4350=EDGE_CURVE('',#3460,#3461,#97,.T.);
#4351=EDGE_CURVE('',#3461,#3462,#1336,.T.);
#4352=EDGE_CURVE('',#3462,#3459,#98,.T.);
#4353=EDGE_CURVE('',#3461,#3458,#99,.T.);
#4354=EDGE_CURVE('',#3457,#3462,#100,.T.);
#4355=EDGE_CURVE('',#3463,#3464,#1337,.T.);
#4356=EDGE_CURVE('',#3464,#3465,#1338,.T.);
#4357=EDGE_CURVE('',#3465,#3466,#1339,.T.);
#4358=EDGE_CURVE('',#3466,#3463,#1340,.T.);
#4359=EDGE_CURVE('',#3463,#3460,#101,.T.);
#4360=EDGE_CURVE('',#3459,#3464,#102,.T.);
#4361=EDGE_CURVE('',#3467,#3468,#1341,.T.);
#4362=EDGE_CURVE('',#3468,#3469,#103,.T.);
#4363=EDGE_CURVE('',#3469,#3470,#1342,.T.);
#4364=EDGE_CURVE('',#3470,#3467,#104,.T.);
#4365=EDGE_CURVE('',#3469,#3466,#105,.T.);
#4366=EDGE_CURVE('',#3465,#3470,#106,.T.);
#4367=EDGE_CURVE('',#3471,#3472,#1343,.T.);
#4368=EDGE_CURVE('',#3472,#3473,#1344,.T.);
#4369=EDGE_CURVE('',#3473,#3474,#1345,.T.);
#4370=EDGE_CURVE('',#3474,#3471,#1346,.T.);
#4371=EDGE_CURVE('',#3471,#3468,#107,.T.);
#4372=EDGE_CURVE('',#3467,#3472,#108,.T.);
#4373=EDGE_CURVE('',#3475,#3476,#1347,.T.);
#4374=EDGE_CURVE('',#3476,#3477,#109,.T.);
#4375=EDGE_CURVE('',#3477,#3478,#1348,.T.);
#4376=EDGE_CURVE('',#3478,#3475,#110,.T.);
#4377=EDGE_CURVE('',#3477,#3474,#111,.T.);
#4378=EDGE_CURVE('',#3473,#3478,#112,.T.);
#4379=EDGE_CURVE('',#3447,#3476,#113,.T.);
#4380=EDGE_CURVE('',#3475,#3448,#114,.T.);
#4381=EDGE_CURVE('',#3479,#3466,#1349,.T.);
#4382=EDGE_CURVE('',#3480,#3479,#1350,.T.);
#4383=EDGE_CURVE('',#3463,#3480,#1351,.T.);
#4384=EDGE_CURVE('',#3471,#3481,#1352,.T.);
#4385=EDGE_CURVE('',#3479,#3481,#115,.T.);
#4386=EDGE_CURVE('',#3482,#3474,#1353,.T.);
#4387=EDGE_CURVE('',#3481,#3482,#1354,.T.);
#4388=EDGE_CURVE('',#3447,#3483,#1355,.T.);
#4389=EDGE_CURVE('',#3482,#3483,#116,.T.);
#4390=EDGE_CURVE('',#3484,#3485,#1356,.T.);
#4391=EDGE_CURVE('',#3486,#3484,#117,.T.);
#4392=EDGE_CURVE('',#3487,#3486,#118,.T.);
#4393=EDGE_CURVE('',#3488,#3487,#119,.T.);
#4394=EDGE_CURVE('',#3489,#3488,#1357,.T.);
#4395=EDGE_CURVE('',#3490,#3489,#120,.T.);
#4396=EDGE_CURVE('',#3491,#3490,#121,.T.);
#4397=EDGE_CURVE('',#3492,#3491,#122,.T.);
#4398=EDGE_CURVE('',#3493,#3492,#1358,.T.);
#4399=EDGE_CURVE('',#3494,#3493,#123,.T.);
#4400=EDGE_CURVE('',#3495,#3494,#124,.T.);
#4401=EDGE_CURVE('',#3496,#3495,#125,.T.);
#4402=EDGE_CURVE('',#3497,#3496,#1359,.T.);
#4403=EDGE_CURVE('',#3498,#3497,#126,.T.);
#4404=EDGE_CURVE('',#3499,#3498,#127,.T.);
#4405=EDGE_CURVE('',#3485,#3499,#128,.T.);
#4406=EDGE_CURVE('',#3486,#3500,#1360,.T.);
#4407=EDGE_CURVE('',#3500,#3501,#129,.T.);
#4408=EDGE_CURVE('',#3501,#3487,#1361,.T.);
#4409=EDGE_CURVE('',#3488,#3502,#1362,.T.);
#4410=EDGE_CURVE('',#3502,#3503,#1363,.T.);
#4411=EDGE_CURVE('',#3503,#3489,#1364,.T.);
#4412=EDGE_CURVE('',#3501,#3502,#130,.T.);
#4413=EDGE_CURVE('',#3490,#3504,#1365,.T.);
#4414=EDGE_CURVE('',#3504,#3505,#131,.T.);
#4415=EDGE_CURVE('',#3505,#3491,#1366,.T.);
#4416=EDGE_CURVE('',#3503,#3504,#132,.T.);
#4417=EDGE_CURVE('',#3492,#3506,#1367,.T.);
#4418=EDGE_CURVE('',#3506,#3507,#1368,.T.);
#4419=EDGE_CURVE('',#3507,#3493,#1369,.T.);
#4420=EDGE_CURVE('',#3505,#3506,#133,.T.);
#4421=EDGE_CURVE('',#3494,#3508,#1370,.T.);
#4422=EDGE_CURVE('',#3508,#3509,#134,.T.);
#4423=EDGE_CURVE('',#3509,#3495,#1371,.T.);
#4424=EDGE_CURVE('',#3507,#3508,#135,.T.);
#4425=EDGE_CURVE('',#3496,#3510,#1372,.T.);
#4426=EDGE_CURVE('',#3510,#3511,#1373,.T.);
#4427=EDGE_CURVE('',#3511,#3497,#1374,.T.);
#4428=EDGE_CURVE('',#3509,#3510,#136,.T.);
#4429=EDGE_CURVE('',#3498,#3512,#1375,.T.);
#4430=EDGE_CURVE('',#3512,#3513,#137,.T.);
#4431=EDGE_CURVE('',#3513,#3499,#1376,.T.);
#4432=EDGE_CURVE('',#3511,#3512,#138,.T.);
#4433=EDGE_CURVE('',#3485,#3514,#1377,.T.);
#4434=EDGE_CURVE('',#3514,#3515,#1378,.T.);
#4435=EDGE_CURVE('',#3515,#3484,#1379,.T.);
#4436=EDGE_CURVE('',#3513,#3514,#139,.T.);
#4437=EDGE_CURVE('',#3515,#3500,#140,.T.);
#4438=EDGE_CURVE('',#3503,#3516,#1380,.T.);
#4439=EDGE_CURVE('',#3517,#3516,#39,.T.);
#4440=EDGE_CURVE('',#3517,#3506,#1381,.T.);
#4441=EDGE_CURVE('',#3518,#3502,#1382,.T.);
#4442=EDGE_CURVE('',#3518,#3516,#1383,.T.);
#4443=EDGE_CURVE('',#3515,#3519,#1384,.T.);
#4444=EDGE_CURVE('',#3518,#3519,#40,.T.);
#4445=EDGE_CURVE('',#3520,#3514,#1385,.T.);
#4446=EDGE_CURVE('',#3520,#3519,#1386,.T.);
#4447=EDGE_CURVE('',#3521,#3522,#1387,.T.);
#4448=EDGE_CURVE('',#3522,#3523,#1388,.T.);
#4449=EDGE_CURVE('',#3523,#3524,#1389,.T.);
#4450=EDGE_CURVE('',#3521,#3524,#1390,.T.);
#4451=EDGE_CURVE('',#3525,#3526,#1391,.T.);
#4452=EDGE_CURVE('',#3526,#3527,#1392,.T.);
#4453=EDGE_CURVE('',#3527,#3528,#1393,.T.);
#4454=EDGE_CURVE('',#3528,#3525,#1394,.T.);
#4455=EDGE_CURVE('',#3529,#3530,#1395,.T.);
#4456=EDGE_CURVE('',#3530,#3531,#1396,.T.);
#4457=EDGE_CURVE('',#3531,#3532,#1397,.T.);
#4458=EDGE_CURVE('',#3532,#3529,#1398,.T.);
#4459=EDGE_CURVE('',#3533,#3534,#1399,.T.);
#4460=EDGE_CURVE('',#3534,#3535,#1400,.T.);
#4461=EDGE_CURVE('',#3535,#3536,#1401,.T.);
#4462=EDGE_CURVE('',#3536,#3533,#1402,.T.);
#4463=EDGE_CURVE('',#3534,#3537,#1403,.T.);
#4464=EDGE_CURVE('',#3537,#3538,#1404,.T.);
#4465=EDGE_CURVE('',#3538,#3535,#1405,.T.);
#4466=EDGE_CURVE('',#3539,#3540,#1406,.T.);
#4467=EDGE_CURVE('',#3540,#3541,#1407,.T.);
#4468=EDGE_CURVE('',#3541,#3542,#1408,.T.);
#4469=EDGE_CURVE('',#3542,#3539,#1409,.T.);
#4470=EDGE_CURVE('',#3537,#3541,#1410,.T.);
#4471=EDGE_CURVE('',#3540,#3538,#1411,.T.);
#4472=EDGE_CURVE('',#3530,#3539,#1412,.T.);
#4473=EDGE_CURVE('',#3542,#3531,#1413,.T.);
#4474=EDGE_CURVE('',#3526,#3533,#1414,.T.);
#4475=EDGE_CURVE('',#3536,#3527,#1415,.T.);
#4476=EDGE_CURVE('',#3543,#3529,#1416,.T.);
#4477=EDGE_CURVE('',#3532,#3544,#1417,.T.);
#4478=EDGE_CURVE('',#3544,#3543,#1418,.T.);
#4479=EDGE_CURVE('',#3524,#3543,#1419,.T.);
#4480=EDGE_CURVE('',#3544,#3521,#1420,.T.);
#4481=EDGE_CURVE('',#3522,#3525,#1421,.T.);
#4482=EDGE_CURVE('',#3528,#3523,#1422,.T.);
#4483=EDGE_CURVE('',#3527,#3545,#1423,.T.);
#4484=EDGE_CURVE('',#3545,#3546,#1424,.F.);
#4485=EDGE_CURVE('',#3528,#3546,#1425,.F.);
#4486=EDGE_CURVE('',#3536,#3547,#1426,.T.);
#4487=EDGE_CURVE('',#3547,#3545,#1427,.F.);
#4488=EDGE_CURVE('',#3535,#3548,#1428,.T.);
#4489=EDGE_CURVE('',#3548,#3547,#1429,.F.);
#4490=EDGE_CURVE('',#3538,#3549,#1430,.F.);
#4491=EDGE_CURVE('',#3549,#3548,#1431,.F.);
#4492=EDGE_CURVE('',#3540,#3550,#1432,.T.);
#4493=EDGE_CURVE('',#3550,#3549,#1433,.F.);
#4494=EDGE_CURVE('',#3539,#3551,#1434,.F.);
#4495=EDGE_CURVE('',#3551,#3550,#1435,.F.);
#4496=EDGE_CURVE('',#3552,#3553,#1436,.T.);
#4497=EDGE_CURVE('',#3554,#3553,#23,.T.);
#4498=EDGE_CURVE('',#3554,#3555,#1437,.T.);
#4499=EDGE_CURVE('',#3556,#3555,#24,.T.);
#4500=EDGE_CURVE('',#3556,#3557,#1438,.T.);
#4501=EDGE_CURVE('',#3558,#3557,#25,.T.);
#4502=EDGE_CURVE('',#3558,#3559,#1439,.T.);
#4503=EDGE_CURVE('',#3552,#3559,#26,.T.);
#4504=EDGE_CURVE('',#3530,#3560,#1440,.F.);
#4505=EDGE_CURVE('',#3560,#3551,#1441,.F.);
#4506=EDGE_CURVE('',#3546,#3561,#1442,.F.);
#4507=EDGE_CURVE('',#3523,#3561,#1443,.F.);
#4508=EDGE_CURVE('',#3483,#3439,#27,.T.);
#4509=EDGE_CURVE('',#3440,#3482,#28,.T.);
#4510=EDGE_CURVE('',#3446,#3481,#29,.T.);
#4511=EDGE_CURVE('',#3445,#3479,#30,.T.);
#4512=EDGE_CURVE('',#3444,#3480,#31,.T.);
#4513=EDGE_CURVE('',#3443,#3562,#32,.T.);
#4514=EDGE_CURVE('',#3562,#3480,#141,.T.);
#4515=EDGE_CURVE('',#3442,#3563,#33,.T.);
#4516=EDGE_CURVE('',#3563,#3562,#1444,.T.);
#4517=EDGE_CURVE('',#3441,#3564,#34,.T.);
#4518=EDGE_CURVE('',#3564,#3563,#142,.T.);
#4519=EDGE_CURVE('',#3483,#3564,#1445,.T.);
#4520=EDGE_CURVE('',#3562,#3458,#1446,.T.);
#4521=EDGE_CURVE('',#3455,#3563,#1447,.T.);
#4522=EDGE_CURVE('',#3564,#3450,#1448,.T.);
#4523=EDGE_CURVE('',#3557,#3565,#1449,.T.);
#4524=EDGE_CURVE('',#3565,#3566,#35,.F.);
#4525=EDGE_CURVE('',#3566,#3558,#1450,.T.);
#4526=EDGE_CURVE('',#3567,#3566,#1451,.T.);
#4527=EDGE_CURVE('',#3559,#3567,#1452,.T.);
#4528=EDGE_CURVE('',#3567,#3568,#36,.F.);
#4529=EDGE_CURVE('',#3568,#3552,#1453,.T.);
#4530=EDGE_CURVE('',#3555,#3569,#1454,.T.);
#4531=EDGE_CURVE('',#3569,#3570,#37,.F.);
#4532=EDGE_CURVE('',#3570,#3556,#1455,.T.);
#4533=EDGE_CURVE('',#3571,#3554,#1456,.T.);
#4534=EDGE_CURVE('',#3569,#3571,#1457,.T.);
#4535=EDGE_CURVE('',#3553,#3572,#1458,.T.);
#4536=EDGE_CURVE('',#3572,#3571,#38,.F.);
#4537=EDGE_CURVE('',#3517,#3573,#1459,.T.);
#4538=EDGE_CURVE('',#3507,#3573,#1460,.T.);
#4539=EDGE_CURVE('',#3511,#3574,#1461,.T.);
#4540=EDGE_CURVE('',#3520,#3574,#41,.T.);
#4541=EDGE_CURVE('',#3575,#3574,#1462,.T.);
#4542=EDGE_CURVE('',#3575,#3573,#42,.T.);
#4543=EDGE_CURVE('',#3565,#3570,#1463,.T.);
#4544=EDGE_CURVE('',#3572,#3568,#1464,.T.);
#4545=EDGE_CURVE('',#3575,#3510,#1465,.T.);
#4546=EDGE_CURVE('',#3529,#3576,#1466,.F.);
#4547=EDGE_CURVE('',#3576,#3560,#1467,.F.);
#4548=EDGE_CURVE('',#3543,#3577,#1468,.F.);
#4549=EDGE_CURVE('',#3577,#3576,#1469,.F.);
#4550=EDGE_CURVE('',#3524,#3578,#1470,.T.);
#4551=EDGE_CURVE('',#3578,#3577,#1471,.F.);
#4552=EDGE_CURVE('',#3561,#3578,#1472,.F.);
#4553=EDGE_CURVE('',#3579,#3580,#1473,.T.);
#4554=EDGE_CURVE('',#3579,#3581,#1474,.T.);
#4555=EDGE_CURVE('',#3582,#3581,#1475,.T.);
#4556=EDGE_CURVE('',#3580,#3582,#1476,.T.);
#4557=EDGE_CURVE('',#3580,#3583,#1477,.T.);
#4558=EDGE_CURVE('',#3584,#3582,#1478,.T.);
#4559=EDGE_CURVE('',#3583,#3584,#1479,.T.);
#4560=EDGE_CURVE('',#3583,#3585,#1480,.T.);
#4561=EDGE_CURVE('',#3586,#3584,#1481,.T.);
#4562=EDGE_CURVE('',#3585,#3586,#1482,.T.);
#4563=EDGE_CURVE('',#3585,#3587,#1483,.T.);
#4564=EDGE_CURVE('',#3588,#3586,#1484,.T.);
#4565=EDGE_CURVE('',#3587,#3588,#1485,.T.);
#4566=EDGE_CURVE('',#3587,#3589,#1486,.T.);
#4567=EDGE_CURVE('',#3590,#3588,#1487,.T.);
#4568=EDGE_CURVE('',#3589,#3590,#1488,.T.);
#4569=EDGE_CURVE('',#3589,#3591,#1489,.T.);
#4570=EDGE_CURVE('',#3592,#3590,#1490,.T.);
#4571=EDGE_CURVE('',#3591,#3592,#1491,.T.);
#4572=EDGE_CURVE('',#3591,#3593,#1492,.T.);
#4573=EDGE_CURVE('',#3594,#3592,#1493,.T.);
#4574=EDGE_CURVE('',#3593,#3594,#1494,.T.);
#4575=EDGE_CURVE('',#3593,#3595,#1495,.T.);
#4576=EDGE_CURVE('',#3596,#3594,#1496,.T.);
#4577=EDGE_CURVE('',#3595,#3596,#1497,.T.);
#4578=EDGE_CURVE('',#3595,#3597,#1498,.T.);
#4579=EDGE_CURVE('',#3598,#3596,#1499,.T.);
#4580=EDGE_CURVE('',#3597,#3598,#1500,.T.);
#4581=EDGE_CURVE('',#3597,#3599,#1501,.T.);
#4582=EDGE_CURVE('',#3600,#3598,#1502,.T.);
#4583=EDGE_CURVE('',#3599,#3600,#1503,.T.);
#4584=EDGE_CURVE('',#3599,#3601,#1504,.T.);
#4585=EDGE_CURVE('',#3602,#3600,#1505,.T.);
#4586=EDGE_CURVE('',#3601,#3602,#1506,.T.);
#4587=EDGE_CURVE('',#3601,#3603,#1507,.T.);
#4588=EDGE_CURVE('',#3604,#3602,#1508,.T.);
#4589=EDGE_CURVE('',#3603,#3604,#1509,.T.);
#4590=EDGE_CURVE('',#3603,#3605,#1510,.T.);
#4591=EDGE_CURVE('',#3606,#3604,#1511,.T.);
#4592=EDGE_CURVE('',#3605,#3606,#1512,.T.);
#4593=EDGE_CURVE('',#3605,#3607,#1513,.T.);
#4594=EDGE_CURVE('',#3608,#3606,#1514,.T.);
#4595=EDGE_CURVE('',#3607,#3608,#1515,.T.);
#4596=EDGE_CURVE('',#3607,#3609,#1516,.T.);
#4597=EDGE_CURVE('',#3610,#3608,#1517,.T.);
#4598=EDGE_CURVE('',#3609,#3610,#1518,.T.);
#4599=EDGE_CURVE('',#3609,#3611,#1519,.T.);
#4600=EDGE_CURVE('',#3612,#3610,#1520,.T.);
#4601=EDGE_CURVE('',#3611,#3612,#1521,.T.);
#4602=EDGE_CURVE('',#3611,#3613,#1522,.T.);
#4603=EDGE_CURVE('',#3614,#3612,#1523,.T.);
#4604=EDGE_CURVE('',#3613,#3614,#1524,.T.);
#4605=EDGE_CURVE('',#3613,#3615,#1525,.T.);
#4606=EDGE_CURVE('',#3616,#3614,#1526,.T.);
#4607=EDGE_CURVE('',#3615,#3616,#1527,.T.);
#4608=EDGE_CURVE('',#3615,#3617,#1528,.T.);
#4609=EDGE_CURVE('',#3618,#3616,#1529,.T.);
#4610=EDGE_CURVE('',#3617,#3618,#1530,.T.);
#4611=EDGE_CURVE('',#3617,#3619,#1531,.T.);
#4612=EDGE_CURVE('',#3620,#3618,#1532,.T.);
#4613=EDGE_CURVE('',#3619,#3620,#1533,.T.);
#4614=EDGE_CURVE('',#3619,#3621,#1534,.T.);
#4615=EDGE_CURVE('',#3622,#3620,#1535,.T.);
#4616=EDGE_CURVE('',#3621,#3622,#1536,.T.);
#4617=EDGE_CURVE('',#3621,#3623,#1537,.T.);
#4618=EDGE_CURVE('',#3624,#3622,#1538,.T.);
#4619=EDGE_CURVE('',#3623,#3624,#1539,.T.);
#4620=EDGE_CURVE('',#3623,#3625,#1540,.T.);
#4621=EDGE_CURVE('',#3626,#3624,#1541,.T.);
#4622=EDGE_CURVE('',#3625,#3626,#1542,.T.);
#4623=EDGE_CURVE('',#3625,#3627,#1543,.T.);
#4624=EDGE_CURVE('',#3628,#3626,#1544,.T.);
#4625=EDGE_CURVE('',#3627,#3628,#1545,.T.);
#4626=EDGE_CURVE('',#3627,#3629,#1546,.T.);
#4627=EDGE_CURVE('',#3630,#3628,#1547,.T.);
#4628=EDGE_CURVE('',#3629,#3630,#1548,.T.);
#4629=EDGE_CURVE('',#3629,#3631,#1549,.T.);
#4630=EDGE_CURVE('',#3632,#3630,#1550,.T.);
#4631=EDGE_CURVE('',#3631,#3632,#1551,.T.);
#4632=EDGE_CURVE('',#3631,#3633,#1552,.T.);
#4633=EDGE_CURVE('',#3634,#3632,#1553,.T.);
#4634=EDGE_CURVE('',#3633,#3634,#1554,.T.);
#4635=EDGE_CURVE('',#3633,#3635,#1555,.T.);
#4636=EDGE_CURVE('',#3636,#3634,#1556,.T.);
#4637=EDGE_CURVE('',#3635,#3636,#1557,.T.);
#4638=EDGE_CURVE('',#3635,#3637,#1558,.T.);
#4639=EDGE_CURVE('',#3638,#3636,#1559,.T.);
#4640=EDGE_CURVE('',#3637,#3638,#1560,.T.);
#4641=EDGE_CURVE('',#3637,#3639,#1561,.T.);
#4642=EDGE_CURVE('',#3640,#3638,#1562,.T.);
#4643=EDGE_CURVE('',#3639,#3640,#1563,.T.);
#4644=EDGE_CURVE('',#3639,#3641,#1564,.T.);
#4645=EDGE_CURVE('',#3642,#3640,#1565,.T.);
#4646=EDGE_CURVE('',#3641,#3642,#1566,.T.);
#4647=EDGE_CURVE('',#3641,#3643,#1567,.T.);
#4648=EDGE_CURVE('',#3644,#3642,#1568,.T.);
#4649=EDGE_CURVE('',#3643,#3644,#1569,.T.);
#4650=EDGE_CURVE('',#3643,#3645,#1570,.T.);
#4651=EDGE_CURVE('',#3646,#3644,#1571,.T.);
#4652=EDGE_CURVE('',#3645,#3646,#1572,.T.);
#4653=EDGE_CURVE('',#3645,#3647,#1573,.T.);
#4654=EDGE_CURVE('',#3648,#3646,#1574,.T.);
#4655=EDGE_CURVE('',#3647,#3648,#1575,.T.);
#4656=EDGE_CURVE('',#3647,#3649,#1576,.T.);
#4657=EDGE_CURVE('',#3650,#3648,#1577,.T.);
#4658=EDGE_CURVE('',#3649,#3650,#1578,.T.);
#4659=EDGE_CURVE('',#3649,#3651,#1579,.T.);
#4660=EDGE_CURVE('',#3652,#3650,#1580,.T.);
#4661=EDGE_CURVE('',#3651,#3652,#1581,.T.);
#4662=EDGE_CURVE('',#3651,#3653,#1582,.T.);
#4663=EDGE_CURVE('',#3654,#3652,#1583,.T.);
#4664=EDGE_CURVE('',#3653,#3654,#1584,.T.);
#4665=EDGE_CURVE('',#3653,#3655,#1585,.T.);
#4666=EDGE_CURVE('',#3656,#3654,#1586,.T.);
#4667=EDGE_CURVE('',#3655,#3656,#1587,.T.);
#4668=EDGE_CURVE('',#3655,#3657,#1588,.T.);
#4669=EDGE_CURVE('',#3658,#3656,#1589,.T.);
#4670=EDGE_CURVE('',#3657,#3658,#1590,.T.);
#4671=EDGE_CURVE('',#3657,#3579,#1591,.T.);
#4672=EDGE_CURVE('',#3581,#3658,#1592,.T.);
#4673=EDGE_CURVE('',#3659,#3660,#1593,.T.);
#4674=EDGE_CURVE('',#3660,#3661,#1594,.T.);
#4675=EDGE_CURVE('',#3662,#3661,#1595,.T.);
#4676=EDGE_CURVE('',#3659,#3662,#1596,.T.);
#4677=EDGE_CURVE('',#3659,#3663,#1597,.T.);
#4678=EDGE_CURVE('',#3664,#3662,#1598,.T.);
#4679=EDGE_CURVE('',#3663,#3664,#1599,.T.);
#4680=EDGE_CURVE('',#3665,#3663,#1600,.T.);
#4681=EDGE_CURVE('',#3666,#3664,#1601,.T.);
#4682=EDGE_CURVE('',#3665,#3666,#1602,.T.);
#4683=EDGE_CURVE('',#3665,#3667,#1603,.T.);
#4684=EDGE_CURVE('',#3668,#3666,#1604,.T.);
#4685=EDGE_CURVE('',#3667,#3668,#1605,.T.);
#4686=EDGE_CURVE('',#3669,#3667,#1606,.T.);
#4687=EDGE_CURVE('',#3670,#3668,#1607,.T.);
#4688=EDGE_CURVE('',#3669,#3670,#1608,.T.);
#4689=EDGE_CURVE('',#3669,#3671,#1609,.T.);
#4690=EDGE_CURVE('',#3672,#3670,#1610,.T.);
#4691=EDGE_CURVE('',#3671,#3672,#1611,.T.);
#4692=EDGE_CURVE('',#3673,#3671,#1612,.T.);
#4693=EDGE_CURVE('',#3674,#3672,#1613,.T.);
#4694=EDGE_CURVE('',#3673,#3674,#1614,.T.);
#4695=EDGE_CURVE('',#3673,#3675,#1615,.T.);
#4696=EDGE_CURVE('',#3676,#3674,#1616,.T.);
#4697=EDGE_CURVE('',#3675,#3676,#1617,.T.);
#4698=EDGE_CURVE('',#3677,#3675,#1618,.T.);
#4699=EDGE_CURVE('',#3678,#3676,#1619,.T.);
#4700=EDGE_CURVE('',#3677,#3678,#1620,.T.);
#4701=EDGE_CURVE('',#3677,#3679,#1621,.T.);
#4702=EDGE_CURVE('',#3680,#3678,#1622,.T.);
#4703=EDGE_CURVE('',#3679,#3680,#1623,.T.);
#4704=EDGE_CURVE('',#3681,#3679,#1624,.T.);
#4705=EDGE_CURVE('',#3682,#3680,#1625,.T.);
#4706=EDGE_CURVE('',#3681,#3682,#1626,.T.);
#4707=EDGE_CURVE('',#3681,#3683,#1627,.T.);
#4708=EDGE_CURVE('',#3684,#3682,#1628,.T.);
#4709=EDGE_CURVE('',#3683,#3684,#1629,.T.);
#4710=EDGE_CURVE('',#3685,#3683,#1630,.T.);
#4711=EDGE_CURVE('',#3686,#3684,#1631,.T.);
#4712=EDGE_CURVE('',#3685,#3686,#1632,.T.);
#4713=EDGE_CURVE('',#3687,#3685,#1633,.T.);
#4714=EDGE_CURVE('',#3688,#3686,#1634,.T.);
#4715=EDGE_CURVE('',#3687,#3688,#1635,.T.);
#4716=EDGE_CURVE('',#3689,#3687,#1636,.T.);
#4717=EDGE_CURVE('',#3690,#3688,#1637,.T.);
#4718=EDGE_CURVE('',#3689,#3690,#1638,.T.);
#4719=EDGE_CURVE('',#3691,#3689,#1639,.T.);
#4720=EDGE_CURVE('',#3692,#3690,#1640,.T.);
#4721=EDGE_CURVE('',#3691,#3692,#1641,.T.);
#4722=EDGE_CURVE('',#3693,#3691,#1642,.T.);
#4723=EDGE_CURVE('',#3694,#3692,#1643,.T.);
#4724=EDGE_CURVE('',#3693,#3694,#1644,.T.);
#4725=EDGE_CURVE('',#3695,#3693,#1645,.T.);
#4726=EDGE_CURVE('',#3696,#3694,#1646,.T.);
#4727=EDGE_CURVE('',#3695,#3696,#1647,.T.);
#4728=EDGE_CURVE('',#3697,#3695,#1648,.T.);
#4729=EDGE_CURVE('',#3698,#3696,#1649,.T.);
#4730=EDGE_CURVE('',#3697,#3698,#1650,.T.);
#4731=EDGE_CURVE('',#3699,#3697,#1651,.T.);
#4732=EDGE_CURVE('',#3700,#3698,#1652,.T.);
#4733=EDGE_CURVE('',#3699,#3700,#1653,.T.);
#4734=EDGE_CURVE('',#3701,#3699,#1654,.T.);
#4735=EDGE_CURVE('',#3702,#3700,#1655,.T.);
#4736=EDGE_CURVE('',#3701,#3702,#1656,.T.);
#4737=EDGE_CURVE('',#3703,#3701,#1657,.T.);
#4738=EDGE_CURVE('',#3704,#3702,#1658,.T.);
#4739=EDGE_CURVE('',#3703,#3704,#1659,.T.);
#4740=EDGE_CURVE('',#3705,#3703,#1660,.T.);
#4741=EDGE_CURVE('',#3706,#3704,#1661,.T.);
#4742=EDGE_CURVE('',#3705,#3706,#1662,.T.);
#4743=EDGE_CURVE('',#3707,#3705,#1663,.T.);
#4744=EDGE_CURVE('',#3708,#3706,#1664,.T.);
#4745=EDGE_CURVE('',#3707,#3708,#1665,.T.);
#4746=EDGE_CURVE('',#3709,#3707,#1666,.T.);
#4747=EDGE_CURVE('',#3710,#3708,#1667,.T.);
#4748=EDGE_CURVE('',#3709,#3710,#1668,.T.);
#4749=EDGE_CURVE('',#3711,#3709,#1669,.T.);
#4750=EDGE_CURVE('',#3712,#3710,#1670,.T.);
#4751=EDGE_CURVE('',#3711,#3712,#1671,.T.);
#4752=EDGE_CURVE('',#3713,#3711,#1672,.T.);
#4753=EDGE_CURVE('',#3714,#3712,#1673,.T.);
#4754=EDGE_CURVE('',#3713,#3714,#1674,.T.);
#4755=EDGE_CURVE('',#3715,#3713,#1675,.T.);
#4756=EDGE_CURVE('',#3716,#3714,#1676,.T.);
#4757=EDGE_CURVE('',#3715,#3716,#1677,.T.);
#4758=EDGE_CURVE('',#3717,#3715,#1678,.T.);
#4759=EDGE_CURVE('',#3718,#3716,#1679,.T.);
#4760=EDGE_CURVE('',#3717,#3718,#1680,.T.);
#4761=EDGE_CURVE('',#3719,#3717,#1681,.T.);
#4762=EDGE_CURVE('',#3720,#3718,#1682,.T.);
#4763=EDGE_CURVE('',#3719,#3720,#1683,.T.);
#4764=EDGE_CURVE('',#3721,#3719,#1684,.T.);
#4765=EDGE_CURVE('',#3722,#3720,#1685,.T.);
#4766=EDGE_CURVE('',#3721,#3722,#1686,.T.);
#4767=EDGE_CURVE('',#3723,#3721,#1687,.T.);
#4768=EDGE_CURVE('',#3724,#3722,#1688,.T.);
#4769=EDGE_CURVE('',#3723,#3724,#1689,.T.);
#4770=EDGE_CURVE('',#3725,#3723,#1690,.T.);
#4771=EDGE_CURVE('',#3726,#3724,#1691,.T.);
#4772=EDGE_CURVE('',#3725,#3726,#1692,.T.);
#4773=EDGE_CURVE('',#3727,#3725,#1693,.T.);
#4774=EDGE_CURVE('',#3728,#3726,#1694,.T.);
#4775=EDGE_CURVE('',#3727,#3728,#1695,.T.);
#4776=EDGE_CURVE('',#3729,#3727,#1696,.T.);
#4777=EDGE_CURVE('',#3730,#3728,#1697,.T.);
#4778=EDGE_CURVE('',#3729,#3730,#1698,.T.);
#4779=EDGE_CURVE('',#3731,#3729,#1699,.T.);
#4780=EDGE_CURVE('',#3732,#3730,#1700,.T.);
#4781=EDGE_CURVE('',#3731,#3732,#1701,.T.);
#4782=EDGE_CURVE('',#3733,#3731,#1702,.T.);
#4783=EDGE_CURVE('',#3734,#3732,#1703,.T.);
#4784=EDGE_CURVE('',#3733,#3734,#1704,.T.);
#4785=EDGE_CURVE('',#3735,#3733,#1705,.T.);
#4786=EDGE_CURVE('',#3736,#3734,#1706,.T.);
#4787=EDGE_CURVE('',#3735,#3736,#1707,.T.);
#4788=EDGE_CURVE('',#3737,#3735,#1708,.T.);
#4789=EDGE_CURVE('',#3738,#3736,#1709,.T.);
#4790=EDGE_CURVE('',#3737,#3738,#1710,.T.);
#4791=EDGE_CURVE('',#3739,#3737,#1711,.T.);
#4792=EDGE_CURVE('',#3740,#3738,#1712,.T.);
#4793=EDGE_CURVE('',#3739,#3740,#1713,.T.);
#4794=EDGE_CURVE('',#3741,#3739,#1714,.T.);
#4795=EDGE_CURVE('',#3742,#3740,#1715,.T.);
#4796=EDGE_CURVE('',#3741,#3742,#1716,.T.);
#4797=EDGE_CURVE('',#3743,#3741,#1717,.T.);
#4798=EDGE_CURVE('',#3744,#3742,#1718,.T.);
#4799=EDGE_CURVE('',#3743,#3744,#1719,.T.);
#4800=EDGE_CURVE('',#3745,#3743,#1720,.T.);
#4801=EDGE_CURVE('',#3746,#3744,#1721,.T.);
#4802=EDGE_CURVE('',#3745,#3746,#1722,.T.);
#4803=EDGE_CURVE('',#3747,#3745,#1723,.T.);
#4804=EDGE_CURVE('',#3748,#3746,#1724,.T.);
#4805=EDGE_CURVE('',#3747,#3748,#1725,.T.);
#4806=EDGE_CURVE('',#3749,#3747,#1726,.T.);
#4807=EDGE_CURVE('',#3750,#3748,#1727,.T.);
#4808=EDGE_CURVE('',#3749,#3750,#1728,.T.);
#4809=EDGE_CURVE('',#3751,#3749,#1729,.T.);
#4810=EDGE_CURVE('',#3752,#3750,#1730,.T.);
#4811=EDGE_CURVE('',#3751,#3752,#1731,.T.);
#4812=EDGE_CURVE('',#3753,#3751,#1732,.T.);
#4813=EDGE_CURVE('',#3754,#3752,#1733,.T.);
#4814=EDGE_CURVE('',#3753,#3754,#1734,.T.);
#4815=EDGE_CURVE('',#3755,#3753,#1735,.T.);
#4816=EDGE_CURVE('',#3756,#3754,#1736,.T.);
#4817=EDGE_CURVE('',#3755,#3756,#1737,.T.);
#4818=EDGE_CURVE('',#3757,#3755,#1738,.T.);
#4819=EDGE_CURVE('',#3758,#3756,#1739,.T.);
#4820=EDGE_CURVE('',#3757,#3758,#1740,.T.);
#4821=EDGE_CURVE('',#3759,#3757,#1741,.T.);
#4822=EDGE_CURVE('',#3760,#3758,#1742,.T.);
#4823=EDGE_CURVE('',#3759,#3760,#1743,.T.);
#4824=EDGE_CURVE('',#3761,#3759,#1744,.T.);
#4825=EDGE_CURVE('',#3762,#3760,#1745,.T.);
#4826=EDGE_CURVE('',#3761,#3762,#1746,.T.);
#4827=EDGE_CURVE('',#3763,#3761,#1747,.T.);
#4828=EDGE_CURVE('',#3764,#3762,#1748,.T.);
#4829=EDGE_CURVE('',#3763,#3764,#1749,.T.);
#4830=EDGE_CURVE('',#3765,#3763,#1750,.T.);
#4831=EDGE_CURVE('',#3766,#3764,#1751,.T.);
#4832=EDGE_CURVE('',#3765,#3766,#1752,.T.);
#4833=EDGE_CURVE('',#3767,#3765,#1753,.T.);
#4834=EDGE_CURVE('',#3768,#3766,#1754,.T.);
#4835=EDGE_CURVE('',#3767,#3768,#1755,.T.);
#4836=EDGE_CURVE('',#3769,#3767,#1756,.T.);
#4837=EDGE_CURVE('',#3770,#3768,#1757,.T.);
#4838=EDGE_CURVE('',#3769,#3770,#1758,.T.);
#4839=EDGE_CURVE('',#3771,#3769,#1759,.T.);
#4840=EDGE_CURVE('',#3772,#3770,#1760,.T.);
#4841=EDGE_CURVE('',#3771,#3772,#1761,.T.);
#4842=EDGE_CURVE('',#3773,#3771,#1762,.T.);
#4843=EDGE_CURVE('',#3774,#3772,#1763,.T.);
#4844=EDGE_CURVE('',#3773,#3774,#1764,.T.);
#4845=EDGE_CURVE('',#3775,#3773,#1765,.T.);
#4846=EDGE_CURVE('',#3776,#3774,#1766,.T.);
#4847=EDGE_CURVE('',#3775,#3776,#1767,.T.);
#4848=EDGE_CURVE('',#3777,#3775,#1768,.T.);
#4849=EDGE_CURVE('',#3778,#3776,#1769,.T.);
#4850=EDGE_CURVE('',#3777,#3778,#1770,.T.);
#4851=EDGE_CURVE('',#3779,#3777,#1771,.T.);
#4852=EDGE_CURVE('',#3780,#3778,#1772,.T.);
#4853=EDGE_CURVE('',#3779,#3780,#1773,.T.);
#4854=EDGE_CURVE('',#3781,#3779,#1774,.T.);
#4855=EDGE_CURVE('',#3782,#3780,#1775,.T.);
#4856=EDGE_CURVE('',#3781,#3782,#1776,.T.);
#4857=EDGE_CURVE('',#3783,#3781,#1777,.T.);
#4858=EDGE_CURVE('',#3784,#3782,#1778,.T.);
#4859=EDGE_CURVE('',#3783,#3784,#1779,.T.);
#4860=EDGE_CURVE('',#3785,#3783,#1780,.T.);
#4861=EDGE_CURVE('',#3786,#3784,#1781,.T.);
#4862=EDGE_CURVE('',#3785,#3786,#1782,.T.);
#4863=EDGE_CURVE('',#3787,#3785,#1783,.T.);
#4864=EDGE_CURVE('',#3788,#3786,#1784,.T.);
#4865=EDGE_CURVE('',#3787,#3788,#1785,.T.);
#4866=EDGE_CURVE('',#3789,#3787,#1786,.T.);
#4867=EDGE_CURVE('',#3790,#3788,#1787,.T.);
#4868=EDGE_CURVE('',#3789,#3790,#1788,.T.);
#4869=EDGE_CURVE('',#3791,#3789,#1789,.T.);
#4870=EDGE_CURVE('',#3792,#3790,#1790,.T.);
#4871=EDGE_CURVE('',#3791,#3792,#1791,.T.);
#4872=EDGE_CURVE('',#3793,#3791,#1792,.T.);
#4873=EDGE_CURVE('',#3794,#3792,#1793,.T.);
#4874=EDGE_CURVE('',#3793,#3794,#1794,.T.);
#4875=EDGE_CURVE('',#3793,#3660,#1795,.T.);
#4876=EDGE_CURVE('',#3661,#3794,#1796,.T.);
#4877=EDGE_CURVE('',#3795,#3796,#1797,.T.);
#4878=EDGE_CURVE('',#3797,#3795,#1798,.T.);
#4879=EDGE_CURVE('',#3798,#3797,#1799,.T.);
#4880=EDGE_CURVE('',#3796,#3798,#1800,.T.);
#4881=EDGE_CURVE('',#3799,#3800,#1801,.T.);
#4882=EDGE_CURVE('',#3799,#3801,#1802,.T.);
#4883=EDGE_CURVE('',#3802,#3801,#1803,.T.);
#4884=EDGE_CURVE('',#3802,#3800,#1804,.T.);
#4885=EDGE_CURVE('',#3803,#3799,#1805,.T.);
#4886=EDGE_CURVE('',#3803,#3804,#1806,.T.);
#4887=EDGE_CURVE('',#3801,#3804,#1807,.T.);
#4888=EDGE_CURVE('',#3805,#3803,#1808,.T.);
#4889=EDGE_CURVE('',#3805,#3806,#1809,.T.);
#4890=EDGE_CURVE('',#3804,#3806,#1810,.T.);
#4891=EDGE_CURVE('',#3807,#3805,#1811,.T.);
#4892=EDGE_CURVE('',#3807,#3808,#1812,.T.);
#4893=EDGE_CURVE('',#3806,#3808,#1813,.T.);
#4894=EDGE_CURVE('',#3809,#3807,#1814,.T.);
#4895=EDGE_CURVE('',#3809,#3810,#1815,.T.);
#4896=EDGE_CURVE('',#3808,#3810,#1816,.T.);
#4897=EDGE_CURVE('',#3798,#3809,#1817,.T.);
#4898=EDGE_CURVE('',#3810,#3797,#1818,.T.);
#4899=EDGE_CURVE('',#3795,#3811,#1819,.T.);
#4900=EDGE_CURVE('',#3811,#3812,#1820,.T.);
#4901=EDGE_CURVE('',#3812,#3813,#1821,.T.);
#4902=EDGE_CURVE('',#3813,#3814,#1822,.T.);
#4903=EDGE_CURVE('',#3814,#3802,#1823,.T.);
#4904=EDGE_CURVE('',#3800,#3815,#1824,.T.);
#4905=EDGE_CURVE('',#3815,#3816,#1825,.T.);
#4906=EDGE_CURVE('',#3816,#3817,#1826,.T.);
#4907=EDGE_CURVE('',#3817,#3818,#1827,.T.);
#4908=EDGE_CURVE('',#3818,#3796,#1828,.T.);
#4909=EDGE_CURVE('',#3811,#3818,#1829,.T.);
#4910=EDGE_CURVE('',#3812,#3817,#1830,.T.);
#4911=EDGE_CURVE('',#3813,#3816,#1831,.T.);
#4912=EDGE_CURVE('',#3814,#3815,#1832,.T.);
#4913=EDGE_CURVE('',#3819,#3820,#1833,.T.);
#4914=EDGE_CURVE('',#3820,#3821,#1834,.T.);
#4915=EDGE_CURVE('',#3821,#3822,#1835,.T.);
#4916=EDGE_CURVE('',#3822,#3823,#1836,.T.);
#4917=EDGE_CURVE('',#3823,#3824,#1837,.T.);
#4918=EDGE_CURVE('',#3824,#3825,#1838,.T.);
#4919=EDGE_CURVE('',#3825,#3826,#1839,.T.);
#4920=EDGE_CURVE('',#3826,#3827,#1840,.T.);
#4921=EDGE_CURVE('',#3827,#3828,#1841,.T.);
#4922=EDGE_CURVE('',#3828,#3829,#1842,.T.);
#4923=EDGE_CURVE('',#3829,#3830,#1843,.T.);
#4924=EDGE_CURVE('',#3830,#3831,#1844,.T.);
#4925=EDGE_CURVE('',#3831,#3832,#1845,.T.);
#4926=EDGE_CURVE('',#3832,#3833,#1846,.T.);
#4927=EDGE_CURVE('',#3833,#3834,#1847,.T.);
#4928=EDGE_CURVE('',#3834,#3835,#1848,.T.);
#4929=EDGE_CURVE('',#3835,#3836,#1849,.T.);
#4930=EDGE_CURVE('',#3836,#3837,#1850,.T.);
#4931=EDGE_CURVE('',#3837,#3838,#1851,.T.);
#4932=EDGE_CURVE('',#3838,#3839,#1852,.T.);
#4933=EDGE_CURVE('',#3839,#3840,#1853,.T.);
#4934=EDGE_CURVE('',#3840,#3841,#1854,.T.);
#4935=EDGE_CURVE('',#3841,#3842,#1855,.T.);
#4936=EDGE_CURVE('',#3842,#3843,#1856,.T.);
#4937=EDGE_CURVE('',#3843,#3844,#1857,.T.);
#4938=EDGE_CURVE('',#3844,#3819,#1858,.T.);
#4939=EDGE_CURVE('',#3845,#3846,#1859,.T.);
#4940=EDGE_CURVE('',#3845,#3820,#1860,.T.);
#4941=EDGE_CURVE('',#3819,#3846,#1861,.T.);
#4942=EDGE_CURVE('',#3847,#3845,#1862,.T.);
#4943=EDGE_CURVE('',#3847,#3821,#1863,.T.);
#4944=EDGE_CURVE('',#3848,#3847,#1864,.T.);
#4945=EDGE_CURVE('',#3848,#3822,#1865,.T.);
#4946=EDGE_CURVE('',#3849,#3848,#1866,.T.);
#4947=EDGE_CURVE('',#3849,#3823,#1867,.T.);
#4948=EDGE_CURVE('',#3850,#3849,#1868,.T.);
#4949=EDGE_CURVE('',#3850,#3824,#1869,.T.);
#4950=EDGE_CURVE('',#3851,#3850,#1870,.T.);
#4951=EDGE_CURVE('',#3851,#3825,#1871,.T.);
#4952=EDGE_CURVE('',#3852,#3851,#1872,.T.);
#4953=EDGE_CURVE('',#3852,#3826,#1873,.T.);
#4954=EDGE_CURVE('',#3853,#3852,#1874,.T.);
#4955=EDGE_CURVE('',#3853,#3827,#1875,.T.);
#4956=EDGE_CURVE('',#3854,#3853,#1876,.T.);
#4957=EDGE_CURVE('',#3854,#3828,#1877,.T.);
#4958=EDGE_CURVE('',#3855,#3854,#1878,.T.);
#4959=EDGE_CURVE('',#3855,#3829,#1879,.T.);
#4960=EDGE_CURVE('',#3856,#3855,#1880,.T.);
#4961=EDGE_CURVE('',#3856,#3830,#1881,.T.);
#4962=EDGE_CURVE('',#3846,#3857,#1882,.T.);
#4963=EDGE_CURVE('',#3857,#3858,#1883,.T.);
#4964=EDGE_CURVE('',#3858,#3859,#1884,.T.);
#4965=EDGE_CURVE('',#3859,#3860,#1885,.T.);
#4966=EDGE_CURVE('',#3860,#3861,#1886,.T.);
#4967=EDGE_CURVE('',#3861,#3862,#1887,.T.);
#4968=EDGE_CURVE('',#3862,#3863,#1888,.T.);
#4969=EDGE_CURVE('',#3863,#3864,#1889,.T.);
#4970=EDGE_CURVE('',#3864,#3865,#1890,.T.);
#4971=EDGE_CURVE('',#3865,#3866,#1891,.T.);
#4972=EDGE_CURVE('',#3866,#3867,#1892,.T.);
#4973=EDGE_CURVE('',#3867,#3868,#1893,.T.);
#4974=EDGE_CURVE('',#3868,#3869,#1894,.T.);
#4975=EDGE_CURVE('',#3869,#3870,#1895,.T.);
#4976=EDGE_CURVE('',#3870,#3856,#1896,.T.);
#4977=EDGE_CURVE('',#3831,#3870,#1897,.T.);
#4978=EDGE_CURVE('',#3832,#3869,#1898,.T.);
#4979=EDGE_CURVE('',#3833,#3868,#1899,.T.);
#4980=EDGE_CURVE('',#3834,#3867,#1900,.T.);
#4981=EDGE_CURVE('',#3835,#3866,#1901,.T.);
#4982=EDGE_CURVE('',#3836,#3865,#1902,.T.);
#4983=EDGE_CURVE('',#3837,#3864,#1903,.T.);
#4984=EDGE_CURVE('',#3838,#3863,#1904,.T.);
#4985=EDGE_CURVE('',#3839,#3862,#1905,.T.);
#4986=EDGE_CURVE('',#3840,#3861,#1906,.T.);
#4987=EDGE_CURVE('',#3841,#3860,#1907,.T.);
#4988=EDGE_CURVE('',#3842,#3859,#1908,.T.);
#4989=EDGE_CURVE('',#3843,#3858,#1909,.T.);
#4990=EDGE_CURVE('',#3844,#3857,#1910,.T.);
#4991=EDGE_CURVE('',#3871,#3872,#1911,.T.);
#4992=EDGE_CURVE('',#3872,#3873,#1912,.T.);
#4993=EDGE_CURVE('',#3873,#3874,#1913,.T.);
#4994=EDGE_CURVE('',#3874,#3875,#1914,.T.);
#4995=EDGE_CURVE('',#3875,#3876,#1915,.T.);
#4996=EDGE_CURVE('',#3876,#3877,#1916,.T.);
#4997=EDGE_CURVE('',#3877,#3878,#1917,.T.);
#4998=EDGE_CURVE('',#3878,#3879,#1918,.T.);
#4999=EDGE_CURVE('',#3879,#3880,#1919,.T.);
#5000=EDGE_CURVE('',#3880,#3881,#1920,.T.);
#5001=EDGE_CURVE('',#3881,#3882,#1921,.T.);
#5002=EDGE_CURVE('',#3882,#3883,#1922,.T.);
#5003=EDGE_CURVE('',#3883,#3884,#1923,.T.);
#5004=EDGE_CURVE('',#3884,#3885,#1924,.T.);
#5005=EDGE_CURVE('',#3885,#3886,#1925,.T.);
#5006=EDGE_CURVE('',#3886,#3887,#1926,.T.);
#5007=EDGE_CURVE('',#3887,#3888,#1927,.T.);
#5008=EDGE_CURVE('',#3888,#3889,#1928,.T.);
#5009=EDGE_CURVE('',#3889,#3890,#1929,.T.);
#5010=EDGE_CURVE('',#3890,#3891,#1930,.T.);
#5011=EDGE_CURVE('',#3891,#3892,#1931,.T.);
#5012=EDGE_CURVE('',#3892,#3893,#1932,.T.);
#5013=EDGE_CURVE('',#3893,#3894,#1933,.T.);
#5014=EDGE_CURVE('',#3894,#3895,#1934,.T.);
#5015=EDGE_CURVE('',#3895,#3896,#1935,.T.);
#5016=EDGE_CURVE('',#3896,#3897,#1936,.T.);
#5017=EDGE_CURVE('',#3897,#3898,#1937,.T.);
#5018=EDGE_CURVE('',#3898,#3899,#1938,.T.);
#5019=EDGE_CURVE('',#3899,#3900,#1939,.T.);
#5020=EDGE_CURVE('',#3900,#3901,#1940,.T.);
#5021=EDGE_CURVE('',#3901,#3902,#1941,.T.);
#5022=EDGE_CURVE('',#3902,#3903,#1942,.T.);
#5023=EDGE_CURVE('',#3903,#3904,#1943,.T.);
#5024=EDGE_CURVE('',#3904,#3905,#1944,.T.);
#5025=EDGE_CURVE('',#3905,#3906,#1945,.T.);
#5026=EDGE_CURVE('',#3906,#3907,#1946,.T.);
#5027=EDGE_CURVE('',#3907,#3908,#1947,.T.);
#5028=EDGE_CURVE('',#3908,#3909,#1948,.T.);
#5029=EDGE_CURVE('',#3909,#3910,#1949,.T.);
#5030=EDGE_CURVE('',#3910,#3911,#1950,.T.);
#5031=EDGE_CURVE('',#3911,#3912,#1951,.T.);
#5032=EDGE_CURVE('',#3912,#3913,#1952,.T.);
#5033=EDGE_CURVE('',#3913,#3914,#1953,.T.);
#5034=EDGE_CURVE('',#3914,#3915,#1954,.T.);
#5035=EDGE_CURVE('',#3915,#3916,#1955,.T.);
#5036=EDGE_CURVE('',#3916,#3917,#1956,.T.);
#5037=EDGE_CURVE('',#3917,#3918,#1957,.T.);
#5038=EDGE_CURVE('',#3918,#3919,#1958,.T.);
#5039=EDGE_CURVE('',#3919,#3920,#1959,.T.);
#5040=EDGE_CURVE('',#3920,#3921,#1960,.T.);
#5041=EDGE_CURVE('',#3921,#3922,#1961,.T.);
#5042=EDGE_CURVE('',#3922,#3923,#1962,.T.);
#5043=EDGE_CURVE('',#3923,#3924,#1963,.T.);
#5044=EDGE_CURVE('',#3924,#3925,#1964,.T.);
#5045=EDGE_CURVE('',#3925,#3926,#1965,.T.);
#5046=EDGE_CURVE('',#3926,#3927,#1966,.T.);
#5047=EDGE_CURVE('',#3927,#3928,#1967,.T.);
#5048=EDGE_CURVE('',#3928,#3929,#1968,.T.);
#5049=EDGE_CURVE('',#3929,#3930,#1969,.T.);
#5050=EDGE_CURVE('',#3930,#3931,#1970,.T.);
#5051=EDGE_CURVE('',#3931,#3932,#1971,.T.);
#5052=EDGE_CURVE('',#3932,#3933,#1972,.T.);
#5053=EDGE_CURVE('',#3933,#3934,#1973,.T.);
#5054=EDGE_CURVE('',#3934,#3935,#1974,.T.);
#5055=EDGE_CURVE('',#3935,#3936,#1975,.T.);
#5056=EDGE_CURVE('',#3936,#3937,#1976,.T.);
#5057=EDGE_CURVE('',#3937,#3938,#1977,.T.);
#5058=EDGE_CURVE('',#3938,#3871,#1978,.T.);
#5059=EDGE_CURVE('',#3939,#3909,#1979,.T.);
#5060=EDGE_CURVE('',#3908,#3940,#1980,.T.);
#5061=EDGE_CURVE('',#3939,#3940,#1981,.T.);
#5062=EDGE_CURVE('',#3907,#3941,#1982,.T.);
#5063=EDGE_CURVE('',#3940,#3941,#1983,.T.);
#5064=EDGE_CURVE('',#3906,#3942,#1984,.T.);
#5065=EDGE_CURVE('',#3941,#3942,#1985,.T.);
#5066=EDGE_CURVE('',#3905,#3943,#1986,.T.);
#5067=EDGE_CURVE('',#3942,#3943,#1987,.T.);
#5068=EDGE_CURVE('',#3904,#3944,#1988,.T.);
#5069=EDGE_CURVE('',#3943,#3944,#1989,.T.);
#5070=EDGE_CURVE('',#3903,#3945,#1990,.T.);
#5071=EDGE_CURVE('',#3944,#3945,#1991,.T.);
#5072=EDGE_CURVE('',#3902,#3946,#1992,.T.);
#5073=EDGE_CURVE('',#3945,#3946,#1993,.T.);
#5074=EDGE_CURVE('',#3901,#3947,#1994,.T.);
#5075=EDGE_CURVE('',#3946,#3947,#1995,.T.);
#5076=EDGE_CURVE('',#3900,#3948,#1996,.T.);
#5077=EDGE_CURVE('',#3947,#3948,#1997,.T.);
#5078=EDGE_CURVE('',#3899,#3949,#1998,.T.);
#5079=EDGE_CURVE('',#3948,#3949,#1999,.T.);
#5080=EDGE_CURVE('',#3898,#3950,#2000,.T.);
#5081=EDGE_CURVE('',#3949,#3950,#2001,.T.);
#5082=EDGE_CURVE('',#3897,#3951,#2002,.T.);
#5083=EDGE_CURVE('',#3950,#3951,#2003,.T.);
#5084=EDGE_CURVE('',#3896,#3952,#2004,.T.);
#5085=EDGE_CURVE('',#3951,#3952,#2005,.T.);
#5086=EDGE_CURVE('',#3895,#3953,#2006,.T.);
#5087=EDGE_CURVE('',#3952,#3953,#2007,.T.);
#5088=EDGE_CURVE('',#3894,#3954,#2008,.T.);
#5089=EDGE_CURVE('',#3953,#3954,#2009,.T.);
#5090=EDGE_CURVE('',#3893,#3955,#2010,.T.);
#5091=EDGE_CURVE('',#3954,#3955,#2011,.T.);
#5092=EDGE_CURVE('',#3892,#3956,#2012,.T.);
#5093=EDGE_CURVE('',#3955,#3956,#2013,.T.);
#5094=EDGE_CURVE('',#3891,#3957,#2014,.T.);
#5095=EDGE_CURVE('',#3956,#3957,#2015,.T.);
#5096=EDGE_CURVE('',#3890,#3958,#2016,.T.);
#5097=EDGE_CURVE('',#3957,#3958,#2017,.T.);
#5098=EDGE_CURVE('',#3889,#3959,#2018,.T.);
#5099=EDGE_CURVE('',#3958,#3959,#2019,.T.);
#5100=EDGE_CURVE('',#3888,#3960,#2020,.T.);
#5101=EDGE_CURVE('',#3959,#3960,#2021,.T.);
#5102=EDGE_CURVE('',#3887,#3961,#2022,.T.);
#5103=EDGE_CURVE('',#3960,#3961,#2023,.T.);
#5104=EDGE_CURVE('',#3886,#3962,#2024,.T.);
#5105=EDGE_CURVE('',#3961,#3962,#2025,.T.);
#5106=EDGE_CURVE('',#3885,#3963,#2026,.T.);
#5107=EDGE_CURVE('',#3962,#3963,#2027,.T.);
#5108=EDGE_CURVE('',#3884,#3964,#2028,.T.);
#5109=EDGE_CURVE('',#3963,#3964,#2029,.T.);
#5110=EDGE_CURVE('',#3883,#3965,#2030,.T.);
#5111=EDGE_CURVE('',#3964,#3965,#2031,.T.);
#5112=EDGE_CURVE('',#3882,#3966,#2032,.T.);
#5113=EDGE_CURVE('',#3965,#3966,#2033,.T.);
#5114=EDGE_CURVE('',#3881,#3967,#2034,.T.);
#5115=EDGE_CURVE('',#3966,#3967,#2035,.T.);
#5116=EDGE_CURVE('',#3880,#3968,#2036,.T.);
#5117=EDGE_CURVE('',#3967,#3968,#2037,.T.);
#5118=EDGE_CURVE('',#3879,#3969,#2038,.T.);
#5119=EDGE_CURVE('',#3968,#3969,#2039,.T.);
#5120=EDGE_CURVE('',#3878,#3970,#2040,.T.);
#5121=EDGE_CURVE('',#3969,#3970,#2041,.T.);
#5122=EDGE_CURVE('',#3877,#3971,#2042,.T.);
#5123=EDGE_CURVE('',#3970,#3971,#2043,.T.);
#5124=EDGE_CURVE('',#3876,#3972,#2044,.T.);
#5125=EDGE_CURVE('',#3971,#3972,#2045,.T.);
#5126=EDGE_CURVE('',#3875,#3973,#2046,.T.);
#5127=EDGE_CURVE('',#3972,#3973,#2047,.T.);
#5128=EDGE_CURVE('',#3874,#3974,#2048,.T.);
#5129=EDGE_CURVE('',#3973,#3974,#2049,.T.);
#5130=EDGE_CURVE('',#3873,#3975,#2050,.T.);
#5131=EDGE_CURVE('',#3974,#3975,#2051,.T.);
#5132=EDGE_CURVE('',#3976,#3977,#2052,.T.);
#5133=EDGE_CURVE('',#3977,#3978,#2053,.T.);
#5134=EDGE_CURVE('',#3978,#3979,#2054,.T.);
#5135=EDGE_CURVE('',#3979,#3980,#2055,.T.);
#5136=EDGE_CURVE('',#3980,#3981,#2056,.T.);
#5137=EDGE_CURVE('',#3981,#3982,#2057,.T.);
#5138=EDGE_CURVE('',#3982,#3983,#2058,.T.);
#5139=EDGE_CURVE('',#3983,#3984,#2059,.T.);
#5140=EDGE_CURVE('',#3984,#3985,#2060,.T.);
#5141=EDGE_CURVE('',#3985,#3986,#2061,.T.);
#5142=EDGE_CURVE('',#3986,#3987,#2062,.T.);
#5143=EDGE_CURVE('',#3987,#3988,#2063,.T.);
#5144=EDGE_CURVE('',#3988,#3989,#2064,.T.);
#5145=EDGE_CURVE('',#3989,#3990,#2065,.T.);
#5146=EDGE_CURVE('',#3990,#3991,#2066,.T.);
#5147=EDGE_CURVE('',#3991,#3992,#2067,.T.);
#5148=EDGE_CURVE('',#3992,#3993,#2068,.T.);
#5149=EDGE_CURVE('',#3993,#3994,#2069,.T.);
#5150=EDGE_CURVE('',#3994,#3995,#2070,.T.);
#5151=EDGE_CURVE('',#3995,#3996,#2071,.T.);
#5152=EDGE_CURVE('',#3996,#3997,#2072,.T.);
#5153=EDGE_CURVE('',#3997,#3998,#2073,.T.);
#5154=EDGE_CURVE('',#3998,#3999,#2074,.T.);
#5155=EDGE_CURVE('',#3999,#4000,#2075,.T.);
#5156=EDGE_CURVE('',#4000,#4001,#2076,.T.);
#5157=EDGE_CURVE('',#4001,#4002,#2077,.T.);
#5158=EDGE_CURVE('',#4002,#4003,#2078,.T.);
#5159=EDGE_CURVE('',#4003,#4004,#2079,.T.);
#5160=EDGE_CURVE('',#4004,#4005,#2080,.T.);
#5161=EDGE_CURVE('',#4005,#4006,#2081,.T.);
#5162=EDGE_CURVE('',#4006,#3939,#2082,.T.);
#5163=EDGE_CURVE('',#3975,#3976,#2083,.T.);
#5164=EDGE_CURVE('',#3872,#3976,#2084,.T.);
#5165=EDGE_CURVE('',#3989,#3927,#2085,.T.);
#5166=EDGE_CURVE('',#3990,#3926,#2086,.T.);
#5167=EDGE_CURVE('',#3991,#3925,#2087,.T.);
#5168=EDGE_CURVE('',#3992,#3924,#2088,.T.);
#5169=EDGE_CURVE('',#3993,#3923,#2089,.T.);
#5170=EDGE_CURVE('',#3994,#3922,#2090,.T.);
#5171=EDGE_CURVE('',#3995,#3921,#2091,.T.);
#5172=EDGE_CURVE('',#3996,#3920,#2092,.T.);
#5173=EDGE_CURVE('',#3997,#3919,#2093,.T.);
#5174=EDGE_CURVE('',#3998,#3918,#2094,.T.);
#5175=EDGE_CURVE('',#3999,#3917,#2095,.T.);
#5176=EDGE_CURVE('',#4000,#3916,#2096,.T.);
#5177=EDGE_CURVE('',#4001,#3915,#2097,.T.);
#5178=EDGE_CURVE('',#4002,#3914,#2098,.T.);
#5179=EDGE_CURVE('',#4003,#3913,#2099,.T.);
#5180=EDGE_CURVE('',#4004,#3912,#2100,.T.);
#5181=EDGE_CURVE('',#4005,#3911,#2101,.T.);
#5182=EDGE_CURVE('',#4006,#3910,#2102,.T.);
#5183=EDGE_CURVE('',#3977,#3871,#2103,.T.);
#5184=EDGE_CURVE('',#3978,#3938,#2104,.T.);
#5185=EDGE_CURVE('',#3979,#3937,#2105,.T.);
#5186=EDGE_CURVE('',#3980,#3936,#2106,.T.);
#5187=EDGE_CURVE('',#3981,#3935,#2107,.T.);
#5188=EDGE_CURVE('',#3982,#3934,#2108,.T.);
#5189=EDGE_CURVE('',#3983,#3933,#2109,.T.);
#5190=EDGE_CURVE('',#3984,#3932,#2110,.T.);
#5191=EDGE_CURVE('',#3985,#3931,#2111,.T.);
#5192=EDGE_CURVE('',#3986,#3930,#2112,.T.);
#5193=EDGE_CURVE('',#3987,#3929,#2113,.T.);
#5194=EDGE_CURVE('',#3988,#3928,#2114,.T.);
#5195=ORIENTED_EDGE('',*,*,#4007,.F.);
#5196=ORIENTED_EDGE('',*,*,#4008,.T.);
#5197=ORIENTED_EDGE('',*,*,#4009,.T.);
#5198=ORIENTED_EDGE('',*,*,#4010,.F.);
#5199=ORIENTED_EDGE('',*,*,#4011,.F.);
#5200=ORIENTED_EDGE('',*,*,#4012,.T.);
#5201=ORIENTED_EDGE('',*,*,#4013,.T.);
#5202=ORIENTED_EDGE('',*,*,#4008,.F.);
#5203=ORIENTED_EDGE('',*,*,#4014,.F.);
#5204=ORIENTED_EDGE('',*,*,#4015,.T.);
#5205=ORIENTED_EDGE('',*,*,#4016,.T.);
#5206=ORIENTED_EDGE('',*,*,#4012,.F.);
#5207=ORIENTED_EDGE('',*,*,#4017,.F.);
#5208=ORIENTED_EDGE('',*,*,#4018,.T.);
#5209=ORIENTED_EDGE('',*,*,#4019,.T.);
#5210=ORIENTED_EDGE('',*,*,#4015,.F.);
#5211=ORIENTED_EDGE('',*,*,#4020,.F.);
#5212=ORIENTED_EDGE('',*,*,#4021,.T.);
#5213=ORIENTED_EDGE('',*,*,#4022,.T.);
#5214=ORIENTED_EDGE('',*,*,#4018,.F.);
#5215=ORIENTED_EDGE('',*,*,#4023,.F.);
#5216=ORIENTED_EDGE('',*,*,#4024,.T.);
#5217=ORIENTED_EDGE('',*,*,#4025,.T.);
#5218=ORIENTED_EDGE('',*,*,#4021,.F.);
#5219=ORIENTED_EDGE('',*,*,#4026,.F.);
#5220=ORIENTED_EDGE('',*,*,#4027,.T.);
#5221=ORIENTED_EDGE('',*,*,#4028,.T.);
#5222=ORIENTED_EDGE('',*,*,#4024,.F.);
#5223=ORIENTED_EDGE('',*,*,#4029,.F.);
#5224=ORIENTED_EDGE('',*,*,#4030,.T.);
#5225=ORIENTED_EDGE('',*,*,#4031,.T.);
#5226=ORIENTED_EDGE('',*,*,#4027,.F.);
#5227=ORIENTED_EDGE('',*,*,#4032,.F.);
#5228=ORIENTED_EDGE('',*,*,#4033,.T.);
#5229=ORIENTED_EDGE('',*,*,#4034,.T.);
#5230=ORIENTED_EDGE('',*,*,#4030,.F.);
#5231=ORIENTED_EDGE('',*,*,#4035,.F.);
#5232=ORIENTED_EDGE('',*,*,#4036,.T.);
#5233=ORIENTED_EDGE('',*,*,#4037,.T.);
#5234=ORIENTED_EDGE('',*,*,#4033,.F.);
#5235=ORIENTED_EDGE('',*,*,#4038,.F.);
#5236=ORIENTED_EDGE('',*,*,#4039,.T.);
#5237=ORIENTED_EDGE('',*,*,#4040,.T.);
#5238=ORIENTED_EDGE('',*,*,#4036,.F.);
#5239=ORIENTED_EDGE('',*,*,#4041,.F.);
#5240=ORIENTED_EDGE('',*,*,#4042,.T.);
#5241=ORIENTED_EDGE('',*,*,#4043,.T.);
#5242=ORIENTED_EDGE('',*,*,#4039,.F.);
#5243=ORIENTED_EDGE('',*,*,#4044,.F.);
#5244=ORIENTED_EDGE('',*,*,#4045,.T.);
#5245=ORIENTED_EDGE('',*,*,#4046,.T.);
#5246=ORIENTED_EDGE('',*,*,#4042,.F.);
#5247=ORIENTED_EDGE('',*,*,#4047,.F.);
#5248=ORIENTED_EDGE('',*,*,#4048,.T.);
#5249=ORIENTED_EDGE('',*,*,#4049,.T.);
#5250=ORIENTED_EDGE('',*,*,#4045,.F.);
#5251=ORIENTED_EDGE('',*,*,#4050,.F.);
#5252=ORIENTED_EDGE('',*,*,#4051,.T.);
#5253=ORIENTED_EDGE('',*,*,#4052,.T.);
#5254=ORIENTED_EDGE('',*,*,#4048,.F.);
#5255=ORIENTED_EDGE('',*,*,#4053,.F.);
#5256=ORIENTED_EDGE('',*,*,#4054,.T.);
#5257=ORIENTED_EDGE('',*,*,#4055,.T.);
#5258=ORIENTED_EDGE('',*,*,#4051,.F.);
#5259=ORIENTED_EDGE('',*,*,#4056,.F.);
#5260=ORIENTED_EDGE('',*,*,#4057,.T.);
#5261=ORIENTED_EDGE('',*,*,#4058,.T.);
#5262=ORIENTED_EDGE('',*,*,#4054,.F.);
#5263=ORIENTED_EDGE('',*,*,#4059,.F.);
#5264=ORIENTED_EDGE('',*,*,#4060,.T.);
#5265=ORIENTED_EDGE('',*,*,#4061,.T.);
#5266=ORIENTED_EDGE('',*,*,#4057,.F.);
#5267=ORIENTED_EDGE('',*,*,#4062,.F.);
#5268=ORIENTED_EDGE('',*,*,#4063,.T.);
#5269=ORIENTED_EDGE('',*,*,#4064,.T.);
#5270=ORIENTED_EDGE('',*,*,#4060,.F.);
#5271=ORIENTED_EDGE('',*,*,#4065,.F.);
#5272=ORIENTED_EDGE('',*,*,#4066,.T.);
#5273=ORIENTED_EDGE('',*,*,#4067,.T.);
#5274=ORIENTED_EDGE('',*,*,#4063,.F.);
#5275=ORIENTED_EDGE('',*,*,#4068,.F.);
#5276=ORIENTED_EDGE('',*,*,#4069,.T.);
#5277=ORIENTED_EDGE('',*,*,#4070,.T.);
#5278=ORIENTED_EDGE('',*,*,#4066,.F.);
#5279=ORIENTED_EDGE('',*,*,#4071,.F.);
#5280=ORIENTED_EDGE('',*,*,#4072,.T.);
#5281=ORIENTED_EDGE('',*,*,#4073,.T.);
#5282=ORIENTED_EDGE('',*,*,#4069,.F.);
#5283=ORIENTED_EDGE('',*,*,#4074,.F.);
#5284=ORIENTED_EDGE('',*,*,#4075,.T.);
#5285=ORIENTED_EDGE('',*,*,#4076,.T.);
#5286=ORIENTED_EDGE('',*,*,#4072,.F.);
#5287=ORIENTED_EDGE('',*,*,#4077,.F.);
#5288=ORIENTED_EDGE('',*,*,#4078,.T.);
#5289=ORIENTED_EDGE('',*,*,#4079,.T.);
#5290=ORIENTED_EDGE('',*,*,#4075,.F.);
#5291=ORIENTED_EDGE('',*,*,#4080,.F.);
#5292=ORIENTED_EDGE('',*,*,#4081,.T.);
#5293=ORIENTED_EDGE('',*,*,#4082,.T.);
#5294=ORIENTED_EDGE('',*,*,#4078,.F.);
#5295=ORIENTED_EDGE('',*,*,#4083,.F.);
#5296=ORIENTED_EDGE('',*,*,#4084,.T.);
#5297=ORIENTED_EDGE('',*,*,#4085,.T.);
#5298=ORIENTED_EDGE('',*,*,#4081,.F.);
#5299=ORIENTED_EDGE('',*,*,#4086,.F.);
#5300=ORIENTED_EDGE('',*,*,#4087,.T.);
#5301=ORIENTED_EDGE('',*,*,#4088,.T.);
#5302=ORIENTED_EDGE('',*,*,#4084,.F.);
#5303=ORIENTED_EDGE('',*,*,#4089,.F.);
#5304=ORIENTED_EDGE('',*,*,#4090,.T.);
#5305=ORIENTED_EDGE('',*,*,#4091,.T.);
#5306=ORIENTED_EDGE('',*,*,#4087,.F.);
#5307=ORIENTED_EDGE('',*,*,#4092,.F.);
#5308=ORIENTED_EDGE('',*,*,#4093,.T.);
#5309=ORIENTED_EDGE('',*,*,#4094,.T.);
#5310=ORIENTED_EDGE('',*,*,#4090,.F.);
#5311=ORIENTED_EDGE('',*,*,#4095,.F.);
#5312=ORIENTED_EDGE('',*,*,#4096,.T.);
#5313=ORIENTED_EDGE('',*,*,#4097,.T.);
#5314=ORIENTED_EDGE('',*,*,#4093,.F.);
#5315=ORIENTED_EDGE('',*,*,#4098,.F.);
#5316=ORIENTED_EDGE('',*,*,#4099,.T.);
#5317=ORIENTED_EDGE('',*,*,#4100,.T.);
#5318=ORIENTED_EDGE('',*,*,#4096,.F.);
#5319=ORIENTED_EDGE('',*,*,#4101,.F.);
#5320=ORIENTED_EDGE('',*,*,#4102,.T.);
#5321=ORIENTED_EDGE('',*,*,#4103,.T.);
#5322=ORIENTED_EDGE('',*,*,#4099,.F.);
#5323=ORIENTED_EDGE('',*,*,#4104,.F.);
#5324=ORIENTED_EDGE('',*,*,#4105,.T.);
#5325=ORIENTED_EDGE('',*,*,#4106,.T.);
#5326=ORIENTED_EDGE('',*,*,#4102,.F.);
#5327=ORIENTED_EDGE('',*,*,#4107,.F.);
#5328=ORIENTED_EDGE('',*,*,#4010,.T.);
#5329=ORIENTED_EDGE('',*,*,#4108,.T.);
#5330=ORIENTED_EDGE('',*,*,#4105,.F.);
#5331=ORIENTED_EDGE('',*,*,#4109,.F.);
#5332=ORIENTED_EDGE('',*,*,#4110,.T.);
#5333=ORIENTED_EDGE('',*,*,#4111,.T.);
#5334=ORIENTED_EDGE('',*,*,#4112,.F.);
#5335=ORIENTED_EDGE('',*,*,#4113,.F.);
#5336=ORIENTED_EDGE('',*,*,#4114,.T.);
#5337=ORIENTED_EDGE('',*,*,#4115,.T.);
#5338=ORIENTED_EDGE('',*,*,#4110,.F.);
#5339=ORIENTED_EDGE('',*,*,#4116,.F.);
#5340=ORIENTED_EDGE('',*,*,#4117,.T.);
#5341=ORIENTED_EDGE('',*,*,#4118,.T.);
#5342=ORIENTED_EDGE('',*,*,#4114,.F.);
#5343=ORIENTED_EDGE('',*,*,#4119,.F.);
#5344=ORIENTED_EDGE('',*,*,#4120,.T.);
#5345=ORIENTED_EDGE('',*,*,#4121,.T.);
#5346=ORIENTED_EDGE('',*,*,#4117,.F.);
#5347=ORIENTED_EDGE('',*,*,#4122,.F.);
#5348=ORIENTED_EDGE('',*,*,#4123,.T.);
#5349=ORIENTED_EDGE('',*,*,#4124,.T.);
#5350=ORIENTED_EDGE('',*,*,#4120,.F.);
#5351=ORIENTED_EDGE('',*,*,#4125,.F.);
#5352=ORIENTED_EDGE('',*,*,#4126,.T.);
#5353=ORIENTED_EDGE('',*,*,#4127,.T.);
#5354=ORIENTED_EDGE('',*,*,#4123,.F.);
#5355=ORIENTED_EDGE('',*,*,#4128,.F.);
#5356=ORIENTED_EDGE('',*,*,#4129,.T.);
#5357=ORIENTED_EDGE('',*,*,#4130,.T.);
#5358=ORIENTED_EDGE('',*,*,#4126,.F.);
#5359=ORIENTED_EDGE('',*,*,#4131,.F.);
#5360=ORIENTED_EDGE('',*,*,#4132,.T.);
#5361=ORIENTED_EDGE('',*,*,#4133,.T.);
#5362=ORIENTED_EDGE('',*,*,#4129,.F.);
#5363=ORIENTED_EDGE('',*,*,#4134,.F.);
#5364=ORIENTED_EDGE('',*,*,#4135,.T.);
#5365=ORIENTED_EDGE('',*,*,#4136,.T.);
#5366=ORIENTED_EDGE('',*,*,#4132,.F.);
#5367=ORIENTED_EDGE('',*,*,#4137,.F.);
#5368=ORIENTED_EDGE('',*,*,#4138,.T.);
#5369=ORIENTED_EDGE('',*,*,#4139,.T.);
#5370=ORIENTED_EDGE('',*,*,#4135,.F.);
#5371=ORIENTED_EDGE('',*,*,#4140,.F.);
#5372=ORIENTED_EDGE('',*,*,#4141,.T.);
#5373=ORIENTED_EDGE('',*,*,#4142,.T.);
#5374=ORIENTED_EDGE('',*,*,#4138,.F.);
#5375=ORIENTED_EDGE('',*,*,#4143,.F.);
#5376=ORIENTED_EDGE('',*,*,#4144,.T.);
#5377=ORIENTED_EDGE('',*,*,#4145,.T.);
#5378=ORIENTED_EDGE('',*,*,#4141,.F.);
#5379=ORIENTED_EDGE('',*,*,#4146,.F.);
#5380=ORIENTED_EDGE('',*,*,#4147,.T.);
#5381=ORIENTED_EDGE('',*,*,#4148,.T.);
#5382=ORIENTED_EDGE('',*,*,#4144,.F.);
#5383=ORIENTED_EDGE('',*,*,#4149,.F.);
#5384=ORIENTED_EDGE('',*,*,#4150,.T.);
#5385=ORIENTED_EDGE('',*,*,#4151,.T.);
#5386=ORIENTED_EDGE('',*,*,#4147,.F.);
#5387=ORIENTED_EDGE('',*,*,#4152,.F.);
#5388=ORIENTED_EDGE('',*,*,#4153,.T.);
#5389=ORIENTED_EDGE('',*,*,#4154,.T.);
#5390=ORIENTED_EDGE('',*,*,#4150,.F.);
#5391=ORIENTED_EDGE('',*,*,#4155,.F.);
#5392=ORIENTED_EDGE('',*,*,#4156,.T.);
#5393=ORIENTED_EDGE('',*,*,#4157,.T.);
#5394=ORIENTED_EDGE('',*,*,#4153,.F.);
#5395=ORIENTED_EDGE('',*,*,#4158,.F.);
#5396=ORIENTED_EDGE('',*,*,#4159,.T.);
#5397=ORIENTED_EDGE('',*,*,#4160,.T.);
#5398=ORIENTED_EDGE('',*,*,#4156,.F.);
#5399=ORIENTED_EDGE('',*,*,#4161,.F.);
#5400=ORIENTED_EDGE('',*,*,#4162,.T.);
#5401=ORIENTED_EDGE('',*,*,#4163,.T.);
#5402=ORIENTED_EDGE('',*,*,#4159,.F.);
#5403=ORIENTED_EDGE('',*,*,#4164,.F.);
#5404=ORIENTED_EDGE('',*,*,#4165,.T.);
#5405=ORIENTED_EDGE('',*,*,#4166,.T.);
#5406=ORIENTED_EDGE('',*,*,#4162,.F.);
#5407=ORIENTED_EDGE('',*,*,#4167,.F.);
#5408=ORIENTED_EDGE('',*,*,#4168,.T.);
#5409=ORIENTED_EDGE('',*,*,#4169,.T.);
#5410=ORIENTED_EDGE('',*,*,#4165,.F.);
#5411=ORIENTED_EDGE('',*,*,#4170,.F.);
#5412=ORIENTED_EDGE('',*,*,#4171,.T.);
#5413=ORIENTED_EDGE('',*,*,#4172,.T.);
#5414=ORIENTED_EDGE('',*,*,#4168,.F.);
#5415=ORIENTED_EDGE('',*,*,#4173,.F.);
#5416=ORIENTED_EDGE('',*,*,#4174,.T.);
#5417=ORIENTED_EDGE('',*,*,#4175,.T.);
#5418=ORIENTED_EDGE('',*,*,#4171,.F.);
#5419=ORIENTED_EDGE('',*,*,#4176,.F.);
#5420=ORIENTED_EDGE('',*,*,#4177,.T.);
#5421=ORIENTED_EDGE('',*,*,#4178,.T.);
#5422=ORIENTED_EDGE('',*,*,#4174,.F.);
#5423=ORIENTED_EDGE('',*,*,#4179,.F.);
#5424=ORIENTED_EDGE('',*,*,#4180,.T.);
#5425=ORIENTED_EDGE('',*,*,#4181,.T.);
#5426=ORIENTED_EDGE('',*,*,#4177,.F.);
#5427=ORIENTED_EDGE('',*,*,#4182,.F.);
#5428=ORIENTED_EDGE('',*,*,#4183,.T.);
#5429=ORIENTED_EDGE('',*,*,#4184,.T.);
#5430=ORIENTED_EDGE('',*,*,#4180,.F.);
#5431=ORIENTED_EDGE('',*,*,#4185,.F.);
#5432=ORIENTED_EDGE('',*,*,#4186,.T.);
#5433=ORIENTED_EDGE('',*,*,#4187,.T.);
#5434=ORIENTED_EDGE('',*,*,#4183,.F.);
#5435=ORIENTED_EDGE('',*,*,#4188,.F.);
#5436=ORIENTED_EDGE('',*,*,#4189,.T.);
#5437=ORIENTED_EDGE('',*,*,#4190,.T.);
#5438=ORIENTED_EDGE('',*,*,#4186,.F.);
#5439=ORIENTED_EDGE('',*,*,#4191,.F.);
#5440=ORIENTED_EDGE('',*,*,#4192,.T.);
#5441=ORIENTED_EDGE('',*,*,#4193,.T.);
#5442=ORIENTED_EDGE('',*,*,#4189,.F.);
#5443=ORIENTED_EDGE('',*,*,#4194,.F.);
#5444=ORIENTED_EDGE('',*,*,#4195,.T.);
#5445=ORIENTED_EDGE('',*,*,#4196,.T.);
#5446=ORIENTED_EDGE('',*,*,#4192,.F.);
#5447=ORIENTED_EDGE('',*,*,#4197,.F.);
#5448=ORIENTED_EDGE('',*,*,#4198,.T.);
#5449=ORIENTED_EDGE('',*,*,#4199,.T.);
#5450=ORIENTED_EDGE('',*,*,#4195,.F.);
#5451=ORIENTED_EDGE('',*,*,#4200,.F.);
#5452=ORIENTED_EDGE('',*,*,#4201,.T.);
#5453=ORIENTED_EDGE('',*,*,#4202,.T.);
#5454=ORIENTED_EDGE('',*,*,#4198,.F.);
#5455=ORIENTED_EDGE('',*,*,#4203,.F.);
#5456=ORIENTED_EDGE('',*,*,#4204,.T.);
#5457=ORIENTED_EDGE('',*,*,#4205,.T.);
#5458=ORIENTED_EDGE('',*,*,#4201,.F.);
#5459=ORIENTED_EDGE('',*,*,#4206,.F.);
#5460=ORIENTED_EDGE('',*,*,#4207,.T.);
#5461=ORIENTED_EDGE('',*,*,#4208,.T.);
#5462=ORIENTED_EDGE('',*,*,#4204,.F.);
#5463=ORIENTED_EDGE('',*,*,#4209,.F.);
#5464=ORIENTED_EDGE('',*,*,#4210,.T.);
#5465=ORIENTED_EDGE('',*,*,#4211,.T.);
#5466=ORIENTED_EDGE('',*,*,#4207,.F.);
#5467=ORIENTED_EDGE('',*,*,#4212,.F.);
#5468=ORIENTED_EDGE('',*,*,#4213,.T.);
#5469=ORIENTED_EDGE('',*,*,#4214,.T.);
#5470=ORIENTED_EDGE('',*,*,#4210,.F.);
#5471=ORIENTED_EDGE('',*,*,#4215,.F.);
#5472=ORIENTED_EDGE('',*,*,#4216,.T.);
#5473=ORIENTED_EDGE('',*,*,#4217,.T.);
#5474=ORIENTED_EDGE('',*,*,#4213,.F.);
#5475=ORIENTED_EDGE('',*,*,#4218,.F.);
#5476=ORIENTED_EDGE('',*,*,#4219,.T.);
#5477=ORIENTED_EDGE('',*,*,#4220,.T.);
#5478=ORIENTED_EDGE('',*,*,#4216,.F.);
#5479=ORIENTED_EDGE('',*,*,#4221,.F.);
#5480=ORIENTED_EDGE('',*,*,#4222,.T.);
#5481=ORIENTED_EDGE('',*,*,#4223,.T.);
#5482=ORIENTED_EDGE('',*,*,#4219,.F.);
#5483=ORIENTED_EDGE('',*,*,#4224,.F.);
#5484=ORIENTED_EDGE('',*,*,#4225,.T.);
#5485=ORIENTED_EDGE('',*,*,#4226,.T.);
#5486=ORIENTED_EDGE('',*,*,#4222,.F.);
#5487=ORIENTED_EDGE('',*,*,#4227,.F.);
#5488=ORIENTED_EDGE('',*,*,#4228,.T.);
#5489=ORIENTED_EDGE('',*,*,#4229,.T.);
#5490=ORIENTED_EDGE('',*,*,#4225,.F.);
#5491=ORIENTED_EDGE('',*,*,#4230,.F.);
#5492=ORIENTED_EDGE('',*,*,#4231,.T.);
#5493=ORIENTED_EDGE('',*,*,#4232,.T.);
#5494=ORIENTED_EDGE('',*,*,#4228,.F.);
#5495=ORIENTED_EDGE('',*,*,#4233,.F.);
#5496=ORIENTED_EDGE('',*,*,#4234,.T.);
#5497=ORIENTED_EDGE('',*,*,#4235,.T.);
#5498=ORIENTED_EDGE('',*,*,#4231,.F.);
#5499=ORIENTED_EDGE('',*,*,#4236,.F.);
#5500=ORIENTED_EDGE('',*,*,#4237,.T.);
#5501=ORIENTED_EDGE('',*,*,#4238,.T.);
#5502=ORIENTED_EDGE('',*,*,#4234,.F.);
#5503=ORIENTED_EDGE('',*,*,#4239,.F.);
#5504=ORIENTED_EDGE('',*,*,#4240,.T.);
#5505=ORIENTED_EDGE('',*,*,#4241,.T.);
#5506=ORIENTED_EDGE('',*,*,#4237,.F.);
#5507=ORIENTED_EDGE('',*,*,#4242,.F.);
#5508=ORIENTED_EDGE('',*,*,#4243,.T.);
#5509=ORIENTED_EDGE('',*,*,#4244,.T.);
#5510=ORIENTED_EDGE('',*,*,#4240,.F.);
#5511=ORIENTED_EDGE('',*,*,#4245,.F.);
#5512=ORIENTED_EDGE('',*,*,#4246,.T.);
#5513=ORIENTED_EDGE('',*,*,#4247,.T.);
#5514=ORIENTED_EDGE('',*,*,#4243,.F.);
#5515=ORIENTED_EDGE('',*,*,#4248,.F.);
#5516=ORIENTED_EDGE('',*,*,#4249,.T.);
#5517=ORIENTED_EDGE('',*,*,#4250,.T.);
#5518=ORIENTED_EDGE('',*,*,#4246,.F.);
#5519=ORIENTED_EDGE('',*,*,#4251,.F.);
#5520=ORIENTED_EDGE('',*,*,#4252,.T.);
#5521=ORIENTED_EDGE('',*,*,#4253,.T.);
#5522=ORIENTED_EDGE('',*,*,#4249,.F.);
#5523=ORIENTED_EDGE('',*,*,#4254,.F.);
#5524=ORIENTED_EDGE('',*,*,#4255,.T.);
#5525=ORIENTED_EDGE('',*,*,#4256,.T.);
#5526=ORIENTED_EDGE('',*,*,#4252,.F.);
#5527=ORIENTED_EDGE('',*,*,#4257,.F.);
#5528=ORIENTED_EDGE('',*,*,#4258,.T.);
#5529=ORIENTED_EDGE('',*,*,#4259,.T.);
#5530=ORIENTED_EDGE('',*,*,#4255,.F.);
#5531=ORIENTED_EDGE('',*,*,#4260,.F.);
#5532=ORIENTED_EDGE('',*,*,#4261,.T.);
#5533=ORIENTED_EDGE('',*,*,#4262,.T.);
#5534=ORIENTED_EDGE('',*,*,#4258,.F.);
#5535=ORIENTED_EDGE('',*,*,#4263,.F.);
#5536=ORIENTED_EDGE('',*,*,#4264,.T.);
#5537=ORIENTED_EDGE('',*,*,#4265,.T.);
#5538=ORIENTED_EDGE('',*,*,#4261,.F.);
#5539=ORIENTED_EDGE('',*,*,#4266,.F.);
#5540=ORIENTED_EDGE('',*,*,#4267,.T.);
#5541=ORIENTED_EDGE('',*,*,#4268,.T.);
#5542=ORIENTED_EDGE('',*,*,#4264,.F.);
#5543=ORIENTED_EDGE('',*,*,#4269,.F.);
#5544=ORIENTED_EDGE('',*,*,#4270,.T.);
#5545=ORIENTED_EDGE('',*,*,#4271,.T.);
#5546=ORIENTED_EDGE('',*,*,#4267,.F.);
#5547=ORIENTED_EDGE('',*,*,#4272,.F.);
#5548=ORIENTED_EDGE('',*,*,#4273,.T.);
#5549=ORIENTED_EDGE('',*,*,#4274,.T.);
#5550=ORIENTED_EDGE('',*,*,#4270,.F.);
#5551=ORIENTED_EDGE('',*,*,#4275,.F.);
#5552=ORIENTED_EDGE('',*,*,#4276,.T.);
#5553=ORIENTED_EDGE('',*,*,#4277,.T.);
#5554=ORIENTED_EDGE('',*,*,#4273,.F.);
#5555=ORIENTED_EDGE('',*,*,#4278,.F.);
#5556=ORIENTED_EDGE('',*,*,#4279,.T.);
#5557=ORIENTED_EDGE('',*,*,#4280,.T.);
#5558=ORIENTED_EDGE('',*,*,#4276,.F.);
#5559=ORIENTED_EDGE('',*,*,#4281,.F.);
#5560=ORIENTED_EDGE('',*,*,#4282,.T.);
#5561=ORIENTED_EDGE('',*,*,#4283,.T.);
#5562=ORIENTED_EDGE('',*,*,#4279,.F.);
#5563=ORIENTED_EDGE('',*,*,#4284,.F.);
#5564=ORIENTED_EDGE('',*,*,#4285,.T.);
#5565=ORIENTED_EDGE('',*,*,#4286,.T.);
#5566=ORIENTED_EDGE('',*,*,#4282,.F.);
#5567=ORIENTED_EDGE('',*,*,#4287,.F.);
#5568=ORIENTED_EDGE('',*,*,#4288,.T.);
#5569=ORIENTED_EDGE('',*,*,#4289,.T.);
#5570=ORIENTED_EDGE('',*,*,#4285,.F.);
#5571=ORIENTED_EDGE('',*,*,#4290,.F.);
#5572=ORIENTED_EDGE('',*,*,#4291,.T.);
#5573=ORIENTED_EDGE('',*,*,#4292,.T.);
#5574=ORIENTED_EDGE('',*,*,#4288,.F.);
#5575=ORIENTED_EDGE('',*,*,#4293,.F.);
#5576=ORIENTED_EDGE('',*,*,#4294,.T.);
#5577=ORIENTED_EDGE('',*,*,#4295,.T.);
#5578=ORIENTED_EDGE('',*,*,#4291,.F.);
#5579=ORIENTED_EDGE('',*,*,#4296,.F.);
#5580=ORIENTED_EDGE('',*,*,#4297,.T.);
#5581=ORIENTED_EDGE('',*,*,#4298,.T.);
#5582=ORIENTED_EDGE('',*,*,#4294,.F.);
#5583=ORIENTED_EDGE('',*,*,#4299,.F.);
#5584=ORIENTED_EDGE('',*,*,#4300,.T.);
#5585=ORIENTED_EDGE('',*,*,#4301,.T.);
#5586=ORIENTED_EDGE('',*,*,#4297,.F.);
#5587=ORIENTED_EDGE('',*,*,#4302,.F.);
#5588=ORIENTED_EDGE('',*,*,#4303,.T.);
#5589=ORIENTED_EDGE('',*,*,#4304,.T.);
#5590=ORIENTED_EDGE('',*,*,#4300,.F.);
#5591=ORIENTED_EDGE('',*,*,#4305,.F.);
#5592=ORIENTED_EDGE('',*,*,#4306,.T.);
#5593=ORIENTED_EDGE('',*,*,#4307,.T.);
#5594=ORIENTED_EDGE('',*,*,#4303,.F.);
#5595=ORIENTED_EDGE('',*,*,#4308,.F.);
#5596=ORIENTED_EDGE('',*,*,#4309,.T.);
#5597=ORIENTED_EDGE('',*,*,#4310,.T.);
#5598=ORIENTED_EDGE('',*,*,#4306,.F.);
#5599=ORIENTED_EDGE('',*,*,#4311,.F.);
#5600=ORIENTED_EDGE('',*,*,#4312,.T.);
#5601=ORIENTED_EDGE('',*,*,#4313,.T.);
#5602=ORIENTED_EDGE('',*,*,#4309,.F.);
#5603=ORIENTED_EDGE('',*,*,#4314,.F.);
#5604=ORIENTED_EDGE('',*,*,#4315,.T.);
#5605=ORIENTED_EDGE('',*,*,#4316,.T.);
#5606=ORIENTED_EDGE('',*,*,#4312,.F.);
#5607=ORIENTED_EDGE('',*,*,#4317,.F.);
#5608=ORIENTED_EDGE('',*,*,#4318,.T.);
#5609=ORIENTED_EDGE('',*,*,#4319,.T.);
#5610=ORIENTED_EDGE('',*,*,#4315,.F.);
#5611=ORIENTED_EDGE('',*,*,#4320,.F.);
#5612=ORIENTED_EDGE('',*,*,#4321,.T.);
#5613=ORIENTED_EDGE('',*,*,#4322,.T.);
#5614=ORIENTED_EDGE('',*,*,#4318,.F.);
#5615=ORIENTED_EDGE('',*,*,#4323,.F.);
#5616=ORIENTED_EDGE('',*,*,#4112,.T.);
#5617=ORIENTED_EDGE('',*,*,#4324,.T.);
#5618=ORIENTED_EDGE('',*,*,#4321,.F.);
#5619=ORIENTED_EDGE('',*,*,#4324,.F.);
#5620=ORIENTED_EDGE('',*,*,#4111,.F.);
#5621=ORIENTED_EDGE('',*,*,#4115,.F.);
#5622=ORIENTED_EDGE('',*,*,#4118,.F.);
#5623=ORIENTED_EDGE('',*,*,#4121,.F.);
#5624=ORIENTED_EDGE('',*,*,#4124,.F.);
#5625=ORIENTED_EDGE('',*,*,#4127,.F.);
#5626=ORIENTED_EDGE('',*,*,#4130,.F.);
#5627=ORIENTED_EDGE('',*,*,#4133,.F.);
#5628=ORIENTED_EDGE('',*,*,#4136,.F.);
#5629=ORIENTED_EDGE('',*,*,#4139,.F.);
#5630=ORIENTED_EDGE('',*,*,#4142,.F.);
#5631=ORIENTED_EDGE('',*,*,#4145,.F.);
#5632=ORIENTED_EDGE('',*,*,#4148,.F.);
#5633=ORIENTED_EDGE('',*,*,#4151,.F.);
#5634=ORIENTED_EDGE('',*,*,#4154,.F.);
#5635=ORIENTED_EDGE('',*,*,#4157,.F.);
#5636=ORIENTED_EDGE('',*,*,#4160,.F.);
#5637=ORIENTED_EDGE('',*,*,#4163,.F.);
#5638=ORIENTED_EDGE('',*,*,#4166,.F.);
#5639=ORIENTED_EDGE('',*,*,#4169,.F.);
#5640=ORIENTED_EDGE('',*,*,#4172,.F.);
#5641=ORIENTED_EDGE('',*,*,#4175,.F.);
#5642=ORIENTED_EDGE('',*,*,#4178,.F.);
#5643=ORIENTED_EDGE('',*,*,#4181,.F.);
#5644=ORIENTED_EDGE('',*,*,#4184,.F.);
#5645=ORIENTED_EDGE('',*,*,#4187,.F.);
#5646=ORIENTED_EDGE('',*,*,#4190,.F.);
#5647=ORIENTED_EDGE('',*,*,#4193,.F.);
#5648=ORIENTED_EDGE('',*,*,#4196,.F.);
#5649=ORIENTED_EDGE('',*,*,#4199,.F.);
#5650=ORIENTED_EDGE('',*,*,#4202,.F.);
#5651=ORIENTED_EDGE('',*,*,#4205,.F.);
#5652=ORIENTED_EDGE('',*,*,#4208,.F.);
#5653=ORIENTED_EDGE('',*,*,#4211,.F.);
#5654=ORIENTED_EDGE('',*,*,#4214,.F.);
#5655=ORIENTED_EDGE('',*,*,#4217,.F.);
#5656=ORIENTED_EDGE('',*,*,#4220,.F.);
#5657=ORIENTED_EDGE('',*,*,#4223,.F.);
#5658=ORIENTED_EDGE('',*,*,#4226,.F.);
#5659=ORIENTED_EDGE('',*,*,#4229,.F.);
#5660=ORIENTED_EDGE('',*,*,#4232,.F.);
#5661=ORIENTED_EDGE('',*,*,#4235,.F.);
#5662=ORIENTED_EDGE('',*,*,#4238,.F.);
#5663=ORIENTED_EDGE('',*,*,#4241,.F.);
#5664=ORIENTED_EDGE('',*,*,#4244,.F.);
#5665=ORIENTED_EDGE('',*,*,#4247,.F.);
#5666=ORIENTED_EDGE('',*,*,#4250,.F.);
#5667=ORIENTED_EDGE('',*,*,#4253,.F.);
#5668=ORIENTED_EDGE('',*,*,#4256,.F.);
#5669=ORIENTED_EDGE('',*,*,#4259,.F.);
#5670=ORIENTED_EDGE('',*,*,#4262,.F.);
#5671=ORIENTED_EDGE('',*,*,#4265,.F.);
#5672=ORIENTED_EDGE('',*,*,#4268,.F.);
#5673=ORIENTED_EDGE('',*,*,#4271,.F.);
#5674=ORIENTED_EDGE('',*,*,#4274,.F.);
#5675=ORIENTED_EDGE('',*,*,#4277,.F.);
#5676=ORIENTED_EDGE('',*,*,#4280,.F.);
#5677=ORIENTED_EDGE('',*,*,#4283,.F.);
#5678=ORIENTED_EDGE('',*,*,#4286,.F.);
#5679=ORIENTED_EDGE('',*,*,#4289,.F.);
#5680=ORIENTED_EDGE('',*,*,#4292,.F.);
#5681=ORIENTED_EDGE('',*,*,#4295,.F.);
#5682=ORIENTED_EDGE('',*,*,#4298,.F.);
#5683=ORIENTED_EDGE('',*,*,#4301,.F.);
#5684=ORIENTED_EDGE('',*,*,#4304,.F.);
#5685=ORIENTED_EDGE('',*,*,#4307,.F.);
#5686=ORIENTED_EDGE('',*,*,#4310,.F.);
#5687=ORIENTED_EDGE('',*,*,#4313,.F.);
#5688=ORIENTED_EDGE('',*,*,#4316,.F.);
#5689=ORIENTED_EDGE('',*,*,#4319,.F.);
#5690=ORIENTED_EDGE('',*,*,#4322,.F.);
#5691=ORIENTED_EDGE('',*,*,#4108,.F.);
#5692=ORIENTED_EDGE('',*,*,#4009,.F.);
#5693=ORIENTED_EDGE('',*,*,#4013,.F.);
#5694=ORIENTED_EDGE('',*,*,#4016,.F.);
#5695=ORIENTED_EDGE('',*,*,#4019,.F.);
#5696=ORIENTED_EDGE('',*,*,#4022,.F.);
#5697=ORIENTED_EDGE('',*,*,#4025,.F.);
#5698=ORIENTED_EDGE('',*,*,#4028,.F.);
#5699=ORIENTED_EDGE('',*,*,#4031,.F.);
#5700=ORIENTED_EDGE('',*,*,#4034,.F.);
#5701=ORIENTED_EDGE('',*,*,#4037,.F.);
#5702=ORIENTED_EDGE('',*,*,#4040,.F.);
#5703=ORIENTED_EDGE('',*,*,#4043,.F.);
#5704=ORIENTED_EDGE('',*,*,#4046,.F.);
#5705=ORIENTED_EDGE('',*,*,#4049,.F.);
#5706=ORIENTED_EDGE('',*,*,#4052,.F.);
#5707=ORIENTED_EDGE('',*,*,#4055,.F.);
#5708=ORIENTED_EDGE('',*,*,#4058,.F.);
#5709=ORIENTED_EDGE('',*,*,#4061,.F.);
#5710=ORIENTED_EDGE('',*,*,#4064,.F.);
#5711=ORIENTED_EDGE('',*,*,#4067,.F.);
#5712=ORIENTED_EDGE('',*,*,#4070,.F.);
#5713=ORIENTED_EDGE('',*,*,#4073,.F.);
#5714=ORIENTED_EDGE('',*,*,#4076,.F.);
#5715=ORIENTED_EDGE('',*,*,#4079,.F.);
#5716=ORIENTED_EDGE('',*,*,#4082,.F.);
#5717=ORIENTED_EDGE('',*,*,#4085,.F.);
#5718=ORIENTED_EDGE('',*,*,#4088,.F.);
#5719=ORIENTED_EDGE('',*,*,#4091,.F.);
#5720=ORIENTED_EDGE('',*,*,#4094,.F.);
#5721=ORIENTED_EDGE('',*,*,#4097,.F.);
#5722=ORIENTED_EDGE('',*,*,#4100,.F.);
#5723=ORIENTED_EDGE('',*,*,#4103,.F.);
#5724=ORIENTED_EDGE('',*,*,#4106,.F.);
#5725=ORIENTED_EDGE('',*,*,#4325,.F.);
#5726=ORIENTED_EDGE('',*,*,#4326,.F.);
#5727=ORIENTED_EDGE('',*,*,#4327,.F.);
#5728=ORIENTED_EDGE('',*,*,#4328,.F.);
#5729=ORIENTED_EDGE('',*,*,#4329,.F.);
#5730=ORIENTED_EDGE('',*,*,#4330,.F.);
#5731=ORIENTED_EDGE('',*,*,#4331,.F.);
#5732=ORIENTED_EDGE('',*,*,#4332,.F.);
#5733=ORIENTED_EDGE('',*,*,#4109,.T.);
#5734=ORIENTED_EDGE('',*,*,#4323,.T.);
#5735=ORIENTED_EDGE('',*,*,#4320,.T.);
#5736=ORIENTED_EDGE('',*,*,#4317,.T.);
#5737=ORIENTED_EDGE('',*,*,#4314,.T.);
#5738=ORIENTED_EDGE('',*,*,#4311,.T.);
#5739=ORIENTED_EDGE('',*,*,#4308,.T.);
#5740=ORIENTED_EDGE('',*,*,#4305,.T.);
#5741=ORIENTED_EDGE('',*,*,#4302,.T.);
#5742=ORIENTED_EDGE('',*,*,#4299,.T.);
#5743=ORIENTED_EDGE('',*,*,#4296,.T.);
#5744=ORIENTED_EDGE('',*,*,#4293,.T.);
#5745=ORIENTED_EDGE('',*,*,#4290,.T.);
#5746=ORIENTED_EDGE('',*,*,#4287,.T.);
#5747=ORIENTED_EDGE('',*,*,#4284,.T.);
#5748=ORIENTED_EDGE('',*,*,#4281,.T.);
#5749=ORIENTED_EDGE('',*,*,#4278,.T.);
#5750=ORIENTED_EDGE('',*,*,#4275,.T.);
#5751=ORIENTED_EDGE('',*,*,#4272,.T.);
#5752=ORIENTED_EDGE('',*,*,#4269,.T.);
#5753=ORIENTED_EDGE('',*,*,#4266,.T.);
#5754=ORIENTED_EDGE('',*,*,#4263,.T.);
#5755=ORIENTED_EDGE('',*,*,#4260,.T.);
#5756=ORIENTED_EDGE('',*,*,#4257,.T.);
#5757=ORIENTED_EDGE('',*,*,#4254,.T.);
#5758=ORIENTED_EDGE('',*,*,#4251,.T.);
#5759=ORIENTED_EDGE('',*,*,#4248,.T.);
#5760=ORIENTED_EDGE('',*,*,#4245,.T.);
#5761=ORIENTED_EDGE('',*,*,#4242,.T.);
#5762=ORIENTED_EDGE('',*,*,#4239,.T.);
#5763=ORIENTED_EDGE('',*,*,#4236,.T.);
#5764=ORIENTED_EDGE('',*,*,#4233,.T.);
#5765=ORIENTED_EDGE('',*,*,#4230,.T.);
#5766=ORIENTED_EDGE('',*,*,#4227,.T.);
#5767=ORIENTED_EDGE('',*,*,#4224,.T.);
#5768=ORIENTED_EDGE('',*,*,#4221,.T.);
#5769=ORIENTED_EDGE('',*,*,#4218,.T.);
#5770=ORIENTED_EDGE('',*,*,#4215,.T.);
#5771=ORIENTED_EDGE('',*,*,#4212,.T.);
#5772=ORIENTED_EDGE('',*,*,#4209,.T.);
#5773=ORIENTED_EDGE('',*,*,#4206,.T.);
#5774=ORIENTED_EDGE('',*,*,#4203,.T.);
#5775=ORIENTED_EDGE('',*,*,#4200,.T.);
#5776=ORIENTED_EDGE('',*,*,#4197,.T.);
#5777=ORIENTED_EDGE('',*,*,#4194,.T.);
#5778=ORIENTED_EDGE('',*,*,#4191,.T.);
#5779=ORIENTED_EDGE('',*,*,#4188,.T.);
#5780=ORIENTED_EDGE('',*,*,#4185,.T.);
#5781=ORIENTED_EDGE('',*,*,#4182,.T.);
#5782=ORIENTED_EDGE('',*,*,#4179,.T.);
#5783=ORIENTED_EDGE('',*,*,#4176,.T.);
#5784=ORIENTED_EDGE('',*,*,#4173,.T.);
#5785=ORIENTED_EDGE('',*,*,#4170,.T.);
#5786=ORIENTED_EDGE('',*,*,#4167,.T.);
#5787=ORIENTED_EDGE('',*,*,#4164,.T.);
#5788=ORIENTED_EDGE('',*,*,#4161,.T.);
#5789=ORIENTED_EDGE('',*,*,#4158,.T.);
#5790=ORIENTED_EDGE('',*,*,#4155,.T.);
#5791=ORIENTED_EDGE('',*,*,#4152,.T.);
#5792=ORIENTED_EDGE('',*,*,#4149,.T.);
#5793=ORIENTED_EDGE('',*,*,#4146,.T.);
#5794=ORIENTED_EDGE('',*,*,#4143,.T.);
#5795=ORIENTED_EDGE('',*,*,#4140,.T.);
#5796=ORIENTED_EDGE('',*,*,#4137,.T.);
#5797=ORIENTED_EDGE('',*,*,#4134,.T.);
#5798=ORIENTED_EDGE('',*,*,#4131,.T.);
#5799=ORIENTED_EDGE('',*,*,#4128,.T.);
#5800=ORIENTED_EDGE('',*,*,#4125,.T.);
#5801=ORIENTED_EDGE('',*,*,#4122,.T.);
#5802=ORIENTED_EDGE('',*,*,#4119,.T.);
#5803=ORIENTED_EDGE('',*,*,#4116,.T.);
#5804=ORIENTED_EDGE('',*,*,#4113,.T.);
#5805=ORIENTED_EDGE('',*,*,#4333,.T.);
#5806=ORIENTED_EDGE('',*,*,#4334,.T.);
#5807=ORIENTED_EDGE('',*,*,#4335,.T.);
#5808=ORIENTED_EDGE('',*,*,#4336,.T.);
#5809=ORIENTED_EDGE('',*,*,#4337,.T.);
#5810=ORIENTED_EDGE('',*,*,#4338,.T.);
#5811=ORIENTED_EDGE('',*,*,#4339,.T.);
#5812=ORIENTED_EDGE('',*,*,#4340,.T.);
#5813=ORIENTED_EDGE('',*,*,#4339,.F.);
#5814=ORIENTED_EDGE('',*,*,#4341,.T.);
#5815=ORIENTED_EDGE('',*,*,#4335,.F.);
#5816=ORIENTED_EDGE('',*,*,#4342,.T.);
#5817=ORIENTED_EDGE('',*,*,#4343,.T.);
#5818=ORIENTED_EDGE('',*,*,#4344,.T.);
#5819=ORIENTED_EDGE('',*,*,#4345,.T.);
#5820=ORIENTED_EDGE('',*,*,#4346,.T.);
#5821=ORIENTED_EDGE('',*,*,#4343,.F.);
#5822=ORIENTED_EDGE('',*,*,#4347,.T.);
#5823=ORIENTED_EDGE('',*,*,#4337,.F.);
#5824=ORIENTED_EDGE('',*,*,#4348,.T.);
#5825=ORIENTED_EDGE('',*,*,#4349,.T.);
#5826=ORIENTED_EDGE('',*,*,#4350,.T.);
#5827=ORIENTED_EDGE('',*,*,#4351,.T.);
#5828=ORIENTED_EDGE('',*,*,#4352,.T.);
#5829=ORIENTED_EDGE('',*,*,#4351,.F.);
#5830=ORIENTED_EDGE('',*,*,#4353,.T.);
#5831=ORIENTED_EDGE('',*,*,#4345,.F.);
#5832=ORIENTED_EDGE('',*,*,#4354,.T.);
#5833=ORIENTED_EDGE('',*,*,#4355,.T.);
#5834=ORIENTED_EDGE('',*,*,#4356,.T.);
#5835=ORIENTED_EDGE('',*,*,#4357,.T.);
#5836=ORIENTED_EDGE('',*,*,#4358,.T.);
#5837=ORIENTED_EDGE('',*,*,#4355,.F.);
#5838=ORIENTED_EDGE('',*,*,#4359,.T.);
#5839=ORIENTED_EDGE('',*,*,#4349,.F.);
#5840=ORIENTED_EDGE('',*,*,#4360,.T.);
#5841=ORIENTED_EDGE('',*,*,#4361,.T.);
#5842=ORIENTED_EDGE('',*,*,#4362,.T.);
#5843=ORIENTED_EDGE('',*,*,#4363,.T.);
#5844=ORIENTED_EDGE('',*,*,#4364,.T.);
#5845=ORIENTED_EDGE('',*,*,#4363,.F.);
#5846=ORIENTED_EDGE('',*,*,#4365,.T.);
#5847=ORIENTED_EDGE('',*,*,#4357,.F.);
#5848=ORIENTED_EDGE('',*,*,#4366,.T.);
#5849=ORIENTED_EDGE('',*,*,#4367,.T.);
#5850=ORIENTED_EDGE('',*,*,#4368,.T.);
#5851=ORIENTED_EDGE('',*,*,#4369,.T.);
#5852=ORIENTED_EDGE('',*,*,#4370,.T.);
#5853=ORIENTED_EDGE('',*,*,#4367,.F.);
#5854=ORIENTED_EDGE('',*,*,#4371,.T.);
#5855=ORIENTED_EDGE('',*,*,#4361,.F.);
#5856=ORIENTED_EDGE('',*,*,#4372,.T.);
#5857=ORIENTED_EDGE('',*,*,#4373,.T.);
#5858=ORIENTED_EDGE('',*,*,#4374,.T.);
#5859=ORIENTED_EDGE('',*,*,#4375,.T.);
#5860=ORIENTED_EDGE('',*,*,#4376,.T.);
#5861=ORIENTED_EDGE('',*,*,#4375,.F.);
#5862=ORIENTED_EDGE('',*,*,#4377,.T.);
#5863=ORIENTED_EDGE('',*,*,#4369,.F.);
#5864=ORIENTED_EDGE('',*,*,#4378,.T.);
#5865=ORIENTED_EDGE('',*,*,#4333,.F.);
#5866=ORIENTED_EDGE('',*,*,#4379,.T.);
#5867=ORIENTED_EDGE('',*,*,#4373,.F.);
#5868=ORIENTED_EDGE('',*,*,#4380,.T.);
#5869=ORIENTED_EDGE('',*,*,#4358,.F.);
#5870=ORIENTED_EDGE('',*,*,#4381,.F.);
#5871=ORIENTED_EDGE('',*,*,#4382,.F.);
#5872=ORIENTED_EDGE('',*,*,#4383,.F.);
#5873=ORIENTED_EDGE('',*,*,#4365,.F.);
#5874=ORIENTED_EDGE('',*,*,#4362,.F.);
#5875=ORIENTED_EDGE('',*,*,#4371,.F.);
#5876=ORIENTED_EDGE('',*,*,#4384,.T.);
#5877=ORIENTED_EDGE('',*,*,#4385,.F.);
#5878=ORIENTED_EDGE('',*,*,#4381,.T.);
#5879=ORIENTED_EDGE('',*,*,#4370,.F.);
#5880=ORIENTED_EDGE('',*,*,#4386,.F.);
#5881=ORIENTED_EDGE('',*,*,#4387,.F.);
#5882=ORIENTED_EDGE('',*,*,#4384,.F.);
#5883=ORIENTED_EDGE('',*,*,#4377,.F.);
#5884=ORIENTED_EDGE('',*,*,#4374,.F.);
#5885=ORIENTED_EDGE('',*,*,#4379,.F.);
#5886=ORIENTED_EDGE('',*,*,#4388,.T.);
#5887=ORIENTED_EDGE('',*,*,#4389,.F.);
#5888=ORIENTED_EDGE('',*,*,#4386,.T.);
#5889=ORIENTED_EDGE('',*,*,#4376,.F.);
#5890=ORIENTED_EDGE('',*,*,#4378,.F.);
#5891=ORIENTED_EDGE('',*,*,#4368,.F.);
#5892=ORIENTED_EDGE('',*,*,#4372,.F.);
#5893=ORIENTED_EDGE('',*,*,#4364,.F.);
#5894=ORIENTED_EDGE('',*,*,#4366,.F.);
#5895=ORIENTED_EDGE('',*,*,#4356,.F.);
#5896=ORIENTED_EDGE('',*,*,#4360,.F.);
#5897=ORIENTED_EDGE('',*,*,#4352,.F.);
#5898=ORIENTED_EDGE('',*,*,#4354,.F.);
#5899=ORIENTED_EDGE('',*,*,#4344,.F.);
#5900=ORIENTED_EDGE('',*,*,#4348,.F.);
#5901=ORIENTED_EDGE('',*,*,#4340,.F.);
#5902=ORIENTED_EDGE('',*,*,#4342,.F.);
#5903=ORIENTED_EDGE('',*,*,#4334,.F.);
#5904=ORIENTED_EDGE('',*,*,#4380,.F.);
#5905=ORIENTED_EDGE('',*,*,#4390,.F.);
#5906=ORIENTED_EDGE('',*,*,#4391,.F.);
#5907=ORIENTED_EDGE('',*,*,#4392,.F.);
#5908=ORIENTED_EDGE('',*,*,#4393,.F.);
#5909=ORIENTED_EDGE('',*,*,#4394,.F.);
#5910=ORIENTED_EDGE('',*,*,#4395,.F.);
#5911=ORIENTED_EDGE('',*,*,#4396,.F.);
#5912=ORIENTED_EDGE('',*,*,#4397,.F.);
#5913=ORIENTED_EDGE('',*,*,#4398,.F.);
#5914=ORIENTED_EDGE('',*,*,#4399,.F.);
#5915=ORIENTED_EDGE('',*,*,#4400,.F.);
#5916=ORIENTED_EDGE('',*,*,#4401,.F.);
#5917=ORIENTED_EDGE('',*,*,#4402,.F.);
#5918=ORIENTED_EDGE('',*,*,#4403,.F.);
#5919=ORIENTED_EDGE('',*,*,#4404,.F.);
#5920=ORIENTED_EDGE('',*,*,#4405,.F.);
#5921=ORIENTED_EDGE('',*,*,#4406,.T.);
#5922=ORIENTED_EDGE('',*,*,#4407,.T.);
#5923=ORIENTED_EDGE('',*,*,#4408,.T.);
#5924=ORIENTED_EDGE('',*,*,#4392,.T.);
#5925=ORIENTED_EDGE('',*,*,#4409,.T.);
#5926=ORIENTED_EDGE('',*,*,#4410,.T.);
#5927=ORIENTED_EDGE('',*,*,#4411,.T.);
#5928=ORIENTED_EDGE('',*,*,#4394,.T.);
#5929=ORIENTED_EDGE('',*,*,#4409,.F.);
#5930=ORIENTED_EDGE('',*,*,#4393,.T.);
#5931=ORIENTED_EDGE('',*,*,#4408,.F.);
#5932=ORIENTED_EDGE('',*,*,#4412,.T.);
#5933=ORIENTED_EDGE('',*,*,#4413,.T.);
#5934=ORIENTED_EDGE('',*,*,#4414,.T.);
#5935=ORIENTED_EDGE('',*,*,#4415,.T.);
#5936=ORIENTED_EDGE('',*,*,#4396,.T.);
#5937=ORIENTED_EDGE('',*,*,#4413,.F.);
#5938=ORIENTED_EDGE('',*,*,#4395,.T.);
#5939=ORIENTED_EDGE('',*,*,#4411,.F.);
#5940=ORIENTED_EDGE('',*,*,#4416,.T.);
#5941=ORIENTED_EDGE('',*,*,#4417,.T.);
#5942=ORIENTED_EDGE('',*,*,#4418,.T.);
#5943=ORIENTED_EDGE('',*,*,#4419,.T.);
#5944=ORIENTED_EDGE('',*,*,#4398,.T.);
#5945=ORIENTED_EDGE('',*,*,#4417,.F.);
#5946=ORIENTED_EDGE('',*,*,#4397,.T.);
#5947=ORIENTED_EDGE('',*,*,#4415,.F.);
#5948=ORIENTED_EDGE('',*,*,#4420,.T.);
#5949=ORIENTED_EDGE('',*,*,#4421,.T.);
#5950=ORIENTED_EDGE('',*,*,#4422,.T.);
#5951=ORIENTED_EDGE('',*,*,#4423,.T.);
#5952=ORIENTED_EDGE('',*,*,#4400,.T.);
#5953=ORIENTED_EDGE('',*,*,#4421,.F.);
#5954=ORIENTED_EDGE('',*,*,#4399,.T.);
#5955=ORIENTED_EDGE('',*,*,#4419,.F.);
#5956=ORIENTED_EDGE('',*,*,#4424,.T.);
#5957=ORIENTED_EDGE('',*,*,#4425,.T.);
#5958=ORIENTED_EDGE('',*,*,#4426,.T.);
#5959=ORIENTED_EDGE('',*,*,#4427,.T.);
#5960=ORIENTED_EDGE('',*,*,#4402,.T.);
#5961=ORIENTED_EDGE('',*,*,#4425,.F.);
#5962=ORIENTED_EDGE('',*,*,#4401,.T.);
#5963=ORIENTED_EDGE('',*,*,#4423,.F.);
#5964=ORIENTED_EDGE('',*,*,#4428,.T.);
#5965=ORIENTED_EDGE('',*,*,#4429,.T.);
#5966=ORIENTED_EDGE('',*,*,#4430,.T.);
#5967=ORIENTED_EDGE('',*,*,#4431,.T.);
#5968=ORIENTED_EDGE('',*,*,#4404,.T.);
#5969=ORIENTED_EDGE('',*,*,#4429,.F.);
#5970=ORIENTED_EDGE('',*,*,#4403,.T.);
#5971=ORIENTED_EDGE('',*,*,#4427,.F.);
#5972=ORIENTED_EDGE('',*,*,#4432,.T.);
#5973=ORIENTED_EDGE('',*,*,#4433,.T.);
#5974=ORIENTED_EDGE('',*,*,#4434,.T.);
#5975=ORIENTED_EDGE('',*,*,#4435,.T.);
#5976=ORIENTED_EDGE('',*,*,#4390,.T.);
#5977=ORIENTED_EDGE('',*,*,#4433,.F.);
#5978=ORIENTED_EDGE('',*,*,#4405,.T.);
#5979=ORIENTED_EDGE('',*,*,#4431,.F.);
#5980=ORIENTED_EDGE('',*,*,#4436,.T.);
#5981=ORIENTED_EDGE('',*,*,#4406,.F.);
#5982=ORIENTED_EDGE('',*,*,#4391,.T.);
#5983=ORIENTED_EDGE('',*,*,#4435,.F.);
#5984=ORIENTED_EDGE('',*,*,#4437,.T.);
#5985=ORIENTED_EDGE('',*,*,#4420,.F.);
#5986=ORIENTED_EDGE('',*,*,#4414,.F.);
#5987=ORIENTED_EDGE('',*,*,#4416,.F.);
#5988=ORIENTED_EDGE('',*,*,#4438,.T.);
#5989=ORIENTED_EDGE('',*,*,#4439,.F.);
#5990=ORIENTED_EDGE('',*,*,#4440,.T.);
#5991=ORIENTED_EDGE('',*,*,#4410,.F.);
#5992=ORIENTED_EDGE('',*,*,#4441,.F.);
#5993=ORIENTED_EDGE('',*,*,#4442,.T.);
#5994=ORIENTED_EDGE('',*,*,#4438,.F.);
#5995=ORIENTED_EDGE('',*,*,#4412,.F.);
#5996=ORIENTED_EDGE('',*,*,#4407,.F.);
#5997=ORIENTED_EDGE('',*,*,#4437,.F.);
#5998=ORIENTED_EDGE('',*,*,#4443,.T.);
#5999=ORIENTED_EDGE('',*,*,#4444,.F.);
#6000=ORIENTED_EDGE('',*,*,#4441,.T.);
#6001=ORIENTED_EDGE('',*,*,#4434,.F.);
#6002=ORIENTED_EDGE('',*,*,#4445,.F.);
#6003=ORIENTED_EDGE('',*,*,#4446,.T.);
#6004=ORIENTED_EDGE('',*,*,#4443,.F.);
#6005=ORIENTED_EDGE('',*,*,#4447,.T.);
#6006=ORIENTED_EDGE('',*,*,#4448,.T.);
#6007=ORIENTED_EDGE('',*,*,#4449,.T.);
#6008=ORIENTED_EDGE('',*,*,#4450,.F.);
#6009=ORIENTED_EDGE('',*,*,#4451,.T.);
#6010=ORIENTED_EDGE('',*,*,#4452,.T.);
#6011=ORIENTED_EDGE('',*,*,#4453,.T.);
#6012=ORIENTED_EDGE('',*,*,#4454,.T.);
#6013=ORIENTED_EDGE('',*,*,#4455,.T.);
#6014=ORIENTED_EDGE('',*,*,#4456,.T.);
#6015=ORIENTED_EDGE('',*,*,#4457,.T.);
#6016=ORIENTED_EDGE('',*,*,#4458,.T.);
#6017=ORIENTED_EDGE('',*,*,#4459,.T.);
#6018=ORIENTED_EDGE('',*,*,#4460,.T.);
#6019=ORIENTED_EDGE('',*,*,#4461,.T.);
#6020=ORIENTED_EDGE('',*,*,#4462,.T.);
#6021=ORIENTED_EDGE('',*,*,#4463,.T.);
#6022=ORIENTED_EDGE('',*,*,#4464,.T.);
#6023=ORIENTED_EDGE('',*,*,#4465,.T.);
#6024=ORIENTED_EDGE('',*,*,#4460,.F.);
#6025=ORIENTED_EDGE('',*,*,#4466,.T.);
#6026=ORIENTED_EDGE('',*,*,#4467,.T.);
#6027=ORIENTED_EDGE('',*,*,#4468,.T.);
#6028=ORIENTED_EDGE('',*,*,#4469,.T.);
#6029=ORIENTED_EDGE('',*,*,#4470,.T.);
#6030=ORIENTED_EDGE('',*,*,#4467,.F.);
#6031=ORIENTED_EDGE('',*,*,#4471,.T.);
#6032=ORIENTED_EDGE('',*,*,#4464,.F.);
#6033=ORIENTED_EDGE('',*,*,#4472,.T.);
#6034=ORIENTED_EDGE('',*,*,#4469,.F.);
#6035=ORIENTED_EDGE('',*,*,#4473,.T.);
#6036=ORIENTED_EDGE('',*,*,#4456,.F.);
#6037=ORIENTED_EDGE('',*,*,#4474,.T.);
#6038=ORIENTED_EDGE('',*,*,#4462,.F.);
#6039=ORIENTED_EDGE('',*,*,#4475,.T.);
#6040=ORIENTED_EDGE('',*,*,#4452,.F.);
#6041=ORIENTED_EDGE('',*,*,#4476,.T.);
#6042=ORIENTED_EDGE('',*,*,#4458,.F.);
#6043=ORIENTED_EDGE('',*,*,#4477,.T.);
#6044=ORIENTED_EDGE('',*,*,#4478,.T.);
#6045=ORIENTED_EDGE('',*,*,#4479,.T.);
#6046=ORIENTED_EDGE('',*,*,#4478,.F.);
#6047=ORIENTED_EDGE('',*,*,#4480,.T.);
#6048=ORIENTED_EDGE('',*,*,#4450,.T.);
#6049=ORIENTED_EDGE('',*,*,#4481,.T.);
#6050=ORIENTED_EDGE('',*,*,#4454,.F.);
#6051=ORIENTED_EDGE('',*,*,#4482,.T.);
#6052=ORIENTED_EDGE('',*,*,#4448,.F.);
#6053=ORIENTED_EDGE('',*,*,#4453,.F.);
#6054=ORIENTED_EDGE('',*,*,#4483,.T.);
#6055=ORIENTED_EDGE('',*,*,#4484,.T.);
#6056=ORIENTED_EDGE('',*,*,#4485,.F.);
#6057=ORIENTED_EDGE('',*,*,#4475,.F.);
#6058=ORIENTED_EDGE('',*,*,#4486,.T.);
#6059=ORIENTED_EDGE('',*,*,#4487,.T.);
#6060=ORIENTED_EDGE('',*,*,#4483,.F.);
#6061=ORIENTED_EDGE('',*,*,#4461,.F.);
#6062=ORIENTED_EDGE('',*,*,#4488,.T.);
#6063=ORIENTED_EDGE('',*,*,#4489,.T.);
#6064=ORIENTED_EDGE('',*,*,#4486,.F.);
#6065=ORIENTED_EDGE('',*,*,#4465,.F.);
#6066=ORIENTED_EDGE('',*,*,#4490,.T.);
#6067=ORIENTED_EDGE('',*,*,#4491,.T.);
#6068=ORIENTED_EDGE('',*,*,#4488,.F.);
#6069=ORIENTED_EDGE('',*,*,#4471,.F.);
#6070=ORIENTED_EDGE('',*,*,#4492,.T.);
#6071=ORIENTED_EDGE('',*,*,#4493,.T.);
#6072=ORIENTED_EDGE('',*,*,#4490,.F.);
#6073=ORIENTED_EDGE('',*,*,#4466,.F.);
#6074=ORIENTED_EDGE('',*,*,#4494,.T.);
#6075=ORIENTED_EDGE('',*,*,#4495,.T.);
#6076=ORIENTED_EDGE('',*,*,#4492,.F.);
#6077=ORIENTED_EDGE('',*,*,#4496,.T.);
#6078=ORIENTED_EDGE('',*,*,#4497,.F.);
#6079=ORIENTED_EDGE('',*,*,#4498,.T.);
#6080=ORIENTED_EDGE('',*,*,#4499,.F.);
#6081=ORIENTED_EDGE('',*,*,#4500,.T.);
#6082=ORIENTED_EDGE('',*,*,#4501,.F.);
#6083=ORIENTED_EDGE('',*,*,#4502,.T.);
#6084=ORIENTED_EDGE('',*,*,#4503,.F.);
#6085=ORIENTED_EDGE('',*,*,#4468,.F.);
#6086=ORIENTED_EDGE('',*,*,#4470,.F.);
#6087=ORIENTED_EDGE('',*,*,#4463,.F.);
#6088=ORIENTED_EDGE('',*,*,#4459,.F.);
#6089=ORIENTED_EDGE('',*,*,#4474,.F.);
#6090=ORIENTED_EDGE('',*,*,#4451,.F.);
#6091=ORIENTED_EDGE('',*,*,#4481,.F.);
#6092=ORIENTED_EDGE('',*,*,#4447,.F.);
#6093=ORIENTED_EDGE('',*,*,#4480,.F.);
#6094=ORIENTED_EDGE('',*,*,#4477,.F.);
#6095=ORIENTED_EDGE('',*,*,#4457,.F.);
#6096=ORIENTED_EDGE('',*,*,#4473,.F.);
#6097=ORIENTED_EDGE('',*,*,#4472,.F.);
#6098=ORIENTED_EDGE('',*,*,#4504,.T.);
#6099=ORIENTED_EDGE('',*,*,#4505,.T.);
#6100=ORIENTED_EDGE('',*,*,#4494,.F.);
#6101=ORIENTED_EDGE('',*,*,#4482,.F.);
#6102=ORIENTED_EDGE('',*,*,#4485,.T.);
#6103=ORIENTED_EDGE('',*,*,#4506,.T.);
#6104=ORIENTED_EDGE('',*,*,#4507,.F.);
#6105=ORIENTED_EDGE('',*,*,#4508,.T.);
#6106=ORIENTED_EDGE('',*,*,#4325,.T.);
#6107=ORIENTED_EDGE('',*,*,#4509,.T.);
#6108=ORIENTED_EDGE('',*,*,#4389,.T.);
#6109=ORIENTED_EDGE('',*,*,#4510,.T.);
#6110=ORIENTED_EDGE('',*,*,#4387,.T.);
#6111=ORIENTED_EDGE('',*,*,#4509,.F.);
#6112=ORIENTED_EDGE('',*,*,#4332,.T.);
#6113=ORIENTED_EDGE('',*,*,#4511,.T.);
#6114=ORIENTED_EDGE('',*,*,#4385,.T.);
#6115=ORIENTED_EDGE('',*,*,#4510,.F.);
#6116=ORIENTED_EDGE('',*,*,#4331,.T.);
#6117=ORIENTED_EDGE('',*,*,#4512,.T.);
#6118=ORIENTED_EDGE('',*,*,#4382,.T.);
#6119=ORIENTED_EDGE('',*,*,#4511,.F.);
#6120=ORIENTED_EDGE('',*,*,#4330,.T.);
#6121=ORIENTED_EDGE('',*,*,#4513,.T.);
#6122=ORIENTED_EDGE('',*,*,#4514,.T.);
#6123=ORIENTED_EDGE('',*,*,#4512,.F.);
#6124=ORIENTED_EDGE('',*,*,#4329,.T.);
#6125=ORIENTED_EDGE('',*,*,#4515,.T.);
#6126=ORIENTED_EDGE('',*,*,#4516,.T.);
#6127=ORIENTED_EDGE('',*,*,#4513,.F.);
#6128=ORIENTED_EDGE('',*,*,#4328,.T.);
#6129=ORIENTED_EDGE('',*,*,#4517,.T.);
#6130=ORIENTED_EDGE('',*,*,#4518,.T.);
#6131=ORIENTED_EDGE('',*,*,#4515,.F.);
#6132=ORIENTED_EDGE('',*,*,#4327,.T.);
#6133=ORIENTED_EDGE('',*,*,#4517,.F.);
#6134=ORIENTED_EDGE('',*,*,#4326,.T.);
#6135=ORIENTED_EDGE('',*,*,#4508,.F.);
#6136=ORIENTED_EDGE('',*,*,#4519,.T.);
#6137=ORIENTED_EDGE('',*,*,#4346,.F.);
#6138=ORIENTED_EDGE('',*,*,#4520,.F.);
#6139=ORIENTED_EDGE('',*,*,#4516,.F.);
#6140=ORIENTED_EDGE('',*,*,#4521,.F.);
#6141=ORIENTED_EDGE('',*,*,#4347,.F.);
#6142=ORIENTED_EDGE('',*,*,#4521,.T.);
#6143=ORIENTED_EDGE('',*,*,#4518,.F.);
#6144=ORIENTED_EDGE('',*,*,#4522,.T.);
#6145=ORIENTED_EDGE('',*,*,#4341,.F.);
#6146=ORIENTED_EDGE('',*,*,#4338,.F.);
#6147=ORIENTED_EDGE('',*,*,#4336,.F.);
#6148=ORIENTED_EDGE('',*,*,#4522,.F.);
#6149=ORIENTED_EDGE('',*,*,#4519,.F.);
#6150=ORIENTED_EDGE('',*,*,#4388,.F.);
#6151=ORIENTED_EDGE('',*,*,#4007,.T.);
#6152=ORIENTED_EDGE('',*,*,#4107,.T.);
#6153=ORIENTED_EDGE('',*,*,#4104,.T.);
#6154=ORIENTED_EDGE('',*,*,#4101,.T.);
#6155=ORIENTED_EDGE('',*,*,#4098,.T.);
#6156=ORIENTED_EDGE('',*,*,#4095,.T.);
#6157=ORIENTED_EDGE('',*,*,#4092,.T.);
#6158=ORIENTED_EDGE('',*,*,#4089,.T.);
#6159=ORIENTED_EDGE('',*,*,#4086,.T.);
#6160=ORIENTED_EDGE('',*,*,#4083,.T.);
#6161=ORIENTED_EDGE('',*,*,#4080,.T.);
#6162=ORIENTED_EDGE('',*,*,#4077,.T.);
#6163=ORIENTED_EDGE('',*,*,#4074,.T.);
#6164=ORIENTED_EDGE('',*,*,#4071,.T.);
#6165=ORIENTED_EDGE('',*,*,#4068,.T.);
#6166=ORIENTED_EDGE('',*,*,#4065,.T.);
#6167=ORIENTED_EDGE('',*,*,#4062,.T.);
#6168=ORIENTED_EDGE('',*,*,#4059,.T.);
#6169=ORIENTED_EDGE('',*,*,#4056,.T.);
#6170=ORIENTED_EDGE('',*,*,#4053,.T.);
#6171=ORIENTED_EDGE('',*,*,#4050,.T.);
#6172=ORIENTED_EDGE('',*,*,#4047,.T.);
#6173=ORIENTED_EDGE('',*,*,#4044,.T.);
#6174=ORIENTED_EDGE('',*,*,#4041,.T.);
#6175=ORIENTED_EDGE('',*,*,#4038,.T.);
#6176=ORIENTED_EDGE('',*,*,#4035,.T.);
#6177=ORIENTED_EDGE('',*,*,#4032,.T.);
#6178=ORIENTED_EDGE('',*,*,#4029,.T.);
#6179=ORIENTED_EDGE('',*,*,#4026,.T.);
#6180=ORIENTED_EDGE('',*,*,#4023,.T.);
#6181=ORIENTED_EDGE('',*,*,#4020,.T.);
#6182=ORIENTED_EDGE('',*,*,#4017,.T.);
#6183=ORIENTED_EDGE('',*,*,#4014,.T.);
#6184=ORIENTED_EDGE('',*,*,#4011,.T.);
#6185=ORIENTED_EDGE('',*,*,#4359,.F.);
#6186=ORIENTED_EDGE('',*,*,#4383,.T.);
#6187=ORIENTED_EDGE('',*,*,#4514,.F.);
#6188=ORIENTED_EDGE('',*,*,#4520,.T.);
#6189=ORIENTED_EDGE('',*,*,#4353,.F.);
#6190=ORIENTED_EDGE('',*,*,#4350,.F.);
#6191=ORIENTED_EDGE('',*,*,#4501,.T.);
#6192=ORIENTED_EDGE('',*,*,#4523,.T.);
#6193=ORIENTED_EDGE('',*,*,#4524,.T.);
#6194=ORIENTED_EDGE('',*,*,#4525,.T.);
#6195=ORIENTED_EDGE('',*,*,#4525,.F.);
#6196=ORIENTED_EDGE('',*,*,#4526,.F.);
#6197=ORIENTED_EDGE('',*,*,#4527,.F.);
#6198=ORIENTED_EDGE('',*,*,#4502,.F.);
#6199=ORIENTED_EDGE('',*,*,#4503,.T.);
#6200=ORIENTED_EDGE('',*,*,#4527,.T.);
#6201=ORIENTED_EDGE('',*,*,#4528,.T.);
#6202=ORIENTED_EDGE('',*,*,#4529,.T.);
#6203=ORIENTED_EDGE('',*,*,#4499,.T.);
#6204=ORIENTED_EDGE('',*,*,#4530,.T.);
#6205=ORIENTED_EDGE('',*,*,#4531,.T.);
#6206=ORIENTED_EDGE('',*,*,#4532,.T.);
#6207=ORIENTED_EDGE('',*,*,#4530,.F.);
#6208=ORIENTED_EDGE('',*,*,#4498,.F.);
#6209=ORIENTED_EDGE('',*,*,#4533,.F.);
#6210=ORIENTED_EDGE('',*,*,#4534,.F.);
#6211=ORIENTED_EDGE('',*,*,#4497,.T.);
#6212=ORIENTED_EDGE('',*,*,#4535,.T.);
#6213=ORIENTED_EDGE('',*,*,#4536,.T.);
#6214=ORIENTED_EDGE('',*,*,#4533,.T.);
#6215=ORIENTED_EDGE('',*,*,#4418,.F.);
#6216=ORIENTED_EDGE('',*,*,#4440,.F.);
#6217=ORIENTED_EDGE('',*,*,#4537,.T.);
#6218=ORIENTED_EDGE('',*,*,#4538,.F.);
#6219=ORIENTED_EDGE('',*,*,#4432,.F.);
#6220=ORIENTED_EDGE('',*,*,#4539,.T.);
#6221=ORIENTED_EDGE('',*,*,#4540,.F.);
#6222=ORIENTED_EDGE('',*,*,#4445,.T.);
#6223=ORIENTED_EDGE('',*,*,#4436,.F.);
#6224=ORIENTED_EDGE('',*,*,#4430,.F.);
#6225=ORIENTED_EDGE('',*,*,#4444,.T.);
#6226=ORIENTED_EDGE('',*,*,#4446,.F.);
#6227=ORIENTED_EDGE('',*,*,#4540,.T.);
#6228=ORIENTED_EDGE('',*,*,#4541,.F.);
#6229=ORIENTED_EDGE('',*,*,#4542,.T.);
#6230=ORIENTED_EDGE('',*,*,#4537,.F.);
#6231=ORIENTED_EDGE('',*,*,#4439,.T.);
#6232=ORIENTED_EDGE('',*,*,#4442,.F.);
#6233=ORIENTED_EDGE('',*,*,#4526,.T.);
#6234=ORIENTED_EDGE('',*,*,#4524,.F.);
#6235=ORIENTED_EDGE('',*,*,#4543,.T.);
#6236=ORIENTED_EDGE('',*,*,#4531,.F.);
#6237=ORIENTED_EDGE('',*,*,#4534,.T.);
#6238=ORIENTED_EDGE('',*,*,#4536,.F.);
#6239=ORIENTED_EDGE('',*,*,#4544,.T.);
#6240=ORIENTED_EDGE('',*,*,#4528,.F.);
#6241=ORIENTED_EDGE('',*,*,#4426,.F.);
#6242=ORIENTED_EDGE('',*,*,#4545,.F.);
#6243=ORIENTED_EDGE('',*,*,#4541,.T.);
#6244=ORIENTED_EDGE('',*,*,#4539,.F.);
#6245=ORIENTED_EDGE('',*,*,#4424,.F.);
#6246=ORIENTED_EDGE('',*,*,#4538,.T.);
#6247=ORIENTED_EDGE('',*,*,#4542,.F.);
#6248=ORIENTED_EDGE('',*,*,#4545,.T.);
#6249=ORIENTED_EDGE('',*,*,#4428,.F.);
#6250=ORIENTED_EDGE('',*,*,#4422,.F.);
#6251=ORIENTED_EDGE('',*,*,#4455,.F.);
#6252=ORIENTED_EDGE('',*,*,#4546,.T.);
#6253=ORIENTED_EDGE('',*,*,#4547,.T.);
#6254=ORIENTED_EDGE('',*,*,#4504,.F.);
#6255=ORIENTED_EDGE('',*,*,#4476,.F.);
#6256=ORIENTED_EDGE('',*,*,#4548,.T.);
#6257=ORIENTED_EDGE('',*,*,#4549,.T.);
#6258=ORIENTED_EDGE('',*,*,#4546,.F.);
#6259=ORIENTED_EDGE('',*,*,#4479,.F.);
#6260=ORIENTED_EDGE('',*,*,#4550,.T.);
#6261=ORIENTED_EDGE('',*,*,#4551,.T.);
#6262=ORIENTED_EDGE('',*,*,#4548,.F.);
#6263=ORIENTED_EDGE('',*,*,#4449,.F.);
#6264=ORIENTED_EDGE('',*,*,#4507,.T.);
#6265=ORIENTED_EDGE('',*,*,#4552,.T.);
#6266=ORIENTED_EDGE('',*,*,#4550,.F.);
#6267=ORIENTED_EDGE('',*,*,#4491,.F.);
#6268=ORIENTED_EDGE('',*,*,#4493,.F.);
#6269=ORIENTED_EDGE('',*,*,#4495,.F.);
#6270=ORIENTED_EDGE('',*,*,#4505,.F.);
#6271=ORIENTED_EDGE('',*,*,#4547,.F.);
#6272=ORIENTED_EDGE('',*,*,#4549,.F.);
#6273=ORIENTED_EDGE('',*,*,#4551,.F.);
#6274=ORIENTED_EDGE('',*,*,#4552,.F.);
#6275=ORIENTED_EDGE('',*,*,#4506,.F.);
#6276=ORIENTED_EDGE('',*,*,#4484,.F.);
#6277=ORIENTED_EDGE('',*,*,#4487,.F.);
#6278=ORIENTED_EDGE('',*,*,#4489,.F.);
#6279=ORIENTED_EDGE('',*,*,#4523,.F.);
#6280=ORIENTED_EDGE('',*,*,#4500,.F.);
#6281=ORIENTED_EDGE('',*,*,#4532,.F.);
#6282=ORIENTED_EDGE('',*,*,#4543,.F.);
#6283=ORIENTED_EDGE('',*,*,#4529,.F.);
#6284=ORIENTED_EDGE('',*,*,#4544,.F.);
#6285=ORIENTED_EDGE('',*,*,#4535,.F.);
#6286=ORIENTED_EDGE('',*,*,#4496,.F.);
#6287=ORIENTED_EDGE('',*,*,#4553,.F.);
#6288=ORIENTED_EDGE('',*,*,#4554,.T.);
#6289=ORIENTED_EDGE('',*,*,#4555,.F.);
#6290=ORIENTED_EDGE('',*,*,#4556,.F.);
#6291=ORIENTED_EDGE('',*,*,#4557,.F.);
#6292=ORIENTED_EDGE('',*,*,#4556,.T.);
#6293=ORIENTED_EDGE('',*,*,#4558,.F.);
#6294=ORIENTED_EDGE('',*,*,#4559,.F.);
#6295=ORIENTED_EDGE('',*,*,#4560,.F.);
#6296=ORIENTED_EDGE('',*,*,#4559,.T.);
#6297=ORIENTED_EDGE('',*,*,#4561,.F.);
#6298=ORIENTED_EDGE('',*,*,#4562,.F.);
#6299=ORIENTED_EDGE('',*,*,#4563,.F.);
#6300=ORIENTED_EDGE('',*,*,#4562,.T.);
#6301=ORIENTED_EDGE('',*,*,#4564,.F.);
#6302=ORIENTED_EDGE('',*,*,#4565,.F.);
#6303=ORIENTED_EDGE('',*,*,#4566,.F.);
#6304=ORIENTED_EDGE('',*,*,#4565,.T.);
#6305=ORIENTED_EDGE('',*,*,#4567,.F.);
#6306=ORIENTED_EDGE('',*,*,#4568,.F.);
#6307=ORIENTED_EDGE('',*,*,#4569,.F.);
#6308=ORIENTED_EDGE('',*,*,#4568,.T.);
#6309=ORIENTED_EDGE('',*,*,#4570,.F.);
#6310=ORIENTED_EDGE('',*,*,#4571,.F.);
#6311=ORIENTED_EDGE('',*,*,#4572,.F.);
#6312=ORIENTED_EDGE('',*,*,#4571,.T.);
#6313=ORIENTED_EDGE('',*,*,#4573,.F.);
#6314=ORIENTED_EDGE('',*,*,#4574,.F.);
#6315=ORIENTED_EDGE('',*,*,#4575,.F.);
#6316=ORIENTED_EDGE('',*,*,#4574,.T.);
#6317=ORIENTED_EDGE('',*,*,#4576,.F.);
#6318=ORIENTED_EDGE('',*,*,#4577,.F.);
#6319=ORIENTED_EDGE('',*,*,#4578,.F.);
#6320=ORIENTED_EDGE('',*,*,#4577,.T.);
#6321=ORIENTED_EDGE('',*,*,#4579,.F.);
#6322=ORIENTED_EDGE('',*,*,#4580,.F.);
#6323=ORIENTED_EDGE('',*,*,#4581,.F.);
#6324=ORIENTED_EDGE('',*,*,#4580,.T.);
#6325=ORIENTED_EDGE('',*,*,#4582,.F.);
#6326=ORIENTED_EDGE('',*,*,#4583,.F.);
#6327=ORIENTED_EDGE('',*,*,#4584,.F.);
#6328=ORIENTED_EDGE('',*,*,#4583,.T.);
#6329=ORIENTED_EDGE('',*,*,#4585,.F.);
#6330=ORIENTED_EDGE('',*,*,#4586,.F.);
#6331=ORIENTED_EDGE('',*,*,#4587,.F.);
#6332=ORIENTED_EDGE('',*,*,#4586,.T.);
#6333=ORIENTED_EDGE('',*,*,#4588,.F.);
#6334=ORIENTED_EDGE('',*,*,#4589,.F.);
#6335=ORIENTED_EDGE('',*,*,#4590,.F.);
#6336=ORIENTED_EDGE('',*,*,#4589,.T.);
#6337=ORIENTED_EDGE('',*,*,#4591,.F.);
#6338=ORIENTED_EDGE('',*,*,#4592,.F.);
#6339=ORIENTED_EDGE('',*,*,#4593,.F.);
#6340=ORIENTED_EDGE('',*,*,#4592,.T.);
#6341=ORIENTED_EDGE('',*,*,#4594,.F.);
#6342=ORIENTED_EDGE('',*,*,#4595,.F.);
#6343=ORIENTED_EDGE('',*,*,#4596,.F.);
#6344=ORIENTED_EDGE('',*,*,#4595,.T.);
#6345=ORIENTED_EDGE('',*,*,#4597,.F.);
#6346=ORIENTED_EDGE('',*,*,#4598,.F.);
#6347=ORIENTED_EDGE('',*,*,#4599,.F.);
#6348=ORIENTED_EDGE('',*,*,#4598,.T.);
#6349=ORIENTED_EDGE('',*,*,#4600,.F.);
#6350=ORIENTED_EDGE('',*,*,#4601,.F.);
#6351=ORIENTED_EDGE('',*,*,#4602,.F.);
#6352=ORIENTED_EDGE('',*,*,#4601,.T.);
#6353=ORIENTED_EDGE('',*,*,#4603,.F.);
#6354=ORIENTED_EDGE('',*,*,#4604,.F.);
#6355=ORIENTED_EDGE('',*,*,#4605,.F.);
#6356=ORIENTED_EDGE('',*,*,#4604,.T.);
#6357=ORIENTED_EDGE('',*,*,#4606,.F.);
#6358=ORIENTED_EDGE('',*,*,#4607,.F.);
#6359=ORIENTED_EDGE('',*,*,#4608,.F.);
#6360=ORIENTED_EDGE('',*,*,#4607,.T.);
#6361=ORIENTED_EDGE('',*,*,#4609,.F.);
#6362=ORIENTED_EDGE('',*,*,#4610,.F.);
#6363=ORIENTED_EDGE('',*,*,#4611,.F.);
#6364=ORIENTED_EDGE('',*,*,#4610,.T.);
#6365=ORIENTED_EDGE('',*,*,#4612,.F.);
#6366=ORIENTED_EDGE('',*,*,#4613,.F.);
#6367=ORIENTED_EDGE('',*,*,#4614,.F.);
#6368=ORIENTED_EDGE('',*,*,#4613,.T.);
#6369=ORIENTED_EDGE('',*,*,#4615,.F.);
#6370=ORIENTED_EDGE('',*,*,#4616,.F.);
#6371=ORIENTED_EDGE('',*,*,#4617,.F.);
#6372=ORIENTED_EDGE('',*,*,#4616,.T.);
#6373=ORIENTED_EDGE('',*,*,#4618,.F.);
#6374=ORIENTED_EDGE('',*,*,#4619,.F.);
#6375=ORIENTED_EDGE('',*,*,#4620,.F.);
#6376=ORIENTED_EDGE('',*,*,#4619,.T.);
#6377=ORIENTED_EDGE('',*,*,#4621,.F.);
#6378=ORIENTED_EDGE('',*,*,#4622,.F.);
#6379=ORIENTED_EDGE('',*,*,#4623,.F.);
#6380=ORIENTED_EDGE('',*,*,#4622,.T.);
#6381=ORIENTED_EDGE('',*,*,#4624,.F.);
#6382=ORIENTED_EDGE('',*,*,#4625,.F.);
#6383=ORIENTED_EDGE('',*,*,#4626,.F.);
#6384=ORIENTED_EDGE('',*,*,#4625,.T.);
#6385=ORIENTED_EDGE('',*,*,#4627,.F.);
#6386=ORIENTED_EDGE('',*,*,#4628,.F.);
#6387=ORIENTED_EDGE('',*,*,#4629,.F.);
#6388=ORIENTED_EDGE('',*,*,#4628,.T.);
#6389=ORIENTED_EDGE('',*,*,#4630,.F.);
#6390=ORIENTED_EDGE('',*,*,#4631,.F.);
#6391=ORIENTED_EDGE('',*,*,#4632,.F.);
#6392=ORIENTED_EDGE('',*,*,#4631,.T.);
#6393=ORIENTED_EDGE('',*,*,#4633,.F.);
#6394=ORIENTED_EDGE('',*,*,#4634,.F.);
#6395=ORIENTED_EDGE('',*,*,#4635,.F.);
#6396=ORIENTED_EDGE('',*,*,#4634,.T.);
#6397=ORIENTED_EDGE('',*,*,#4636,.F.);
#6398=ORIENTED_EDGE('',*,*,#4637,.F.);
#6399=ORIENTED_EDGE('',*,*,#4638,.F.);
#6400=ORIENTED_EDGE('',*,*,#4637,.T.);
#6401=ORIENTED_EDGE('',*,*,#4639,.F.);
#6402=ORIENTED_EDGE('',*,*,#4640,.F.);
#6403=ORIENTED_EDGE('',*,*,#4641,.F.);
#6404=ORIENTED_EDGE('',*,*,#4640,.T.);
#6405=ORIENTED_EDGE('',*,*,#4642,.F.);
#6406=ORIENTED_EDGE('',*,*,#4643,.F.);
#6407=ORIENTED_EDGE('',*,*,#4644,.F.);
#6408=ORIENTED_EDGE('',*,*,#4643,.T.);
#6409=ORIENTED_EDGE('',*,*,#4645,.F.);
#6410=ORIENTED_EDGE('',*,*,#4646,.F.);
#6411=ORIENTED_EDGE('',*,*,#4647,.F.);
#6412=ORIENTED_EDGE('',*,*,#4646,.T.);
#6413=ORIENTED_EDGE('',*,*,#4648,.F.);
#6414=ORIENTED_EDGE('',*,*,#4649,.F.);
#6415=ORIENTED_EDGE('',*,*,#4650,.F.);
#6416=ORIENTED_EDGE('',*,*,#4649,.T.);
#6417=ORIENTED_EDGE('',*,*,#4651,.F.);
#6418=ORIENTED_EDGE('',*,*,#4652,.F.);
#6419=ORIENTED_EDGE('',*,*,#4653,.F.);
#6420=ORIENTED_EDGE('',*,*,#4652,.T.);
#6421=ORIENTED_EDGE('',*,*,#4654,.F.);
#6422=ORIENTED_EDGE('',*,*,#4655,.F.);
#6423=ORIENTED_EDGE('',*,*,#4656,.F.);
#6424=ORIENTED_EDGE('',*,*,#4655,.T.);
#6425=ORIENTED_EDGE('',*,*,#4657,.F.);
#6426=ORIENTED_EDGE('',*,*,#4658,.F.);
#6427=ORIENTED_EDGE('',*,*,#4659,.F.);
#6428=ORIENTED_EDGE('',*,*,#4658,.T.);
#6429=ORIENTED_EDGE('',*,*,#4660,.F.);
#6430=ORIENTED_EDGE('',*,*,#4661,.F.);
#6431=ORIENTED_EDGE('',*,*,#4662,.F.);
#6432=ORIENTED_EDGE('',*,*,#4661,.T.);
#6433=ORIENTED_EDGE('',*,*,#4663,.F.);
#6434=ORIENTED_EDGE('',*,*,#4664,.F.);
#6435=ORIENTED_EDGE('',*,*,#4665,.F.);
#6436=ORIENTED_EDGE('',*,*,#4664,.T.);
#6437=ORIENTED_EDGE('',*,*,#4666,.F.);
#6438=ORIENTED_EDGE('',*,*,#4667,.F.);
#6439=ORIENTED_EDGE('',*,*,#4668,.F.);
#6440=ORIENTED_EDGE('',*,*,#4667,.T.);
#6441=ORIENTED_EDGE('',*,*,#4669,.F.);
#6442=ORIENTED_EDGE('',*,*,#4670,.F.);
#6443=ORIENTED_EDGE('',*,*,#4671,.F.);
#6444=ORIENTED_EDGE('',*,*,#4670,.T.);
#6445=ORIENTED_EDGE('',*,*,#4672,.F.);
#6446=ORIENTED_EDGE('',*,*,#4554,.F.);
#6447=ORIENTED_EDGE('',*,*,#4673,.T.);
#6448=ORIENTED_EDGE('',*,*,#4674,.T.);
#6449=ORIENTED_EDGE('',*,*,#4675,.F.);
#6450=ORIENTED_EDGE('',*,*,#4676,.F.);
#6451=ORIENTED_EDGE('',*,*,#4677,.F.);
#6452=ORIENTED_EDGE('',*,*,#4676,.T.);
#6453=ORIENTED_EDGE('',*,*,#4678,.F.);
#6454=ORIENTED_EDGE('',*,*,#4679,.F.);
#6455=ORIENTED_EDGE('',*,*,#4680,.T.);
#6456=ORIENTED_EDGE('',*,*,#4679,.T.);
#6457=ORIENTED_EDGE('',*,*,#4681,.F.);
#6458=ORIENTED_EDGE('',*,*,#4682,.F.);
#6459=ORIENTED_EDGE('',*,*,#4683,.F.);
#6460=ORIENTED_EDGE('',*,*,#4682,.T.);
#6461=ORIENTED_EDGE('',*,*,#4684,.F.);
#6462=ORIENTED_EDGE('',*,*,#4685,.F.);
#6463=ORIENTED_EDGE('',*,*,#4686,.T.);
#6464=ORIENTED_EDGE('',*,*,#4685,.T.);
#6465=ORIENTED_EDGE('',*,*,#4687,.F.);
#6466=ORIENTED_EDGE('',*,*,#4688,.F.);
#6467=ORIENTED_EDGE('',*,*,#4689,.F.);
#6468=ORIENTED_EDGE('',*,*,#4688,.T.);
#6469=ORIENTED_EDGE('',*,*,#4690,.F.);
#6470=ORIENTED_EDGE('',*,*,#4691,.F.);
#6471=ORIENTED_EDGE('',*,*,#4692,.T.);
#6472=ORIENTED_EDGE('',*,*,#4691,.T.);
#6473=ORIENTED_EDGE('',*,*,#4693,.F.);
#6474=ORIENTED_EDGE('',*,*,#4694,.F.);
#6475=ORIENTED_EDGE('',*,*,#4695,.F.);
#6476=ORIENTED_EDGE('',*,*,#4694,.T.);
#6477=ORIENTED_EDGE('',*,*,#4696,.F.);
#6478=ORIENTED_EDGE('',*,*,#4697,.F.);
#6479=ORIENTED_EDGE('',*,*,#4698,.T.);
#6480=ORIENTED_EDGE('',*,*,#4697,.T.);
#6481=ORIENTED_EDGE('',*,*,#4699,.F.);
#6482=ORIENTED_EDGE('',*,*,#4700,.F.);
#6483=ORIENTED_EDGE('',*,*,#4701,.F.);
#6484=ORIENTED_EDGE('',*,*,#4700,.T.);
#6485=ORIENTED_EDGE('',*,*,#4702,.F.);
#6486=ORIENTED_EDGE('',*,*,#4703,.F.);
#6487=ORIENTED_EDGE('',*,*,#4704,.T.);
#6488=ORIENTED_EDGE('',*,*,#4703,.T.);
#6489=ORIENTED_EDGE('',*,*,#4705,.F.);
#6490=ORIENTED_EDGE('',*,*,#4706,.F.);
#6491=ORIENTED_EDGE('',*,*,#4707,.F.);
#6492=ORIENTED_EDGE('',*,*,#4706,.T.);
#6493=ORIENTED_EDGE('',*,*,#4708,.F.);
#6494=ORIENTED_EDGE('',*,*,#4709,.F.);
#6495=ORIENTED_EDGE('',*,*,#4710,.T.);
#6496=ORIENTED_EDGE('',*,*,#4709,.T.);
#6497=ORIENTED_EDGE('',*,*,#4711,.F.);
#6498=ORIENTED_EDGE('',*,*,#4712,.F.);
#6499=ORIENTED_EDGE('',*,*,#4713,.T.);
#6500=ORIENTED_EDGE('',*,*,#4712,.T.);
#6501=ORIENTED_EDGE('',*,*,#4714,.F.);
#6502=ORIENTED_EDGE('',*,*,#4715,.F.);
#6503=ORIENTED_EDGE('',*,*,#4716,.T.);
#6504=ORIENTED_EDGE('',*,*,#4715,.T.);
#6505=ORIENTED_EDGE('',*,*,#4717,.F.);
#6506=ORIENTED_EDGE('',*,*,#4718,.F.);
#6507=ORIENTED_EDGE('',*,*,#4719,.T.);
#6508=ORIENTED_EDGE('',*,*,#4718,.T.);
#6509=ORIENTED_EDGE('',*,*,#4720,.F.);
#6510=ORIENTED_EDGE('',*,*,#4721,.F.);
#6511=ORIENTED_EDGE('',*,*,#4722,.T.);
#6512=ORIENTED_EDGE('',*,*,#4721,.T.);
#6513=ORIENTED_EDGE('',*,*,#4723,.F.);
#6514=ORIENTED_EDGE('',*,*,#4724,.F.);
#6515=ORIENTED_EDGE('',*,*,#4725,.T.);
#6516=ORIENTED_EDGE('',*,*,#4724,.T.);
#6517=ORIENTED_EDGE('',*,*,#4726,.F.);
#6518=ORIENTED_EDGE('',*,*,#4727,.F.);
#6519=ORIENTED_EDGE('',*,*,#4728,.T.);
#6520=ORIENTED_EDGE('',*,*,#4727,.T.);
#6521=ORIENTED_EDGE('',*,*,#4729,.F.);
#6522=ORIENTED_EDGE('',*,*,#4730,.F.);
#6523=ORIENTED_EDGE('',*,*,#4731,.T.);
#6524=ORIENTED_EDGE('',*,*,#4730,.T.);
#6525=ORIENTED_EDGE('',*,*,#4732,.F.);
#6526=ORIENTED_EDGE('',*,*,#4733,.F.);
#6527=ORIENTED_EDGE('',*,*,#4734,.T.);
#6528=ORIENTED_EDGE('',*,*,#4733,.T.);
#6529=ORIENTED_EDGE('',*,*,#4735,.F.);
#6530=ORIENTED_EDGE('',*,*,#4736,.F.);
#6531=ORIENTED_EDGE('',*,*,#4737,.T.);
#6532=ORIENTED_EDGE('',*,*,#4736,.T.);
#6533=ORIENTED_EDGE('',*,*,#4738,.F.);
#6534=ORIENTED_EDGE('',*,*,#4739,.F.);
#6535=ORIENTED_EDGE('',*,*,#4740,.T.);
#6536=ORIENTED_EDGE('',*,*,#4739,.T.);
#6537=ORIENTED_EDGE('',*,*,#4741,.F.);
#6538=ORIENTED_EDGE('',*,*,#4742,.F.);
#6539=ORIENTED_EDGE('',*,*,#4743,.T.);
#6540=ORIENTED_EDGE('',*,*,#4742,.T.);
#6541=ORIENTED_EDGE('',*,*,#4744,.F.);
#6542=ORIENTED_EDGE('',*,*,#4745,.F.);
#6543=ORIENTED_EDGE('',*,*,#4746,.T.);
#6544=ORIENTED_EDGE('',*,*,#4745,.T.);
#6545=ORIENTED_EDGE('',*,*,#4747,.F.);
#6546=ORIENTED_EDGE('',*,*,#4748,.F.);
#6547=ORIENTED_EDGE('',*,*,#4749,.T.);
#6548=ORIENTED_EDGE('',*,*,#4748,.T.);
#6549=ORIENTED_EDGE('',*,*,#4750,.F.);
#6550=ORIENTED_EDGE('',*,*,#4751,.F.);
#6551=ORIENTED_EDGE('',*,*,#4752,.T.);
#6552=ORIENTED_EDGE('',*,*,#4751,.T.);
#6553=ORIENTED_EDGE('',*,*,#4753,.F.);
#6554=ORIENTED_EDGE('',*,*,#4754,.F.);
#6555=ORIENTED_EDGE('',*,*,#4755,.T.);
#6556=ORIENTED_EDGE('',*,*,#4754,.T.);
#6557=ORIENTED_EDGE('',*,*,#4756,.F.);
#6558=ORIENTED_EDGE('',*,*,#4757,.F.);
#6559=ORIENTED_EDGE('',*,*,#4758,.T.);
#6560=ORIENTED_EDGE('',*,*,#4757,.T.);
#6561=ORIENTED_EDGE('',*,*,#4759,.F.);
#6562=ORIENTED_EDGE('',*,*,#4760,.F.);
#6563=ORIENTED_EDGE('',*,*,#4761,.T.);
#6564=ORIENTED_EDGE('',*,*,#4760,.T.);
#6565=ORIENTED_EDGE('',*,*,#4762,.F.);
#6566=ORIENTED_EDGE('',*,*,#4763,.F.);
#6567=ORIENTED_EDGE('',*,*,#4764,.T.);
#6568=ORIENTED_EDGE('',*,*,#4763,.T.);
#6569=ORIENTED_EDGE('',*,*,#4765,.F.);
#6570=ORIENTED_EDGE('',*,*,#4766,.F.);
#6571=ORIENTED_EDGE('',*,*,#4767,.T.);
#6572=ORIENTED_EDGE('',*,*,#4766,.T.);
#6573=ORIENTED_EDGE('',*,*,#4768,.F.);
#6574=ORIENTED_EDGE('',*,*,#4769,.F.);
#6575=ORIENTED_EDGE('',*,*,#4770,.T.);
#6576=ORIENTED_EDGE('',*,*,#4769,.T.);
#6577=ORIENTED_EDGE('',*,*,#4771,.F.);
#6578=ORIENTED_EDGE('',*,*,#4772,.F.);
#6579=ORIENTED_EDGE('',*,*,#4773,.T.);
#6580=ORIENTED_EDGE('',*,*,#4772,.T.);
#6581=ORIENTED_EDGE('',*,*,#4774,.F.);
#6582=ORIENTED_EDGE('',*,*,#4775,.F.);
#6583=ORIENTED_EDGE('',*,*,#4776,.T.);
#6584=ORIENTED_EDGE('',*,*,#4775,.T.);
#6585=ORIENTED_EDGE('',*,*,#4777,.F.);
#6586=ORIENTED_EDGE('',*,*,#4778,.F.);
#6587=ORIENTED_EDGE('',*,*,#4779,.T.);
#6588=ORIENTED_EDGE('',*,*,#4778,.T.);
#6589=ORIENTED_EDGE('',*,*,#4780,.F.);
#6590=ORIENTED_EDGE('',*,*,#4781,.F.);
#6591=ORIENTED_EDGE('',*,*,#4782,.T.);
#6592=ORIENTED_EDGE('',*,*,#4781,.T.);
#6593=ORIENTED_EDGE('',*,*,#4783,.F.);
#6594=ORIENTED_EDGE('',*,*,#4784,.F.);
#6595=ORIENTED_EDGE('',*,*,#4785,.T.);
#6596=ORIENTED_EDGE('',*,*,#4784,.T.);
#6597=ORIENTED_EDGE('',*,*,#4786,.F.);
#6598=ORIENTED_EDGE('',*,*,#4787,.F.);
#6599=ORIENTED_EDGE('',*,*,#4788,.T.);
#6600=ORIENTED_EDGE('',*,*,#4787,.T.);
#6601=ORIENTED_EDGE('',*,*,#4789,.F.);
#6602=ORIENTED_EDGE('',*,*,#4790,.F.);
#6603=ORIENTED_EDGE('',*,*,#4791,.T.);
#6604=ORIENTED_EDGE('',*,*,#4790,.T.);
#6605=ORIENTED_EDGE('',*,*,#4792,.F.);
#6606=ORIENTED_EDGE('',*,*,#4793,.F.);
#6607=ORIENTED_EDGE('',*,*,#4794,.T.);
#6608=ORIENTED_EDGE('',*,*,#4793,.T.);
#6609=ORIENTED_EDGE('',*,*,#4795,.F.);
#6610=ORIENTED_EDGE('',*,*,#4796,.F.);
#6611=ORIENTED_EDGE('',*,*,#4797,.T.);
#6612=ORIENTED_EDGE('',*,*,#4796,.T.);
#6613=ORIENTED_EDGE('',*,*,#4798,.F.);
#6614=ORIENTED_EDGE('',*,*,#4799,.F.);
#6615=ORIENTED_EDGE('',*,*,#4800,.T.);
#6616=ORIENTED_EDGE('',*,*,#4799,.T.);
#6617=ORIENTED_EDGE('',*,*,#4801,.F.);
#6618=ORIENTED_EDGE('',*,*,#4802,.F.);
#6619=ORIENTED_EDGE('',*,*,#4803,.T.);
#6620=ORIENTED_EDGE('',*,*,#4802,.T.);
#6621=ORIENTED_EDGE('',*,*,#4804,.F.);
#6622=ORIENTED_EDGE('',*,*,#4805,.F.);
#6623=ORIENTED_EDGE('',*,*,#4806,.T.);
#6624=ORIENTED_EDGE('',*,*,#4805,.T.);
#6625=ORIENTED_EDGE('',*,*,#4807,.F.);
#6626=ORIENTED_EDGE('',*,*,#4808,.F.);
#6627=ORIENTED_EDGE('',*,*,#4809,.T.);
#6628=ORIENTED_EDGE('',*,*,#4808,.T.);
#6629=ORIENTED_EDGE('',*,*,#4810,.F.);
#6630=ORIENTED_EDGE('',*,*,#4811,.F.);
#6631=ORIENTED_EDGE('',*,*,#4812,.T.);
#6632=ORIENTED_EDGE('',*,*,#4811,.T.);
#6633=ORIENTED_EDGE('',*,*,#4813,.F.);
#6634=ORIENTED_EDGE('',*,*,#4814,.F.);
#6635=ORIENTED_EDGE('',*,*,#4815,.T.);
#6636=ORIENTED_EDGE('',*,*,#4814,.T.);
#6637=ORIENTED_EDGE('',*,*,#4816,.F.);
#6638=ORIENTED_EDGE('',*,*,#4817,.F.);
#6639=ORIENTED_EDGE('',*,*,#4818,.T.);
#6640=ORIENTED_EDGE('',*,*,#4817,.T.);
#6641=ORIENTED_EDGE('',*,*,#4819,.F.);
#6642=ORIENTED_EDGE('',*,*,#4820,.F.);
#6643=ORIENTED_EDGE('',*,*,#4821,.T.);
#6644=ORIENTED_EDGE('',*,*,#4820,.T.);
#6645=ORIENTED_EDGE('',*,*,#4822,.F.);
#6646=ORIENTED_EDGE('',*,*,#4823,.F.);
#6647=ORIENTED_EDGE('',*,*,#4824,.T.);
#6648=ORIENTED_EDGE('',*,*,#4823,.T.);
#6649=ORIENTED_EDGE('',*,*,#4825,.F.);
#6650=ORIENTED_EDGE('',*,*,#4826,.F.);
#6651=ORIENTED_EDGE('',*,*,#4827,.T.);
#6652=ORIENTED_EDGE('',*,*,#4826,.T.);
#6653=ORIENTED_EDGE('',*,*,#4828,.F.);
#6654=ORIENTED_EDGE('',*,*,#4829,.F.);
#6655=ORIENTED_EDGE('',*,*,#4830,.T.);
#6656=ORIENTED_EDGE('',*,*,#4829,.T.);
#6657=ORIENTED_EDGE('',*,*,#4831,.F.);
#6658=ORIENTED_EDGE('',*,*,#4832,.F.);
#6659=ORIENTED_EDGE('',*,*,#4833,.T.);
#6660=ORIENTED_EDGE('',*,*,#4832,.T.);
#6661=ORIENTED_EDGE('',*,*,#4834,.F.);
#6662=ORIENTED_EDGE('',*,*,#4835,.F.);
#6663=ORIENTED_EDGE('',*,*,#4836,.T.);
#6664=ORIENTED_EDGE('',*,*,#4835,.T.);
#6665=ORIENTED_EDGE('',*,*,#4837,.F.);
#6666=ORIENTED_EDGE('',*,*,#4838,.F.);
#6667=ORIENTED_EDGE('',*,*,#4839,.T.);
#6668=ORIENTED_EDGE('',*,*,#4838,.T.);
#6669=ORIENTED_EDGE('',*,*,#4840,.F.);
#6670=ORIENTED_EDGE('',*,*,#4841,.F.);
#6671=ORIENTED_EDGE('',*,*,#4842,.T.);
#6672=ORIENTED_EDGE('',*,*,#4841,.T.);
#6673=ORIENTED_EDGE('',*,*,#4843,.F.);
#6674=ORIENTED_EDGE('',*,*,#4844,.F.);
#6675=ORIENTED_EDGE('',*,*,#4845,.T.);
#6676=ORIENTED_EDGE('',*,*,#4844,.T.);
#6677=ORIENTED_EDGE('',*,*,#4846,.F.);
#6678=ORIENTED_EDGE('',*,*,#4847,.F.);
#6679=ORIENTED_EDGE('',*,*,#4848,.T.);
#6680=ORIENTED_EDGE('',*,*,#4847,.T.);
#6681=ORIENTED_EDGE('',*,*,#4849,.F.);
#6682=ORIENTED_EDGE('',*,*,#4850,.F.);
#6683=ORIENTED_EDGE('',*,*,#4851,.T.);
#6684=ORIENTED_EDGE('',*,*,#4850,.T.);
#6685=ORIENTED_EDGE('',*,*,#4852,.F.);
#6686=ORIENTED_EDGE('',*,*,#4853,.F.);
#6687=ORIENTED_EDGE('',*,*,#4854,.T.);
#6688=ORIENTED_EDGE('',*,*,#4853,.T.);
#6689=ORIENTED_EDGE('',*,*,#4855,.F.);
#6690=ORIENTED_EDGE('',*,*,#4856,.F.);
#6691=ORIENTED_EDGE('',*,*,#4857,.T.);
#6692=ORIENTED_EDGE('',*,*,#4856,.T.);
#6693=ORIENTED_EDGE('',*,*,#4858,.F.);
#6694=ORIENTED_EDGE('',*,*,#4859,.F.);
#6695=ORIENTED_EDGE('',*,*,#4860,.T.);
#6696=ORIENTED_EDGE('',*,*,#4859,.T.);
#6697=ORIENTED_EDGE('',*,*,#4861,.F.);
#6698=ORIENTED_EDGE('',*,*,#4862,.F.);
#6699=ORIENTED_EDGE('',*,*,#4863,.T.);
#6700=ORIENTED_EDGE('',*,*,#4862,.T.);
#6701=ORIENTED_EDGE('',*,*,#4864,.F.);
#6702=ORIENTED_EDGE('',*,*,#4865,.F.);
#6703=ORIENTED_EDGE('',*,*,#4866,.T.);
#6704=ORIENTED_EDGE('',*,*,#4865,.T.);
#6705=ORIENTED_EDGE('',*,*,#4867,.F.);
#6706=ORIENTED_EDGE('',*,*,#4868,.F.);
#6707=ORIENTED_EDGE('',*,*,#4869,.T.);
#6708=ORIENTED_EDGE('',*,*,#4868,.T.);
#6709=ORIENTED_EDGE('',*,*,#4870,.F.);
#6710=ORIENTED_EDGE('',*,*,#4871,.F.);
#6711=ORIENTED_EDGE('',*,*,#4872,.T.);
#6712=ORIENTED_EDGE('',*,*,#4871,.T.);
#6713=ORIENTED_EDGE('',*,*,#4873,.F.);
#6714=ORIENTED_EDGE('',*,*,#4874,.F.);
#6715=ORIENTED_EDGE('',*,*,#4875,.F.);
#6716=ORIENTED_EDGE('',*,*,#4874,.T.);
#6717=ORIENTED_EDGE('',*,*,#4876,.F.);
#6718=ORIENTED_EDGE('',*,*,#4674,.F.);
#6719=ORIENTED_EDGE('',*,*,#4875,.T.);
#6720=ORIENTED_EDGE('',*,*,#4673,.F.);
#6721=ORIENTED_EDGE('',*,*,#4677,.T.);
#6722=ORIENTED_EDGE('',*,*,#4680,.F.);
#6723=ORIENTED_EDGE('',*,*,#4683,.T.);
#6724=ORIENTED_EDGE('',*,*,#4686,.F.);
#6725=ORIENTED_EDGE('',*,*,#4689,.T.);
#6726=ORIENTED_EDGE('',*,*,#4692,.F.);
#6727=ORIENTED_EDGE('',*,*,#4695,.T.);
#6728=ORIENTED_EDGE('',*,*,#4698,.F.);
#6729=ORIENTED_EDGE('',*,*,#4701,.T.);
#6730=ORIENTED_EDGE('',*,*,#4704,.F.);
#6731=ORIENTED_EDGE('',*,*,#4707,.T.);
#6732=ORIENTED_EDGE('',*,*,#4710,.F.);
#6733=ORIENTED_EDGE('',*,*,#4713,.F.);
#6734=ORIENTED_EDGE('',*,*,#4716,.F.);
#6735=ORIENTED_EDGE('',*,*,#4719,.F.);
#6736=ORIENTED_EDGE('',*,*,#4722,.F.);
#6737=ORIENTED_EDGE('',*,*,#4725,.F.);
#6738=ORIENTED_EDGE('',*,*,#4728,.F.);
#6739=ORIENTED_EDGE('',*,*,#4731,.F.);
#6740=ORIENTED_EDGE('',*,*,#4734,.F.);
#6741=ORIENTED_EDGE('',*,*,#4737,.F.);
#6742=ORIENTED_EDGE('',*,*,#4740,.F.);
#6743=ORIENTED_EDGE('',*,*,#4743,.F.);
#6744=ORIENTED_EDGE('',*,*,#4746,.F.);
#6745=ORIENTED_EDGE('',*,*,#4749,.F.);
#6746=ORIENTED_EDGE('',*,*,#4752,.F.);
#6747=ORIENTED_EDGE('',*,*,#4755,.F.);
#6748=ORIENTED_EDGE('',*,*,#4758,.F.);
#6749=ORIENTED_EDGE('',*,*,#4761,.F.);
#6750=ORIENTED_EDGE('',*,*,#4764,.F.);
#6751=ORIENTED_EDGE('',*,*,#4767,.F.);
#6752=ORIENTED_EDGE('',*,*,#4770,.F.);
#6753=ORIENTED_EDGE('',*,*,#4773,.F.);
#6754=ORIENTED_EDGE('',*,*,#4776,.F.);
#6755=ORIENTED_EDGE('',*,*,#4779,.F.);
#6756=ORIENTED_EDGE('',*,*,#4782,.F.);
#6757=ORIENTED_EDGE('',*,*,#4785,.F.);
#6758=ORIENTED_EDGE('',*,*,#4788,.F.);
#6759=ORIENTED_EDGE('',*,*,#4791,.F.);
#6760=ORIENTED_EDGE('',*,*,#4794,.F.);
#6761=ORIENTED_EDGE('',*,*,#4797,.F.);
#6762=ORIENTED_EDGE('',*,*,#4800,.F.);
#6763=ORIENTED_EDGE('',*,*,#4803,.F.);
#6764=ORIENTED_EDGE('',*,*,#4806,.F.);
#6765=ORIENTED_EDGE('',*,*,#4809,.F.);
#6766=ORIENTED_EDGE('',*,*,#4812,.F.);
#6767=ORIENTED_EDGE('',*,*,#4815,.F.);
#6768=ORIENTED_EDGE('',*,*,#4818,.F.);
#6769=ORIENTED_EDGE('',*,*,#4821,.F.);
#6770=ORIENTED_EDGE('',*,*,#4824,.F.);
#6771=ORIENTED_EDGE('',*,*,#4827,.F.);
#6772=ORIENTED_EDGE('',*,*,#4830,.F.);
#6773=ORIENTED_EDGE('',*,*,#4833,.F.);
#6774=ORIENTED_EDGE('',*,*,#4836,.F.);
#6775=ORIENTED_EDGE('',*,*,#4839,.F.);
#6776=ORIENTED_EDGE('',*,*,#4842,.F.);
#6777=ORIENTED_EDGE('',*,*,#4845,.F.);
#6778=ORIENTED_EDGE('',*,*,#4848,.F.);
#6779=ORIENTED_EDGE('',*,*,#4851,.F.);
#6780=ORIENTED_EDGE('',*,*,#4854,.F.);
#6781=ORIENTED_EDGE('',*,*,#4857,.F.);
#6782=ORIENTED_EDGE('',*,*,#4860,.F.);
#6783=ORIENTED_EDGE('',*,*,#4863,.F.);
#6784=ORIENTED_EDGE('',*,*,#4866,.F.);
#6785=ORIENTED_EDGE('',*,*,#4869,.F.);
#6786=ORIENTED_EDGE('',*,*,#4872,.F.);
#6787=ORIENTED_EDGE('',*,*,#4671,.T.);
#6788=ORIENTED_EDGE('',*,*,#4553,.T.);
#6789=ORIENTED_EDGE('',*,*,#4557,.T.);
#6790=ORIENTED_EDGE('',*,*,#4560,.T.);
#6791=ORIENTED_EDGE('',*,*,#4563,.T.);
#6792=ORIENTED_EDGE('',*,*,#4566,.T.);
#6793=ORIENTED_EDGE('',*,*,#4569,.T.);
#6794=ORIENTED_EDGE('',*,*,#4572,.T.);
#6795=ORIENTED_EDGE('',*,*,#4575,.T.);
#6796=ORIENTED_EDGE('',*,*,#4578,.T.);
#6797=ORIENTED_EDGE('',*,*,#4581,.T.);
#6798=ORIENTED_EDGE('',*,*,#4584,.T.);
#6799=ORIENTED_EDGE('',*,*,#4587,.T.);
#6800=ORIENTED_EDGE('',*,*,#4590,.T.);
#6801=ORIENTED_EDGE('',*,*,#4593,.T.);
#6802=ORIENTED_EDGE('',*,*,#4596,.T.);
#6803=ORIENTED_EDGE('',*,*,#4599,.T.);
#6804=ORIENTED_EDGE('',*,*,#4602,.T.);
#6805=ORIENTED_EDGE('',*,*,#4605,.T.);
#6806=ORIENTED_EDGE('',*,*,#4608,.T.);
#6807=ORIENTED_EDGE('',*,*,#4611,.T.);
#6808=ORIENTED_EDGE('',*,*,#4614,.T.);
#6809=ORIENTED_EDGE('',*,*,#4617,.T.);
#6810=ORIENTED_EDGE('',*,*,#4620,.T.);
#6811=ORIENTED_EDGE('',*,*,#4623,.T.);
#6812=ORIENTED_EDGE('',*,*,#4626,.T.);
#6813=ORIENTED_EDGE('',*,*,#4629,.T.);
#6814=ORIENTED_EDGE('',*,*,#4632,.T.);
#6815=ORIENTED_EDGE('',*,*,#4635,.T.);
#6816=ORIENTED_EDGE('',*,*,#4638,.T.);
#6817=ORIENTED_EDGE('',*,*,#4641,.T.);
#6818=ORIENTED_EDGE('',*,*,#4644,.T.);
#6819=ORIENTED_EDGE('',*,*,#4647,.T.);
#6820=ORIENTED_EDGE('',*,*,#4650,.T.);
#6821=ORIENTED_EDGE('',*,*,#4653,.T.);
#6822=ORIENTED_EDGE('',*,*,#4656,.T.);
#6823=ORIENTED_EDGE('',*,*,#4659,.T.);
#6824=ORIENTED_EDGE('',*,*,#4662,.T.);
#6825=ORIENTED_EDGE('',*,*,#4665,.T.);
#6826=ORIENTED_EDGE('',*,*,#4668,.T.);
#6827=ORIENTED_EDGE('',*,*,#4876,.T.);
#6828=ORIENTED_EDGE('',*,*,#4873,.T.);
#6829=ORIENTED_EDGE('',*,*,#4870,.T.);
#6830=ORIENTED_EDGE('',*,*,#4867,.T.);
#6831=ORIENTED_EDGE('',*,*,#4864,.T.);
#6832=ORIENTED_EDGE('',*,*,#4861,.T.);
#6833=ORIENTED_EDGE('',*,*,#4858,.T.);
#6834=ORIENTED_EDGE('',*,*,#4855,.T.);
#6835=ORIENTED_EDGE('',*,*,#4852,.T.);
#6836=ORIENTED_EDGE('',*,*,#4849,.T.);
#6837=ORIENTED_EDGE('',*,*,#4846,.T.);
#6838=ORIENTED_EDGE('',*,*,#4843,.T.);
#6839=ORIENTED_EDGE('',*,*,#4840,.T.);
#6840=ORIENTED_EDGE('',*,*,#4837,.T.);
#6841=ORIENTED_EDGE('',*,*,#4834,.T.);
#6842=ORIENTED_EDGE('',*,*,#4831,.T.);
#6843=ORIENTED_EDGE('',*,*,#4828,.T.);
#6844=ORIENTED_EDGE('',*,*,#4825,.T.);
#6845=ORIENTED_EDGE('',*,*,#4822,.T.);
#6846=ORIENTED_EDGE('',*,*,#4819,.T.);
#6847=ORIENTED_EDGE('',*,*,#4816,.T.);
#6848=ORIENTED_EDGE('',*,*,#4813,.T.);
#6849=ORIENTED_EDGE('',*,*,#4810,.T.);
#6850=ORIENTED_EDGE('',*,*,#4807,.T.);
#6851=ORIENTED_EDGE('',*,*,#4804,.T.);
#6852=ORIENTED_EDGE('',*,*,#4801,.T.);
#6853=ORIENTED_EDGE('',*,*,#4798,.T.);
#6854=ORIENTED_EDGE('',*,*,#4795,.T.);
#6855=ORIENTED_EDGE('',*,*,#4792,.T.);
#6856=ORIENTED_EDGE('',*,*,#4789,.T.);
#6857=ORIENTED_EDGE('',*,*,#4786,.T.);
#6858=ORIENTED_EDGE('',*,*,#4783,.T.);
#6859=ORIENTED_EDGE('',*,*,#4780,.T.);
#6860=ORIENTED_EDGE('',*,*,#4777,.T.);
#6861=ORIENTED_EDGE('',*,*,#4774,.T.);
#6862=ORIENTED_EDGE('',*,*,#4771,.T.);
#6863=ORIENTED_EDGE('',*,*,#4768,.T.);
#6864=ORIENTED_EDGE('',*,*,#4765,.T.);
#6865=ORIENTED_EDGE('',*,*,#4762,.T.);
#6866=ORIENTED_EDGE('',*,*,#4759,.T.);
#6867=ORIENTED_EDGE('',*,*,#4756,.T.);
#6868=ORIENTED_EDGE('',*,*,#4753,.T.);
#6869=ORIENTED_EDGE('',*,*,#4750,.T.);
#6870=ORIENTED_EDGE('',*,*,#4747,.T.);
#6871=ORIENTED_EDGE('',*,*,#4744,.T.);
#6872=ORIENTED_EDGE('',*,*,#4741,.T.);
#6873=ORIENTED_EDGE('',*,*,#4738,.T.);
#6874=ORIENTED_EDGE('',*,*,#4735,.T.);
#6875=ORIENTED_EDGE('',*,*,#4732,.T.);
#6876=ORIENTED_EDGE('',*,*,#4729,.T.);
#6877=ORIENTED_EDGE('',*,*,#4726,.T.);
#6878=ORIENTED_EDGE('',*,*,#4723,.T.);
#6879=ORIENTED_EDGE('',*,*,#4720,.T.);
#6880=ORIENTED_EDGE('',*,*,#4717,.T.);
#6881=ORIENTED_EDGE('',*,*,#4714,.T.);
#6882=ORIENTED_EDGE('',*,*,#4711,.T.);
#6883=ORIENTED_EDGE('',*,*,#4708,.T.);
#6884=ORIENTED_EDGE('',*,*,#4705,.T.);
#6885=ORIENTED_EDGE('',*,*,#4702,.T.);
#6886=ORIENTED_EDGE('',*,*,#4699,.T.);
#6887=ORIENTED_EDGE('',*,*,#4696,.T.);
#6888=ORIENTED_EDGE('',*,*,#4693,.T.);
#6889=ORIENTED_EDGE('',*,*,#4690,.T.);
#6890=ORIENTED_EDGE('',*,*,#4687,.T.);
#6891=ORIENTED_EDGE('',*,*,#4684,.T.);
#6892=ORIENTED_EDGE('',*,*,#4681,.T.);
#6893=ORIENTED_EDGE('',*,*,#4678,.T.);
#6894=ORIENTED_EDGE('',*,*,#4675,.T.);
#6895=ORIENTED_EDGE('',*,*,#4672,.T.);
#6896=ORIENTED_EDGE('',*,*,#4669,.T.);
#6897=ORIENTED_EDGE('',*,*,#4666,.T.);
#6898=ORIENTED_EDGE('',*,*,#4663,.T.);
#6899=ORIENTED_EDGE('',*,*,#4660,.T.);
#6900=ORIENTED_EDGE('',*,*,#4657,.T.);
#6901=ORIENTED_EDGE('',*,*,#4654,.T.);
#6902=ORIENTED_EDGE('',*,*,#4651,.T.);
#6903=ORIENTED_EDGE('',*,*,#4648,.T.);
#6904=ORIENTED_EDGE('',*,*,#4645,.T.);
#6905=ORIENTED_EDGE('',*,*,#4642,.T.);
#6906=ORIENTED_EDGE('',*,*,#4639,.T.);
#6907=ORIENTED_EDGE('',*,*,#4636,.T.);
#6908=ORIENTED_EDGE('',*,*,#4633,.T.);
#6909=ORIENTED_EDGE('',*,*,#4630,.T.);
#6910=ORIENTED_EDGE('',*,*,#4627,.T.);
#6911=ORIENTED_EDGE('',*,*,#4624,.T.);
#6912=ORIENTED_EDGE('',*,*,#4621,.T.);
#6913=ORIENTED_EDGE('',*,*,#4618,.T.);
#6914=ORIENTED_EDGE('',*,*,#4615,.T.);
#6915=ORIENTED_EDGE('',*,*,#4612,.T.);
#6916=ORIENTED_EDGE('',*,*,#4609,.T.);
#6917=ORIENTED_EDGE('',*,*,#4606,.T.);
#6918=ORIENTED_EDGE('',*,*,#4603,.T.);
#6919=ORIENTED_EDGE('',*,*,#4600,.T.);
#6920=ORIENTED_EDGE('',*,*,#4597,.T.);
#6921=ORIENTED_EDGE('',*,*,#4594,.T.);
#6922=ORIENTED_EDGE('',*,*,#4591,.T.);
#6923=ORIENTED_EDGE('',*,*,#4588,.T.);
#6924=ORIENTED_EDGE('',*,*,#4585,.T.);
#6925=ORIENTED_EDGE('',*,*,#4582,.T.);
#6926=ORIENTED_EDGE('',*,*,#4579,.T.);
#6927=ORIENTED_EDGE('',*,*,#4576,.T.);
#6928=ORIENTED_EDGE('',*,*,#4573,.T.);
#6929=ORIENTED_EDGE('',*,*,#4570,.T.);
#6930=ORIENTED_EDGE('',*,*,#4567,.T.);
#6931=ORIENTED_EDGE('',*,*,#4564,.T.);
#6932=ORIENTED_EDGE('',*,*,#4561,.T.);
#6933=ORIENTED_EDGE('',*,*,#4558,.T.);
#6934=ORIENTED_EDGE('',*,*,#4555,.T.);
#6935=ORIENTED_EDGE('',*,*,#4877,.F.);
#6936=ORIENTED_EDGE('',*,*,#4878,.F.);
#6937=ORIENTED_EDGE('',*,*,#4879,.F.);
#6938=ORIENTED_EDGE('',*,*,#4880,.F.);
#6939=ORIENTED_EDGE('',*,*,#4881,.F.);
#6940=ORIENTED_EDGE('',*,*,#4882,.T.);
#6941=ORIENTED_EDGE('',*,*,#4883,.F.);
#6942=ORIENTED_EDGE('',*,*,#4884,.T.);
#6943=ORIENTED_EDGE('',*,*,#4885,.F.);
#6944=ORIENTED_EDGE('',*,*,#4886,.T.);
#6945=ORIENTED_EDGE('',*,*,#4887,.F.);
#6946=ORIENTED_EDGE('',*,*,#4882,.F.);
#6947=ORIENTED_EDGE('',*,*,#4888,.F.);
#6948=ORIENTED_EDGE('',*,*,#4889,.T.);
#6949=ORIENTED_EDGE('',*,*,#4890,.F.);
#6950=ORIENTED_EDGE('',*,*,#4886,.F.);
#6951=ORIENTED_EDGE('',*,*,#4891,.F.);
#6952=ORIENTED_EDGE('',*,*,#4892,.T.);
#6953=ORIENTED_EDGE('',*,*,#4893,.F.);
#6954=ORIENTED_EDGE('',*,*,#4889,.F.);
#6955=ORIENTED_EDGE('',*,*,#4894,.F.);
#6956=ORIENTED_EDGE('',*,*,#4895,.T.);
#6957=ORIENTED_EDGE('',*,*,#4896,.F.);
#6958=ORIENTED_EDGE('',*,*,#4892,.F.);
#6959=ORIENTED_EDGE('',*,*,#4897,.F.);
#6960=ORIENTED_EDGE('',*,*,#4879,.T.);
#6961=ORIENTED_EDGE('',*,*,#4898,.F.);
#6962=ORIENTED_EDGE('',*,*,#4895,.F.);
#6963=ORIENTED_EDGE('',*,*,#4878,.T.);
#6964=ORIENTED_EDGE('',*,*,#4899,.T.);
#6965=ORIENTED_EDGE('',*,*,#4900,.T.);
#6966=ORIENTED_EDGE('',*,*,#4901,.T.);
#6967=ORIENTED_EDGE('',*,*,#4902,.T.);
#6968=ORIENTED_EDGE('',*,*,#4903,.T.);
#6969=ORIENTED_EDGE('',*,*,#4883,.T.);
#6970=ORIENTED_EDGE('',*,*,#4887,.T.);
#6971=ORIENTED_EDGE('',*,*,#4890,.T.);
#6972=ORIENTED_EDGE('',*,*,#4893,.T.);
#6973=ORIENTED_EDGE('',*,*,#4896,.T.);
#6974=ORIENTED_EDGE('',*,*,#4898,.T.);
#6975=ORIENTED_EDGE('',*,*,#4880,.T.);
#6976=ORIENTED_EDGE('',*,*,#4897,.T.);
#6977=ORIENTED_EDGE('',*,*,#4894,.T.);
#6978=ORIENTED_EDGE('',*,*,#4891,.T.);
#6979=ORIENTED_EDGE('',*,*,#4888,.T.);
#6980=ORIENTED_EDGE('',*,*,#4885,.T.);
#6981=ORIENTED_EDGE('',*,*,#4881,.T.);
#6982=ORIENTED_EDGE('',*,*,#4904,.T.);
#6983=ORIENTED_EDGE('',*,*,#4905,.T.);
#6984=ORIENTED_EDGE('',*,*,#4906,.T.);
#6985=ORIENTED_EDGE('',*,*,#4907,.T.);
#6986=ORIENTED_EDGE('',*,*,#4908,.T.);
#6987=ORIENTED_EDGE('',*,*,#4899,.F.);
#6988=ORIENTED_EDGE('',*,*,#4877,.T.);
#6989=ORIENTED_EDGE('',*,*,#4908,.F.);
#6990=ORIENTED_EDGE('',*,*,#4909,.F.);
#6991=ORIENTED_EDGE('',*,*,#4900,.F.);
#6992=ORIENTED_EDGE('',*,*,#4909,.T.);
#6993=ORIENTED_EDGE('',*,*,#4907,.F.);
#6994=ORIENTED_EDGE('',*,*,#4910,.F.);
#6995=ORIENTED_EDGE('',*,*,#4901,.F.);
#6996=ORIENTED_EDGE('',*,*,#4910,.T.);
#6997=ORIENTED_EDGE('',*,*,#4906,.F.);
#6998=ORIENTED_EDGE('',*,*,#4911,.F.);
#6999=ORIENTED_EDGE('',*,*,#4902,.F.);
#7000=ORIENTED_EDGE('',*,*,#4911,.T.);
#7001=ORIENTED_EDGE('',*,*,#4905,.F.);
#7002=ORIENTED_EDGE('',*,*,#4912,.F.);
#7003=ORIENTED_EDGE('',*,*,#4903,.F.);
#7004=ORIENTED_EDGE('',*,*,#4912,.T.);
#7005=ORIENTED_EDGE('',*,*,#4904,.F.);
#7006=ORIENTED_EDGE('',*,*,#4884,.F.);
#7007=ORIENTED_EDGE('',*,*,#4913,.T.);
#7008=ORIENTED_EDGE('',*,*,#4914,.T.);
#7009=ORIENTED_EDGE('',*,*,#4915,.T.);
#7010=ORIENTED_EDGE('',*,*,#4916,.T.);
#7011=ORIENTED_EDGE('',*,*,#4917,.T.);
#7012=ORIENTED_EDGE('',*,*,#4918,.T.);
#7013=ORIENTED_EDGE('',*,*,#4919,.T.);
#7014=ORIENTED_EDGE('',*,*,#4920,.T.);
#7015=ORIENTED_EDGE('',*,*,#4921,.T.);
#7016=ORIENTED_EDGE('',*,*,#4922,.T.);
#7017=ORIENTED_EDGE('',*,*,#4923,.T.);
#7018=ORIENTED_EDGE('',*,*,#4924,.T.);
#7019=ORIENTED_EDGE('',*,*,#4925,.T.);
#7020=ORIENTED_EDGE('',*,*,#4926,.T.);
#7021=ORIENTED_EDGE('',*,*,#4927,.T.);
#7022=ORIENTED_EDGE('',*,*,#4928,.T.);
#7023=ORIENTED_EDGE('',*,*,#4929,.T.);
#7024=ORIENTED_EDGE('',*,*,#4930,.T.);
#7025=ORIENTED_EDGE('',*,*,#4931,.T.);
#7026=ORIENTED_EDGE('',*,*,#4932,.T.);
#7027=ORIENTED_EDGE('',*,*,#4933,.T.);
#7028=ORIENTED_EDGE('',*,*,#4934,.T.);
#7029=ORIENTED_EDGE('',*,*,#4935,.T.);
#7030=ORIENTED_EDGE('',*,*,#4936,.T.);
#7031=ORIENTED_EDGE('',*,*,#4937,.T.);
#7032=ORIENTED_EDGE('',*,*,#4938,.T.);
#7033=ORIENTED_EDGE('',*,*,#4939,.F.);
#7034=ORIENTED_EDGE('',*,*,#4940,.T.);
#7035=ORIENTED_EDGE('',*,*,#4913,.F.);
#7036=ORIENTED_EDGE('',*,*,#4941,.T.);
#7037=ORIENTED_EDGE('',*,*,#4942,.F.);
#7038=ORIENTED_EDGE('',*,*,#4943,.T.);
#7039=ORIENTED_EDGE('',*,*,#4914,.F.);
#7040=ORIENTED_EDGE('',*,*,#4940,.F.);
#7041=ORIENTED_EDGE('',*,*,#4944,.F.);
#7042=ORIENTED_EDGE('',*,*,#4945,.T.);
#7043=ORIENTED_EDGE('',*,*,#4915,.F.);
#7044=ORIENTED_EDGE('',*,*,#4943,.F.);
#7045=ORIENTED_EDGE('',*,*,#4946,.F.);
#7046=ORIENTED_EDGE('',*,*,#4947,.T.);
#7047=ORIENTED_EDGE('',*,*,#4916,.F.);
#7048=ORIENTED_EDGE('',*,*,#4945,.F.);
#7049=ORIENTED_EDGE('',*,*,#4948,.F.);
#7050=ORIENTED_EDGE('',*,*,#4949,.T.);
#7051=ORIENTED_EDGE('',*,*,#4917,.F.);
#7052=ORIENTED_EDGE('',*,*,#4947,.F.);
#7053=ORIENTED_EDGE('',*,*,#4950,.F.);
#7054=ORIENTED_EDGE('',*,*,#4951,.T.);
#7055=ORIENTED_EDGE('',*,*,#4918,.F.);
#7056=ORIENTED_EDGE('',*,*,#4949,.F.);
#7057=ORIENTED_EDGE('',*,*,#4952,.F.);
#7058=ORIENTED_EDGE('',*,*,#4953,.T.);
#7059=ORIENTED_EDGE('',*,*,#4919,.F.);
#7060=ORIENTED_EDGE('',*,*,#4951,.F.);
#7061=ORIENTED_EDGE('',*,*,#4954,.F.);
#7062=ORIENTED_EDGE('',*,*,#4955,.T.);
#7063=ORIENTED_EDGE('',*,*,#4920,.F.);
#7064=ORIENTED_EDGE('',*,*,#4953,.F.);
#7065=ORIENTED_EDGE('',*,*,#4956,.F.);
#7066=ORIENTED_EDGE('',*,*,#4957,.T.);
#7067=ORIENTED_EDGE('',*,*,#4921,.F.);
#7068=ORIENTED_EDGE('',*,*,#4955,.F.);
#7069=ORIENTED_EDGE('',*,*,#4958,.F.);
#7070=ORIENTED_EDGE('',*,*,#4959,.T.);
#7071=ORIENTED_EDGE('',*,*,#4922,.F.);
#7072=ORIENTED_EDGE('',*,*,#4957,.F.);
#7073=ORIENTED_EDGE('',*,*,#4960,.F.);
#7074=ORIENTED_EDGE('',*,*,#4961,.T.);
#7075=ORIENTED_EDGE('',*,*,#4923,.F.);
#7076=ORIENTED_EDGE('',*,*,#4959,.F.);
#7077=ORIENTED_EDGE('',*,*,#4939,.T.);
#7078=ORIENTED_EDGE('',*,*,#4962,.T.);
#7079=ORIENTED_EDGE('',*,*,#4963,.T.);
#7080=ORIENTED_EDGE('',*,*,#4964,.T.);
#7081=ORIENTED_EDGE('',*,*,#4965,.T.);
#7082=ORIENTED_EDGE('',*,*,#4966,.T.);
#7083=ORIENTED_EDGE('',*,*,#4967,.T.);
#7084=ORIENTED_EDGE('',*,*,#4968,.T.);
#7085=ORIENTED_EDGE('',*,*,#4969,.T.);
#7086=ORIENTED_EDGE('',*,*,#4970,.T.);
#7087=ORIENTED_EDGE('',*,*,#4971,.T.);
#7088=ORIENTED_EDGE('',*,*,#4972,.T.);
#7089=ORIENTED_EDGE('',*,*,#4973,.T.);
#7090=ORIENTED_EDGE('',*,*,#4974,.T.);
#7091=ORIENTED_EDGE('',*,*,#4975,.T.);
#7092=ORIENTED_EDGE('',*,*,#4976,.T.);
#7093=ORIENTED_EDGE('',*,*,#4960,.T.);
#7094=ORIENTED_EDGE('',*,*,#4958,.T.);
#7095=ORIENTED_EDGE('',*,*,#4956,.T.);
#7096=ORIENTED_EDGE('',*,*,#4954,.T.);
#7097=ORIENTED_EDGE('',*,*,#4952,.T.);
#7098=ORIENTED_EDGE('',*,*,#4950,.T.);
#7099=ORIENTED_EDGE('',*,*,#4948,.T.);
#7100=ORIENTED_EDGE('',*,*,#4946,.T.);
#7101=ORIENTED_EDGE('',*,*,#4944,.T.);
#7102=ORIENTED_EDGE('',*,*,#4942,.T.);
#7103=ORIENTED_EDGE('',*,*,#4924,.F.);
#7104=ORIENTED_EDGE('',*,*,#4961,.F.);
#7105=ORIENTED_EDGE('',*,*,#4976,.F.);
#7106=ORIENTED_EDGE('',*,*,#4977,.F.);
#7107=ORIENTED_EDGE('',*,*,#4925,.F.);
#7108=ORIENTED_EDGE('',*,*,#4977,.T.);
#7109=ORIENTED_EDGE('',*,*,#4975,.F.);
#7110=ORIENTED_EDGE('',*,*,#4978,.F.);
#7111=ORIENTED_EDGE('',*,*,#4926,.F.);
#7112=ORIENTED_EDGE('',*,*,#4978,.T.);
#7113=ORIENTED_EDGE('',*,*,#4974,.F.);
#7114=ORIENTED_EDGE('',*,*,#4979,.F.);
#7115=ORIENTED_EDGE('',*,*,#4927,.F.);
#7116=ORIENTED_EDGE('',*,*,#4979,.T.);
#7117=ORIENTED_EDGE('',*,*,#4973,.F.);
#7118=ORIENTED_EDGE('',*,*,#4980,.F.);
#7119=ORIENTED_EDGE('',*,*,#4928,.F.);
#7120=ORIENTED_EDGE('',*,*,#4980,.T.);
#7121=ORIENTED_EDGE('',*,*,#4972,.F.);
#7122=ORIENTED_EDGE('',*,*,#4981,.F.);
#7123=ORIENTED_EDGE('',*,*,#4929,.F.);
#7124=ORIENTED_EDGE('',*,*,#4981,.T.);
#7125=ORIENTED_EDGE('',*,*,#4971,.F.);
#7126=ORIENTED_EDGE('',*,*,#4982,.F.);
#7127=ORIENTED_EDGE('',*,*,#4930,.F.);
#7128=ORIENTED_EDGE('',*,*,#4982,.T.);
#7129=ORIENTED_EDGE('',*,*,#4970,.F.);
#7130=ORIENTED_EDGE('',*,*,#4983,.F.);
#7131=ORIENTED_EDGE('',*,*,#4931,.F.);
#7132=ORIENTED_EDGE('',*,*,#4983,.T.);
#7133=ORIENTED_EDGE('',*,*,#4969,.F.);
#7134=ORIENTED_EDGE('',*,*,#4984,.F.);
#7135=ORIENTED_EDGE('',*,*,#4932,.F.);
#7136=ORIENTED_EDGE('',*,*,#4984,.T.);
#7137=ORIENTED_EDGE('',*,*,#4968,.F.);
#7138=ORIENTED_EDGE('',*,*,#4985,.F.);
#7139=ORIENTED_EDGE('',*,*,#4933,.F.);
#7140=ORIENTED_EDGE('',*,*,#4985,.T.);
#7141=ORIENTED_EDGE('',*,*,#4967,.F.);
#7142=ORIENTED_EDGE('',*,*,#4986,.F.);
#7143=ORIENTED_EDGE('',*,*,#4934,.F.);
#7144=ORIENTED_EDGE('',*,*,#4986,.T.);
#7145=ORIENTED_EDGE('',*,*,#4966,.F.);
#7146=ORIENTED_EDGE('',*,*,#4987,.F.);
#7147=ORIENTED_EDGE('',*,*,#4935,.F.);
#7148=ORIENTED_EDGE('',*,*,#4987,.T.);
#7149=ORIENTED_EDGE('',*,*,#4965,.F.);
#7150=ORIENTED_EDGE('',*,*,#4988,.F.);
#7151=ORIENTED_EDGE('',*,*,#4936,.F.);
#7152=ORIENTED_EDGE('',*,*,#4988,.T.);
#7153=ORIENTED_EDGE('',*,*,#4964,.F.);
#7154=ORIENTED_EDGE('',*,*,#4989,.F.);
#7155=ORIENTED_EDGE('',*,*,#4937,.F.);
#7156=ORIENTED_EDGE('',*,*,#4989,.T.);
#7157=ORIENTED_EDGE('',*,*,#4963,.F.);
#7158=ORIENTED_EDGE('',*,*,#4990,.F.);
#7159=ORIENTED_EDGE('',*,*,#4938,.F.);
#7160=ORIENTED_EDGE('',*,*,#4990,.T.);
#7161=ORIENTED_EDGE('',*,*,#4962,.F.);
#7162=ORIENTED_EDGE('',*,*,#4941,.F.);
#7163=ORIENTED_EDGE('',*,*,#4991,.T.);
#7164=ORIENTED_EDGE('',*,*,#4992,.T.);
#7165=ORIENTED_EDGE('',*,*,#4993,.T.);
#7166=ORIENTED_EDGE('',*,*,#4994,.T.);
#7167=ORIENTED_EDGE('',*,*,#4995,.T.);
#7168=ORIENTED_EDGE('',*,*,#4996,.T.);
#7169=ORIENTED_EDGE('',*,*,#4997,.T.);
#7170=ORIENTED_EDGE('',*,*,#4998,.T.);
#7171=ORIENTED_EDGE('',*,*,#4999,.T.);
#7172=ORIENTED_EDGE('',*,*,#5000,.T.);
#7173=ORIENTED_EDGE('',*,*,#5001,.T.);
#7174=ORIENTED_EDGE('',*,*,#5002,.T.);
#7175=ORIENTED_EDGE('',*,*,#5003,.T.);
#7176=ORIENTED_EDGE('',*,*,#5004,.T.);
#7177=ORIENTED_EDGE('',*,*,#5005,.T.);
#7178=ORIENTED_EDGE('',*,*,#5006,.T.);
#7179=ORIENTED_EDGE('',*,*,#5007,.T.);
#7180=ORIENTED_EDGE('',*,*,#5008,.T.);
#7181=ORIENTED_EDGE('',*,*,#5009,.T.);
#7182=ORIENTED_EDGE('',*,*,#5010,.T.);
#7183=ORIENTED_EDGE('',*,*,#5011,.T.);
#7184=ORIENTED_EDGE('',*,*,#5012,.T.);
#7185=ORIENTED_EDGE('',*,*,#5013,.T.);
#7186=ORIENTED_EDGE('',*,*,#5014,.T.);
#7187=ORIENTED_EDGE('',*,*,#5015,.T.);
#7188=ORIENTED_EDGE('',*,*,#5016,.T.);
#7189=ORIENTED_EDGE('',*,*,#5017,.T.);
#7190=ORIENTED_EDGE('',*,*,#5018,.T.);
#7191=ORIENTED_EDGE('',*,*,#5019,.T.);
#7192=ORIENTED_EDGE('',*,*,#5020,.T.);
#7193=ORIENTED_EDGE('',*,*,#5021,.T.);
#7194=ORIENTED_EDGE('',*,*,#5022,.T.);
#7195=ORIENTED_EDGE('',*,*,#5023,.T.);
#7196=ORIENTED_EDGE('',*,*,#5024,.T.);
#7197=ORIENTED_EDGE('',*,*,#5025,.T.);
#7198=ORIENTED_EDGE('',*,*,#5026,.T.);
#7199=ORIENTED_EDGE('',*,*,#5027,.T.);
#7200=ORIENTED_EDGE('',*,*,#5028,.T.);
#7201=ORIENTED_EDGE('',*,*,#5029,.T.);
#7202=ORIENTED_EDGE('',*,*,#5030,.T.);
#7203=ORIENTED_EDGE('',*,*,#5031,.T.);
#7204=ORIENTED_EDGE('',*,*,#5032,.T.);
#7205=ORIENTED_EDGE('',*,*,#5033,.T.);
#7206=ORIENTED_EDGE('',*,*,#5034,.T.);
#7207=ORIENTED_EDGE('',*,*,#5035,.T.);
#7208=ORIENTED_EDGE('',*,*,#5036,.T.);
#7209=ORIENTED_EDGE('',*,*,#5037,.T.);
#7210=ORIENTED_EDGE('',*,*,#5038,.T.);
#7211=ORIENTED_EDGE('',*,*,#5039,.T.);
#7212=ORIENTED_EDGE('',*,*,#5040,.T.);
#7213=ORIENTED_EDGE('',*,*,#5041,.T.);
#7214=ORIENTED_EDGE('',*,*,#5042,.T.);
#7215=ORIENTED_EDGE('',*,*,#5043,.T.);
#7216=ORIENTED_EDGE('',*,*,#5044,.T.);
#7217=ORIENTED_EDGE('',*,*,#5045,.T.);
#7218=ORIENTED_EDGE('',*,*,#5046,.T.);
#7219=ORIENTED_EDGE('',*,*,#5047,.T.);
#7220=ORIENTED_EDGE('',*,*,#5048,.T.);
#7221=ORIENTED_EDGE('',*,*,#5049,.T.);
#7222=ORIENTED_EDGE('',*,*,#5050,.T.);
#7223=ORIENTED_EDGE('',*,*,#5051,.T.);
#7224=ORIENTED_EDGE('',*,*,#5052,.T.);
#7225=ORIENTED_EDGE('',*,*,#5053,.T.);
#7226=ORIENTED_EDGE('',*,*,#5054,.T.);
#7227=ORIENTED_EDGE('',*,*,#5055,.T.);
#7228=ORIENTED_EDGE('',*,*,#5056,.T.);
#7229=ORIENTED_EDGE('',*,*,#5057,.T.);
#7230=ORIENTED_EDGE('',*,*,#5058,.T.);
#7231=ORIENTED_EDGE('',*,*,#5059,.T.);
#7232=ORIENTED_EDGE('',*,*,#5028,.F.);
#7233=ORIENTED_EDGE('',*,*,#5060,.T.);
#7234=ORIENTED_EDGE('',*,*,#5061,.F.);
#7235=ORIENTED_EDGE('',*,*,#5027,.F.);
#7236=ORIENTED_EDGE('',*,*,#5062,.T.);
#7237=ORIENTED_EDGE('',*,*,#5063,.F.);
#7238=ORIENTED_EDGE('',*,*,#5060,.F.);
#7239=ORIENTED_EDGE('',*,*,#5026,.F.);
#7240=ORIENTED_EDGE('',*,*,#5064,.T.);
#7241=ORIENTED_EDGE('',*,*,#5065,.F.);
#7242=ORIENTED_EDGE('',*,*,#5062,.F.);
#7243=ORIENTED_EDGE('',*,*,#5025,.F.);
#7244=ORIENTED_EDGE('',*,*,#5066,.T.);
#7245=ORIENTED_EDGE('',*,*,#5067,.F.);
#7246=ORIENTED_EDGE('',*,*,#5064,.F.);
#7247=ORIENTED_EDGE('',*,*,#5024,.F.);
#7248=ORIENTED_EDGE('',*,*,#5068,.T.);
#7249=ORIENTED_EDGE('',*,*,#5069,.F.);
#7250=ORIENTED_EDGE('',*,*,#5066,.F.);
#7251=ORIENTED_EDGE('',*,*,#5023,.F.);
#7252=ORIENTED_EDGE('',*,*,#5070,.T.);
#7253=ORIENTED_EDGE('',*,*,#5071,.F.);
#7254=ORIENTED_EDGE('',*,*,#5068,.F.);
#7255=ORIENTED_EDGE('',*,*,#5022,.F.);
#7256=ORIENTED_EDGE('',*,*,#5072,.T.);
#7257=ORIENTED_EDGE('',*,*,#5073,.F.);
#7258=ORIENTED_EDGE('',*,*,#5070,.F.);
#7259=ORIENTED_EDGE('',*,*,#5021,.F.);
#7260=ORIENTED_EDGE('',*,*,#5074,.T.);
#7261=ORIENTED_EDGE('',*,*,#5075,.F.);
#7262=ORIENTED_EDGE('',*,*,#5072,.F.);
#7263=ORIENTED_EDGE('',*,*,#5020,.F.);
#7264=ORIENTED_EDGE('',*,*,#5076,.T.);
#7265=ORIENTED_EDGE('',*,*,#5077,.F.);
#7266=ORIENTED_EDGE('',*,*,#5074,.F.);
#7267=ORIENTED_EDGE('',*,*,#5019,.F.);
#7268=ORIENTED_EDGE('',*,*,#5078,.T.);
#7269=ORIENTED_EDGE('',*,*,#5079,.F.);
#7270=ORIENTED_EDGE('',*,*,#5076,.F.);
#7271=ORIENTED_EDGE('',*,*,#5018,.F.);
#7272=ORIENTED_EDGE('',*,*,#5080,.T.);
#7273=ORIENTED_EDGE('',*,*,#5081,.F.);
#7274=ORIENTED_EDGE('',*,*,#5078,.F.);
#7275=ORIENTED_EDGE('',*,*,#5017,.F.);
#7276=ORIENTED_EDGE('',*,*,#5082,.T.);
#7277=ORIENTED_EDGE('',*,*,#5083,.F.);
#7278=ORIENTED_EDGE('',*,*,#5080,.F.);
#7279=ORIENTED_EDGE('',*,*,#5016,.F.);
#7280=ORIENTED_EDGE('',*,*,#5084,.T.);
#7281=ORIENTED_EDGE('',*,*,#5085,.F.);
#7282=ORIENTED_EDGE('',*,*,#5082,.F.);
#7283=ORIENTED_EDGE('',*,*,#5015,.F.);
#7284=ORIENTED_EDGE('',*,*,#5086,.T.);
#7285=ORIENTED_EDGE('',*,*,#5087,.F.);
#7286=ORIENTED_EDGE('',*,*,#5084,.F.);
#7287=ORIENTED_EDGE('',*,*,#5014,.F.);
#7288=ORIENTED_EDGE('',*,*,#5088,.T.);
#7289=ORIENTED_EDGE('',*,*,#5089,.F.);
#7290=ORIENTED_EDGE('',*,*,#5086,.F.);
#7291=ORIENTED_EDGE('',*,*,#5013,.F.);
#7292=ORIENTED_EDGE('',*,*,#5090,.T.);
#7293=ORIENTED_EDGE('',*,*,#5091,.F.);
#7294=ORIENTED_EDGE('',*,*,#5088,.F.);
#7295=ORIENTED_EDGE('',*,*,#5012,.F.);
#7296=ORIENTED_EDGE('',*,*,#5092,.T.);
#7297=ORIENTED_EDGE('',*,*,#5093,.F.);
#7298=ORIENTED_EDGE('',*,*,#5090,.F.);
#7299=ORIENTED_EDGE('',*,*,#5011,.F.);
#7300=ORIENTED_EDGE('',*,*,#5094,.T.);
#7301=ORIENTED_EDGE('',*,*,#5095,.F.);
#7302=ORIENTED_EDGE('',*,*,#5092,.F.);
#7303=ORIENTED_EDGE('',*,*,#5010,.F.);
#7304=ORIENTED_EDGE('',*,*,#5096,.T.);
#7305=ORIENTED_EDGE('',*,*,#5097,.F.);
#7306=ORIENTED_EDGE('',*,*,#5094,.F.);
#7307=ORIENTED_EDGE('',*,*,#5009,.F.);
#7308=ORIENTED_EDGE('',*,*,#5098,.T.);
#7309=ORIENTED_EDGE('',*,*,#5099,.F.);
#7310=ORIENTED_EDGE('',*,*,#5096,.F.);
#7311=ORIENTED_EDGE('',*,*,#5008,.F.);
#7312=ORIENTED_EDGE('',*,*,#5100,.T.);
#7313=ORIENTED_EDGE('',*,*,#5101,.F.);
#7314=ORIENTED_EDGE('',*,*,#5098,.F.);
#7315=ORIENTED_EDGE('',*,*,#5007,.F.);
#7316=ORIENTED_EDGE('',*,*,#5102,.T.);
#7317=ORIENTED_EDGE('',*,*,#5103,.F.);
#7318=ORIENTED_EDGE('',*,*,#5100,.F.);
#7319=ORIENTED_EDGE('',*,*,#5006,.F.);
#7320=ORIENTED_EDGE('',*,*,#5104,.T.);
#7321=ORIENTED_EDGE('',*,*,#5105,.F.);
#7322=ORIENTED_EDGE('',*,*,#5102,.F.);
#7323=ORIENTED_EDGE('',*,*,#5005,.F.);
#7324=ORIENTED_EDGE('',*,*,#5106,.T.);
#7325=ORIENTED_EDGE('',*,*,#5107,.F.);
#7326=ORIENTED_EDGE('',*,*,#5104,.F.);
#7327=ORIENTED_EDGE('',*,*,#5004,.F.);
#7328=ORIENTED_EDGE('',*,*,#5108,.T.);
#7329=ORIENTED_EDGE('',*,*,#5109,.F.);
#7330=ORIENTED_EDGE('',*,*,#5106,.F.);
#7331=ORIENTED_EDGE('',*,*,#5003,.F.);
#7332=ORIENTED_EDGE('',*,*,#5110,.T.);
#7333=ORIENTED_EDGE('',*,*,#5111,.F.);
#7334=ORIENTED_EDGE('',*,*,#5108,.F.);
#7335=ORIENTED_EDGE('',*,*,#5002,.F.);
#7336=ORIENTED_EDGE('',*,*,#5112,.T.);
#7337=ORIENTED_EDGE('',*,*,#5113,.F.);
#7338=ORIENTED_EDGE('',*,*,#5110,.F.);
#7339=ORIENTED_EDGE('',*,*,#5001,.F.);
#7340=ORIENTED_EDGE('',*,*,#5114,.T.);
#7341=ORIENTED_EDGE('',*,*,#5115,.F.);
#7342=ORIENTED_EDGE('',*,*,#5112,.F.);
#7343=ORIENTED_EDGE('',*,*,#5000,.F.);
#7344=ORIENTED_EDGE('',*,*,#5116,.T.);
#7345=ORIENTED_EDGE('',*,*,#5117,.F.);
#7346=ORIENTED_EDGE('',*,*,#5114,.F.);
#7347=ORIENTED_EDGE('',*,*,#4999,.F.);
#7348=ORIENTED_EDGE('',*,*,#5118,.T.);
#7349=ORIENTED_EDGE('',*,*,#5119,.F.);
#7350=ORIENTED_EDGE('',*,*,#5116,.F.);
#7351=ORIENTED_EDGE('',*,*,#4998,.F.);
#7352=ORIENTED_EDGE('',*,*,#5120,.T.);
#7353=ORIENTED_EDGE('',*,*,#5121,.F.);
#7354=ORIENTED_EDGE('',*,*,#5118,.F.);
#7355=ORIENTED_EDGE('',*,*,#4997,.F.);
#7356=ORIENTED_EDGE('',*,*,#5122,.T.);
#7357=ORIENTED_EDGE('',*,*,#5123,.F.);
#7358=ORIENTED_EDGE('',*,*,#5120,.F.);
#7359=ORIENTED_EDGE('',*,*,#4996,.F.);
#7360=ORIENTED_EDGE('',*,*,#5124,.T.);
#7361=ORIENTED_EDGE('',*,*,#5125,.F.);
#7362=ORIENTED_EDGE('',*,*,#5122,.F.);
#7363=ORIENTED_EDGE('',*,*,#4995,.F.);
#7364=ORIENTED_EDGE('',*,*,#5126,.T.);
#7365=ORIENTED_EDGE('',*,*,#5127,.F.);
#7366=ORIENTED_EDGE('',*,*,#5124,.F.);
#7367=ORIENTED_EDGE('',*,*,#4994,.F.);
#7368=ORIENTED_EDGE('',*,*,#5128,.T.);
#7369=ORIENTED_EDGE('',*,*,#5129,.F.);
#7370=ORIENTED_EDGE('',*,*,#5126,.F.);
#7371=ORIENTED_EDGE('',*,*,#4993,.F.);
#7372=ORIENTED_EDGE('',*,*,#5130,.T.);
#7373=ORIENTED_EDGE('',*,*,#5131,.F.);
#7374=ORIENTED_EDGE('',*,*,#5128,.F.);
#7375=ORIENTED_EDGE('',*,*,#5132,.T.);
#7376=ORIENTED_EDGE('',*,*,#5133,.T.);
#7377=ORIENTED_EDGE('',*,*,#5134,.T.);
#7378=ORIENTED_EDGE('',*,*,#5135,.T.);
#7379=ORIENTED_EDGE('',*,*,#5136,.T.);
#7380=ORIENTED_EDGE('',*,*,#5137,.T.);
#7381=ORIENTED_EDGE('',*,*,#5138,.T.);
#7382=ORIENTED_EDGE('',*,*,#5139,.T.);
#7383=ORIENTED_EDGE('',*,*,#5140,.T.);
#7384=ORIENTED_EDGE('',*,*,#5141,.T.);
#7385=ORIENTED_EDGE('',*,*,#5142,.T.);
#7386=ORIENTED_EDGE('',*,*,#5143,.T.);
#7387=ORIENTED_EDGE('',*,*,#5144,.T.);
#7388=ORIENTED_EDGE('',*,*,#5145,.T.);
#7389=ORIENTED_EDGE('',*,*,#5146,.T.);
#7390=ORIENTED_EDGE('',*,*,#5147,.T.);
#7391=ORIENTED_EDGE('',*,*,#5148,.T.);
#7392=ORIENTED_EDGE('',*,*,#5149,.T.);
#7393=ORIENTED_EDGE('',*,*,#5150,.T.);
#7394=ORIENTED_EDGE('',*,*,#5151,.T.);
#7395=ORIENTED_EDGE('',*,*,#5152,.T.);
#7396=ORIENTED_EDGE('',*,*,#5153,.T.);
#7397=ORIENTED_EDGE('',*,*,#5154,.T.);
#7398=ORIENTED_EDGE('',*,*,#5155,.T.);
#7399=ORIENTED_EDGE('',*,*,#5156,.T.);
#7400=ORIENTED_EDGE('',*,*,#5157,.T.);
#7401=ORIENTED_EDGE('',*,*,#5158,.T.);
#7402=ORIENTED_EDGE('',*,*,#5159,.T.);
#7403=ORIENTED_EDGE('',*,*,#5160,.T.);
#7404=ORIENTED_EDGE('',*,*,#5161,.T.);
#7405=ORIENTED_EDGE('',*,*,#5162,.T.);
#7406=ORIENTED_EDGE('',*,*,#5061,.T.);
#7407=ORIENTED_EDGE('',*,*,#5063,.T.);
#7408=ORIENTED_EDGE('',*,*,#5065,.T.);
#7409=ORIENTED_EDGE('',*,*,#5067,.T.);
#7410=ORIENTED_EDGE('',*,*,#5069,.T.);
#7411=ORIENTED_EDGE('',*,*,#5071,.T.);
#7412=ORIENTED_EDGE('',*,*,#5073,.T.);
#7413=ORIENTED_EDGE('',*,*,#5075,.T.);
#7414=ORIENTED_EDGE('',*,*,#5077,.T.);
#7415=ORIENTED_EDGE('',*,*,#5079,.T.);
#7416=ORIENTED_EDGE('',*,*,#5081,.T.);
#7417=ORIENTED_EDGE('',*,*,#5083,.T.);
#7418=ORIENTED_EDGE('',*,*,#5085,.T.);
#7419=ORIENTED_EDGE('',*,*,#5087,.T.);
#7420=ORIENTED_EDGE('',*,*,#5089,.T.);
#7421=ORIENTED_EDGE('',*,*,#5091,.T.);
#7422=ORIENTED_EDGE('',*,*,#5093,.T.);
#7423=ORIENTED_EDGE('',*,*,#5095,.T.);
#7424=ORIENTED_EDGE('',*,*,#5097,.T.);
#7425=ORIENTED_EDGE('',*,*,#5099,.T.);
#7426=ORIENTED_EDGE('',*,*,#5101,.T.);
#7427=ORIENTED_EDGE('',*,*,#5103,.T.);
#7428=ORIENTED_EDGE('',*,*,#5105,.T.);
#7429=ORIENTED_EDGE('',*,*,#5107,.T.);
#7430=ORIENTED_EDGE('',*,*,#5109,.T.);
#7431=ORIENTED_EDGE('',*,*,#5111,.T.);
#7432=ORIENTED_EDGE('',*,*,#5113,.T.);
#7433=ORIENTED_EDGE('',*,*,#5115,.T.);
#7434=ORIENTED_EDGE('',*,*,#5117,.T.);
#7435=ORIENTED_EDGE('',*,*,#5119,.T.);
#7436=ORIENTED_EDGE('',*,*,#5121,.T.);
#7437=ORIENTED_EDGE('',*,*,#5123,.T.);
#7438=ORIENTED_EDGE('',*,*,#5125,.T.);
#7439=ORIENTED_EDGE('',*,*,#5127,.T.);
#7440=ORIENTED_EDGE('',*,*,#5129,.T.);
#7441=ORIENTED_EDGE('',*,*,#5131,.T.);
#7442=ORIENTED_EDGE('',*,*,#5163,.T.);
#7443=ORIENTED_EDGE('',*,*,#5164,.T.);
#7444=ORIENTED_EDGE('',*,*,#5163,.F.);
#7445=ORIENTED_EDGE('',*,*,#5130,.F.);
#7446=ORIENTED_EDGE('',*,*,#4992,.F.);
#7447=ORIENTED_EDGE('',*,*,#5145,.F.);
#7448=ORIENTED_EDGE('',*,*,#5165,.T.);
#7449=ORIENTED_EDGE('',*,*,#5046,.F.);
#7450=ORIENTED_EDGE('',*,*,#5166,.F.);
#7451=ORIENTED_EDGE('',*,*,#5146,.F.);
#7452=ORIENTED_EDGE('',*,*,#5166,.T.);
#7453=ORIENTED_EDGE('',*,*,#5045,.F.);
#7454=ORIENTED_EDGE('',*,*,#5167,.F.);
#7455=ORIENTED_EDGE('',*,*,#5147,.F.);
#7456=ORIENTED_EDGE('',*,*,#5167,.T.);
#7457=ORIENTED_EDGE('',*,*,#5044,.F.);
#7458=ORIENTED_EDGE('',*,*,#5168,.F.);
#7459=ORIENTED_EDGE('',*,*,#5148,.F.);
#7460=ORIENTED_EDGE('',*,*,#5168,.T.);
#7461=ORIENTED_EDGE('',*,*,#5043,.F.);
#7462=ORIENTED_EDGE('',*,*,#5169,.F.);
#7463=ORIENTED_EDGE('',*,*,#5149,.F.);
#7464=ORIENTED_EDGE('',*,*,#5169,.T.);
#7465=ORIENTED_EDGE('',*,*,#5042,.F.);
#7466=ORIENTED_EDGE('',*,*,#5170,.F.);
#7467=ORIENTED_EDGE('',*,*,#5150,.F.);
#7468=ORIENTED_EDGE('',*,*,#5170,.T.);
#7469=ORIENTED_EDGE('',*,*,#5041,.F.);
#7470=ORIENTED_EDGE('',*,*,#5171,.F.);
#7471=ORIENTED_EDGE('',*,*,#5151,.F.);
#7472=ORIENTED_EDGE('',*,*,#5171,.T.);
#7473=ORIENTED_EDGE('',*,*,#5040,.F.);
#7474=ORIENTED_EDGE('',*,*,#5172,.F.);
#7475=ORIENTED_EDGE('',*,*,#5152,.F.);
#7476=ORIENTED_EDGE('',*,*,#5172,.T.);
#7477=ORIENTED_EDGE('',*,*,#5039,.F.);
#7478=ORIENTED_EDGE('',*,*,#5173,.F.);
#7479=ORIENTED_EDGE('',*,*,#5153,.F.);
#7480=ORIENTED_EDGE('',*,*,#5173,.T.);
#7481=ORIENTED_EDGE('',*,*,#5038,.F.);
#7482=ORIENTED_EDGE('',*,*,#5174,.F.);
#7483=ORIENTED_EDGE('',*,*,#5154,.F.);
#7484=ORIENTED_EDGE('',*,*,#5174,.T.);
#7485=ORIENTED_EDGE('',*,*,#5037,.F.);
#7486=ORIENTED_EDGE('',*,*,#5175,.F.);
#7487=ORIENTED_EDGE('',*,*,#5155,.F.);
#7488=ORIENTED_EDGE('',*,*,#5175,.T.);
#7489=ORIENTED_EDGE('',*,*,#5036,.F.);
#7490=ORIENTED_EDGE('',*,*,#5176,.F.);
#7491=ORIENTED_EDGE('',*,*,#5156,.F.);
#7492=ORIENTED_EDGE('',*,*,#5176,.T.);
#7493=ORIENTED_EDGE('',*,*,#5035,.F.);
#7494=ORIENTED_EDGE('',*,*,#5177,.F.);
#7495=ORIENTED_EDGE('',*,*,#5157,.F.);
#7496=ORIENTED_EDGE('',*,*,#5177,.T.);
#7497=ORIENTED_EDGE('',*,*,#5034,.F.);
#7498=ORIENTED_EDGE('',*,*,#5178,.F.);
#7499=ORIENTED_EDGE('',*,*,#5158,.F.);
#7500=ORIENTED_EDGE('',*,*,#5178,.T.);
#7501=ORIENTED_EDGE('',*,*,#5033,.F.);
#7502=ORIENTED_EDGE('',*,*,#5179,.F.);
#7503=ORIENTED_EDGE('',*,*,#5159,.F.);
#7504=ORIENTED_EDGE('',*,*,#5179,.T.);
#7505=ORIENTED_EDGE('',*,*,#5032,.F.);
#7506=ORIENTED_EDGE('',*,*,#5180,.F.);
#7507=ORIENTED_EDGE('',*,*,#5160,.F.);
#7508=ORIENTED_EDGE('',*,*,#5180,.T.);
#7509=ORIENTED_EDGE('',*,*,#5031,.F.);
#7510=ORIENTED_EDGE('',*,*,#5181,.F.);
#7511=ORIENTED_EDGE('',*,*,#5161,.F.);
#7512=ORIENTED_EDGE('',*,*,#5181,.T.);
#7513=ORIENTED_EDGE('',*,*,#5030,.F.);
#7514=ORIENTED_EDGE('',*,*,#5182,.F.);
#7515=ORIENTED_EDGE('',*,*,#5162,.F.);
#7516=ORIENTED_EDGE('',*,*,#5182,.T.);
#7517=ORIENTED_EDGE('',*,*,#5029,.F.);
#7518=ORIENTED_EDGE('',*,*,#5059,.F.);
#7519=ORIENTED_EDGE('',*,*,#5132,.F.);
#7520=ORIENTED_EDGE('',*,*,#5164,.F.);
#7521=ORIENTED_EDGE('',*,*,#4991,.F.);
#7522=ORIENTED_EDGE('',*,*,#5183,.F.);
#7523=ORIENTED_EDGE('',*,*,#5133,.F.);
#7524=ORIENTED_EDGE('',*,*,#5183,.T.);
#7525=ORIENTED_EDGE('',*,*,#5058,.F.);
#7526=ORIENTED_EDGE('',*,*,#5184,.F.);
#7527=ORIENTED_EDGE('',*,*,#5134,.F.);
#7528=ORIENTED_EDGE('',*,*,#5184,.T.);
#7529=ORIENTED_EDGE('',*,*,#5057,.F.);
#7530=ORIENTED_EDGE('',*,*,#5185,.F.);
#7531=ORIENTED_EDGE('',*,*,#5135,.F.);
#7532=ORIENTED_EDGE('',*,*,#5185,.T.);
#7533=ORIENTED_EDGE('',*,*,#5056,.F.);
#7534=ORIENTED_EDGE('',*,*,#5186,.F.);
#7535=ORIENTED_EDGE('',*,*,#5136,.F.);
#7536=ORIENTED_EDGE('',*,*,#5186,.T.);
#7537=ORIENTED_EDGE('',*,*,#5055,.F.);
#7538=ORIENTED_EDGE('',*,*,#5187,.F.);
#7539=ORIENTED_EDGE('',*,*,#5137,.F.);
#7540=ORIENTED_EDGE('',*,*,#5187,.T.);
#7541=ORIENTED_EDGE('',*,*,#5054,.F.);
#7542=ORIENTED_EDGE('',*,*,#5188,.F.);
#7543=ORIENTED_EDGE('',*,*,#5138,.F.);
#7544=ORIENTED_EDGE('',*,*,#5188,.T.);
#7545=ORIENTED_EDGE('',*,*,#5053,.F.);
#7546=ORIENTED_EDGE('',*,*,#5189,.F.);
#7547=ORIENTED_EDGE('',*,*,#5139,.F.);
#7548=ORIENTED_EDGE('',*,*,#5189,.T.);
#7549=ORIENTED_EDGE('',*,*,#5052,.F.);
#7550=ORIENTED_EDGE('',*,*,#5190,.F.);
#7551=ORIENTED_EDGE('',*,*,#5140,.F.);
#7552=ORIENTED_EDGE('',*,*,#5190,.T.);
#7553=ORIENTED_EDGE('',*,*,#5051,.F.);
#7554=ORIENTED_EDGE('',*,*,#5191,.F.);
#7555=ORIENTED_EDGE('',*,*,#5141,.F.);
#7556=ORIENTED_EDGE('',*,*,#5191,.T.);
#7557=ORIENTED_EDGE('',*,*,#5050,.F.);
#7558=ORIENTED_EDGE('',*,*,#5192,.F.);
#7559=ORIENTED_EDGE('',*,*,#5142,.F.);
#7560=ORIENTED_EDGE('',*,*,#5192,.T.);
#7561=ORIENTED_EDGE('',*,*,#5049,.F.);
#7562=ORIENTED_EDGE('',*,*,#5193,.F.);
#7563=ORIENTED_EDGE('',*,*,#5143,.F.);
#7564=ORIENTED_EDGE('',*,*,#5193,.T.);
#7565=ORIENTED_EDGE('',*,*,#5048,.F.);
#7566=ORIENTED_EDGE('',*,*,#5194,.F.);
#7567=ORIENTED_EDGE('',*,*,#5144,.F.);
#7568=ORIENTED_EDGE('',*,*,#5194,.T.);
#7569=ORIENTED_EDGE('',*,*,#5047,.F.);
#7570=ORIENTED_EDGE('',*,*,#5165,.F.);
#7571=PLANE('',#8391);
#7572=PLANE('',#8392);
#7573=PLANE('',#8393);
#7574=PLANE('',#8394);
#7575=PLANE('',#8395);
#7576=PLANE('',#8396);
#7577=PLANE('',#8397);
#7578=PLANE('',#8398);
#7579=PLANE('',#8399);
#7580=PLANE('',#8400);
#7581=PLANE('',#8401);
#7582=PLANE('',#8402);
#7583=PLANE('',#8403);
#7584=PLANE('',#8404);
#7585=PLANE('',#8405);
#7586=PLANE('',#8406);
#7587=PLANE('',#8407);
#7588=PLANE('',#8408);
#7589=PLANE('',#8409);
#7590=PLANE('',#8410);
#7591=PLANE('',#8411);
#7592=PLANE('',#8412);
#7593=PLANE('',#8413);
#7594=PLANE('',#8414);
#7595=PLANE('',#8415);
#7596=PLANE('',#8416);
#7597=PLANE('',#8417);
#7598=PLANE('',#8418);
#7599=PLANE('',#8419);
#7600=PLANE('',#8420);
#7601=PLANE('',#8421);
#7602=PLANE('',#8422);
#7603=PLANE('',#8423);
#7604=PLANE('',#8424);
#7605=PLANE('',#8425);
#7606=PLANE('',#8426);
#7607=PLANE('',#8427);
#7608=PLANE('',#8428);
#7609=PLANE('',#8429);
#7610=PLANE('',#8430);
#7611=PLANE('',#8431);
#7612=PLANE('',#8432);
#7613=PLANE('',#8433);
#7614=PLANE('',#8434);
#7615=PLANE('',#8435);
#7616=PLANE('',#8436);
#7617=PLANE('',#8437);
#7618=PLANE('',#8438);
#7619=PLANE('',#8439);
#7620=PLANE('',#8440);
#7621=PLANE('',#8441);
#7622=PLANE('',#8442);
#7623=PLANE('',#8443);
#7624=PLANE('',#8444);
#7625=PLANE('',#8445);
#7626=PLANE('',#8446);
#7627=PLANE('',#8447);
#7628=PLANE('',#8448);
#7629=PLANE('',#8449);
#7630=PLANE('',#8450);
#7631=PLANE('',#8451);
#7632=PLANE('',#8452);
#7633=PLANE('',#8453);
#7634=PLANE('',#8454);
#7635=PLANE('',#8455);
#7636=PLANE('',#8456);
#7637=PLANE('',#8457);
#7638=PLANE('',#8458);
#7639=PLANE('',#8459);
#7640=PLANE('',#8460);
#7641=PLANE('',#8461);
#7642=PLANE('',#8462);
#7643=PLANE('',#8463);
#7644=PLANE('',#8464);
#7645=PLANE('',#8465);
#7646=PLANE('',#8466);
#7647=PLANE('',#8467);
#7648=PLANE('',#8468);
#7649=PLANE('',#8469);
#7650=PLANE('',#8470);
#7651=PLANE('',#8471);
#7652=PLANE('',#8472);
#7653=PLANE('',#8473);
#7654=PLANE('',#8474);
#7655=PLANE('',#8475);
#7656=PLANE('',#8476);
#7657=PLANE('',#8477);
#7658=PLANE('',#8478);
#7659=PLANE('',#8479);
#7660=PLANE('',#8480);
#7661=PLANE('',#8481);
#7662=PLANE('',#8482);
#7663=PLANE('',#8483);
#7664=PLANE('',#8484);
#7665=PLANE('',#8485);
#7666=PLANE('',#8486);
#7667=PLANE('',#8487);
#7668=PLANE('',#8488);
#7669=PLANE('',#8489);
#7670=PLANE('',#8490);
#7671=PLANE('',#8491);
#7672=PLANE('',#8492);
#7673=PLANE('',#8493);
#7674=PLANE('',#8494);
#7675=PLANE('',#8495);
#7676=PLANE('',#8496);
#7677=PLANE('',#8497);
#7678=PLANE('',#8498);
#7679=PLANE('',#8499);
#7680=PLANE('',#8500);
#7681=PLANE('',#8501);
#7682=PLANE('',#8502);
#7683=PLANE('',#8503);
#7684=PLANE('',#8505);
#7685=PLANE('',#8507);
#7686=PLANE('',#8508);
#7687=PLANE('',#8509);
#7688=PLANE('',#8510);
#7689=PLANE('',#8511);
#7690=PLANE('',#8514);
#7691=PLANE('',#8517);
#7692=PLANE('',#8518);
#7693=PLANE('',#8519);
#7694=PLANE('',#8520);
#7695=PLANE('',#8521);
#7696=PLANE('',#8522);
#7697=PLANE('',#8523);
#7698=PLANE('',#8524);
#7699=PLANE('',#8525);
#7700=PLANE('',#8526);
#7701=PLANE('',#8527);
#7702=PLANE('',#8528);
#7703=PLANE('',#8529);
#7704=PLANE('',#8530);
#7705=PLANE('',#8531);
#7706=PLANE('',#8532);
#7707=PLANE('',#8533);
#7708=PLANE('',#8534);
#7709=PLANE('',#8535);
#7710=PLANE('',#8536);
#7711=PLANE('',#8541);
#7712=PLANE('',#8542);
#7713=PLANE('',#8555);
#7714=PLANE('',#8557);
#7715=PLANE('',#8558);
#7716=PLANE('',#8562);
#7717=PLANE('',#8567);
#7718=PLANE('',#8570);
#7719=PLANE('',#8573);
#7720=PLANE('',#8575);
#7721=PLANE('',#8577);
#7722=PLANE('',#8578);
#7723=PLANE('',#8579);
#7724=PLANE('',#8580);
#7725=PLANE('',#8581);
#7726=PLANE('',#8582);
#7727=PLANE('',#8583);
#7728=PLANE('',#8584);
#7729=PLANE('',#8585);
#7730=PLANE('',#8586);
#7731=PLANE('',#8587);
#7732=PLANE('',#8588);
#7733=PLANE('',#8589);
#7734=PLANE('',#8590);
#7735=PLANE('',#8591);
#7736=PLANE('',#8592);
#7737=PLANE('',#8593);
#7738=PLANE('',#8594);
#7739=PLANE('',#8595);
#7740=PLANE('',#8596);
#7741=PLANE('',#8597);
#7742=PLANE('',#8598);
#7743=PLANE('',#8599);
#7744=PLANE('',#8600);
#7745=PLANE('',#8601);
#7746=PLANE('',#8602);
#7747=PLANE('',#8603);
#7748=PLANE('',#8604);
#7749=PLANE('',#8605);
#7750=PLANE('',#8606);
#7751=PLANE('',#8607);
#7752=PLANE('',#8608);
#7753=PLANE('',#8609);
#7754=PLANE('',#8610);
#7755=PLANE('',#8611);
#7756=PLANE('',#8612);
#7757=PLANE('',#8613);
#7758=PLANE('',#8614);
#7759=PLANE('',#8615);
#7760=PLANE('',#8616);
#7761=PLANE('',#8617);
#7762=PLANE('',#8618);
#7763=PLANE('',#8619);
#7764=PLANE('',#8620);
#7765=PLANE('',#8621);
#7766=PLANE('',#8622);
#7767=PLANE('',#8623);
#7768=PLANE('',#8624);
#7769=PLANE('',#8625);
#7770=PLANE('',#8626);
#7771=PLANE('',#8627);
#7772=PLANE('',#8628);
#7773=PLANE('',#8629);
#7774=PLANE('',#8630);
#7775=PLANE('',#8631);
#7776=PLANE('',#8632);
#7777=PLANE('',#8633);
#7778=PLANE('',#8634);
#7779=PLANE('',#8635);
#7780=PLANE('',#8636);
#7781=PLANE('',#8637);
#7782=PLANE('',#8638);
#7783=PLANE('',#8639);
#7784=PLANE('',#8640);
#7785=PLANE('',#8641);
#7786=PLANE('',#8642);
#7787=PLANE('',#8643);
#7788=PLANE('',#8644);
#7789=PLANE('',#8645);
#7790=PLANE('',#8646);
#7791=PLANE('',#8647);
#7792=PLANE('',#8648);
#7793=PLANE('',#8649);
#7794=PLANE('',#8650);
#7795=PLANE('',#8651);
#7796=PLANE('',#8652);
#7797=PLANE('',#8653);
#7798=PLANE('',#8654);
#7799=PLANE('',#8655);
#7800=PLANE('',#8656);
#7801=PLANE('',#8657);
#7802=PLANE('',#8658);
#7803=PLANE('',#8659);
#7804=PLANE('',#8660);
#7805=PLANE('',#8661);
#7806=PLANE('',#8662);
#7807=PLANE('',#8663);
#7808=PLANE('',#8664);
#7809=PLANE('',#8665);
#7810=PLANE('',#8666);
#7811=PLANE('',#8667);
#7812=PLANE('',#8668);
#7813=PLANE('',#8669);
#7814=PLANE('',#8670);
#7815=PLANE('',#8671);
#7816=PLANE('',#8672);
#7817=PLANE('',#8673);
#7818=PLANE('',#8674);
#7819=PLANE('',#8675);
#7820=PLANE('',#8676);
#7821=PLANE('',#8677);
#7822=PLANE('',#8678);
#7823=PLANE('',#8679);
#7824=PLANE('',#8680);
#7825=PLANE('',#8681);
#7826=PLANE('',#8682);
#7827=PLANE('',#8683);
#7828=PLANE('',#8684);
#7829=PLANE('',#8685);
#7830=PLANE('',#8686);
#7831=PLANE('',#8687);
#7832=PLANE('',#8688);
#7833=PLANE('',#8689);
#7834=PLANE('',#8690);
#7835=PLANE('',#8691);
#7836=PLANE('',#8692);
#7837=PLANE('',#8693);
#7838=PLANE('',#8694);
#7839=PLANE('',#8695);
#7840=PLANE('',#8696);
#7841=PLANE('',#8697);
#7842=PLANE('',#8698);
#7843=PLANE('',#8699);
#7844=PLANE('',#8700);
#7845=PLANE('',#8701);
#7846=PLANE('',#8702);
#7847=PLANE('',#8703);
#7848=PLANE('',#8704);
#7849=PLANE('',#8705);
#7850=PLANE('',#8706);
#7851=PLANE('',#8707);
#7852=PLANE('',#8708);
#7853=PLANE('',#8709);
#7854=PLANE('',#8710);
#7855=PLANE('',#8711);
#7856=PLANE('',#8712);
#7857=PLANE('',#8713);
#7858=PLANE('',#8714);
#7859=PLANE('',#8715);
#7860=PLANE('',#8716);
#7861=PLANE('',#8717);
#7862=PLANE('',#8718);
#7863=PLANE('',#8719);
#7864=PLANE('',#8720);
#7865=PLANE('',#8721);
#7866=PLANE('',#8722);
#7867=PLANE('',#8723);
#7868=PLANE('',#8724);
#7869=PLANE('',#8725);
#7870=PLANE('',#8726);
#7871=PLANE('',#8727);
#7872=PLANE('',#8728);
#7873=PLANE('',#8729);
#7874=PLANE('',#8730);
#7875=PLANE('',#8731);
#7876=PLANE('',#8732);
#7877=PLANE('',#8733);
#7878=PLANE('',#8734);
#7879=PLANE('',#8735);
#7880=PLANE('',#8736);
#7881=PLANE('',#8737);
#7882=PLANE('',#8738);
#7883=PLANE('',#8739);
#7884=PLANE('',#8740);
#7885=PLANE('',#8741);
#7886=PLANE('',#8742);
#7887=PLANE('',#8743);
#7888=PLANE('',#8744);
#7889=PLANE('',#8745);
#7890=PLANE('',#8746);
#7891=PLANE('',#8747);
#7892=PLANE('',#8748);
#7893=PLANE('',#8749);
#7894=PLANE('',#8750);
#7895=PLANE('',#8751);
#7896=PLANE('',#8752);
#7897=PLANE('',#8753);
#7898=PLANE('',#8754);
#7899=PLANE('',#8755);
#7900=PLANE('',#8756);
#7901=PLANE('',#8757);
#7902=PLANE('',#8758);
#7903=PLANE('',#8759);
#7904=PLANE('',#8760);
#7905=PLANE('',#8761);
#7906=PLANE('',#8762);
#7907=PLANE('',#8763);
#7908=PLANE('',#8764);
#7909=PLANE('',#8765);
#7910=PLANE('',#8766);
#7911=PLANE('',#8767);
#7912=PLANE('',#8768);
#7913=PLANE('',#8769);
#7914=PLANE('',#8770);
#7915=PLANE('',#8771);
#7916=PLANE('',#8772);
#7917=PLANE('',#8773);
#7918=PLANE('',#8774);
#7919=PLANE('',#8775);
#7920=PLANE('',#8776);
#7921=PLANE('',#8777);
#7922=PLANE('',#8778);
#7923=PLANE('',#8779);
#7924=PLANE('',#8780);
#7925=PLANE('',#8781);
#7926=PLANE('',#8782);
#7927=PLANE('',#8783);
#7928=PLANE('',#8784);
#7929=PLANE('',#8785);
#7930=PLANE('',#8786);
#7931=PLANE('',#8787);
#7932=PLANE('',#8788);
#7933=PLANE('',#8789);
#7934=PLANE('',#8790);
#7935=PLANE('',#8791);
#7936=PLANE('',#8792);
#7937=PLANE('',#8793);
#7938=PLANE('',#8794);
#7939=PLANE('',#8795);
#7940=PLANE('',#8796);
#7941=PLANE('',#8797);
#7942=PLANE('',#8798);
#7943=PLANE('',#8799);
#7944=PLANE('',#8800);
#7945=PLANE('',#8801);
#7946=PLANE('',#8802);
#7947=PLANE('',#8803);
#7948=PLANE('',#8804);
#7949=PLANE('',#8805);
#7950=ADVANCED_FACE('',(#150),#7571,.F.);
#7951=ADVANCED_FACE('',(#151),#7572,.F.);
#7952=ADVANCED_FACE('',(#152),#7573,.F.);
#7953=ADVANCED_FACE('',(#153),#7574,.F.);
#7954=ADVANCED_FACE('',(#154),#7575,.F.);
#7955=ADVANCED_FACE('',(#155),#7576,.F.);
#7956=ADVANCED_FACE('',(#156),#7577,.F.);
#7957=ADVANCED_FACE('',(#157),#7578,.F.);
#7958=ADVANCED_FACE('',(#158),#7579,.F.);
#7959=ADVANCED_FACE('',(#159),#7580,.F.);
#7960=ADVANCED_FACE('',(#160),#7581,.F.);
#7961=ADVANCED_FACE('',(#161),#7582,.F.);
#7962=ADVANCED_FACE('',(#162),#7583,.F.);
#7963=ADVANCED_FACE('',(#163),#7584,.F.);
#7964=ADVANCED_FACE('',(#164),#7585,.F.);
#7965=ADVANCED_FACE('',(#165),#7586,.F.);
#7966=ADVANCED_FACE('',(#166),#7587,.F.);
#7967=ADVANCED_FACE('',(#167),#7588,.F.);
#7968=ADVANCED_FACE('',(#168),#7589,.F.);
#7969=ADVANCED_FACE('',(#169),#7590,.F.);
#7970=ADVANCED_FACE('',(#170),#7591,.F.);
#7971=ADVANCED_FACE('',(#171),#7592,.F.);
#7972=ADVANCED_FACE('',(#172),#7593,.F.);
#7973=ADVANCED_FACE('',(#173),#7594,.F.);
#7974=ADVANCED_FACE('',(#174),#7595,.F.);
#7975=ADVANCED_FACE('',(#175),#7596,.F.);
#7976=ADVANCED_FACE('',(#176),#7597,.F.);
#7977=ADVANCED_FACE('',(#177),#7598,.F.);
#7978=ADVANCED_FACE('',(#178),#7599,.F.);
#7979=ADVANCED_FACE('',(#179),#7600,.F.);
#7980=ADVANCED_FACE('',(#180),#7601,.F.);
#7981=ADVANCED_FACE('',(#181),#7602,.F.);
#7982=ADVANCED_FACE('',(#182),#7603,.F.);
#7983=ADVANCED_FACE('',(#183),#7604,.F.);
#7984=ADVANCED_FACE('',(#184),#7605,.F.);
#7985=ADVANCED_FACE('',(#185),#7606,.F.);
#7986=ADVANCED_FACE('',(#186),#7607,.F.);
#7987=ADVANCED_FACE('',(#187),#7608,.F.);
#7988=ADVANCED_FACE('',(#188),#7609,.F.);
#7989=ADVANCED_FACE('',(#189),#7610,.F.);
#7990=ADVANCED_FACE('',(#190),#7611,.F.);
#7991=ADVANCED_FACE('',(#191),#7612,.F.);
#7992=ADVANCED_FACE('',(#192),#7613,.F.);
#7993=ADVANCED_FACE('',(#193),#7614,.F.);
#7994=ADVANCED_FACE('',(#194),#7615,.F.);
#7995=ADVANCED_FACE('',(#195),#7616,.F.);
#7996=ADVANCED_FACE('',(#196),#7617,.F.);
#7997=ADVANCED_FACE('',(#197),#7618,.F.);
#7998=ADVANCED_FACE('',(#198),#7619,.F.);
#7999=ADVANCED_FACE('',(#199),#7620,.F.);
#8000=ADVANCED_FACE('',(#200),#7621,.F.);
#8001=ADVANCED_FACE('',(#201),#7622,.F.);
#8002=ADVANCED_FACE('',(#202),#7623,.F.);
#8003=ADVANCED_FACE('',(#203),#7624,.F.);
#8004=ADVANCED_FACE('',(#204),#7625,.F.);
#8005=ADVANCED_FACE('',(#205),#7626,.F.);
#8006=ADVANCED_FACE('',(#206),#7627,.F.);
#8007=ADVANCED_FACE('',(#207),#7628,.F.);
#8008=ADVANCED_FACE('',(#208),#7629,.F.);
#8009=ADVANCED_FACE('',(#209),#7630,.F.);
#8010=ADVANCED_FACE('',(#210),#7631,.F.);
#8011=ADVANCED_FACE('',(#211),#7632,.F.);
#8012=ADVANCED_FACE('',(#212),#7633,.F.);
#8013=ADVANCED_FACE('',(#213),#7634,.F.);
#8014=ADVANCED_FACE('',(#214),#7635,.F.);
#8015=ADVANCED_FACE('',(#215),#7636,.F.);
#8016=ADVANCED_FACE('',(#216),#7637,.F.);
#8017=ADVANCED_FACE('',(#217),#7638,.F.);
#8018=ADVANCED_FACE('',(#218),#7639,.F.);
#8019=ADVANCED_FACE('',(#219),#7640,.F.);
#8020=ADVANCED_FACE('',(#220),#7641,.F.);
#8021=ADVANCED_FACE('',(#221),#7642,.F.);
#8022=ADVANCED_FACE('',(#222),#7643,.F.);
#8023=ADVANCED_FACE('',(#223),#7644,.F.);
#8024=ADVANCED_FACE('',(#224),#7645,.F.);
#8025=ADVANCED_FACE('',(#225),#7646,.F.);
#8026=ADVANCED_FACE('',(#226),#7647,.F.);
#8027=ADVANCED_FACE('',(#227),#7648,.F.);
#8028=ADVANCED_FACE('',(#228),#7649,.F.);
#8029=ADVANCED_FACE('',(#229),#7650,.F.);
#8030=ADVANCED_FACE('',(#230),#7651,.F.);
#8031=ADVANCED_FACE('',(#231),#7652,.F.);
#8032=ADVANCED_FACE('',(#232),#7653,.F.);
#8033=ADVANCED_FACE('',(#233),#7654,.F.);
#8034=ADVANCED_FACE('',(#234),#7655,.F.);
#8035=ADVANCED_FACE('',(#235),#7656,.F.);
#8036=ADVANCED_FACE('',(#236),#7657,.F.);
#8037=ADVANCED_FACE('',(#237),#7658,.F.);
#8038=ADVANCED_FACE('',(#238),#7659,.F.);
#8039=ADVANCED_FACE('',(#239),#7660,.F.);
#8040=ADVANCED_FACE('',(#240),#7661,.F.);
#8041=ADVANCED_FACE('',(#241),#7662,.F.);
#8042=ADVANCED_FACE('',(#242),#7663,.F.);
#8043=ADVANCED_FACE('',(#243),#7664,.F.);
#8044=ADVANCED_FACE('',(#244),#7665,.F.);
#8045=ADVANCED_FACE('',(#245),#7666,.F.);
#8046=ADVANCED_FACE('',(#246),#7667,.F.);
#8047=ADVANCED_FACE('',(#247),#7668,.F.);
#8048=ADVANCED_FACE('',(#248),#7669,.F.);
#8049=ADVANCED_FACE('',(#249),#7670,.F.);
#8050=ADVANCED_FACE('',(#250),#7671,.F.);
#8051=ADVANCED_FACE('',(#251),#7672,.F.);
#8052=ADVANCED_FACE('',(#252),#7673,.F.);
#8053=ADVANCED_FACE('',(#253),#7674,.F.);
#8054=ADVANCED_FACE('',(#254),#7675,.F.);
#8055=ADVANCED_FACE('',(#255),#7676,.F.);
#8056=ADVANCED_FACE('',(#256,#143),#7677,.F.);
#8057=ADVANCED_FACE('',(#257,#144),#7678,.F.);
#8058=ADVANCED_FACE('',(#258),#7679,.T.);
#8059=ADVANCED_FACE('',(#259),#59,.T.);
#8060=ADVANCED_FACE('',(#260),#60,.T.);
#8061=ADVANCED_FACE('',(#261),#7680,.T.);
#8062=ADVANCED_FACE('',(#262),#61,.T.);
#8063=ADVANCED_FACE('',(#263),#62,.T.);
#8064=ADVANCED_FACE('',(#264),#63,.T.);
#8065=ADVANCED_FACE('',(#265),#7681,.T.);
#8066=ADVANCED_FACE('',(#266),#64,.T.);
#8067=ADVANCED_FACE('',(#267),#65,.T.);
#8068=ADVANCED_FACE('',(#268),#66,.T.);
#8069=ADVANCED_FACE('',(#269),#7682,.T.);
#8070=ADVANCED_FACE('',(#270),#67,.T.);
#8071=ADVANCED_FACE('',(#271),#68,.T.);
#8072=ADVANCED_FACE('',(#272),#69,.T.);
#8073=ADVANCED_FACE('',(#273),#70,.T.);
#8074=ADVANCED_FACE('',(#274),#7683,.F.);
#8075=ADVANCED_FACE('',(#275),#43,.T.);
#8076=ADVANCED_FACE('',(#276),#7684,.F.);
#8077=ADVANCED_FACE('',(#277),#44,.T.);
#8078=ADVANCED_FACE('',(#278,#145),#7685,.T.);
#8079=ADVANCED_FACE('',(#279),#71,.T.);
#8080=ADVANCED_FACE('',(#280),#7686,.T.);
#8081=ADVANCED_FACE('',(#281),#72,.T.);
#8082=ADVANCED_FACE('',(#282),#73,.T.);
#8083=ADVANCED_FACE('',(#283),#74,.T.);
#8084=ADVANCED_FACE('',(#284),#7687,.T.);
#8085=ADVANCED_FACE('',(#285),#75,.T.);
#8086=ADVANCED_FACE('',(#286),#76,.T.);
#8087=ADVANCED_FACE('',(#287),#77,.T.);
#8088=ADVANCED_FACE('',(#288),#7688,.T.);
#8089=ADVANCED_FACE('',(#289),#78,.T.);
#8090=ADVANCED_FACE('',(#290),#79,.T.);
#8091=ADVANCED_FACE('',(#291),#80,.T.);
#8092=ADVANCED_FACE('',(#292),#7689,.T.);
#8093=ADVANCED_FACE('',(#293),#81,.T.);
#8094=ADVANCED_FACE('',(#294),#82,.T.);
#8095=ADVANCED_FACE('',(#295),#45,.F.);
#8096=ADVANCED_FACE('',(#296),#7690,.T.);
#8097=ADVANCED_FACE('',(#297),#46,.F.);
#8098=ADVANCED_FACE('',(#298),#7691,.T.);
#8099=ADVANCED_FACE('',(#299),#7692,.T.);
#8100=ADVANCED_FACE('',(#300),#7693,.T.);
#8101=ADVANCED_FACE('',(#301),#7694,.T.);
#8102=ADVANCED_FACE('',(#302),#7695,.T.);
#8103=ADVANCED_FACE('',(#303),#7696,.T.);
#8104=ADVANCED_FACE('',(#304),#7697,.T.);
#8105=ADVANCED_FACE('',(#305),#7698,.T.);
#8106=ADVANCED_FACE('',(#306),#7699,.T.);
#8107=ADVANCED_FACE('',(#307),#7700,.T.);
#8108=ADVANCED_FACE('',(#308),#7701,.T.);
#8109=ADVANCED_FACE('',(#309),#7702,.T.);
#8110=ADVANCED_FACE('',(#310),#7703,.T.);
#8111=ADVANCED_FACE('',(#311),#7704,.F.);
#8112=ADVANCED_FACE('',(#312),#7705,.F.);
#8113=ADVANCED_FACE('',(#313),#7706,.F.);
#8114=ADVANCED_FACE('',(#314),#7707,.F.);
#8115=ADVANCED_FACE('',(#315),#7708,.F.);
#8116=ADVANCED_FACE('',(#316),#7709,.F.);
#8117=ADVANCED_FACE('',(#317,#146),#7710,.T.);
#8118=ADVANCED_FACE('',(#318),#7711,.F.);
#8119=ADVANCED_FACE('',(#319),#7712,.F.);
#8120=ADVANCED_FACE('',(#320),#83,.F.);
#8121=ADVANCED_FACE('',(#321),#47,.T.);
#8122=ADVANCED_FACE('',(#322),#84,.F.);
#8123=ADVANCED_FACE('',(#323),#48,.T.);
#8124=ADVANCED_FACE('',(#324),#85,.F.);
#8125=ADVANCED_FACE('',(#325),#49,.T.);
#8126=ADVANCED_FACE('',(#326),#86,.F.);
#8127=ADVANCED_FACE('',(#327),#50,.T.);
#8128=ADVANCED_FACE('',(#328),#7713,.F.);
#8129=ADVANCED_FACE('',(#329),#51,.T.);
#8130=ADVANCED_FACE('',(#330),#7714,.F.);
#8131=ADVANCED_FACE('',(#331),#7715,.F.);
#8132=ADVANCED_FACE('',(#332),#52,.T.);
#8133=ADVANCED_FACE('',(#333),#53,.T.);
#8134=ADVANCED_FACE('',(#334),#7716,.T.);
#8135=ADVANCED_FACE('',(#335),#54,.T.);
#8136=ADVANCED_FACE('',(#336),#55,.T.);
#8137=ADVANCED_FACE('',(#337),#7717,.T.);
#8138=ADVANCED_FACE('',(#338),#56,.T.);
#8139=ADVANCED_FACE('',(#339),#7718,.T.);
#8140=ADVANCED_FACE('',(#340),#57,.F.);
#8141=ADVANCED_FACE('',(#341,#147),#7719,.T.);
#8142=ADVANCED_FACE('',(#342),#7720,.T.);
#8143=ADVANCED_FACE('',(#343),#58,.F.);
#8144=ADVANCED_FACE('',(#344),#7721,.F.);
#8145=ADVANCED_FACE('',(#345),#7722,.F.);
#8146=ADVANCED_FACE('',(#346),#7723,.F.);
#8147=ADVANCED_FACE('',(#347),#7724,.F.);
#8148=ADVANCED_FACE('',(#348),#7725,.F.);
#8149=ADVANCED_FACE('',(#349),#7726,.T.);
#8150=ADVANCED_FACE('',(#350),#7727,.T.);
#8151=ADVANCED_FACE('',(#351),#7728,.T.);
#8152=ADVANCED_FACE('',(#352),#7729,.T.);
#8153=ADVANCED_FACE('',(#353),#7730,.T.);
#8154=ADVANCED_FACE('',(#354),#7731,.T.);
#8155=ADVANCED_FACE('',(#355),#7732,.T.);
#8156=ADVANCED_FACE('',(#356),#7733,.T.);
#8157=ADVANCED_FACE('',(#357),#7734,.T.);
#8158=ADVANCED_FACE('',(#358),#7735,.T.);
#8159=ADVANCED_FACE('',(#359),#7736,.T.);
#8160=ADVANCED_FACE('',(#360),#7737,.T.);
#8161=ADVANCED_FACE('',(#361),#7738,.T.);
#8162=ADVANCED_FACE('',(#362),#7739,.T.);
#8163=ADVANCED_FACE('',(#363),#7740,.T.);
#8164=ADVANCED_FACE('',(#364),#7741,.T.);
#8165=ADVANCED_FACE('',(#365),#7742,.T.);
#8166=ADVANCED_FACE('',(#366),#7743,.T.);
#8167=ADVANCED_FACE('',(#367),#7744,.T.);
#8168=ADVANCED_FACE('',(#368),#7745,.T.);
#8169=ADVANCED_FACE('',(#369),#7746,.T.);
#8170=ADVANCED_FACE('',(#370),#7747,.T.);
#8171=ADVANCED_FACE('',(#371),#7748,.T.);
#8172=ADVANCED_FACE('',(#372),#7749,.T.);
#8173=ADVANCED_FACE('',(#373),#7750,.T.);
#8174=ADVANCED_FACE('',(#374),#7751,.T.);
#8175=ADVANCED_FACE('',(#375),#7752,.T.);
#8176=ADVANCED_FACE('',(#376),#7753,.T.);
#8177=ADVANCED_FACE('',(#377),#7754,.T.);
#8178=ADVANCED_FACE('',(#378),#7755,.T.);
#8179=ADVANCED_FACE('',(#379),#7756,.T.);
#8180=ADVANCED_FACE('',(#380),#7757,.T.);
#8181=ADVANCED_FACE('',(#381),#7758,.T.);
#8182=ADVANCED_FACE('',(#382),#7759,.T.);
#8183=ADVANCED_FACE('',(#383),#7760,.T.);
#8184=ADVANCED_FACE('',(#384),#7761,.T.);
#8185=ADVANCED_FACE('',(#385),#7762,.T.);
#8186=ADVANCED_FACE('',(#386),#7763,.T.);
#8187=ADVANCED_FACE('',(#387),#7764,.T.);
#8188=ADVANCED_FACE('',(#388),#7765,.T.);
#8189=ADVANCED_FACE('',(#389),#7766,.T.);
#8190=ADVANCED_FACE('',(#390),#7767,.T.);
#8191=ADVANCED_FACE('',(#391),#7768,.T.);
#8192=ADVANCED_FACE('',(#392),#7769,.T.);
#8193=ADVANCED_FACE('',(#393),#7770,.T.);
#8194=ADVANCED_FACE('',(#394),#7771,.T.);
#8195=ADVANCED_FACE('',(#395),#7772,.T.);
#8196=ADVANCED_FACE('',(#396),#7773,.T.);
#8197=ADVANCED_FACE('',(#397),#7774,.T.);
#8198=ADVANCED_FACE('',(#398),#7775,.T.);
#8199=ADVANCED_FACE('',(#399),#7776,.T.);
#8200=ADVANCED_FACE('',(#400),#7777,.T.);
#8201=ADVANCED_FACE('',(#401),#7778,.T.);
#8202=ADVANCED_FACE('',(#402),#7779,.T.);
#8203=ADVANCED_FACE('',(#403),#7780,.T.);
#8204=ADVANCED_FACE('',(#404),#7781,.T.);
#8205=ADVANCED_FACE('',(#405),#7782,.T.);
#8206=ADVANCED_FACE('',(#406),#7783,.T.);
#8207=ADVANCED_FACE('',(#407),#7784,.T.);
#8208=ADVANCED_FACE('',(#408),#7785,.T.);
#8209=ADVANCED_FACE('',(#409),#7786,.T.);
#8210=ADVANCED_FACE('',(#410),#7787,.T.);
#8211=ADVANCED_FACE('',(#411),#7788,.T.);
#8212=ADVANCED_FACE('',(#412),#7789,.T.);
#8213=ADVANCED_FACE('',(#413),#7790,.T.);
#8214=ADVANCED_FACE('',(#414),#7791,.T.);
#8215=ADVANCED_FACE('',(#415),#7792,.T.);
#8216=ADVANCED_FACE('',(#416),#7793,.T.);
#8217=ADVANCED_FACE('',(#417),#7794,.T.);
#8218=ADVANCED_FACE('',(#418),#7795,.T.);
#8219=ADVANCED_FACE('',(#419),#7796,.T.);
#8220=ADVANCED_FACE('',(#420),#7797,.T.);
#8221=ADVANCED_FACE('',(#421),#7798,.T.);
#8222=ADVANCED_FACE('',(#422),#7799,.T.);
#8223=ADVANCED_FACE('',(#423),#7800,.T.);
#8224=ADVANCED_FACE('',(#424),#7801,.T.);
#8225=ADVANCED_FACE('',(#425),#7802,.T.);
#8226=ADVANCED_FACE('',(#426),#7803,.T.);
#8227=ADVANCED_FACE('',(#427),#7804,.T.);
#8228=ADVANCED_FACE('',(#428),#7805,.T.);
#8229=ADVANCED_FACE('',(#429),#7806,.T.);
#8230=ADVANCED_FACE('',(#430),#7807,.T.);
#8231=ADVANCED_FACE('',(#431),#7808,.T.);
#8232=ADVANCED_FACE('',(#432),#7809,.T.);
#8233=ADVANCED_FACE('',(#433),#7810,.T.);
#8234=ADVANCED_FACE('',(#434),#7811,.T.);
#8235=ADVANCED_FACE('',(#435),#7812,.T.);
#8236=ADVANCED_FACE('',(#436),#7813,.T.);
#8237=ADVANCED_FACE('',(#437),#7814,.T.);
#8238=ADVANCED_FACE('',(#438),#7815,.T.);
#8239=ADVANCED_FACE('',(#439),#7816,.T.);
#8240=ADVANCED_FACE('',(#440),#7817,.T.);
#8241=ADVANCED_FACE('',(#441),#7818,.T.);
#8242=ADVANCED_FACE('',(#442),#7819,.T.);
#8243=ADVANCED_FACE('',(#443),#7820,.T.);
#8244=ADVANCED_FACE('',(#444),#7821,.T.);
#8245=ADVANCED_FACE('',(#445),#7822,.T.);
#8246=ADVANCED_FACE('',(#446),#7823,.T.);
#8247=ADVANCED_FACE('',(#447),#7824,.T.);
#8248=ADVANCED_FACE('',(#448),#7825,.T.);
#8249=ADVANCED_FACE('',(#449),#7826,.T.);
#8250=ADVANCED_FACE('',(#450),#7827,.T.);
#8251=ADVANCED_FACE('',(#451),#7828,.T.);
#8252=ADVANCED_FACE('',(#452),#7829,.T.);
#8253=ADVANCED_FACE('',(#453),#7830,.T.);
#8254=ADVANCED_FACE('',(#454),#7831,.T.);
#8255=ADVANCED_FACE('',(#455),#7832,.T.);
#8256=ADVANCED_FACE('',(#456),#7833,.T.);
#8257=ADVANCED_FACE('',(#457),#7834,.T.);
#8258=ADVANCED_FACE('',(#458),#7835,.T.);
#8259=ADVANCED_FACE('',(#459,#148),#7836,.T.);
#8260=ADVANCED_FACE('',(#460,#149),#7837,.T.);
#8261=ADVANCED_FACE('',(#461),#7838,.F.);
#8262=ADVANCED_FACE('',(#462),#7839,.F.);
#8263=ADVANCED_FACE('',(#463),#7840,.F.);
#8264=ADVANCED_FACE('',(#464),#7841,.F.);
#8265=ADVANCED_FACE('',(#465),#7842,.F.);
#8266=ADVANCED_FACE('',(#466),#7843,.F.);
#8267=ADVANCED_FACE('',(#467),#7844,.F.);
#8268=ADVANCED_FACE('',(#468),#7845,.T.);
#8269=ADVANCED_FACE('',(#469),#7846,.T.);
#8270=ADVANCED_FACE('',(#470),#7847,.T.);
#8271=ADVANCED_FACE('',(#471),#7848,.T.);
#8272=ADVANCED_FACE('',(#472),#7849,.T.);
#8273=ADVANCED_FACE('',(#473),#7850,.T.);
#8274=ADVANCED_FACE('',(#474),#7851,.T.);
#8275=ADVANCED_FACE('',(#475),#7852,.T.);
#8276=ADVANCED_FACE('',(#476),#7853,.T.);
#8277=ADVANCED_FACE('',(#477),#7854,.T.);
#8278=ADVANCED_FACE('',(#478),#7855,.T.);
#8279=ADVANCED_FACE('',(#479),#7856,.T.);
#8280=ADVANCED_FACE('',(#480),#7857,.T.);
#8281=ADVANCED_FACE('',(#481),#7858,.T.);
#8282=ADVANCED_FACE('',(#482),#7859,.T.);
#8283=ADVANCED_FACE('',(#483),#7860,.T.);
#8284=ADVANCED_FACE('',(#484),#7861,.T.);
#8285=ADVANCED_FACE('',(#485),#7862,.T.);
#8286=ADVANCED_FACE('',(#486),#7863,.T.);
#8287=ADVANCED_FACE('',(#487),#7864,.T.);
#8288=ADVANCED_FACE('',(#488),#7865,.F.);
#8289=ADVANCED_FACE('',(#489),#7866,.F.);
#8290=ADVANCED_FACE('',(#490),#7867,.F.);
#8291=ADVANCED_FACE('',(#491),#7868,.F.);
#8292=ADVANCED_FACE('',(#492),#7869,.F.);
#8293=ADVANCED_FACE('',(#493),#7870,.F.);
#8294=ADVANCED_FACE('',(#494),#7871,.F.);
#8295=ADVANCED_FACE('',(#495),#7872,.F.);
#8296=ADVANCED_FACE('',(#496),#7873,.F.);
#8297=ADVANCED_FACE('',(#497),#7874,.F.);
#8298=ADVANCED_FACE('',(#498),#7875,.F.);
#8299=ADVANCED_FACE('',(#499),#7876,.F.);
#8300=ADVANCED_FACE('',(#500),#7877,.F.);
#8301=ADVANCED_FACE('',(#501),#7878,.F.);
#8302=ADVANCED_FACE('',(#502),#7879,.F.);
#8303=ADVANCED_FACE('',(#503),#7880,.T.);
#8304=ADVANCED_FACE('',(#504),#7881,.T.);
#8305=ADVANCED_FACE('',(#505),#7882,.T.);
#8306=ADVANCED_FACE('',(#506),#7883,.T.);
#8307=ADVANCED_FACE('',(#507),#7884,.T.);
#8308=ADVANCED_FACE('',(#508),#7885,.T.);
#8309=ADVANCED_FACE('',(#509),#7886,.T.);
#8310=ADVANCED_FACE('',(#510),#7887,.T.);
#8311=ADVANCED_FACE('',(#511),#7888,.T.);
#8312=ADVANCED_FACE('',(#512),#7889,.T.);
#8313=ADVANCED_FACE('',(#513),#7890,.T.);
#8314=ADVANCED_FACE('',(#514),#7891,.T.);
#8315=ADVANCED_FACE('',(#515),#7892,.T.);
#8316=ADVANCED_FACE('',(#516),#7893,.T.);
#8317=ADVANCED_FACE('',(#517),#7894,.T.);
#8318=ADVANCED_FACE('',(#518),#7895,.T.);
#8319=ADVANCED_FACE('',(#519),#7896,.T.);
#8320=ADVANCED_FACE('',(#520),#7897,.T.);
#8321=ADVANCED_FACE('',(#521),#7898,.T.);
#8322=ADVANCED_FACE('',(#522),#7899,.T.);
#8323=ADVANCED_FACE('',(#523),#7900,.T.);
#8324=ADVANCED_FACE('',(#524),#7901,.T.);
#8325=ADVANCED_FACE('',(#525),#7902,.T.);
#8326=ADVANCED_FACE('',(#526),#7903,.T.);
#8327=ADVANCED_FACE('',(#527),#7904,.T.);
#8328=ADVANCED_FACE('',(#528),#7905,.T.);
#8329=ADVANCED_FACE('',(#529),#7906,.T.);
#8330=ADVANCED_FACE('',(#530),#7907,.T.);
#8331=ADVANCED_FACE('',(#531),#7908,.T.);
#8332=ADVANCED_FACE('',(#532),#7909,.T.);
#8333=ADVANCED_FACE('',(#533),#7910,.T.);
#8334=ADVANCED_FACE('',(#534),#7911,.T.);
#8335=ADVANCED_FACE('',(#535),#7912,.T.);
#8336=ADVANCED_FACE('',(#536),#7913,.T.);
#8337=ADVANCED_FACE('',(#537),#7914,.T.);
#8338=ADVANCED_FACE('',(#538),#7915,.T.);
#8339=ADVANCED_FACE('',(#539),#7916,.T.);
#8340=ADVANCED_FACE('',(#540),#7917,.T.);
#8341=ADVANCED_FACE('',(#541),#7918,.T.);
#8342=ADVANCED_FACE('',(#542),#7919,.F.);
#8343=ADVANCED_FACE('',(#543),#7920,.F.);
#8344=ADVANCED_FACE('',(#544),#7921,.F.);
#8345=ADVANCED_FACE('',(#545),#7922,.F.);
#8346=ADVANCED_FACE('',(#546),#7923,.F.);
#8347=ADVANCED_FACE('',(#547),#7924,.F.);
#8348=ADVANCED_FACE('',(#548),#7925,.F.);
#8349=ADVANCED_FACE('',(#549),#7926,.F.);
#8350=ADVANCED_FACE('',(#550),#7927,.F.);
#8351=ADVANCED_FACE('',(#551),#7928,.F.);
#8352=ADVANCED_FACE('',(#552),#7929,.F.);
#8353=ADVANCED_FACE('',(#553),#7930,.F.);
#8354=ADVANCED_FACE('',(#554),#7931,.F.);
#8355=ADVANCED_FACE('',(#555),#7932,.F.);
#8356=ADVANCED_FACE('',(#556),#7933,.F.);
#8357=ADVANCED_FACE('',(#557),#7934,.F.);
#8358=ADVANCED_FACE('',(#558),#7935,.F.);
#8359=ADVANCED_FACE('',(#559),#7936,.F.);
#8360=ADVANCED_FACE('',(#560),#7937,.F.);
#8361=ADVANCED_FACE('',(#561),#7938,.F.);
#8362=ADVANCED_FACE('',(#562),#7939,.F.);
#8363=ADVANCED_FACE('',(#563),#7940,.F.);
#8364=ADVANCED_FACE('',(#564),#7941,.F.);
#8365=ADVANCED_FACE('',(#565),#7942,.F.);
#8366=ADVANCED_FACE('',(#566),#7943,.F.);
#8367=ADVANCED_FACE('',(#567),#7944,.F.);
#8368=ADVANCED_FACE('',(#568),#7945,.F.);
#8369=ADVANCED_FACE('',(#569),#7946,.F.);
#8370=ADVANCED_FACE('',(#570),#7947,.F.);
#8371=ADVANCED_FACE('',(#571),#7948,.F.);
#8372=ADVANCED_FACE('',(#572),#7949,.F.);
#8373=CLOSED_SHELL('',(#7950,#7951,#7952,#7953,#7954,#7955,#7956,#7957,
#7958,#7959,#7960,#7961,#7962,#7963,#7964,#7965,#7966,#7967,#7968,#7969,
#7970,#7971,#7972,#7973,#7974,#7975,#7976,#7977,#7978,#7979,#7980,#7981,
#7982,#7983,#7984,#7985,#7986,#7987,#7988,#7989,#7990,#7991,#7992,#7993,
#7994,#7995,#7996,#7997,#7998,#7999,#8000,#8001,#8002,#8003,#8004,#8005,
#8006,#8007,#8008,#8009,#8010,#8011,#8012,#8013,#8014,#8015,#8016,#8017,
#8018,#8019,#8020,#8021,#8022,#8023,#8024,#8025,#8026,#8027,#8028,#8029,
#8030,#8031,#8032,#8033,#8034,#8035,#8036,#8037,#8038,#8039,#8040,#8041,
#8042,#8043,#8044,#8045,#8046,#8047,#8048,#8049,#8050,#8051,#8052,#8053,
#8054,#8055,#8056,#8057,#8058,#8059,#8060,#8061,#8062,#8063,#8064,#8065,
#8066,#8067,#8068,#8069,#8070,#8071,#8072,#8073,#8074,#8075,#8076,#8077,
#8078,#8079,#8080,#8081,#8082,#8083,#8084,#8085,#8086,#8087,#8088,#8089,
#8090,#8091,#8092,#8093,#8094,#8095,#8096,#8097,#8098,#8099,#8100,#8101,
#8102,#8103,#8104,#8105,#8106,#8107,#8108,#8109,#8110,#8111,#8112,#8113,
#8114,#8115,#8116,#8117,#8118,#8119,#8120,#8121,#8122,#8123,#8124,#8125,
#8126,#8127,#8128,#8129,#8130,#8131,#8132,#8133,#8134,#8135,#8136,#8137,
#8138,#8139,#8140,#8141,#8142,#8143,#8144,#8145,#8146,#8147,#8148,#8149,
#8150));
#8374=CLOSED_SHELL('',(#8151,#8152,#8153,#8154,#8155,#8156,#8157,#8158,
#8159,#8160,#8161,#8162,#8163,#8164,#8165,#8166,#8167,#8168,#8169,#8170,
#8171,#8172,#8173,#8174,#8175,#8176,#8177,#8178,#8179,#8180,#8181,#8182,
#8183,#8184,#8185,#8186,#8187,#8188,#8189,#8190,#8191,#8192,#8193,#8194,
#8195,#8196,#8197,#8198,#8199,#8200,#8201,#8202,#8203,#8204,#8205,#8206,
#8207,#8208,#8209,#8210,#8211,#8212,#8213,#8214,#8215,#8216,#8217,#8218,
#8219,#8220,#8221,#8222,#8223,#8224,#8225,#8226,#8227,#8228,#8229,#8230,
#8231,#8232,#8233,#8234,#8235,#8236,#8237,#8238,#8239,#8240,#8241,#8242,
#8243,#8244,#8245,#8246,#8247,#8248,#8249,#8250,#8251,#8252,#8253,#8254,
#8255,#8256,#8257,#8258,#8259,#8260));
#8375=CLOSED_SHELL('',(#8261,#8262,#8263,#8264,#8265,#8266,#8267,#8268,
#8269,#8270,#8271,#8272,#8273,#8274));
#8376=CLOSED_SHELL('',(#8275,#8276,#8277,#8278,#8279,#8280,#8281,#8282,
#8283,#8284,#8285,#8286,#8287,#8288,#8289,#8290,#8291,#8292,#8293,#8294,
#8295,#8296,#8297,#8298,#8299,#8300,#8301,#8302));
#8377=CLOSED_SHELL('',(#8303,#8304,#8305,#8306,#8307,#8308,#8309,#8310,
#8311,#8312,#8313,#8314,#8315,#8316,#8317,#8318,#8319,#8320,#8321,#8322,
#8323,#8324,#8325,#8326,#8327,#8328,#8329,#8330,#8331,#8332,#8333,#8334,
#8335,#8336,#8337,#8338,#8339,#8340,#8341,#8342,#8343,#8344,#8345,#8346,
#8347,#8348,#8349,#8350,#8351,#8352,#8353,#8354,#8355,#8356,#8357,#8358,
#8359,#8360,#8361,#8362,#8363,#8364,#8365,#8366,#8367,#8368,#8369,#8370,
#8371,#8372));
#8378=DERIVED_UNIT_ELEMENT(#8380,1.);
#8379=DERIVED_UNIT_ELEMENT(#13835,-3.);
#8380=(
MASS_UNIT()
NAMED_UNIT(*)
SI_UNIT(.KILO.,.GRAM.)
);
#8381=DERIVED_UNIT((#8378,#8379));
#8382=MEASURE_REPRESENTATION_ITEM('density measure',
POSITIVE_RATIO_MEASURE(7850.),#8381);
#8383=PROPERTY_DEFINITION_REPRESENTATION(#8388,#8385);
#8384=PROPERTY_DEFINITION_REPRESENTATION(#8389,#8386);
#8385=REPRESENTATION('material name',(#8387),#13832);
#8386=REPRESENTATION('density',(#8382),#13832);
#8387=DESCRIPTIVE_REPRESENTATION_ITEM('Steel','Steel');
#8388=PROPERTY_DEFINITION('material property','material name',#13842);
#8389=PROPERTY_DEFINITION('material property','density of part',#13842);
#8390=AXIS2_PLACEMENT_3D('',#10750,#8806,#8807);
#8391=AXIS2_PLACEMENT_3D('',#10751,#8808,#8809);
#8392=AXIS2_PLACEMENT_3D('',#10760,#8814,#8815);
#8393=AXIS2_PLACEMENT_3D('',#10766,#8819,#8820);
#8394=AXIS2_PLACEMENT_3D('',#10772,#8824,#8825);
#8395=AXIS2_PLACEMENT_3D('',#10778,#8829,#8830);
#8396=AXIS2_PLACEMENT_3D('',#10784,#8834,#8835);
#8397=AXIS2_PLACEMENT_3D('',#10790,#8839,#8840);
#8398=AXIS2_PLACEMENT_3D('',#10796,#8844,#8845);
#8399=AXIS2_PLACEMENT_3D('',#10802,#8849,#8850);
#8400=AXIS2_PLACEMENT_3D('',#10808,#8854,#8855);
#8401=AXIS2_PLACEMENT_3D('',#10814,#8859,#8860);
#8402=AXIS2_PLACEMENT_3D('',#10820,#8864,#8865);
#8403=AXIS2_PLACEMENT_3D('',#10826,#8869,#8870);
#8404=AXIS2_PLACEMENT_3D('',#10832,#8874,#8875);
#8405=AXIS2_PLACEMENT_3D('',#10838,#8879,#8880);
#8406=AXIS2_PLACEMENT_3D('',#10844,#8884,#8885);
#8407=AXIS2_PLACEMENT_3D('',#10850,#8889,#8890);
#8408=AXIS2_PLACEMENT_3D('',#10856,#8894,#8895);
#8409=AXIS2_PLACEMENT_3D('',#10862,#8899,#8900);
#8410=AXIS2_PLACEMENT_3D('',#10868,#8904,#8905);
#8411=AXIS2_PLACEMENT_3D('',#10874,#8909,#8910);
#8412=AXIS2_PLACEMENT_3D('',#10880,#8914,#8915);
#8413=AXIS2_PLACEMENT_3D('',#10886,#8919,#8920);
#8414=AXIS2_PLACEMENT_3D('',#10892,#8924,#8925);
#8415=AXIS2_PLACEMENT_3D('',#10898,#8929,#8930);
#8416=AXIS2_PLACEMENT_3D('',#10904,#8934,#8935);
#8417=AXIS2_PLACEMENT_3D('',#10910,#8939,#8940);
#8418=AXIS2_PLACEMENT_3D('',#10916,#8944,#8945);
#8419=AXIS2_PLACEMENT_3D('',#10922,#8949,#8950);
#8420=AXIS2_PLACEMENT_3D('',#10928,#8954,#8955);
#8421=AXIS2_PLACEMENT_3D('',#10934,#8959,#8960);
#8422=AXIS2_PLACEMENT_3D('',#10940,#8964,#8965);
#8423=AXIS2_PLACEMENT_3D('',#10946,#8969,#8970);
#8424=AXIS2_PLACEMENT_3D('',#10952,#8974,#8975);
#8425=AXIS2_PLACEMENT_3D('',#10955,#8978,#8979);
#8426=AXIS2_PLACEMENT_3D('',#10964,#8984,#8985);
#8427=AXIS2_PLACEMENT_3D('',#10970,#8989,#8990);
#8428=AXIS2_PLACEMENT_3D('',#10976,#8994,#8995);
#8429=AXIS2_PLACEMENT_3D('',#10982,#8999,#9000);
#8430=AXIS2_PLACEMENT_3D('',#10988,#9004,#9005);
#8431=AXIS2_PLACEMENT_3D('',#10994,#9009,#9010);
#8432=AXIS2_PLACEMENT_3D('',#11000,#9014,#9015);
#8433=AXIS2_PLACEMENT_3D('',#11006,#9019,#9020);
#8434=AXIS2_PLACEMENT_3D('',#11012,#9024,#9025);
#8435=AXIS2_PLACEMENT_3D('',#11018,#9029,#9030);
#8436=AXIS2_PLACEMENT_3D('',#11024,#9034,#9035);
#8437=AXIS2_PLACEMENT_3D('',#11030,#9039,#9040);
#8438=AXIS2_PLACEMENT_3D('',#11036,#9044,#9045);
#8439=AXIS2_PLACEMENT_3D('',#11042,#9049,#9050);
#8440=AXIS2_PLACEMENT_3D('',#11048,#9054,#9055);
#8441=AXIS2_PLACEMENT_3D('',#11054,#9059,#9060);
#8442=AXIS2_PLACEMENT_3D('',#11060,#9064,#9065);
#8443=AXIS2_PLACEMENT_3D('',#11066,#9069,#9070);
#8444=AXIS2_PLACEMENT_3D('',#11072,#9074,#9075);
#8445=AXIS2_PLACEMENT_3D('',#11078,#9079,#9080);
#8446=AXIS2_PLACEMENT_3D('',#11084,#9084,#9085);
#8447=AXIS2_PLACEMENT_3D('',#11090,#9089,#9090);
#8448=AXIS2_PLACEMENT_3D('',#11096,#9094,#9095);
#8449=AXIS2_PLACEMENT_3D('',#11102,#9099,#9100);
#8450=AXIS2_PLACEMENT_3D('',#11108,#9104,#9105);
#8451=AXIS2_PLACEMENT_3D('',#11114,#9109,#9110);
#8452=AXIS2_PLACEMENT_3D('',#11120,#9114,#9115);
#8453=AXIS2_PLACEMENT_3D('',#11126,#9119,#9120);
#8454=AXIS2_PLACEMENT_3D('',#11132,#9124,#9125);
#8455=AXIS2_PLACEMENT_3D('',#11138,#9129,#9130);
#8456=AXIS2_PLACEMENT_3D('',#11144,#9134,#9135);
#8457=AXIS2_PLACEMENT_3D('',#11150,#9139,#9140);
#8458=AXIS2_PLACEMENT_3D('',#11156,#9144,#9145);
#8459=AXIS2_PLACEMENT_3D('',#11162,#9149,#9150);
#8460=AXIS2_PLACEMENT_3D('',#11168,#9154,#9155);
#8461=AXIS2_PLACEMENT_3D('',#11174,#9159,#9160);
#8462=AXIS2_PLACEMENT_3D('',#11180,#9164,#9165);
#8463=AXIS2_PLACEMENT_3D('',#11186,#9169,#9170);
#8464=AXIS2_PLACEMENT_3D('',#11192,#9174,#9175);
#8465=AXIS2_PLACEMENT_3D('',#11198,#9179,#9180);
#8466=AXIS2_PLACEMENT_3D('',#11204,#9184,#9185);
#8467=AXIS2_PLACEMENT_3D('',#11210,#9189,#9190);
#8468=AXIS2_PLACEMENT_3D('',#11216,#9194,#9195);
#8469=AXIS2_PLACEMENT_3D('',#11222,#9199,#9200);
#8470=AXIS2_PLACEMENT_3D('',#11228,#9204,#9205);
#8471=AXIS2_PLACEMENT_3D('',#11234,#9209,#9210);
#8472=AXIS2_PLACEMENT_3D('',#11240,#9214,#9215);
#8473=AXIS2_PLACEMENT_3D('',#11246,#9219,#9220);
#8474=AXIS2_PLACEMENT_3D('',#11252,#9224,#9225);
#8475=AXIS2_PLACEMENT_3D('',#11258,#9229,#9230);
#8476=AXIS2_PLACEMENT_3D('',#11264,#9234,#9235);
#8477=AXIS2_PLACEMENT_3D('',#11270,#9239,#9240);
#8478=AXIS2_PLACEMENT_3D('',#11276,#9244,#9245);
#8479=AXIS2_PLACEMENT_3D('',#11282,#9249,#9250);
#8480=AXIS2_PLACEMENT_3D('',#11288,#9254,#9255);
#8481=AXIS2_PLACEMENT_3D('',#11294,#9259,#9260);
#8482=AXIS2_PLACEMENT_3D('',#11300,#9264,#9265);
#8483=AXIS2_PLACEMENT_3D('',#11306,#9269,#9270);
#8484=AXIS2_PLACEMENT_3D('',#11312,#9274,#9275);
#8485=AXIS2_PLACEMENT_3D('',#11318,#9279,#9280);
#8486=AXIS2_PLACEMENT_3D('',#11324,#9284,#9285);
#8487=AXIS2_PLACEMENT_3D('',#11330,#9289,#9290);
#8488=AXIS2_PLACEMENT_3D('',#11336,#9294,#9295);
#8489=AXIS2_PLACEMENT_3D('',#11342,#9299,#9300);
#8490=AXIS2_PLACEMENT_3D('',#11348,#9304,#9305);
#8491=AXIS2_PLACEMENT_3D('',#11354,#9309,#9310);
#8492=AXIS2_PLACEMENT_3D('',#11360,#9314,#9315);
#8493=AXIS2_PLACEMENT_3D('',#11366,#9319,#9320);
#8494=AXIS2_PLACEMENT_3D('',#11372,#9324,#9325);
#8495=AXIS2_PLACEMENT_3D('',#11378,#9329,#9330);
#8496=AXIS2_PLACEMENT_3D('',#11384,#9334,#9335);
#8497=AXIS2_PLACEMENT_3D('',#11387,#9338,#9339);
#8498=AXIS2_PLACEMENT_3D('',#11388,#9340,#9341);
#8499=AXIS2_PLACEMENT_3D('',#11421,#9346,#9347);
#8500=AXIS2_PLACEMENT_3D('',#11490,#9354,#9355);
#8501=AXIS2_PLACEMENT_3D('',#11583,#9362,#9363);
#8502=AXIS2_PLACEMENT_3D('',#11676,#9370,#9371);
#8503=AXIS2_PLACEMENT_3D('',#11793,#9378,#9379);
#8504=AXIS2_PLACEMENT_3D('',#11799,#9383,#9384);
#8505=AXIS2_PLACEMENT_3D('',#11809,#9386,#9387);
#8506=AXIS2_PLACEMENT_3D('',#11813,#9390,#9391);
#8507=AXIS2_PLACEMENT_3D('',#11823,#9393,#9394);
#8508=AXIS2_PLACEMENT_3D('',#11925,#9401,#9402);
#8509=AXIS2_PLACEMENT_3D('',#12000,#9408,#9409);
#8510=AXIS2_PLACEMENT_3D('',#12075,#9415,#9416);
#8511=AXIS2_PLACEMENT_3D('',#12150,#9422,#9423);
#8512=AXIS2_PLACEMENT_3D('',#12196,#9427,#9428);
#8513=AXIS2_PLACEMENT_3D('',#12200,#9430,#9431);
#8514=AXIS2_PLACEMENT_3D('',#12202,#9433,#9434);
#8515=AXIS2_PLACEMENT_3D('',#12206,#9437,#9438);
#8516=AXIS2_PLACEMENT_3D('',#12209,#9440,#9441);
#8517=AXIS2_PLACEMENT_3D('',#12210,#9442,#9443);
#8518=AXIS2_PLACEMENT_3D('',#12214,#9446,#9447);
#8519=AXIS2_PLACEMENT_3D('',#12223,#9452,#9453);
#8520=AXIS2_PLACEMENT_3D('',#12232,#9458,#9459);
#8521=AXIS2_PLACEMENT_3D('',#12241,#9464,#9465);
#8522=AXIS2_PLACEMENT_3D('',#12250,#9470,#9471);
#8523=AXIS2_PLACEMENT_3D('',#12256,#9475,#9476);
#8524=AXIS2_PLACEMENT_3D('',#12265,#9481,#9482);
#8525=AXIS2_PLACEMENT_3D('',#12268,#9485,#9486);
#8526=AXIS2_PLACEMENT_3D('',#12271,#9489,#9490);
#8527=AXIS2_PLACEMENT_3D('',#12274,#9493,#9494);
#8528=AXIS2_PLACEMENT_3D('',#12280,#9498,#9499);
#8529=AXIS2_PLACEMENT_3D('',#12283,#9502,#9503);
#8530=AXIS2_PLACEMENT_3D('',#12286,#9506,#9507);
#8531=AXIS2_PLACEMENT_3D('',#12292,#9511,#9512);
#8532=AXIS2_PLACEMENT_3D('',#12296,#9515,#9516);
#8533=AXIS2_PLACEMENT_3D('',#12300,#9519,#9520);
#8534=AXIS2_PLACEMENT_3D('',#12304,#9523,#9524);
#8535=AXIS2_PLACEMENT_3D('',#12308,#9527,#9528);
#8536=AXIS2_PLACEMENT_3D('',#12312,#9531,#9532);
#8537=AXIS2_PLACEMENT_3D('',#12317,#9534,#9535);
#8538=AXIS2_PLACEMENT_3D('',#12321,#9537,#9538);
#8539=AXIS2_PLACEMENT_3D('',#12325,#9540,#9541);
#8540=AXIS2_PLACEMENT_3D('',#12328,#9543,#9544);
#8541=AXIS2_PLACEMENT_3D('',#12329,#9545,#9546);
#8542=AXIS2_PLACEMENT_3D('',#12333,#9549,#9550);
#8543=AXIS2_PLACEMENT_3D('',#12362,#9553,#9554);
#8544=AXIS2_PLACEMENT_3D('',#12363,#9555,#9556);
#8545=AXIS2_PLACEMENT_3D('',#12364,#9557,#9558);
#8546=AXIS2_PLACEMENT_3D('',#12365,#9559,#9560);
#8547=AXIS2_PLACEMENT_3D('',#12391,#9561,#9562);
#8548=AXIS2_PLACEMENT_3D('',#12392,#9563,#9564);
#8549=AXIS2_PLACEMENT_3D('',#12393,#9565,#9566);
#8550=AXIS2_PLACEMENT_3D('',#12420,#9567,#9568);
#8551=AXIS2_PLACEMENT_3D('',#12428,#9569,#9570);
#8552=AXIS2_PLACEMENT_3D('',#12430,#9571,#9572);
#8553=AXIS2_PLACEMENT_3D('',#12458,#9574,#9575);
#8554=AXIS2_PLACEMENT_3D('',#12466,#9576,#9577);
#8555=AXIS2_PLACEMENT_3D('',#12468,#9579,#9580);
#8556=AXIS2_PLACEMENT_3D('',#12471,#9583,#9584);
#8557=AXIS2_PLACEMENT_3D('',#12473,#9586,#9587);
#8558=AXIS2_PLACEMENT_3D('',#12474,#9588,#9589);
#8559=AXIS2_PLACEMENT_3D('',#12475,#9590,#9591);
#8560=AXIS2_PLACEMENT_3D('',#12476,#9592,#9593);
#8561=AXIS2_PLACEMENT_3D('',#12480,#9595,#9596);
#8562=AXIS2_PLACEMENT_3D('',#12482,#9598,#9599);
#8563=AXIS2_PLACEMENT_3D('',#12486,#9602,#9603);
#8564=AXIS2_PLACEMENT_3D('',#12488,#9604,#9605);
#8565=AXIS2_PLACEMENT_3D('',#12490,#9607,#9608);
#8566=AXIS2_PLACEMENT_3D('',#12494,#9610,#9611);
#8567=AXIS2_PLACEMENT_3D('',#12496,#9613,#9614);
#8568=AXIS2_PLACEMENT_3D('',#12500,#9617,#9618);
#8569=AXIS2_PLACEMENT_3D('',#12503,#9620,#9621);
#8570=AXIS2_PLACEMENT_3D('',#12504,#9622,#9623);
#8571=AXIS2_PLACEMENT_3D('',#12508,#9626,#9627);
#8572=AXIS2_PLACEMENT_3D('',#12511,#9629,#9630);
#8573=AXIS2_PLACEMENT_3D('',#12512,#9631,#9632);
#8574=AXIS2_PLACEMENT_3D('',#12515,#9634,#9635);
#8575=AXIS2_PLACEMENT_3D('',#12518,#9638,#9639);
#8576=AXIS2_PLACEMENT_3D('',#12520,#9641,#9642);
#8577=AXIS2_PLACEMENT_3D('',#12521,#9643,#9644);
#8578=AXIS2_PLACEMENT_3D('',#12525,#9647,#9648);
#8579=AXIS2_PLACEMENT_3D('',#12529,#9651,#9652);
#8580=AXIS2_PLACEMENT_3D('',#12533,#9655,#9656);
#8581=AXIS2_PLACEMENT_3D('',#12535,#9658,#9659);
#8582=AXIS2_PLACEMENT_3D('',#12536,#9660,#9661);
#8583=AXIS2_PLACEMENT_3D('',#12537,#9662,#9663);
#8584=AXIS2_PLACEMENT_3D('',#12538,#9664,#9665);
#8585=AXIS2_PLACEMENT_3D('',#12547,#9670,#9671);
#8586=AXIS2_PLACEMENT_3D('',#12553,#9675,#9676);
#8587=AXIS2_PLACEMENT_3D('',#12559,#9680,#9681);
#8588=AXIS2_PLACEMENT_3D('',#12565,#9685,#9686);
#8589=AXIS2_PLACEMENT_3D('',#12571,#9690,#9691);
#8590=AXIS2_PLACEMENT_3D('',#12577,#9695,#9696);
#8591=AXIS2_PLACEMENT_3D('',#12583,#9700,#9701);
#8592=AXIS2_PLACEMENT_3D('',#12589,#9705,#9706);
#8593=AXIS2_PLACEMENT_3D('',#12595,#9710,#9711);
#8594=AXIS2_PLACEMENT_3D('',#12601,#9715,#9716);
#8595=AXIS2_PLACEMENT_3D('',#12607,#9720,#9721);
#8596=AXIS2_PLACEMENT_3D('',#12613,#9725,#9726);
#8597=AXIS2_PLACEMENT_3D('',#12619,#9730,#9731);
#8598=AXIS2_PLACEMENT_3D('',#12625,#9735,#9736);
#8599=AXIS2_PLACEMENT_3D('',#12631,#9740,#9741);
#8600=AXIS2_PLACEMENT_3D('',#12637,#9745,#9746);
#8601=AXIS2_PLACEMENT_3D('',#12643,#9750,#9751);
#8602=AXIS2_PLACEMENT_3D('',#12649,#9755,#9756);
#8603=AXIS2_PLACEMENT_3D('',#12655,#9760,#9761);
#8604=AXIS2_PLACEMENT_3D('',#12661,#9765,#9766);
#8605=AXIS2_PLACEMENT_3D('',#12667,#9770,#9771);
#8606=AXIS2_PLACEMENT_3D('',#12673,#9775,#9776);
#8607=AXIS2_PLACEMENT_3D('',#12679,#9780,#9781);
#8608=AXIS2_PLACEMENT_3D('',#12685,#9785,#9786);
#8609=AXIS2_PLACEMENT_3D('',#12691,#9790,#9791);
#8610=AXIS2_PLACEMENT_3D('',#12697,#9795,#9796);
#8611=AXIS2_PLACEMENT_3D('',#12703,#9800,#9801);
#8612=AXIS2_PLACEMENT_3D('',#12709,#9805,#9806);
#8613=AXIS2_PLACEMENT_3D('',#12715,#9810,#9811);
#8614=AXIS2_PLACEMENT_3D('',#12721,#9815,#9816);
#8615=AXIS2_PLACEMENT_3D('',#12727,#9820,#9821);
#8616=AXIS2_PLACEMENT_3D('',#12733,#9825,#9826);
#8617=AXIS2_PLACEMENT_3D('',#12739,#9830,#9831);
#8618=AXIS2_PLACEMENT_3D('',#12745,#9835,#9836);
#8619=AXIS2_PLACEMENT_3D('',#12751,#9840,#9841);
#8620=AXIS2_PLACEMENT_3D('',#12757,#9845,#9846);
#8621=AXIS2_PLACEMENT_3D('',#12763,#9850,#9851);
#8622=AXIS2_PLACEMENT_3D('',#12769,#9855,#9856);
#8623=AXIS2_PLACEMENT_3D('',#12775,#9860,#9861);
#8624=AXIS2_PLACEMENT_3D('',#12778,#9864,#9865);
#8625=AXIS2_PLACEMENT_3D('',#12787,#9870,#9871);
#8626=AXIS2_PLACEMENT_3D('',#12793,#9875,#9876);
#8627=AXIS2_PLACEMENT_3D('',#12799,#9880,#9881);
#8628=AXIS2_PLACEMENT_3D('',#12805,#9885,#9886);
#8629=AXIS2_PLACEMENT_3D('',#12811,#9890,#9891);
#8630=AXIS2_PLACEMENT_3D('',#12817,#9895,#9896);
#8631=AXIS2_PLACEMENT_3D('',#12823,#9900,#9901);
#8632=AXIS2_PLACEMENT_3D('',#12829,#9905,#9906);
#8633=AXIS2_PLACEMENT_3D('',#12835,#9910,#9911);
#8634=AXIS2_PLACEMENT_3D('',#12841,#9915,#9916);
#8635=AXIS2_PLACEMENT_3D('',#12847,#9920,#9921);
#8636=AXIS2_PLACEMENT_3D('',#12853,#9925,#9926);
#8637=AXIS2_PLACEMENT_3D('',#12859,#9930,#9931);
#8638=AXIS2_PLACEMENT_3D('',#12865,#9935,#9936);
#8639=AXIS2_PLACEMENT_3D('',#12871,#9940,#9941);
#8640=AXIS2_PLACEMENT_3D('',#12877,#9945,#9946);
#8641=AXIS2_PLACEMENT_3D('',#12883,#9950,#9951);
#8642=AXIS2_PLACEMENT_3D('',#12889,#9955,#9956);
#8643=AXIS2_PLACEMENT_3D('',#12895,#9960,#9961);
#8644=AXIS2_PLACEMENT_3D('',#12901,#9965,#9966);
#8645=AXIS2_PLACEMENT_3D('',#12907,#9970,#9971);
#8646=AXIS2_PLACEMENT_3D('',#12913,#9975,#9976);
#8647=AXIS2_PLACEMENT_3D('',#12919,#9980,#9981);
#8648=AXIS2_PLACEMENT_3D('',#12925,#9985,#9986);
#8649=AXIS2_PLACEMENT_3D('',#12931,#9990,#9991);
#8650=AXIS2_PLACEMENT_3D('',#12937,#9995,#9996);
#8651=AXIS2_PLACEMENT_3D('',#12943,#10000,#10001);
#8652=AXIS2_PLACEMENT_3D('',#12949,#10005,#10006);
#8653=AXIS2_PLACEMENT_3D('',#12955,#10010,#10011);
#8654=AXIS2_PLACEMENT_3D('',#12961,#10015,#10016);
#8655=AXIS2_PLACEMENT_3D('',#12967,#10020,#10021);
#8656=AXIS2_PLACEMENT_3D('',#12973,#10025,#10026);
#8657=AXIS2_PLACEMENT_3D('',#12979,#10030,#10031);
#8658=AXIS2_PLACEMENT_3D('',#12985,#10035,#10036);
#8659=AXIS2_PLACEMENT_3D('',#12991,#10040,#10041);
#8660=AXIS2_PLACEMENT_3D('',#12997,#10045,#10046);
#8661=AXIS2_PLACEMENT_3D('',#13003,#10050,#10051);
#8662=AXIS2_PLACEMENT_3D('',#13009,#10055,#10056);
#8663=AXIS2_PLACEMENT_3D('',#13015,#10060,#10061);
#8664=AXIS2_PLACEMENT_3D('',#13021,#10065,#10066);
#8665=AXIS2_PLACEMENT_3D('',#13027,#10070,#10071);
#8666=AXIS2_PLACEMENT_3D('',#13033,#10075,#10076);
#8667=AXIS2_PLACEMENT_3D('',#13039,#10080,#10081);
#8668=AXIS2_PLACEMENT_3D('',#13045,#10085,#10086);
#8669=AXIS2_PLACEMENT_3D('',#13051,#10090,#10091);
#8670=AXIS2_PLACEMENT_3D('',#13057,#10095,#10096);
#8671=AXIS2_PLACEMENT_3D('',#13063,#10100,#10101);
#8672=AXIS2_PLACEMENT_3D('',#13069,#10105,#10106);
#8673=AXIS2_PLACEMENT_3D('',#13075,#10110,#10111);
#8674=AXIS2_PLACEMENT_3D('',#13081,#10115,#10116);
#8675=AXIS2_PLACEMENT_3D('',#13087,#10120,#10121);
#8676=AXIS2_PLACEMENT_3D('',#13093,#10125,#10126);
#8677=AXIS2_PLACEMENT_3D('',#13099,#10130,#10131);
#8678=AXIS2_PLACEMENT_3D('',#13105,#10135,#10136);
#8679=AXIS2_PLACEMENT_3D('',#13111,#10140,#10141);
#8680=AXIS2_PLACEMENT_3D('',#13117,#10145,#10146);
#8681=AXIS2_PLACEMENT_3D('',#13123,#10150,#10151);
#8682=AXIS2_PLACEMENT_3D('',#13129,#10155,#10156);
#8683=AXIS2_PLACEMENT_3D('',#13135,#10160,#10161);
#8684=AXIS2_PLACEMENT_3D('',#13141,#10165,#10166);
#8685=AXIS2_PLACEMENT_3D('',#13147,#10170,#10171);
#8686=AXIS2_PLACEMENT_3D('',#13153,#10175,#10176);
#8687=AXIS2_PLACEMENT_3D('',#13159,#10180,#10181);
#8688=AXIS2_PLACEMENT_3D('',#13165,#10185,#10186);
#8689=AXIS2_PLACEMENT_3D('',#13171,#10190,#10191);
#8690=AXIS2_PLACEMENT_3D('',#13177,#10195,#10196);
#8691=AXIS2_PLACEMENT_3D('',#13183,#10200,#10201);
#8692=AXIS2_PLACEMENT_3D('',#13186,#10204,#10205);
#8693=AXIS2_PLACEMENT_3D('',#13187,#10206,#10207);
#8694=AXIS2_PLACEMENT_3D('',#13188,#10208,#10209);
#8695=AXIS2_PLACEMENT_3D('',#13197,#10214,#10215);
#8696=AXIS2_PLACEMENT_3D('',#13206,#10220,#10221);
#8697=AXIS2_PLACEMENT_3D('',#13212,#10225,#10226);
#8698=AXIS2_PLACEMENT_3D('',#13218,#10230,#10231);
#8699=AXIS2_PLACEMENT_3D('',#13224,#10235,#10236);
#8700=AXIS2_PLACEMENT_3D('',#13230,#10240,#10241);
#8701=AXIS2_PLACEMENT_3D('',#13233,#10244,#10245);
#8702=AXIS2_PLACEMENT_3D('',#13243,#10251,#10252);
#8703=AXIS2_PLACEMENT_3D('',#13253,#10258,#10259);
#8704=AXIS2_PLACEMENT_3D('',#13255,#10261,#10262);
#8705=AXIS2_PLACEMENT_3D('',#13257,#10264,#10265);
#8706=AXIS2_PLACEMENT_3D('',#13259,#10267,#10268);
#8707=AXIS2_PLACEMENT_3D('',#13261,#10270,#10271);
#8708=AXIS2_PLACEMENT_3D('',#13262,#10272,#10273);
#8709=AXIS2_PLACEMENT_3D('',#13315,#10300,#10301);
#8710=AXIS2_PLACEMENT_3D('',#13321,#10305,#10306);
#8711=AXIS2_PLACEMENT_3D('',#13325,#10309,#10310);
#8712=AXIS2_PLACEMENT_3D('',#13329,#10313,#10314);
#8713=AXIS2_PLACEMENT_3D('',#13333,#10317,#10318);
#8714=AXIS2_PLACEMENT_3D('',#13337,#10321,#10322);
#8715=AXIS2_PLACEMENT_3D('',#13341,#10325,#10326);
#8716=AXIS2_PLACEMENT_3D('',#13345,#10329,#10330);
#8717=AXIS2_PLACEMENT_3D('',#13349,#10333,#10334);
#8718=AXIS2_PLACEMENT_3D('',#13353,#10337,#10338);
#8719=AXIS2_PLACEMENT_3D('',#13357,#10341,#10342);
#8720=AXIS2_PLACEMENT_3D('',#13361,#10345,#10346);
#8721=AXIS2_PLACEMENT_3D('',#13391,#10362,#10363);
#8722=AXIS2_PLACEMENT_3D('',#13393,#10365,#10366);
#8723=AXIS2_PLACEMENT_3D('',#13395,#10368,#10369);
#8724=AXIS2_PLACEMENT_3D('',#13397,#10371,#10372);
#8725=AXIS2_PLACEMENT_3D('',#13399,#10374,#10375);
#8726=AXIS2_PLACEMENT_3D('',#13401,#10377,#10378);
#8727=AXIS2_PLACEMENT_3D('',#13403,#10380,#10381);
#8728=AXIS2_PLACEMENT_3D('',#13405,#10383,#10384);
#8729=AXIS2_PLACEMENT_3D('',#13407,#10386,#10387);
#8730=AXIS2_PLACEMENT_3D('',#13409,#10389,#10390);
#8731=AXIS2_PLACEMENT_3D('',#13411,#10392,#10393);
#8732=AXIS2_PLACEMENT_3D('',#13413,#10395,#10396);
#8733=AXIS2_PLACEMENT_3D('',#13415,#10398,#10399);
#8734=AXIS2_PLACEMENT_3D('',#13417,#10401,#10402);
#8735=AXIS2_PLACEMENT_3D('',#13419,#10404,#10405);
#8736=AXIS2_PLACEMENT_3D('',#13420,#10406,#10407);
#8737=AXIS2_PLACEMENT_3D('',#13557,#10476,#10477);
#8738=AXIS2_PLACEMENT_3D('',#13563,#10481,#10482);
#8739=AXIS2_PLACEMENT_3D('',#13567,#10485,#10486);
#8740=AXIS2_PLACEMENT_3D('',#13571,#10489,#10490);
#8741=AXIS2_PLACEMENT_3D('',#13575,#10493,#10494);
#8742=AXIS2_PLACEMENT_3D('',#13579,#10497,#10498);
#8743=AXIS2_PLACEMENT_3D('',#13583,#10501,#10502);
#8744=AXIS2_PLACEMENT_3D('',#13587,#10505,#10506);
#8745=AXIS2_PLACEMENT_3D('',#13591,#10509,#10510);
#8746=AXIS2_PLACEMENT_3D('',#13595,#10513,#10514);
#8747=AXIS2_PLACEMENT_3D('',#13599,#10517,#10518);
#8748=AXIS2_PLACEMENT_3D('',#13603,#10521,#10522);
#8749=AXIS2_PLACEMENT_3D('',#13607,#10525,#10526);
#8750=AXIS2_PLACEMENT_3D('',#13611,#10529,#10530);
#8751=AXIS2_PLACEMENT_3D('',#13615,#10533,#10534);
#8752=AXIS2_PLACEMENT_3D('',#13619,#10537,#10538);
#8753=AXIS2_PLACEMENT_3D('',#13623,#10541,#10542);
#8754=AXIS2_PLACEMENT_3D('',#13627,#10545,#10546);
#8755=AXIS2_PLACEMENT_3D('',#13631,#10549,#10550);
#8756=AXIS2_PLACEMENT_3D('',#13635,#10553,#10554);
#8757=AXIS2_PLACEMENT_3D('',#13639,#10557,#10558);
#8758=AXIS2_PLACEMENT_3D('',#13643,#10561,#10562);
#8759=AXIS2_PLACEMENT_3D('',#13647,#10565,#10566);
#8760=AXIS2_PLACEMENT_3D('',#13651,#10569,#10570);
#8761=AXIS2_PLACEMENT_3D('',#13655,#10573,#10574);
#8762=AXIS2_PLACEMENT_3D('',#13659,#10577,#10578);
#8763=AXIS2_PLACEMENT_3D('',#13663,#10581,#10582);
#8764=AXIS2_PLACEMENT_3D('',#13667,#10585,#10586);
#8765=AXIS2_PLACEMENT_3D('',#13671,#10589,#10590);
#8766=AXIS2_PLACEMENT_3D('',#13675,#10593,#10594);
#8767=AXIS2_PLACEMENT_3D('',#13679,#10597,#10598);
#8768=AXIS2_PLACEMENT_3D('',#13683,#10601,#10602);
#8769=AXIS2_PLACEMENT_3D('',#13687,#10605,#10606);
#8770=AXIS2_PLACEMENT_3D('',#13691,#10609,#10610);
#8771=AXIS2_PLACEMENT_3D('',#13695,#10613,#10614);
#8772=AXIS2_PLACEMENT_3D('',#13699,#10617,#10618);
#8773=AXIS2_PLACEMENT_3D('',#13703,#10621,#10622);
#8774=AXIS2_PLACEMENT_3D('',#13767,#10655,#10656);
#8775=AXIS2_PLACEMENT_3D('',#13769,#10658,#10659);
#8776=AXIS2_PLACEMENT_3D('',#13772,#10662,#10663);
#8777=AXIS2_PLACEMENT_3D('',#13774,#10665,#10666);
#8778=AXIS2_PLACEMENT_3D('',#13776,#10668,#10669);
#8779=AXIS2_PLACEMENT_3D('',#13778,#10671,#10672);
#8780=AXIS2_PLACEMENT_3D('',#13780,#10674,#10675);
#8781=AXIS2_PLACEMENT_3D('',#13782,#10677,#10678);
#8782=AXIS2_PLACEMENT_3D('',#13784,#10680,#10681);
#8783=AXIS2_PLACEMENT_3D('',#13786,#10683,#10684);
#8784=AXIS2_PLACEMENT_3D('',#13788,#10686,#10687);
#8785=AXIS2_PLACEMENT_3D('',#13790,#10689,#10690);
#8786=AXIS2_PLACEMENT_3D('',#13792,#10692,#10693);
#8787=AXIS2_PLACEMENT_3D('',#13794,#10695,#10696);
#8788=AXIS2_PLACEMENT_3D('',#13796,#10698,#10699);
#8789=AXIS2_PLACEMENT_3D('',#13798,#10701,#10702);
#8790=AXIS2_PLACEMENT_3D('',#13800,#10704,#10705);
#8791=AXIS2_PLACEMENT_3D('',#13802,#10707,#10708);
#8792=AXIS2_PLACEMENT_3D('',#13804,#10710,#10711);
#8793=AXIS2_PLACEMENT_3D('',#13805,#10712,#10713);
#8794=AXIS2_PLACEMENT_3D('',#13807,#10715,#10716);
#8795=AXIS2_PLACEMENT_3D('',#13809,#10718,#10719);
#8796=AXIS2_PLACEMENT_3D('',#13811,#10721,#10722);
#8797=AXIS2_PLACEMENT_3D('',#13813,#10724,#10725);
#8798=AXIS2_PLACEMENT_3D('',#13815,#10727,#10728);
#8799=AXIS2_PLACEMENT_3D('',#13817,#10730,#10731);
#8800=AXIS2_PLACEMENT_3D('',#13819,#10733,#10734);
#8801=AXIS2_PLACEMENT_3D('',#13821,#10736,#10737);
#8802=AXIS2_PLACEMENT_3D('',#13823,#10739,#10740);
#8803=AXIS2_PLACEMENT_3D('',#13825,#10742,#10743);
#8804=AXIS2_PLACEMENT_3D('',#13827,#10745,#10746);
#8805=AXIS2_PLACEMENT_3D('',#13829,#10748,#10749);
#8806=DIRECTION('axis',(0.,0.,1.));
#8807=DIRECTION('refdir',(1.,0.,0.));
#8808=DIRECTION('center_axis',(-2.99722751304879E-15,0.,1.));
#8809=DIRECTION('ref_axis',(-1.,0.,-2.99722751304879E-15));
#8810=DIRECTION('',(-1.,-2.22044604925031E-16,-2.99722751304879E-15));
#8811=DIRECTION('',(0.,-1.,0.));
#8812=DIRECTION('',(-1.,0.,-2.99722751304879E-15));
#8813=DIRECTION('',(0.,-1.,0.));
#8814=DIRECTION('center_axis',(-1.,0.,0.));
#8815=DIRECTION('ref_axis',(0.,0.,-1.));
#8816=DIRECTION('',(0.,0.,-1.));
#8817=DIRECTION('',(0.,-1.,0.));
#8818=DIRECTION('',(0.,0.,-1.));
#8819=DIRECTION('center_axis',(0.,0.,1.));
#8820=DIRECTION('ref_axis',(-1.,0.,0.));
#8821=DIRECTION('',(-1.,-2.22044604925031E-16,0.));
#8822=DIRECTION('',(0.,-1.,0.));
#8823=DIRECTION('',(-1.,0.,0.));
#8824=DIRECTION('center_axis',(-1.,0.,0.));
#8825=DIRECTION('ref_axis',(0.,0.,-1.));
#8826=DIRECTION('',(0.,0.,-1.));
#8827=DIRECTION('',(0.,-1.,0.));
#8828=DIRECTION('',(0.,0.,-1.));
#8829=DIRECTION('center_axis',(-2.99722751304879E-15,0.,1.));
#8830=DIRECTION('ref_axis',(-1.,0.,-2.99722751304879E-15));
#8831=DIRECTION('',(-1.,-2.22044604925031E-16,-2.99722751304879E-15));
#8832=DIRECTION('',(0.,-1.,0.));
#8833=DIRECTION('',(-1.,0.,-2.99722751304879E-15));
#8834=DIRECTION('center_axis',(-1.,0.,0.));
#8835=DIRECTION('ref_axis',(0.,0.,-1.));
#8836=DIRECTION('',(0.,0.,-1.));
#8837=DIRECTION('',(0.,-1.,0.));
#8838=DIRECTION('',(0.,0.,-1.));
#8839=DIRECTION('center_axis',(0.,0.,1.));
#8840=DIRECTION('ref_axis',(-1.,0.,0.));
#8841=DIRECTION('',(-1.,-2.22044604925031E-16,0.));
#8842=DIRECTION('',(0.,-1.,0.));
#8843=DIRECTION('',(-1.,0.,0.));
#8844=DIRECTION('center_axis',(-1.,0.,0.));
#8845=DIRECTION('ref_axis',(0.,0.,-1.));
#8846=DIRECTION('',(0.,0.,-1.));
#8847=DIRECTION('',(0.,-1.,0.));
#8848=DIRECTION('',(0.,0.,-1.));
#8849=DIRECTION('center_axis',(0.,0.,-1.));
#8850=DIRECTION('ref_axis',(1.,0.,0.));
#8851=DIRECTION('',(1.,2.22044604925031E-16,0.));
#8852=DIRECTION('',(0.,-1.,0.));
#8853=DIRECTION('',(1.,0.,0.));
#8854=DIRECTION('center_axis',(-1.,0.,0.));
#8855=DIRECTION('ref_axis',(0.,0.,-1.));
#8856=DIRECTION('',(0.,0.,-1.));
#8857=DIRECTION('',(0.,-1.,0.));
#8858=DIRECTION('',(0.,0.,-1.));
#8859=DIRECTION('center_axis',(0.,0.,-1.));
#8860=DIRECTION('ref_axis',(1.,0.,0.));
#8861=DIRECTION('',(1.,2.22044604925031E-16,0.));
#8862=DIRECTION('',(0.,-1.,0.));
#8863=DIRECTION('',(1.,0.,0.));
#8864=DIRECTION('center_axis',(-1.,0.,0.));
#8865=DIRECTION('ref_axis',(0.,0.,-1.));
#8866=DIRECTION('',(0.,0.,-1.));
#8867=DIRECTION('',(0.,-1.,0.));
#8868=DIRECTION('',(0.,0.,-1.));
#8869=DIRECTION('center_axis',(0.,0.,-1.));
#8870=DIRECTION('ref_axis',(1.,0.,0.));
#8871=DIRECTION('',(1.,2.22044604925031E-16,0.));
#8872=DIRECTION('',(0.,-1.,0.));
#8873=DIRECTION('',(1.,0.,0.));
#8874=DIRECTION('center_axis',(-1.,0.,0.));
#8875=DIRECTION('ref_axis',(0.,0.,-1.));
#8876=DIRECTION('',(0.,0.,-1.));
#8877=DIRECTION('',(0.,-1.,0.));
#8878=DIRECTION('',(0.,0.,-1.));
#8879=DIRECTION('center_axis',(0.,0.,-1.));
#8880=DIRECTION('ref_axis',(1.,0.,0.));
#8881=DIRECTION('',(1.,2.22044604925031E-16,0.));
#8882=DIRECTION('',(0.,-1.,0.));
#8883=DIRECTION('',(1.,0.,0.));
#8884=DIRECTION('center_axis',(-1.,0.,0.));
#8885=DIRECTION('ref_axis',(0.,0.,-1.));
#8886=DIRECTION('',(0.,0.,-1.));
#8887=DIRECTION('',(0.,-1.,0.));
#8888=DIRECTION('',(0.,0.,-1.));
#8889=DIRECTION('center_axis',(0.,0.,-1.));
#8890=DIRECTION('ref_axis',(1.,0.,0.));
#8891=DIRECTION('',(1.,2.22044604925031E-16,0.));
#8892=DIRECTION('',(0.,-1.,0.));
#8893=DIRECTION('',(1.,0.,0.));
#8894=DIRECTION('center_axis',(1.,0.,0.));
#8895=DIRECTION('ref_axis',(0.,0.,1.));
#8896=DIRECTION('',(0.,0.,1.));
#8897=DIRECTION('',(0.,-1.,0.));
#8898=DIRECTION('',(0.,0.,1.));
#8899=DIRECTION('center_axis',(0.,0.,-1.));
#8900=DIRECTION('ref_axis',(1.,0.,0.));
#8901=DIRECTION('',(1.,2.22044604925031E-16,0.));
#8902=DIRECTION('',(0.,-1.,0.));
#8903=DIRECTION('',(1.,0.,0.));
#8904=DIRECTION('center_axis',(1.,0.,0.));
#8905=DIRECTION('ref_axis',(0.,0.,1.));
#8906=DIRECTION('',(0.,0.,1.));
#8907=DIRECTION('',(0.,-1.,0.));
#8908=DIRECTION('',(0.,0.,1.));
#8909=DIRECTION('center_axis',(0.,0.,-1.));
#8910=DIRECTION('ref_axis',(1.,0.,0.));
#8911=DIRECTION('',(1.,2.22044604925031E-16,0.));
#8912=DIRECTION('',(0.,-1.,0.));
#8913=DIRECTION('',(1.,0.,0.));
#8914=DIRECTION('center_axis',(1.,0.,-2.99722751304879E-15));
#8915=DIRECTION('ref_axis',(2.99722751304879E-15,0.,1.));
#8916=DIRECTION('',(2.99722751304879E-15,6.65518199005353E-31,1.));
#8917=DIRECTION('',(0.,-1.,0.));
#8918=DIRECTION('',(2.99722751304879E-15,0.,1.));
#8919=DIRECTION('center_axis',(0.,0.,-1.));
#8920=DIRECTION('ref_axis',(1.,0.,0.));
#8921=DIRECTION('',(1.,2.22044604925031E-16,0.));
#8922=DIRECTION('',(0.,-1.,0.));
#8923=DIRECTION('',(1.,0.,0.));
#8924=DIRECTION('center_axis',(1.,0.,0.));
#8925=DIRECTION('ref_axis',(0.,0.,1.));
#8926=DIRECTION('',(0.,0.,1.));
#8927=DIRECTION('',(0.,-1.,0.));
#8928=DIRECTION('',(0.,0.,1.));
#8929=DIRECTION('center_axis',(0.,0.,-1.));
#8930=DIRECTION('ref_axis',(1.,0.,0.));
#8931=DIRECTION('',(1.,2.22044604925031E-16,0.));
#8932=DIRECTION('',(0.,-1.,0.));
#8933=DIRECTION('',(1.,0.,0.));
#8934=DIRECTION('center_axis',(1.,0.,0.));
#8935=DIRECTION('ref_axis',(0.,0.,1.));
#8936=DIRECTION('',(0.,0.,1.));
#8937=DIRECTION('',(0.,-1.,0.));
#8938=DIRECTION('',(0.,0.,1.));
#8939=DIRECTION('center_axis',(0.,0.,1.));
#8940=DIRECTION('ref_axis',(-1.,0.,0.));
#8941=DIRECTION('',(-1.,-2.22044604925031E-16,0.));
#8942=DIRECTION('',(0.,-1.,0.));
#8943=DIRECTION('',(-1.,0.,0.));
#8944=DIRECTION('center_axis',(1.,0.,0.));
#8945=DIRECTION('ref_axis',(0.,0.,1.));
#8946=DIRECTION('',(0.,0.,1.));
#8947=DIRECTION('',(0.,-1.,0.));
#8948=DIRECTION('',(0.,0.,1.));
#8949=DIRECTION('center_axis',(0.,0.,1.));
#8950=DIRECTION('ref_axis',(-1.,0.,0.));
#8951=DIRECTION('',(-1.,-2.22044604925031E-16,0.));
#8952=DIRECTION('',(0.,-1.,0.));
#8953=DIRECTION('',(-1.,0.,0.));
#8954=DIRECTION('center_axis',(1.,0.,0.));
#8955=DIRECTION('ref_axis',(0.,0.,1.));
#8956=DIRECTION('',(0.,0.,1.));
#8957=DIRECTION('',(0.,-1.,0.));
#8958=DIRECTION('',(0.,0.,1.));
#8959=DIRECTION('center_axis',(0.,0.,1.));
#8960=DIRECTION('ref_axis',(-1.,0.,0.));
#8961=DIRECTION('',(-1.,-2.22044604925031E-16,0.));
#8962=DIRECTION('',(0.,-1.,0.));
#8963=DIRECTION('',(-1.,0.,0.));
#8964=DIRECTION('center_axis',(1.,0.,0.));
#8965=DIRECTION('ref_axis',(0.,0.,1.));
#8966=DIRECTION('',(0.,0.,1.));
#8967=DIRECTION('',(0.,-1.,0.));
#8968=DIRECTION('',(0.,0.,1.));
#8969=DIRECTION('center_axis',(0.,0.,1.));
#8970=DIRECTION('ref_axis',(-1.,0.,0.));
#8971=DIRECTION('',(-1.,-2.22044604925031E-16,0.));
#8972=DIRECTION('',(0.,-1.,0.));
#8973=DIRECTION('',(-1.,0.,0.));
#8974=DIRECTION('center_axis',(-1.,0.,0.));
#8975=DIRECTION('ref_axis',(0.,0.,-1.));
#8976=DIRECTION('',(0.,0.,-1.));
#8977=DIRECTION('',(0.,0.,-1.));
#8978=DIRECTION('center_axis',(-1.,0.,0.));
#8979=DIRECTION('ref_axis',(0.,0.,-1.));
#8980=DIRECTION('',(0.,0.,-1.));
#8981=DIRECTION('',(0.,-1.,0.));
#8982=DIRECTION('',(0.,0.,-1.));
#8983=DIRECTION('',(0.,-1.,0.));
#8984=DIRECTION('center_axis',(0.,0.,-1.));
#8985=DIRECTION('ref_axis',(1.,0.,0.));
#8986=DIRECTION('',(1.,2.22044604925031E-16,0.));
#8987=DIRECTION('',(0.,-1.,0.));
#8988=DIRECTION('',(1.,0.,0.));
#8989=DIRECTION('center_axis',(-1.,0.,0.));
#8990=DIRECTION('ref_axis',(0.,0.,-1.));
#8991=DIRECTION('',(0.,0.,-1.));
#8992=DIRECTION('',(0.,-1.,0.));
#8993=DIRECTION('',(0.,0.,-1.));
#8994=DIRECTION('center_axis',(0.,0.,-1.));
#8995=DIRECTION('ref_axis',(1.,0.,0.));
#8996=DIRECTION('',(1.,2.22044604925031E-16,0.));
#8997=DIRECTION('',(0.,-1.,0.));
#8998=DIRECTION('',(1.,0.,0.));
#8999=DIRECTION('center_axis',(-1.,0.,0.));
#9000=DIRECTION('ref_axis',(0.,0.,-1.));
#9001=DIRECTION('',(0.,0.,-1.));
#9002=DIRECTION('',(0.,-1.,0.));
#9003=DIRECTION('',(0.,0.,-1.));
#9004=DIRECTION('center_axis',(0.,0.,-1.));
#9005=DIRECTION('ref_axis',(1.,0.,0.));
#9006=DIRECTION('',(1.,2.22044604925031E-16,0.));
#9007=DIRECTION('',(0.,-1.,0.));
#9008=DIRECTION('',(1.,0.,0.));
#9009=DIRECTION('center_axis',(-1.,0.,0.));
#9010=DIRECTION('ref_axis',(0.,0.,-1.));
#9011=DIRECTION('',(0.,0.,-1.));
#9012=DIRECTION('',(0.,-1.,0.));
#9013=DIRECTION('',(0.,0.,-1.));
#9014=DIRECTION('center_axis',(0.,0.,-1.));
#9015=DIRECTION('ref_axis',(1.,0.,0.));
#9016=DIRECTION('',(1.,2.22044604925031E-16,0.));
#9017=DIRECTION('',(0.,-1.,0.));
#9018=DIRECTION('',(1.,0.,0.));
#9019=DIRECTION('center_axis',(-1.,0.,0.));
#9020=DIRECTION('ref_axis',(0.,0.,-1.));
#9021=DIRECTION('',(0.,0.,-1.));
#9022=DIRECTION('',(0.,-1.,0.));
#9023=DIRECTION('',(0.,0.,-1.));
#9024=DIRECTION('center_axis',(0.,0.,-1.));
#9025=DIRECTION('ref_axis',(1.,0.,0.));
#9026=DIRECTION('',(1.,2.22044604925031E-16,0.));
#9027=DIRECTION('',(0.,-1.,0.));
#9028=DIRECTION('',(1.,0.,0.));
#9029=DIRECTION('center_axis',(-1.,0.,0.));
#9030=DIRECTION('ref_axis',(0.,0.,-1.));
#9031=DIRECTION('',(0.,0.,-1.));
#9032=DIRECTION('',(0.,-1.,0.));
#9033=DIRECTION('',(0.,0.,-1.));
#9034=DIRECTION('center_axis',(0.,0.,1.));
#9035=DIRECTION('ref_axis',(-1.,0.,0.));
#9036=DIRECTION('',(-1.,-2.22044604925031E-16,0.));
#9037=DIRECTION('',(0.,-1.,0.));
#9038=DIRECTION('',(-1.,0.,0.));
#9039=DIRECTION('center_axis',(-1.,0.,0.));
#9040=DIRECTION('ref_axis',(0.,0.,-1.));
#9041=DIRECTION('',(0.,0.,-1.));
#9042=DIRECTION('',(0.,-1.,0.));
#9043=DIRECTION('',(0.,0.,-1.));
#9044=DIRECTION('center_axis',(0.,0.,1.));
#9045=DIRECTION('ref_axis',(-1.,0.,0.));
#9046=DIRECTION('',(-1.,-2.22044604925031E-16,0.));
#9047=DIRECTION('',(0.,-1.,0.));
#9048=DIRECTION('',(-1.,0.,0.));
#9049=DIRECTION('center_axis',(-1.,0.,0.));
#9050=DIRECTION('ref_axis',(0.,0.,-1.));
#9051=DIRECTION('',(0.,0.,-1.));
#9052=DIRECTION('',(0.,-1.,0.));
#9053=DIRECTION('',(0.,0.,-1.));
#9054=DIRECTION('center_axis',(0.,0.,1.));
#9055=DIRECTION('ref_axis',(-1.,0.,0.));
#9056=DIRECTION('',(-1.,-2.22044604925031E-16,0.));
#9057=DIRECTION('',(0.,-1.,0.));
#9058=DIRECTION('',(-1.,0.,0.));
#9059=DIRECTION('center_axis',(-1.,0.,2.99722751304879E-15));
#9060=DIRECTION('ref_axis',(-2.99722751304879E-15,0.,-1.));
#9061=DIRECTION('',(-2.99722751304879E-15,-6.65518199005353E-31,-1.));
#9062=DIRECTION('',(0.,-1.,0.));
#9063=DIRECTION('',(-2.99722751304879E-15,0.,-1.));
#9064=DIRECTION('center_axis',(0.,0.,1.));
#9065=DIRECTION('ref_axis',(-1.,0.,0.));
#9066=DIRECTION('',(-1.,-2.22044604925031E-16,0.));
#9067=DIRECTION('',(0.,-1.,0.));
#9068=DIRECTION('',(-1.,0.,0.));
#9069=DIRECTION('center_axis',(-1.,0.,0.));
#9070=DIRECTION('ref_axis',(0.,0.,-1.));
#9071=DIRECTION('',(0.,0.,-1.));
#9072=DIRECTION('',(0.,-1.,0.));
#9073=DIRECTION('',(0.,0.,-1.));
#9074=DIRECTION('center_axis',(0.,0.,1.));
#9075=DIRECTION('ref_axis',(-1.,0.,0.));
#9076=DIRECTION('',(-1.,-2.22044604925031E-16,0.));
#9077=DIRECTION('',(0.,-1.,0.));
#9078=DIRECTION('',(-1.,0.,0.));
#9079=DIRECTION('center_axis',(-1.,0.,0.));
#9080=DIRECTION('ref_axis',(0.,0.,-1.));
#9081=DIRECTION('',(0.,0.,-1.));
#9082=DIRECTION('',(0.,-1.,0.));
#9083=DIRECTION('',(0.,0.,-1.));
#9084=DIRECTION('center_axis',(0.,0.,1.));
#9085=DIRECTION('ref_axis',(-1.,0.,0.));
#9086=DIRECTION('',(-1.,-2.22044604925031E-16,0.));
#9087=DIRECTION('',(0.,-1.,0.));
#9088=DIRECTION('',(-1.,0.,0.));
#9089=DIRECTION('center_axis',(-1.,0.,2.99722751304879E-15));
#9090=DIRECTION('ref_axis',(-2.99722751304879E-15,0.,-1.));
#9091=DIRECTION('',(-2.99722751304879E-15,-6.65518199005353E-31,-1.));
#9092=DIRECTION('',(0.,-1.,0.));
#9093=DIRECTION('',(-2.99722751304879E-15,0.,-1.));
#9094=DIRECTION('center_axis',(0.,0.,1.));
#9095=DIRECTION('ref_axis',(-1.,0.,0.));
#9096=DIRECTION('',(-1.,-2.22044604925031E-16,0.));
#9097=DIRECTION('',(0.,-1.,0.));
#9098=DIRECTION('',(-1.,0.,0.));
#9099=DIRECTION('center_axis',(-1.,0.,0.));
#9100=DIRECTION('ref_axis',(0.,0.,-1.));
#9101=DIRECTION('',(0.,0.,-1.));
#9102=DIRECTION('',(0.,-1.,0.));
#9103=DIRECTION('',(0.,0.,-1.));
#9104=DIRECTION('center_axis',(0.,0.,1.));
#9105=DIRECTION('ref_axis',(-1.,0.,0.));
#9106=DIRECTION('',(-1.,-2.22044604925031E-16,0.));
#9107=DIRECTION('',(0.,-1.,0.));
#9108=DIRECTION('',(-1.,0.,0.));
#9109=DIRECTION('center_axis',(-1.,0.,0.));
#9110=DIRECTION('ref_axis',(0.,0.,-1.));
#9111=DIRECTION('',(0.,0.,-1.));
#9112=DIRECTION('',(0.,-1.,0.));
#9113=DIRECTION('',(0.,0.,-1.));
#9114=DIRECTION('center_axis',(0.,0.,1.));
#9115=DIRECTION('ref_axis',(-1.,0.,0.));
#9116=DIRECTION('',(-1.,-2.22044604925031E-16,0.));
#9117=DIRECTION('',(0.,-1.,0.));
#9118=DIRECTION('',(-1.,0.,0.));
#9119=DIRECTION('center_axis',(1.,0.,0.));
#9120=DIRECTION('ref_axis',(0.,0.,1.));
#9121=DIRECTION('',(0.,0.,1.));
#9122=DIRECTION('',(0.,-1.,0.));
#9123=DIRECTION('',(0.,0.,1.));
#9124=DIRECTION('center_axis',(0.,0.,1.));
#9125=DIRECTION('ref_axis',(-1.,0.,0.));
#9126=DIRECTION('',(-1.,-2.22044604925031E-16,0.));
#9127=DIRECTION('',(0.,-1.,0.));
#9128=DIRECTION('',(-1.,0.,0.));
#9129=DIRECTION('center_axis',(1.,0.,0.));
#9130=DIRECTION('ref_axis',(0.,0.,1.));
#9131=DIRECTION('',(0.,0.,1.));
#9132=DIRECTION('',(0.,-1.,0.));
#9133=DIRECTION('',(0.,0.,1.));
#9134=DIRECTION('center_axis',(0.,0.,1.));
#9135=DIRECTION('ref_axis',(-1.,0.,0.));
#9136=DIRECTION('',(-1.,-2.22044604925031E-16,0.));
#9137=DIRECTION('',(0.,-1.,0.));
#9138=DIRECTION('',(-1.,0.,0.));
#9139=DIRECTION('center_axis',(1.,0.,0.));
#9140=DIRECTION('ref_axis',(0.,0.,1.));
#9141=DIRECTION('',(0.,0.,1.));
#9142=DIRECTION('',(0.,-1.,0.));
#9143=DIRECTION('',(0.,0.,1.));
#9144=DIRECTION('center_axis',(0.,0.,1.));
#9145=DIRECTION('ref_axis',(-1.,0.,0.));
#9146=DIRECTION('',(-1.,-2.22044604925031E-16,0.));
#9147=DIRECTION('',(0.,-1.,0.));
#9148=DIRECTION('',(-1.,0.,0.));
#9149=DIRECTION('center_axis',(1.,0.,0.));
#9150=DIRECTION('ref_axis',(0.,0.,1.));
#9151=DIRECTION('',(0.,0.,1.));
#9152=DIRECTION('',(0.,-1.,0.));
#9153=DIRECTION('',(0.,0.,1.));
#9154=DIRECTION('center_axis',(0.,0.,1.));
#9155=DIRECTION('ref_axis',(-1.,0.,0.));
#9156=DIRECTION('',(-1.,-2.22044604925031E-16,0.));
#9157=DIRECTION('',(0.,-1.,0.));
#9158=DIRECTION('',(-1.,0.,0.));
#9159=DIRECTION('center_axis',(1.,0.,0.));
#9160=DIRECTION('ref_axis',(0.,0.,1.));
#9161=DIRECTION('',(0.,0.,1.));
#9162=DIRECTION('',(0.,-1.,0.));
#9163=DIRECTION('',(0.,0.,1.));
#9164=DIRECTION('center_axis',(0.,0.,1.));
#9165=DIRECTION('ref_axis',(-1.,0.,0.));
#9166=DIRECTION('',(-1.,-2.22044604925031E-16,0.));
#9167=DIRECTION('',(0.,-1.,0.));
#9168=DIRECTION('',(-1.,0.,0.));
#9169=DIRECTION('center_axis',(1.,0.,0.));
#9170=DIRECTION('ref_axis',(0.,0.,1.));
#9171=DIRECTION('',(0.,0.,1.));
#9172=DIRECTION('',(0.,-1.,0.));
#9173=DIRECTION('',(0.,0.,1.));
#9174=DIRECTION('center_axis',(0.,0.,1.));
#9175=DIRECTION('ref_axis',(-1.,0.,0.));
#9176=DIRECTION('',(-1.,-2.22044604925031E-16,0.));
#9177=DIRECTION('',(0.,-1.,0.));
#9178=DIRECTION('',(-1.,0.,0.));
#9179=DIRECTION('center_axis',(1.,0.,0.));
#9180=DIRECTION('ref_axis',(0.,0.,1.));
#9181=DIRECTION('',(0.,0.,1.));
#9182=DIRECTION('',(0.,-1.,0.));
#9183=DIRECTION('',(0.,0.,1.));
#9184=DIRECTION('center_axis',(0.,0.,1.));
#9185=DIRECTION('ref_axis',(-1.,0.,0.));
#9186=DIRECTION('',(-1.,-2.22044604925031E-16,0.));
#9187=DIRECTION('',(0.,-1.,0.));
#9188=DIRECTION('',(-1.,0.,0.));
#9189=DIRECTION('center_axis',(1.,0.,0.));
#9190=DIRECTION('ref_axis',(0.,0.,1.));
#9191=DIRECTION('',(0.,0.,1.));
#9192=DIRECTION('',(0.,-1.,0.));
#9193=DIRECTION('',(0.,0.,1.));
#9194=DIRECTION('center_axis',(0.,0.,1.));
#9195=DIRECTION('ref_axis',(-1.,0.,0.));
#9196=DIRECTION('',(-1.,-2.22044604925031E-16,0.));
#9197=DIRECTION('',(0.,-1.,0.));
#9198=DIRECTION('',(-1.,0.,0.));
#9199=DIRECTION('center_axis',(1.,0.,0.));
#9200=DIRECTION('ref_axis',(0.,0.,1.));
#9201=DIRECTION('',(0.,0.,1.));
#9202=DIRECTION('',(0.,-1.,0.));
#9203=DIRECTION('',(0.,0.,1.));
#9204=DIRECTION('center_axis',(0.,0.,-1.));
#9205=DIRECTION('ref_axis',(1.,0.,0.));
#9206=DIRECTION('',(1.,2.22044604925031E-16,0.));
#9207=DIRECTION('',(0.,-1.,0.));
#9208=DIRECTION('',(1.,0.,0.));
#9209=DIRECTION('center_axis',(1.,0.,0.));
#9210=DIRECTION('ref_axis',(0.,0.,1.));
#9211=DIRECTION('',(0.,0.,1.));
#9212=DIRECTION('',(0.,-1.,0.));
#9213=DIRECTION('',(0.,0.,1.));
#9214=DIRECTION('center_axis',(0.,0.,-1.));
#9215=DIRECTION('ref_axis',(1.,0.,0.));
#9216=DIRECTION('',(1.,2.22044604925031E-16,0.));
#9217=DIRECTION('',(0.,-1.,0.));
#9218=DIRECTION('',(1.,0.,0.));
#9219=DIRECTION('center_axis',(1.,0.,-5.99445502609757E-15));
#9220=DIRECTION('ref_axis',(5.99445502609757E-15,0.,1.));
#9221=DIRECTION('',(5.99445502609757E-15,1.3310363980107E-30,1.));
#9222=DIRECTION('',(0.,-1.,0.));
#9223=DIRECTION('',(5.99445502609757E-15,0.,1.));
#9224=DIRECTION('center_axis',(0.,0.,-1.));
#9225=DIRECTION('ref_axis',(1.,0.,0.));
#9226=DIRECTION('',(1.,2.22044604925031E-16,0.));
#9227=DIRECTION('',(0.,-1.,0.));
#9228=DIRECTION('',(1.,0.,0.));
#9229=DIRECTION('center_axis',(1.,0.,0.));
#9230=DIRECTION('ref_axis',(0.,0.,1.));
#9231=DIRECTION('',(0.,0.,1.));
#9232=DIRECTION('',(0.,-1.,0.));
#9233=DIRECTION('',(0.,0.,1.));
#9234=DIRECTION('center_axis',(0.,0.,-1.));
#9235=DIRECTION('ref_axis',(1.,0.,0.));
#9236=DIRECTION('',(1.,2.22044604925031E-16,0.));
#9237=DIRECTION('',(0.,-1.,0.));
#9238=DIRECTION('',(1.,0.,0.));
#9239=DIRECTION('center_axis',(1.,0.,0.));
#9240=DIRECTION('ref_axis',(0.,0.,1.));
#9241=DIRECTION('',(0.,0.,1.));
#9242=DIRECTION('',(0.,-1.,0.));
#9243=DIRECTION('',(0.,0.,1.));
#9244=DIRECTION('center_axis',(0.,0.,-1.));
#9245=DIRECTION('ref_axis',(1.,0.,0.));
#9246=DIRECTION('',(1.,2.22044604925031E-16,0.));
#9247=DIRECTION('',(0.,-1.,0.));
#9248=DIRECTION('',(1.,0.,0.));
#9249=DIRECTION('center_axis',(1.,0.,-5.99445502609757E-15));
#9250=DIRECTION('ref_axis',(5.99445502609757E-15,0.,1.));
#9251=DIRECTION('',(5.99445502609757E-15,1.3310363980107E-30,1.));
#9252=DIRECTION('',(0.,-1.,0.));
#9253=DIRECTION('',(5.99445502609757E-15,0.,1.));
#9254=DIRECTION('center_axis',(-2.99722751304879E-15,0.,-1.));
#9255=DIRECTION('ref_axis',(1.,0.,-2.99722751304879E-15));
#9256=DIRECTION('',(1.,2.22044604925031E-16,-2.99722751304879E-15));
#9257=DIRECTION('',(0.,-1.,0.));
#9258=DIRECTION('',(1.,0.,-2.99722751304879E-15));
#9259=DIRECTION('center_axis',(1.,0.,0.));
#9260=DIRECTION('ref_axis',(0.,0.,1.));
#9261=DIRECTION('',(0.,0.,1.));
#9262=DIRECTION('',(0.,-1.,0.));
#9263=DIRECTION('',(0.,0.,1.));
#9264=DIRECTION('center_axis',(0.,0.,-1.));
#9265=DIRECTION('ref_axis',(1.,0.,0.));
#9266=DIRECTION('',(1.,2.22044604925031E-16,0.));
#9267=DIRECTION('',(0.,-1.,0.));
#9268=DIRECTION('',(1.,0.,0.));
#9269=DIRECTION('center_axis',(1.,0.,0.));
#9270=DIRECTION('ref_axis',(0.,0.,1.));
#9271=DIRECTION('',(0.,0.,1.));
#9272=DIRECTION('',(0.,-1.,0.));
#9273=DIRECTION('',(0.,0.,1.));
#9274=DIRECTION('center_axis',(0.,0.,-1.));
#9275=DIRECTION('ref_axis',(1.,0.,0.));
#9276=DIRECTION('',(1.,2.22044604925031E-16,0.));
#9277=DIRECTION('',(0.,-1.,0.));
#9278=DIRECTION('',(1.,0.,0.));
#9279=DIRECTION('center_axis',(1.,0.,0.));
#9280=DIRECTION('ref_axis',(0.,0.,1.));
#9281=DIRECTION('',(0.,0.,1.));
#9282=DIRECTION('',(0.,-1.,0.));
#9283=DIRECTION('',(0.,0.,1.));
#9284=DIRECTION('center_axis',(0.,0.,-1.));
#9285=DIRECTION('ref_axis',(1.,0.,0.));
#9286=DIRECTION('',(1.,2.22044604925031E-16,0.));
#9287=DIRECTION('',(0.,-1.,0.));
#9288=DIRECTION('',(1.,0.,0.));
#9289=DIRECTION('center_axis',(1.,0.,0.));
#9290=DIRECTION('ref_axis',(0.,0.,1.));
#9291=DIRECTION('',(0.,0.,1.));
#9292=DIRECTION('',(0.,-1.,0.));
#9293=DIRECTION('',(0.,0.,1.));
#9294=DIRECTION('center_axis',(0.,0.,-1.));
#9295=DIRECTION('ref_axis',(1.,0.,0.));
#9296=DIRECTION('',(1.,2.22044604925031E-16,0.));
#9297=DIRECTION('',(0.,-1.,0.));
#9298=DIRECTION('',(1.,0.,0.));
#9299=DIRECTION('center_axis',(-1.,0.,0.));
#9300=DIRECTION('ref_axis',(0.,0.,-1.));
#9301=DIRECTION('',(0.,0.,-1.));
#9302=DIRECTION('',(0.,-1.,0.));
#9303=DIRECTION('',(0.,0.,-1.));
#9304=DIRECTION('center_axis',(0.,0.,-1.));
#9305=DIRECTION('ref_axis',(1.,0.,0.));
#9306=DIRECTION('',(1.,2.22044604925031E-16,0.));
#9307=DIRECTION('',(0.,-1.,0.));
#9308=DIRECTION('',(1.,0.,0.));
#9309=DIRECTION('center_axis',(-1.,0.,0.));
#9310=DIRECTION('ref_axis',(0.,0.,-1.));
#9311=DIRECTION('',(0.,0.,-1.));
#9312=DIRECTION('',(0.,-1.,0.));
#9313=DIRECTION('',(0.,0.,-1.));
#9314=DIRECTION('center_axis',(0.,0.,-1.));
#9315=DIRECTION('ref_axis',(1.,0.,0.));
#9316=DIRECTION('',(1.,2.22044604925031E-16,0.));
#9317=DIRECTION('',(0.,-1.,0.));
#9318=DIRECTION('',(1.,0.,0.));
#9319=DIRECTION('center_axis',(-1.,0.,0.));
#9320=DIRECTION('ref_axis',(0.,0.,-1.));
#9321=DIRECTION('',(0.,0.,-1.));
#9322=DIRECTION('',(0.,-1.,0.));
#9323=DIRECTION('',(0.,0.,-1.));
#9324=DIRECTION('center_axis',(0.,0.,-1.));
#9325=DIRECTION('ref_axis',(1.,0.,0.));
#9326=DIRECTION('',(1.,2.22044604925031E-16,0.));
#9327=DIRECTION('',(0.,-1.,0.));
#9328=DIRECTION('',(1.,0.,0.));
#9329=DIRECTION('center_axis',(-1.,0.,0.));
#9330=DIRECTION('ref_axis',(0.,0.,-1.));
#9331=DIRECTION('',(0.,0.,-1.));
#9332=DIRECTION('',(0.,-1.,0.));
#9333=DIRECTION('',(0.,0.,-1.));
#9334=DIRECTION('center_axis',(0.,0.,-1.));
#9335=DIRECTION('ref_axis',(1.,0.,0.));
#9336=DIRECTION('',(1.,2.22044604925031E-16,0.));
#9337=DIRECTION('',(1.,0.,0.));
#9338=DIRECTION('center_axis',(0.,-1.,0.));
#9339=DIRECTION('ref_axis',(0.,0.,-1.));
#9340=DIRECTION('center_axis',(2.22044604925031E-16,-1.,0.));
#9341=DIRECTION('ref_axis',(0.,0.,-1.));
#9342=DIRECTION('',(1.78854732329738E-16,3.97137283791288E-32,1.));
#9343=DIRECTION('',(1.,2.22044604925031E-16,-1.49045608610865E-17));
#9344=DIRECTION('',(1.49045608798283E-17,3.30947733214256E-33,-1.));
#9345=DIRECTION('',(-1.,-2.22044604925031E-16,4.471368313866E-17));
#9346=DIRECTION('center_axis',(0.780041819995657,-0.625727383976332,-1.39514170921324E-16));
#9347=DIRECTION('ref_axis',(-4.95077724852146E-32,2.22963185716356E-16,
-1.));
#9348=DIRECTION('',(-0.625727383976332,-0.780041819995657,0.));
#9349=DIRECTION('',(-1.78854732329738E-16,-3.97137283791288E-32,-1.));
#9350=DIRECTION('',(0.62572738397633,0.780041819995658,-2.9571531550209E-15));
#9351=DIRECTION('',(1.78854732329738E-16,3.97137283791288E-32,1.));
#9352=DIRECTION('',(1.84414763474285E-10,0.781281401513419,-0.624178958031451));
#9353=DIRECTION('',(-0.624178960773644,-0.781281399322635,-1.84423829610632E-10));
#9354=DIRECTION('center_axis',(1.27313211685393E-16,-0.625727395514393,
-0.780041810740151));
#9355=DIRECTION('ref_axis',(-1.73204075690803E-16,0.780041810740151,-0.625727395514393));
#9356=DIRECTION('',(1.73204075690803E-16,-0.780041810740154,0.62572739551439));
#9357=DIRECTION('',(-1.,-2.22044604925031E-16,1.49045608610865E-17));
#9358=DIRECTION('',(-1.65178062593713E-15,0.780041810740153,-0.625727395514392));
#9359=DIRECTION('',(1.,2.22044604925031E-16,-1.49045608610865E-17));
#9360=DIRECTION('',(-0.624178968447299,0.781281393192021,-1.22949218228885E-10));
#9361=DIRECTION('',(-1.22952008878491E-10,-0.7812813917315,0.624178970275426));
#9362=DIRECTION('center_axis',(-0.78004180456981,-0.62572740320644,-1.16261805650219E-17));
#9363=DIRECTION('ref_axis',(-4.12564745785261E-33,1.8580264353847E-17,-1.));
#9364=DIRECTION('',(0.625727403206441,-0.780041804569809,0.));
#9365=DIRECTION('',(-1.49045608798283E-17,-3.30947733214256E-33,1.));
#9366=DIRECTION('',(-0.625727403206441,0.780041804569809,0.));
#9367=DIRECTION('',(1.49045608798283E-17,3.30947733214256E-33,-1.));
#9368=DIRECTION('',(1.84423653777318E-10,0.781281392957616,0.624178968740703));
#9369=DIRECTION('',(0.624178965998499,-0.781281395148409,-1.84414934599724E-10));
#9370=DIRECTION('center_axis',(1.73817933972066E-16,-0.625727391668376,
0.780041813825317));
#9371=DIRECTION('ref_axis',(1.73204076375847E-16,-0.780041813825317,-0.625727391668376));
#9372=DIRECTION('',(1.73204076375848E-16,-0.780041813825319,-0.625727391668374));
#9373=DIRECTION('',(1.,2.22044604925031E-16,-4.471368313866E-17));
#9374=DIRECTION('',(-1.73204076375848E-16,0.780041813825319,0.625727391668374));
#9375=DIRECTION('',(-1.,-2.22044604925031E-16,4.471368313866E-17));
#9376=DIRECTION('',(0.624178958324852,0.781281401279016,-1.22949220222778E-10));
#9377=DIRECTION('',(-1.22943118125375E-10,-0.78128140273954,-0.624178956496722));
#9378=DIRECTION('center_axis',(0.976187065531865,-0.216930433753052,1.45496395483207E-17));
#9379=DIRECTION('ref_axis',(-1.49045608798283E-17,-3.30947733214256E-33,
1.));
#9380=DIRECTION('',(-0.211999552208644,-0.953998095998892,0.211999581824643));
#9381=DIRECTION('',(-1.49045608798283E-17,-3.30947733214256E-33,1.));
#9382=DIRECTION('',(0.211999552652329,0.953998097995476,0.211999572396328));
#9383=DIRECTION('center_axis',(-0.211999552208644,-0.953998095998892,0.211999581824643));
#9384=DIRECTION('ref_axis',(-0.674578525137226,0.299812662892161,0.674578520702518));
#9385=DIRECTION('',(0.211999552208644,0.953998095998892,-0.211999581824643));
#9386=DIRECTION('center_axis',(4.51932002597689E-18,-0.216930462631777,
-0.97618705911437));
#9387=DIRECTION('ref_axis',(-2.16757069873979E-16,0.97618705911437,-0.216930462631777));
#9388=DIRECTION('',(0.211999599350215,-0.953998086015971,0.211999579606216));
#9389=DIRECTION('',(1.,2.22044604925031E-16,-4.471368313866E-17));
#9390=DIRECTION('center_axis',(0.211999599350215,-0.953998086015971,0.211999579606216));
#9391=DIRECTION('ref_axis',(0.674578514382645,0.299812694657621,0.674578517339116));
#9392=DIRECTION('',(-0.211999599350215,0.953998086015971,-0.211999579606216));
#9393=DIRECTION('center_axis',(2.22044604925031E-16,-1.,2.73691106313441E-48));
#9394=DIRECTION('ref_axis',(6.07716335728627E-64,-2.73691106313441E-48,
-1.));
#9395=DIRECTION('',(1.,2.22044604925031E-16,-1.49045608610865E-17));
#9396=DIRECTION('',(1.49045608798283E-17,3.30947733214256E-33,-1.));
#9397=DIRECTION('',(-1.,-2.22044604925031E-16,4.471368313866E-17));
#9398=DIRECTION('',(1.78854732329738E-16,3.97137283791288E-32,1.));
#9399=DIRECTION('',(-1.53926545625013E-10,0.62397215825467,0.781446572532639));
#9400=DIRECTION('',(-0.781446573154656,-0.623972157475672,-1.53926406952839E-10));
#9401=DIRECTION('center_axis',(0.625727403206437,-0.780041804569812,9.32619217526724E-18));
#9402=DIRECTION('ref_axis',(2.65476881479984E-33,-1.19560158450874E-17,
-1.));
#9403=DIRECTION('',(0.780041804569812,0.625727403206437,0.));
#9404=DIRECTION('',(-1.49045608798283E-17,-3.30947733214256E-33,1.));
#9405=DIRECTION('',(-0.780041804569811,-0.625727403206439,0.));
#9406=DIRECTION('',(0.781446574907892,0.623972155279965,-2.3088724203125E-10));
#9407=DIRECTION('',(2.30889748736565E-10,-0.623972156448461,0.781446573974867));
#9408=DIRECTION('center_axis',(1.45225500053607E-16,-0.780041813825318,
-0.625727391668375));
#9409=DIRECTION('ref_axis',(-1.38939391473775E-16,0.625727391668375,-0.780041813825318));
#9410=DIRECTION('',(-1.38939391473775E-16,0.625727391668377,-0.780041813825317));
#9411=DIRECTION('',(1.,2.22044604925031E-16,-4.471368313866E-17));
#9412=DIRECTION('',(1.38939391473775E-16,-0.625727391668375,0.780041813825318));
#9413=DIRECTION('',(-1.53926543614195E-10,0.623972145469919,-0.781446582741051));
#9414=DIRECTION('',(0.781446582119031,-0.623972146248921,-1.53926405187069E-10));
#9415=DIRECTION('center_axis',(-0.625727383976332,-0.780041819995656,1.11914303772474E-16));
#9416=DIRECTION('ref_axis',(3.18572244841402E-32,-1.43472184315832E-16,
-1.));
#9417=DIRECTION('',(-0.780041819995655,0.625727383976334,0.));
#9418=DIRECTION('',(-1.78854732329738E-16,-3.97137283791288E-32,-1.));
#9419=DIRECTION('',(0.780041819995657,-0.625727383976331,0.));
#9420=DIRECTION('',(-0.781446580365798,0.623972148444625,-2.30888424358636E-10));
#9421=DIRECTION('',(2.30887378692626E-10,-0.623972147276129,-0.781446581298822));
#9422=DIRECTION('center_axis',(1.82530267739695E-16,-0.780041810740147,
0.625727395514398));
#9423=DIRECTION('ref_axis',(1.38939392327763E-16,-0.625727395514398,-0.780041810740147));
#9424=DIRECTION('',(-1.38939392327763E-16,0.625727395514398,0.780041810740147));
#9425=DIRECTION('',(-1.,-2.22044604925031E-16,1.49045608610865E-17));
#9426=DIRECTION('',(1.38939392327763E-16,-0.625727395514397,-0.780041810740148));
#9427=DIRECTION('center_axis',(-0.211999552208644,-0.953998095998892,0.211999581824643));
#9428=DIRECTION('ref_axis',(-0.674578525137225,0.299812662892161,0.674578520702518));
#9429=DIRECTION('',(0.211999552208644,0.953998095998892,-0.211999581824643));
#9430=DIRECTION('center_axis',(2.22044604925031E-16,-1.,0.));
#9431=DIRECTION('ref_axis',(-0.707106778862273,-1.57009245352285E-16,0.707106783510822));
#9432=DIRECTION('',(-0.211999552208644,-0.953998095998892,0.211999581824643));
#9433=DIRECTION('center_axis',(0.976187065531865,-0.216930433753052,1.45496395483207E-17));
#9434=DIRECTION('ref_axis',(-1.49045608798283E-17,-3.30947733214256E-33,
1.));
#9435=DIRECTION('',(-0.211999552652329,-0.953998097995476,-0.211999572396328));
#9436=DIRECTION('',(-1.49045608798283E-17,-3.30947733214256E-33,1.));
#9437=DIRECTION('center_axis',(-0.211999552652329,-0.953998097995476,-0.211999572396328));
#9438=DIRECTION('ref_axis',(-0.674578525809905,0.299812656539068,-0.674578522853434));
#9439=DIRECTION('',(0.211999552652329,0.953998097995476,0.211999572396328));
#9440=DIRECTION('center_axis',(2.22044604925031E-16,-1.,0.));
#9441=DIRECTION('ref_axis',(-0.707106779637031,-1.57009245524316E-16,-0.707106782736064));
#9442=DIRECTION('center_axis',(6.27178762000806E-17,-0.216930453005535,
0.976187061253535));
#9443=DIRECTION('ref_axis',(2.16757070348969E-16,-0.976187061253535,-0.216930453005535));
#9444=DIRECTION('',(0.2119995997939,-0.953998088012555,-0.211999570177902));
#9445=DIRECTION('',(-1.,-2.22044604925031E-16,1.49045608610865E-17));
#9446=DIRECTION('center_axis',(0.707106781186548,-0.707106781186547,0.));
#9447=DIRECTION('ref_axis',(0.,0.,-1.));
#9448=DIRECTION('',(0.,0.,-1.));
#9449=DIRECTION('',(0.577350269189626,0.577350269189626,-0.577350269189626));
#9450=DIRECTION('',(0.,0.,1.));
#9451=DIRECTION('',(0.577350269189626,0.577350269189626,-0.577350269189626));
#9452=DIRECTION('center_axis',(0.707106781186548,-0.707106781186547,0.));
#9453=DIRECTION('ref_axis',(0.,0.,-1.));
#9454=DIRECTION('',(0.,0.,-1.));
#9455=DIRECTION('',(0.577350269189626,0.577350269189626,0.577350269189626));
#9456=DIRECTION('',(0.,0.,1.));
#9457=DIRECTION('',(-0.577350269189626,-0.577350269189626,0.577350269189626));
#9458=DIRECTION('center_axis',(1.57009245868378E-16,-0.707106781186548,
-0.707106781186548));
#9459=DIRECTION('ref_axis',(-1.57009245868378E-16,0.707106781186548,-0.707106781186548));
#9460=DIRECTION('',(1.,2.22044604925031E-16,0.));
#9461=DIRECTION('',(0.577350269189626,-0.577350269189626,0.577350269189626));
#9462=DIRECTION('',(-1.,-2.22044604925031E-16,0.));
#9463=DIRECTION('',(-0.577350269189626,0.577350269189626,-0.577350269189626));
#9464=DIRECTION('center_axis',(0.707106781186548,-0.707106781186547,0.));
#9465=DIRECTION('ref_axis',(0.,0.,-1.));
#9466=DIRECTION('',(0.,0.,-1.));
#9467=DIRECTION('',(0.577350269189626,0.577350269189626,0.577350269189626));
#9468=DIRECTION('',(0.,0.,1.));
#9469=DIRECTION('',(-0.577350269189626,-0.577350269189626,-0.577350269189626));
#9470=DIRECTION('center_axis',(1.57009245868377E-16,-0.707106781186547,
0.707106781186548));
#9471=DIRECTION('ref_axis',(1.57009245868378E-16,-0.707106781186548,-0.707106781186547));
#9472=DIRECTION('',(1.,2.22044604925031E-16,0.));
#9473=DIRECTION('',(-0.577350269189626,0.577350269189626,0.577350269189626));
#9474=DIRECTION('',(-1.,-2.22044604925031E-16,0.));
#9475=DIRECTION('center_axis',(1.57009245868377E-16,-0.707106781186547,
0.707106781186548));
#9476=DIRECTION('ref_axis',(1.57009245868378E-16,-0.707106781186548,-0.707106781186547));
#9477=DIRECTION('',(-1.,-2.22044604925031E-16,0.));
#9478=DIRECTION('',(0.577350269189626,-0.577350269189626,-0.577350269189626));
#9479=DIRECTION('',(1.,2.22044604925031E-16,0.));
#9480=DIRECTION('',(-0.577350269189626,0.577350269189626,0.577350269189626));
#9481=DIRECTION('center_axis',(-0.707106781186547,-0.707106781186548,0.));
#9482=DIRECTION('ref_axis',(0.,0.,-1.));
#9483=DIRECTION('',(0.,0.,1.));
#9484=DIRECTION('',(0.,0.,-1.));
#9485=DIRECTION('center_axis',(-0.707106781186547,-0.707106781186548,0.));
#9486=DIRECTION('ref_axis',(0.,0.,-1.));
#9487=DIRECTION('',(0.,0.,-1.));
#9488=DIRECTION('',(0.,0.,1.));
#9489=DIRECTION('center_axis',(1.57009245868377E-16,-0.707106781186547,
0.707106781186548));
#9490=DIRECTION('ref_axis',(1.57009245868378E-16,-0.707106781186548,-0.707106781186547));
#9491=DIRECTION('',(1.,2.22044604925031E-16,0.));
#9492=DIRECTION('',(-1.,-2.22044604925031E-16,0.));
#9493=DIRECTION('center_axis',(-0.707106781186547,-0.707106781186548,0.));
#9494=DIRECTION('ref_axis',(0.,0.,-1.));
#9495=DIRECTION('',(0.,0.,-1.));
#9496=DIRECTION('',(0.,0.,1.));
#9497=DIRECTION('',(-0.577350269189626,0.577350269189626,-0.577350269189626));
#9498=DIRECTION('center_axis',(1.57009245868378E-16,-0.707106781186548,
-0.707106781186548));
#9499=DIRECTION('ref_axis',(-1.57009245868378E-16,0.707106781186548,-0.707106781186548));
#9500=DIRECTION('',(1.,2.22044604925031E-16,0.));
#9501=DIRECTION('',(-1.,-2.22044604925031E-16,0.));
#9502=DIRECTION('center_axis',(1.57009245868378E-16,-0.707106781186548,
-0.707106781186548));
#9503=DIRECTION('ref_axis',(-1.57009245868378E-16,0.707106781186548,-0.707106781186548));
#9504=DIRECTION('',(-1.,-2.22044604925031E-16,0.));
#9505=DIRECTION('',(1.,2.22044604925031E-16,0.));
#9506=DIRECTION('center_axis',(-1.,-2.22044604925031E-16,0.));
#9507=DIRECTION('ref_axis',(0.,0.,1.));
#9508=DIRECTION('',(-2.22044604925031E-16,1.,0.));
#9509=DIRECTION('',(0.,0.,-1.));
#9510=DIRECTION('',(2.22044604925031E-16,-1.,0.));
#9511=DIRECTION('center_axis',(0.,0.,-1.));
#9512=DIRECTION('ref_axis',(-1.,-2.22044604925031E-16,0.));
#9513=DIRECTION('',(-2.22044604925031E-16,1.,0.));
#9514=DIRECTION('',(1.,2.22044604925031E-16,0.));
#9515=DIRECTION('center_axis',(-1.,-2.22044604925031E-16,0.));
#9516=DIRECTION('ref_axis',(0.,0.,1.));
#9517=DIRECTION('',(-2.22044604925031E-16,1.,0.));
#9518=DIRECTION('',(0.,0.,-1.));
#9519=DIRECTION('center_axis',(0.,0.,-1.));
#9520=DIRECTION('ref_axis',(-1.,-2.22044604925031E-16,0.));
#9521=DIRECTION('',(2.22044604925031E-16,-1.,0.));
#9522=DIRECTION('',(1.,2.22044604925031E-16,0.));
#9523=DIRECTION('center_axis',(1.,2.22044604925031E-16,0.));
#9524=DIRECTION('ref_axis',(0.,0.,-1.));
#9525=DIRECTION('',(-2.22044604925031E-16,1.,0.));
#9526=DIRECTION('',(0.,0.,1.));
#9527=DIRECTION('center_axis',(0.,0.,-1.));
#9528=DIRECTION('ref_axis',(-1.,-2.22044604925031E-16,0.));
#9529=DIRECTION('',(2.22044604925031E-16,-1.,0.));
#9530=DIRECTION('',(1.,2.22044604925031E-16,0.));
#9531=DIRECTION('center_axis',(2.22044604925031E-16,-1.,0.));
#9532=DIRECTION('ref_axis',(0.,0.,-1.));
#9533=DIRECTION('',(0.,0.,-1.));
#9534=DIRECTION('center_axis',(-2.22044604925031E-16,1.,0.));
#9535=DIRECTION('ref_axis',(-0.707106781186547,-1.57009245868377E-16,-0.707106781186548));
#9536=DIRECTION('',(1.,2.22044604925031E-16,0.));
#9537=DIRECTION('center_axis',(-2.22044604925031E-16,1.,0.));
#9538=DIRECTION('ref_axis',(0.707106781186547,1.57009245868377E-16,-0.707106781186548));
#9539=DIRECTION('',(0.,0.,1.));
#9540=DIRECTION('center_axis',(-2.22044604925031E-16,1.,0.));
#9541=DIRECTION('ref_axis',(0.707106781186547,1.57009245868377E-16,0.707106781186548));
#9542=DIRECTION('',(-1.,-2.22044604925031E-16,0.));
#9543=DIRECTION('center_axis',(-2.22044604925031E-16,1.,0.));
#9544=DIRECTION('ref_axis',(-0.707106781186547,-1.57009245868377E-16,0.707106781186548));
#9545=DIRECTION('center_axis',(1.,2.22044604925031E-16,0.));
#9546=DIRECTION('ref_axis',(0.,0.,-1.));
#9547=DIRECTION('',(2.22044604925031E-16,-1.,0.));
#9548=DIRECTION('',(0.,0.,1.));
#9549=DIRECTION('center_axis',(0.,0.,1.));
#9550=DIRECTION('ref_axis',(1.,2.22044604925031E-16,0.));
#9551=DIRECTION('',(-1.,-2.22044604925031E-16,0.));
#9552=DIRECTION('',(2.22044604925031E-16,-1.,0.));
#9553=DIRECTION('center_axis',(0.,0.,1.));
#9554=DIRECTION('ref_axis',(0.97618705483604,0.21693048188426,0.));
#9555=DIRECTION('center_axis',(1.,2.22044604925031E-16,0.));
#9556=DIRECTION('ref_axis',(-2.22044604925031E-16,1.,0.));
#9557=DIRECTION('center_axis',(1.,2.22044604925031E-16,-4.471368313866E-17));
#9558=DIRECTION('ref_axis',(-1.73204076375847E-16,0.780041813825316,0.625727391668378));
#9559=DIRECTION('center_axis',(1.,2.22044604925031E-16,0.));
#9560=DIRECTION('ref_axis',(-2.22044604925031E-16,1.,0.));
#9561=DIRECTION('center_axis',(1.13730561104554E-15,2.52532575083629E-31,
1.));
#9562=DIRECTION('ref_axis',(-2.22044604925031E-16,1.,0.));
#9563=DIRECTION('center_axis',(-1.49045608798283E-17,-3.30947733214256E-33,
1.));
#9564=DIRECTION('ref_axis',(-0.625727403206439,0.78004180456981,0.));
#9565=DIRECTION('center_axis',(0.,0.,1.));
#9566=DIRECTION('ref_axis',(-2.22044604925031E-16,1.,0.));
#9567=DIRECTION('center_axis',(-1.,-2.22044604925031E-16,1.13730561187384E-15));
#9568=DIRECTION('ref_axis',(-2.22044604925031E-16,1.,0.));
#9569=DIRECTION('center_axis',(-1.,-2.22044604925031E-16,1.49045608610865E-17));
#9570=DIRECTION('ref_axis',(-1.73204075690802E-16,0.780041810740147,-0.625727395514399));
#9571=DIRECTION('center_axis',(-1.,-2.22044604925031E-16,0.));
#9572=DIRECTION('ref_axis',(-2.22044604925031E-16,1.,0.));
#9573=DIRECTION('',(-1.,-2.22044604925031E-16,1.49045608610865E-17));
#9574=DIRECTION('center_axis',(0.,0.,-1.));
#9575=DIRECTION('ref_axis',(-2.22044604925031E-16,1.,0.));
#9576=DIRECTION('center_axis',(-1.78854732329738E-16,-3.97137283791288E-32,
-1.));
#9577=DIRECTION('ref_axis',(0.625727383976337,0.780041819995652,0.));
#9578=DIRECTION('',(-1.78854732329738E-16,-3.97137283791288E-32,-1.));
#9579=DIRECTION('center_axis',(6.27178762000806E-17,-0.216930453005535,
0.976187061253535));
#9580=DIRECTION('ref_axis',(2.16757070348969E-16,-0.976187061253535,-0.216930453005535));
#9581=DIRECTION('',(-0.211999552652329,-0.953998097995476,-0.211999572396328));
#9582=DIRECTION('',(-0.2119995997939,0.953998088012555,0.211999570177902));
#9583=DIRECTION('center_axis',(0.2119995997939,-0.953998088012555,-0.211999570177902));
#9584=DIRECTION('ref_axis',(0.674578515055325,0.299812688304529,-0.674578519490032));
#9585=DIRECTION('',(0.2119995997939,-0.953998088012555,-0.211999570177902));
#9586=DIRECTION('center_axis',(-0.97618705483604,-0.216930481884261,1.74595674396455E-16));
#9587=DIRECTION('ref_axis',(-1.78854732329738E-16,-3.97137283791288E-32,
-1.));
#9588=DIRECTION('center_axis',(2.22044604925031E-16,-1.,0.));
#9589=DIRECTION('ref_axis',(0.,0.,-1.));
#9590=DIRECTION('center_axis',(-0.211999552652329,-0.953998097995476,-0.211999572396328));
#9591=DIRECTION('ref_axis',(-0.674578525809905,0.299812656539069,-0.674578522853434));
#9592=DIRECTION('center_axis',(2.22044604925031E-16,-1.,0.));
#9593=DIRECTION('ref_axis',(0.707106781186547,1.57009245868377E-16,0.707106781186548));
#9594=DIRECTION('',(-2.22044604925031E-16,1.,0.));
#9595=DIRECTION('center_axis',(-2.22044604925031E-16,1.,0.));
#9596=DIRECTION('ref_axis',(0.707106781186547,1.57009245868377E-16,0.707106781186548));
#9597=DIRECTION('',(2.22044604925031E-16,-1.,0.));
#9598=DIRECTION('center_axis',(0.,0.,1.));
#9599=DIRECTION('ref_axis',(-1.,-2.22044604925031E-16,0.));
#9600=DIRECTION('',(1.,2.22044604925031E-16,0.));
#9601=DIRECTION('',(-2.22044604925031E-16,1.,0.));
#9602=DIRECTION('center_axis',(2.22044604925031E-16,-1.,0.));
#9603=DIRECTION('ref_axis',(-0.707106781186547,-1.57009245868377E-16,0.707106781186548));
#9604=DIRECTION('center_axis',(-2.22044604925031E-16,1.,0.));
#9605=DIRECTION('ref_axis',(-0.707106781186547,-1.57009245868377E-16,0.707106781186548));
#9606=DIRECTION('',(2.22044604925031E-16,-1.,0.));
#9607=DIRECTION('center_axis',(2.22044604925031E-16,-1.,0.));
#9608=DIRECTION('ref_axis',(0.707106781186547,1.57009245868377E-16,-0.707106781186548));
#9609=DIRECTION('',(-2.22044604925031E-16,1.,0.));
#9610=DIRECTION('center_axis',(-2.22044604925031E-16,1.,0.));
#9611=DIRECTION('ref_axis',(0.707106781186547,1.57009245868377E-16,-0.707106781186548));
#9612=DIRECTION('',(2.22044604925031E-16,-1.,0.));
#9613=DIRECTION('center_axis',(0.,0.,-1.));
#9614=DIRECTION('ref_axis',(1.,2.22044604925031E-16,0.));
#9615=DIRECTION('',(2.22044604925031E-16,-1.,0.));
#9616=DIRECTION('',(-1.,-2.22044604925031E-16,0.));
#9617=DIRECTION('center_axis',(2.22044604925031E-16,-1.,0.));
#9618=DIRECTION('ref_axis',(-0.707106781186547,-1.57009245868377E-16,-0.707106781186548));
#9619=DIRECTION('',(-2.22044604925031E-16,1.,0.));
#9620=DIRECTION('center_axis',(-2.22044604925031E-16,1.,0.));
#9621=DIRECTION('ref_axis',(-0.707106781186547,-1.57009245868377E-16,-0.707106781186548));
#9622=DIRECTION('center_axis',(4.51932002597689E-18,-0.216930462631777,
-0.97618705911437));
#9623=DIRECTION('ref_axis',(-2.16757069873979E-16,0.97618705911437,-0.216930462631777));
#9624=DIRECTION('',(1.,2.22044604925031E-16,-4.471368313866E-17));
#9625=DIRECTION('',(-0.211999599350215,0.953998086015971,-0.211999579606216));
#9626=DIRECTION('center_axis',(0.2119995997939,-0.953998088012555,-0.211999570177902));
#9627=DIRECTION('ref_axis',(0.674578515055325,0.299812688304529,-0.674578519490032));
#9628=DIRECTION('',(-0.2119995997939,0.953998088012555,0.211999570177902));
#9629=DIRECTION('center_axis',(2.22044604925031E-16,-1.,0.));
#9630=DIRECTION('ref_axis',(0.707106783510823,1.5700924638447E-16,-0.707106778862272));
#9631=DIRECTION('center_axis',(2.22044604925031E-16,-1.,0.));
#9632=DIRECTION('ref_axis',(0.,0.,-1.));
#9633=DIRECTION('',(-1.78854732329738E-16,-3.97137283791288E-32,-1.));
#9634=DIRECTION('center_axis',(2.22044604925031E-16,-1.,0.));
#9635=DIRECTION('ref_axis',(0.707106782736064,1.57009246212439E-16,0.707106779637031));
#9636=DIRECTION('',(0.,0.,-1.));
#9637=DIRECTION('',(0.,0.,1.));
#9638=DIRECTION('center_axis',(-0.97618705483604,-0.216930481884261,1.74595674396455E-16));
#9639=DIRECTION('ref_axis',(-1.78854732329738E-16,-3.97137283791288E-32,
-1.));
#9640=DIRECTION('',(0.211999599350215,-0.953998086015971,0.211999579606216));
#9641=DIRECTION('center_axis',(0.211999599350215,-0.953998086015971,0.211999579606216));
#9642=DIRECTION('ref_axis',(0.674578514382644,0.299812694657621,0.674578517339117));
#9643=DIRECTION('center_axis',(0.,0.,1.));
#9644=DIRECTION('ref_axis',(1.,2.22044604925031E-16,0.));
#9645=DIRECTION('',(2.22044604925031E-16,-1.,0.));
#9646=DIRECTION('',(-1.,-2.22044604925031E-16,0.));
#9647=DIRECTION('center_axis',(1.,2.22044604925031E-16,0.));
#9648=DIRECTION('ref_axis',(0.,0.,-1.));
#9649=DIRECTION('',(2.22044604925031E-16,-1.,0.));
#9650=DIRECTION('',(0.,0.,1.));
#9651=DIRECTION('center_axis',(0.,0.,1.));
#9652=DIRECTION('ref_axis',(1.,2.22044604925031E-16,0.));
#9653=DIRECTION('',(-2.22044604925031E-16,1.,0.));
#9654=DIRECTION('',(-1.,-2.22044604925031E-16,0.));
#9655=DIRECTION('center_axis',(-1.,-2.22044604925031E-16,0.));
#9656=DIRECTION('ref_axis',(0.,0.,1.));
#9657=DIRECTION('',(0.,0.,-1.));
#9658=DIRECTION('center_axis',(-2.22044604925031E-16,1.,0.));
#9659=DIRECTION('ref_axis',(0.,0.,1.));
#9660=DIRECTION('center_axis',(1.,2.22044604925031E-16,0.));
#9661=DIRECTION('ref_axis',(0.,0.,1.));
#9662=DIRECTION('center_axis',(-1.,-2.22044604925031E-16,0.));
#9663=DIRECTION('ref_axis',(0.,0.,-1.));
#9664=DIRECTION('center_axis',(-1.,0.,0.));
#9665=DIRECTION('ref_axis',(0.,0.,-1.));
#9666=DIRECTION('',(0.,0.,1.));
#9667=DIRECTION('',(0.,-1.,0.));
#9668=DIRECTION('',(0.,0.,-1.));
#9669=DIRECTION('',(0.,-1.,0.));
#9670=DIRECTION('center_axis',(-2.99722751304879E-15,0.,1.));
#9671=DIRECTION('ref_axis',(-1.,0.,-2.99722751304879E-15));
#9672=DIRECTION('',(1.,0.,2.99722751304879E-15));
#9673=DIRECTION('',(-1.,0.,-2.99722751304879E-15));
#9674=DIRECTION('',(0.,-1.,0.));
#9675=DIRECTION('center_axis',(-1.,0.,0.));
#9676=DIRECTION('ref_axis',(0.,0.,-1.));
#9677=DIRECTION('',(0.,0.,1.));
#9678=DIRECTION('',(0.,0.,-1.));
#9679=DIRECTION('',(0.,-1.,0.));
#9680=DIRECTION('center_axis',(0.,0.,1.));
#9681=DIRECTION('ref_axis',(-1.,0.,0.));
#9682=DIRECTION('',(1.,0.,0.));
#9683=DIRECTION('',(-1.,0.,0.));
#9684=DIRECTION('',(0.,-1.,0.));
#9685=DIRECTION('center_axis',(-1.,0.,0.));
#9686=DIRECTION('ref_axis',(0.,0.,-1.));
#9687=DIRECTION('',(0.,0.,1.));
#9688=DIRECTION('',(0.,0.,-1.));
#9689=DIRECTION('',(0.,-1.,0.));
#9690=DIRECTION('center_axis',(-2.99722751304879E-15,0.,1.));
#9691=DIRECTION('ref_axis',(-1.,0.,-2.99722751304879E-15));
#9692=DIRECTION('',(1.,0.,2.99722751304879E-15));
#9693=DIRECTION('',(-1.,0.,-2.99722751304879E-15));
#9694=DIRECTION('',(0.,-1.,0.));
#9695=DIRECTION('center_axis',(-1.,0.,0.));
#9696=DIRECTION('ref_axis',(0.,0.,-1.));
#9697=DIRECTION('',(0.,0.,1.));
#9698=DIRECTION('',(0.,0.,-1.));
#9699=DIRECTION('',(0.,-1.,0.));
#9700=DIRECTION('center_axis',(0.,0.,1.));
#9701=DIRECTION('ref_axis',(-1.,0.,0.));
#9702=DIRECTION('',(1.,0.,0.));
#9703=DIRECTION('',(-1.,0.,0.));
#9704=DIRECTION('',(0.,-1.,0.));
#9705=DIRECTION('center_axis',(-1.,0.,0.));
#9706=DIRECTION('ref_axis',(0.,0.,-1.));
#9707=DIRECTION('',(0.,0.,1.));
#9708=DIRECTION('',(0.,0.,-1.));
#9709=DIRECTION('',(0.,-1.,0.));
#9710=DIRECTION('center_axis',(0.,0.,-1.));
#9711=DIRECTION('ref_axis',(1.,0.,0.));
#9712=DIRECTION('',(-1.,0.,0.));
#9713=DIRECTION('',(1.,0.,0.));
#9714=DIRECTION('',(0.,-1.,0.));
#9715=DIRECTION('center_axis',(-1.,0.,0.));
#9716=DIRECTION('ref_axis',(0.,0.,-1.));
#9717=DIRECTION('',(0.,0.,1.));
#9718=DIRECTION('',(0.,0.,-1.));
#9719=DIRECTION('',(0.,-1.,0.));
#9720=DIRECTION('center_axis',(0.,0.,-1.));
#9721=DIRECTION('ref_axis',(1.,0.,0.));
#9722=DIRECTION('',(-1.,0.,0.));
#9723=DIRECTION('',(1.,0.,0.));
#9724=DIRECTION('',(0.,-1.,0.));
#9725=DIRECTION('center_axis',(-1.,0.,0.));
#9726=DIRECTION('ref_axis',(0.,0.,-1.));
#9727=DIRECTION('',(0.,0.,1.));
#9728=DIRECTION('',(0.,0.,-1.));
#9729=DIRECTION('',(0.,-1.,0.));
#9730=DIRECTION('center_axis',(0.,0.,-1.));
#9731=DIRECTION('ref_axis',(1.,0.,0.));
#9732=DIRECTION('',(-1.,0.,0.));
#9733=DIRECTION('',(1.,0.,0.));
#9734=DIRECTION('',(0.,-1.,0.));
#9735=DIRECTION('center_axis',(-1.,0.,0.));
#9736=DIRECTION('ref_axis',(0.,0.,-1.));
#9737=DIRECTION('',(0.,0.,1.));
#9738=DIRECTION('',(0.,0.,-1.));
#9739=DIRECTION('',(0.,-1.,0.));
#9740=DIRECTION('center_axis',(0.,0.,-1.));
#9741=DIRECTION('ref_axis',(1.,0.,0.));
#9742=DIRECTION('',(-1.,0.,0.));
#9743=DIRECTION('',(1.,0.,0.));
#9744=DIRECTION('',(0.,-1.,0.));
#9745=DIRECTION('center_axis',(-1.,0.,0.));
#9746=DIRECTION('ref_axis',(0.,0.,-1.));
#9747=DIRECTION('',(0.,0.,1.));
#9748=DIRECTION('',(0.,0.,-1.));
#9749=DIRECTION('',(0.,-1.,0.));
#9750=DIRECTION('center_axis',(0.,0.,-1.));
#9751=DIRECTION('ref_axis',(1.,0.,0.));
#9752=DIRECTION('',(-1.,0.,0.));
#9753=DIRECTION('',(1.,0.,0.));
#9754=DIRECTION('',(0.,-1.,0.));
#9755=DIRECTION('center_axis',(-1.,0.,0.));
#9756=DIRECTION('ref_axis',(0.,0.,-1.));
#9757=DIRECTION('',(0.,0.,1.));
#9758=DIRECTION('',(0.,0.,-1.));
#9759=DIRECTION('',(0.,-1.,0.));
#9760=DIRECTION('center_axis',(0.,0.,-1.));
#9761=DIRECTION('ref_axis',(1.,0.,0.));
#9762=DIRECTION('',(-1.,0.,0.));
#9763=DIRECTION('',(1.,0.,0.));
#9764=DIRECTION('',(0.,-1.,0.));
#9765=DIRECTION('center_axis',(1.,0.,0.));
#9766=DIRECTION('ref_axis',(0.,0.,1.));
#9767=DIRECTION('',(0.,0.,-1.));
#9768=DIRECTION('',(0.,0.,1.));
#9769=DIRECTION('',(0.,-1.,0.));
#9770=DIRECTION('center_axis',(0.,0.,-1.));
#9771=DIRECTION('ref_axis',(1.,0.,0.));
#9772=DIRECTION('',(-1.,0.,0.));
#9773=DIRECTION('',(1.,0.,0.));
#9774=DIRECTION('',(0.,-1.,0.));
#9775=DIRECTION('center_axis',(1.,0.,0.));
#9776=DIRECTION('ref_axis',(0.,0.,1.));
#9777=DIRECTION('',(0.,0.,-1.));
#9778=DIRECTION('',(0.,0.,1.));
#9779=DIRECTION('',(0.,-1.,0.));
#9780=DIRECTION('center_axis',(0.,0.,-1.));
#9781=DIRECTION('ref_axis',(1.,0.,0.));
#9782=DIRECTION('',(-1.,0.,0.));
#9783=DIRECTION('',(1.,0.,0.));
#9784=DIRECTION('',(0.,-1.,0.));
#9785=DIRECTION('center_axis',(1.,0.,0.));
#9786=DIRECTION('ref_axis',(0.,0.,1.));
#9787=DIRECTION('',(0.,0.,-1.));
#9788=DIRECTION('',(0.,0.,1.));
#9789=DIRECTION('',(0.,-1.,0.));
#9790=DIRECTION('center_axis',(0.,0.,-1.));
#9791=DIRECTION('ref_axis',(1.,0.,0.));
#9792=DIRECTION('',(-1.,0.,0.));
#9793=DIRECTION('',(1.,0.,0.));
#9794=DIRECTION('',(0.,-1.,0.));
#9795=DIRECTION('center_axis',(1.,0.,0.));
#9796=DIRECTION('ref_axis',(0.,0.,1.));
#9797=DIRECTION('',(0.,0.,-1.));
#9798=DIRECTION('',(0.,0.,1.));
#9799=DIRECTION('',(0.,-1.,0.));
#9800=DIRECTION('center_axis',(0.,0.,-1.));
#9801=DIRECTION('ref_axis',(1.,0.,0.));
#9802=DIRECTION('',(-1.,0.,0.));
#9803=DIRECTION('',(1.,0.,0.));
#9804=DIRECTION('',(0.,-1.,0.));
#9805=DIRECTION('center_axis',(1.,0.,0.));
#9806=DIRECTION('ref_axis',(0.,0.,1.));
#9807=DIRECTION('',(0.,0.,-1.));
#9808=DIRECTION('',(0.,0.,1.));
#9809=DIRECTION('',(0.,-1.,0.));
#9810=DIRECTION('center_axis',(0.,0.,-1.));
#9811=DIRECTION('ref_axis',(1.,0.,0.));
#9812=DIRECTION('',(-1.,0.,0.));
#9813=DIRECTION('',(1.,0.,0.));
#9814=DIRECTION('',(0.,-1.,0.));
#9815=DIRECTION('center_axis',(1.,0.,0.));
#9816=DIRECTION('ref_axis',(0.,0.,1.));
#9817=DIRECTION('',(0.,0.,-1.));
#9818=DIRECTION('',(0.,0.,1.));
#9819=DIRECTION('',(0.,-1.,0.));
#9820=DIRECTION('center_axis',(0.,0.,1.));
#9821=DIRECTION('ref_axis',(-1.,0.,0.));
#9822=DIRECTION('',(1.,0.,0.));
#9823=DIRECTION('',(-1.,0.,0.));
#9824=DIRECTION('',(0.,-1.,0.));
#9825=DIRECTION('center_axis',(1.,0.,0.));
#9826=DIRECTION('ref_axis',(0.,0.,1.));
#9827=DIRECTION('',(0.,0.,-1.));
#9828=DIRECTION('',(0.,0.,1.));
#9829=DIRECTION('',(0.,-1.,0.));
#9830=DIRECTION('center_axis',(2.99722751304879E-15,0.,1.));
#9831=DIRECTION('ref_axis',(-1.,0.,2.99722751304879E-15));
#9832=DIRECTION('',(1.,0.,-2.99722751304879E-15));
#9833=DIRECTION('',(-1.,0.,2.99722751304879E-15));
#9834=DIRECTION('',(0.,-1.,0.));
#9835=DIRECTION('center_axis',(1.,0.,0.));
#9836=DIRECTION('ref_axis',(0.,0.,1.));
#9837=DIRECTION('',(0.,0.,-1.));
#9838=DIRECTION('',(0.,0.,1.));
#9839=DIRECTION('',(0.,-1.,0.));
#9840=DIRECTION('center_axis',(0.,0.,1.));
#9841=DIRECTION('ref_axis',(-1.,0.,0.));
#9842=DIRECTION('',(1.,0.,0.));
#9843=DIRECTION('',(-1.,0.,0.));
#9844=DIRECTION('',(0.,-1.,0.));
#9845=DIRECTION('center_axis',(1.,0.,0.));
#9846=DIRECTION('ref_axis',(0.,0.,1.));
#9847=DIRECTION('',(0.,0.,-1.));
#9848=DIRECTION('',(0.,0.,1.));
#9849=DIRECTION('',(0.,-1.,0.));
#9850=DIRECTION('center_axis',(0.,0.,1.));
#9851=DIRECTION('ref_axis',(-1.,0.,0.));
#9852=DIRECTION('',(1.,0.,0.));
#9853=DIRECTION('',(-1.,0.,0.));
#9854=DIRECTION('',(0.,-1.,0.));
#9855=DIRECTION('center_axis',(1.,0.,0.));
#9856=DIRECTION('ref_axis',(0.,0.,1.));
#9857=DIRECTION('',(0.,0.,-1.));
#9858=DIRECTION('',(0.,0.,1.));
#9859=DIRECTION('',(0.,-1.,0.));
#9860=DIRECTION('center_axis',(0.,0.,1.));
#9861=DIRECTION('ref_axis',(-1.,0.,0.));
#9862=DIRECTION('',(1.,0.,0.));
#9863=DIRECTION('',(-1.,0.,0.));
#9864=DIRECTION('center_axis',(1.,0.,0.));
#9865=DIRECTION('ref_axis',(0.,0.,1.));
#9866=DIRECTION('',(0.,0.,1.));
#9867=DIRECTION('',(0.,-1.,0.));
#9868=DIRECTION('',(0.,0.,1.));
#9869=DIRECTION('',(0.,-1.,0.));
#9870=DIRECTION('center_axis',(0.,0.,-1.));
#9871=DIRECTION('ref_axis',(1.,0.,0.));
#9872=DIRECTION('',(-1.,0.,0.));
#9873=DIRECTION('',(1.,0.,0.));
#9874=DIRECTION('',(0.,-1.,0.));
#9875=DIRECTION('center_axis',(1.,0.,0.));
#9876=DIRECTION('ref_axis',(0.,0.,1.));
#9877=DIRECTION('',(0.,0.,1.));
#9878=DIRECTION('',(0.,0.,1.));
#9879=DIRECTION('',(0.,-1.,0.));
#9880=DIRECTION('center_axis',(0.,0.,-1.));
#9881=DIRECTION('ref_axis',(1.,0.,0.));
#9882=DIRECTION('',(-1.,0.,0.));
#9883=DIRECTION('',(1.,0.,0.));
#9884=DIRECTION('',(0.,-1.,0.));
#9885=DIRECTION('center_axis',(1.,0.,0.));
#9886=DIRECTION('ref_axis',(0.,0.,1.));
#9887=DIRECTION('',(0.,0.,1.));
#9888=DIRECTION('',(0.,0.,1.));
#9889=DIRECTION('',(0.,-1.,0.));
#9890=DIRECTION('center_axis',(0.,0.,-1.));
#9891=DIRECTION('ref_axis',(1.,0.,0.));
#9892=DIRECTION('',(-1.,0.,0.));
#9893=DIRECTION('',(1.,0.,0.));
#9894=DIRECTION('',(0.,-1.,0.));
#9895=DIRECTION('center_axis',(1.,0.,0.));
#9896=DIRECTION('ref_axis',(0.,0.,1.));
#9897=DIRECTION('',(0.,0.,1.));
#9898=DIRECTION('',(0.,0.,1.));
#9899=DIRECTION('',(0.,-1.,0.));
#9900=DIRECTION('center_axis',(0.,0.,-1.));
#9901=DIRECTION('ref_axis',(1.,0.,0.));
#9902=DIRECTION('',(-1.,0.,0.));
#9903=DIRECTION('',(1.,0.,0.));
#9904=DIRECTION('',(0.,-1.,0.));
#9905=DIRECTION('center_axis',(1.,0.,0.));
#9906=DIRECTION('ref_axis',(0.,0.,1.));
#9907=DIRECTION('',(0.,0.,1.));
#9908=DIRECTION('',(0.,0.,1.));
#9909=DIRECTION('',(0.,-1.,0.));
#9910=DIRECTION('center_axis',(0.,0.,-1.));
#9911=DIRECTION('ref_axis',(1.,0.,0.));
#9912=DIRECTION('',(-1.,0.,0.));
#9913=DIRECTION('',(1.,0.,0.));
#9914=DIRECTION('',(0.,-1.,0.));
#9915=DIRECTION('center_axis',(1.,0.,0.));
#9916=DIRECTION('ref_axis',(0.,0.,1.));
#9917=DIRECTION('',(0.,0.,1.));
#9918=DIRECTION('',(0.,0.,1.));
#9919=DIRECTION('',(0.,-1.,0.));
#9920=DIRECTION('center_axis',(0.,0.,-1.));
#9921=DIRECTION('ref_axis',(1.,0.,0.));
#9922=DIRECTION('',(-1.,0.,0.));
#9923=DIRECTION('',(1.,0.,0.));
#9924=DIRECTION('',(0.,-1.,0.));
#9925=DIRECTION('center_axis',(1.,0.,0.));
#9926=DIRECTION('ref_axis',(0.,0.,1.));
#9927=DIRECTION('',(0.,0.,1.));
#9928=DIRECTION('',(0.,0.,1.));
#9929=DIRECTION('',(0.,-1.,0.));
#9930=DIRECTION('center_axis',(0.,0.,-1.));
#9931=DIRECTION('ref_axis',(1.,0.,0.));
#9932=DIRECTION('',(1.,0.,0.));
#9933=DIRECTION('',(1.,0.,0.));
#9934=DIRECTION('',(0.,-1.,0.));
#9935=DIRECTION('center_axis',(-1.,0.,0.));
#9936=DIRECTION('ref_axis',(0.,0.,-1.));
#9937=DIRECTION('',(0.,0.,-1.));
#9938=DIRECTION('',(0.,0.,-1.));
#9939=DIRECTION('',(0.,-1.,0.));
#9940=DIRECTION('center_axis',(0.,0.,-1.));
#9941=DIRECTION('ref_axis',(1.,0.,0.));
#9942=DIRECTION('',(1.,0.,0.));
#9943=DIRECTION('',(1.,0.,0.));
#9944=DIRECTION('',(0.,-1.,0.));
#9945=DIRECTION('center_axis',(-1.,0.,0.));
#9946=DIRECTION('ref_axis',(0.,0.,-1.));
#9947=DIRECTION('',(0.,0.,-1.));
#9948=DIRECTION('',(0.,0.,-1.));
#9949=DIRECTION('',(0.,-1.,0.));
#9950=DIRECTION('center_axis',(0.,0.,-1.));
#9951=DIRECTION('ref_axis',(1.,0.,0.));
#9952=DIRECTION('',(1.,0.,0.));
#9953=DIRECTION('',(1.,0.,0.));
#9954=DIRECTION('',(0.,-1.,0.));
#9955=DIRECTION('center_axis',(-1.,0.,0.));
#9956=DIRECTION('ref_axis',(0.,0.,-1.));
#9957=DIRECTION('',(0.,0.,-1.));
#9958=DIRECTION('',(0.,0.,-1.));
#9959=DIRECTION('',(0.,-1.,0.));
#9960=DIRECTION('center_axis',(0.,0.,-1.));
#9961=DIRECTION('ref_axis',(1.,0.,0.));
#9962=DIRECTION('',(1.,0.,0.));
#9963=DIRECTION('',(1.,0.,0.));
#9964=DIRECTION('',(0.,-1.,0.));
#9965=DIRECTION('center_axis',(-1.,0.,0.));
#9966=DIRECTION('ref_axis',(0.,0.,-1.));
#9967=DIRECTION('',(0.,0.,-1.));
#9968=DIRECTION('',(0.,0.,-1.));
#9969=DIRECTION('',(0.,-1.,0.));
#9970=DIRECTION('center_axis',(0.,0.,-1.));
#9971=DIRECTION('ref_axis',(1.,0.,0.));
#9972=DIRECTION('',(1.,0.,0.));
#9973=DIRECTION('',(1.,0.,0.));
#9974=DIRECTION('',(0.,-1.,0.));
#9975=DIRECTION('center_axis',(-1.,0.,0.));
#9976=DIRECTION('ref_axis',(0.,0.,-1.));
#9977=DIRECTION('',(0.,0.,-1.));
#9978=DIRECTION('',(0.,0.,-1.));
#9979=DIRECTION('',(0.,-1.,0.));
#9980=DIRECTION('center_axis',(0.,0.,-1.));
#9981=DIRECTION('ref_axis',(1.,0.,0.));
#9982=DIRECTION('',(1.,0.,0.));
#9983=DIRECTION('',(1.,0.,0.));
#9984=DIRECTION('',(0.,-1.,0.));
#9985=DIRECTION('center_axis',(-1.,0.,0.));
#9986=DIRECTION('ref_axis',(0.,0.,-1.));
#9987=DIRECTION('',(0.,0.,-1.));
#9988=DIRECTION('',(0.,0.,-1.));
#9989=DIRECTION('',(0.,-1.,0.));
#9990=DIRECTION('center_axis',(0.,0.,-1.));
#9991=DIRECTION('ref_axis',(1.,0.,0.));
#9992=DIRECTION('',(1.,0.,0.));
#9993=DIRECTION('',(1.,0.,0.));
#9994=DIRECTION('',(0.,-1.,0.));
#9995=DIRECTION('center_axis',(-1.,0.,0.));
#9996=DIRECTION('ref_axis',(0.,0.,-1.));
#9997=DIRECTION('',(0.,0.,-1.));
#9998=DIRECTION('',(0.,0.,-1.));
#9999=DIRECTION('',(0.,-1.,0.));
#10000=DIRECTION('center_axis',(0.,0.,-1.));
#10001=DIRECTION('ref_axis',(1.,0.,0.));
#10002=DIRECTION('',(1.,0.,0.));
#10003=DIRECTION('',(1.,0.,0.));
#10004=DIRECTION('',(0.,-1.,0.));
#10005=DIRECTION('center_axis',(-1.,0.,0.));
#10006=DIRECTION('ref_axis',(0.,0.,-1.));
#10007=DIRECTION('',(0.,0.,-1.));
#10008=DIRECTION('',(0.,0.,-1.));
#10009=DIRECTION('',(0.,-1.,0.));
#10010=DIRECTION('center_axis',(0.,0.,-1.));
#10011=DIRECTION('ref_axis',(1.,0.,0.));
#10012=DIRECTION('',(1.,0.,0.));
#10013=DIRECTION('',(1.,0.,0.));
#10014=DIRECTION('',(0.,-1.,0.));
#10015=DIRECTION('center_axis',(-1.,0.,0.));
#10016=DIRECTION('ref_axis',(0.,0.,-1.));
#10017=DIRECTION('',(0.,0.,-1.));
#10018=DIRECTION('',(0.,0.,-1.));
#10019=DIRECTION('',(0.,-1.,0.));
#10020=DIRECTION('center_axis',(0.,0.,-1.));
#10021=DIRECTION('ref_axis',(1.,0.,0.));
#10022=DIRECTION('',(1.,0.,0.));
#10023=DIRECTION('',(1.,0.,0.));
#10024=DIRECTION('',(0.,-1.,0.));
#10025=DIRECTION('center_axis',(-1.,0.,0.));
#10026=DIRECTION('ref_axis',(0.,0.,-1.));
#10027=DIRECTION('',(0.,0.,-1.));
#10028=DIRECTION('',(0.,0.,-1.));
#10029=DIRECTION('',(0.,-1.,0.));
#10030=DIRECTION('center_axis',(0.,0.,1.));
#10031=DIRECTION('ref_axis',(-1.,0.,0.));
#10032=DIRECTION('',(-1.,0.,0.));
#10033=DIRECTION('',(-1.,0.,0.));
#10034=DIRECTION('',(0.,-1.,0.));
#10035=DIRECTION('center_axis',(-1.,0.,0.));
#10036=DIRECTION('ref_axis',(0.,0.,-1.));
#10037=DIRECTION('',(0.,0.,-1.));
#10038=DIRECTION('',(0.,0.,-1.));
#10039=DIRECTION('',(0.,-1.,0.));
#10040=DIRECTION('center_axis',(0.,0.,1.));
#10041=DIRECTION('ref_axis',(-1.,0.,0.));
#10042=DIRECTION('',(-1.,0.,0.));
#10043=DIRECTION('',(-1.,0.,0.));
#10044=DIRECTION('',(0.,-1.,0.));
#10045=DIRECTION('center_axis',(-1.,0.,0.));
#10046=DIRECTION('ref_axis',(0.,0.,-1.));
#10047=DIRECTION('',(0.,0.,-1.));
#10048=DIRECTION('',(0.,0.,-1.));
#10049=DIRECTION('',(0.,-1.,0.));
#10050=DIRECTION('center_axis',(0.,0.,1.));
#10051=DIRECTION('ref_axis',(-1.,0.,0.));
#10052=DIRECTION('',(-1.,0.,0.));
#10053=DIRECTION('',(-1.,0.,0.));
#10054=DIRECTION('',(0.,-1.,0.));
#10055=DIRECTION('center_axis',(-1.,0.,2.99722751304879E-15));
#10056=DIRECTION('ref_axis',(-2.99722751304879E-15,0.,-1.));
#10057=DIRECTION('',(-2.99722751304879E-15,0.,-1.));
#10058=DIRECTION('',(-2.99722751304879E-15,0.,-1.));
#10059=DIRECTION('',(0.,-1.,0.));
#10060=DIRECTION('center_axis',(0.,0.,1.));
#10061=DIRECTION('ref_axis',(-1.,0.,0.));
#10062=DIRECTION('',(-1.,0.,0.));
#10063=DIRECTION('',(-1.,0.,0.));
#10064=DIRECTION('',(0.,-1.,0.));
#10065=DIRECTION('center_axis',(-1.,0.,0.));
#10066=DIRECTION('ref_axis',(0.,0.,-1.));
#10067=DIRECTION('',(0.,0.,-1.));
#10068=DIRECTION('',(0.,0.,-1.));
#10069=DIRECTION('',(0.,-1.,0.));
#10070=DIRECTION('center_axis',(0.,0.,1.));
#10071=DIRECTION('ref_axis',(-1.,0.,0.));
#10072=DIRECTION('',(-1.,0.,0.));
#10073=DIRECTION('',(-1.,0.,0.));
#10074=DIRECTION('',(0.,-1.,0.));
#10075=DIRECTION('center_axis',(-1.,0.,0.));
#10076=DIRECTION('ref_axis',(0.,0.,-1.));
#10077=DIRECTION('',(0.,0.,-1.));
#10078=DIRECTION('',(0.,0.,-1.));
#10079=DIRECTION('',(0.,-1.,0.));
#10080=DIRECTION('center_axis',(0.,0.,1.));
#10081=DIRECTION('ref_axis',(-1.,0.,0.));
#10082=DIRECTION('',(-1.,0.,0.));
#10083=DIRECTION('',(-1.,0.,0.));
#10084=DIRECTION('',(0.,-1.,0.));
#10085=DIRECTION('center_axis',(-1.,0.,2.99722751304879E-15));
#10086=DIRECTION('ref_axis',(-2.99722751304879E-15,0.,-1.));
#10087=DIRECTION('',(-2.99722751304879E-15,0.,-1.));
#10088=DIRECTION('',(-2.99722751304879E-15,0.,-1.));
#10089=DIRECTION('',(0.,-1.,0.));
#10090=DIRECTION('center_axis',(0.,0.,1.));
#10091=DIRECTION('ref_axis',(-1.,0.,0.));
#10092=DIRECTION('',(-1.,0.,0.));
#10093=DIRECTION('',(-1.,0.,0.));
#10094=DIRECTION('',(0.,-1.,0.));
#10095=DIRECTION('center_axis',(-1.,0.,0.));
#10096=DIRECTION('ref_axis',(0.,0.,-1.));
#10097=DIRECTION('',(0.,0.,-1.));
#10098=DIRECTION('',(0.,0.,-1.));
#10099=DIRECTION('',(0.,-1.,0.));
#10100=DIRECTION('center_axis',(0.,0.,1.));
#10101=DIRECTION('ref_axis',(-1.,0.,0.));
#10102=DIRECTION('',(-1.,0.,0.));
#10103=DIRECTION('',(-1.,0.,0.));
#10104=DIRECTION('',(0.,-1.,0.));
#10105=DIRECTION('center_axis',(-1.,0.,0.));
#10106=DIRECTION('ref_axis',(0.,0.,-1.));
#10107=DIRECTION('',(0.,0.,-1.));
#10108=DIRECTION('',(0.,0.,-1.));
#10109=DIRECTION('',(0.,-1.,0.));
#10110=DIRECTION('center_axis',(0.,0.,1.));
#10111=DIRECTION('ref_axis',(-1.,0.,0.));
#10112=DIRECTION('',(-1.,0.,0.));
#10113=DIRECTION('',(-1.,0.,0.));
#10114=DIRECTION('',(0.,-1.,0.));
#10115=DIRECTION('center_axis',(1.,0.,0.));
#10116=DIRECTION('ref_axis',(0.,0.,1.));
#10117=DIRECTION('',(0.,0.,1.));
#10118=DIRECTION('',(0.,0.,1.));
#10119=DIRECTION('',(0.,-1.,0.));
#10120=DIRECTION('center_axis',(0.,0.,1.));
#10121=DIRECTION('ref_axis',(-1.,0.,0.));
#10122=DIRECTION('',(-1.,0.,0.));
#10123=DIRECTION('',(-1.,0.,0.));
#10124=DIRECTION('',(0.,-1.,0.));
#10125=DIRECTION('center_axis',(1.,0.,0.));
#10126=DIRECTION('ref_axis',(0.,0.,1.));
#10127=DIRECTION('',(0.,0.,1.));
#10128=DIRECTION('',(0.,0.,1.));
#10129=DIRECTION('',(0.,-1.,0.));
#10130=DIRECTION('center_axis',(0.,0.,1.));
#10131=DIRECTION('ref_axis',(-1.,0.,0.));
#10132=DIRECTION('',(-1.,0.,0.));
#10133=DIRECTION('',(-1.,0.,0.));
#10134=DIRECTION('',(0.,-1.,0.));
#10135=DIRECTION('center_axis',(1.,0.,0.));
#10136=DIRECTION('ref_axis',(0.,0.,1.));
#10137=DIRECTION('',(0.,0.,1.));
#10138=DIRECTION('',(0.,0.,1.));
#10139=DIRECTION('',(0.,-1.,0.));
#10140=DIRECTION('center_axis',(0.,0.,1.));
#10141=DIRECTION('ref_axis',(-1.,0.,0.));
#10142=DIRECTION('',(-1.,0.,0.));
#10143=DIRECTION('',(-1.,0.,0.));
#10144=DIRECTION('',(0.,-1.,0.));
#10145=DIRECTION('center_axis',(1.,0.,0.));
#10146=DIRECTION('ref_axis',(0.,0.,1.));
#10147=DIRECTION('',(0.,0.,1.));
#10148=DIRECTION('',(0.,0.,1.));
#10149=DIRECTION('',(0.,-1.,0.));
#10150=DIRECTION('center_axis',(0.,0.,1.));
#10151=DIRECTION('ref_axis',(-1.,0.,0.));
#10152=DIRECTION('',(-1.,0.,0.));
#10153=DIRECTION('',(-1.,0.,0.));
#10154=DIRECTION('',(0.,-1.,0.));
#10155=DIRECTION('center_axis',(1.,0.,0.));
#10156=DIRECTION('ref_axis',(0.,0.,1.));
#10157=DIRECTION('',(0.,0.,1.));
#10158=DIRECTION('',(0.,0.,1.));
#10159=DIRECTION('',(0.,-1.,0.));
#10160=DIRECTION('center_axis',(0.,0.,1.));
#10161=DIRECTION('ref_axis',(-1.,0.,0.));
#10162=DIRECTION('',(-1.,0.,0.));
#10163=DIRECTION('',(-1.,0.,0.));
#10164=DIRECTION('',(0.,-1.,0.));
#10165=DIRECTION('center_axis',(1.,0.,0.));
#10166=DIRECTION('ref_axis',(0.,0.,1.));
#10167=DIRECTION('',(0.,0.,1.));
#10168=DIRECTION('',(0.,0.,1.));
#10169=DIRECTION('',(0.,-1.,0.));
#10170=DIRECTION('center_axis',(0.,0.,1.));
#10171=DIRECTION('ref_axis',(-1.,0.,0.));
#10172=DIRECTION('',(-1.,0.,0.));
#10173=DIRECTION('',(-1.,0.,0.));
#10174=DIRECTION('',(0.,-1.,0.));
#10175=DIRECTION('center_axis',(1.,0.,0.));
#10176=DIRECTION('ref_axis',(0.,0.,1.));
#10177=DIRECTION('',(0.,0.,1.));
#10178=DIRECTION('',(0.,0.,1.));
#10179=DIRECTION('',(0.,-1.,0.));
#10180=DIRECTION('center_axis',(0.,0.,1.));
#10181=DIRECTION('ref_axis',(-1.,0.,0.));
#10182=DIRECTION('',(-1.,0.,0.));
#10183=DIRECTION('',(-1.,0.,0.));
#10184=DIRECTION('',(0.,-1.,0.));
#10185=DIRECTION('center_axis',(1.,0.,0.));
#10186=DIRECTION('ref_axis',(0.,0.,1.));
#10187=DIRECTION('',(0.,0.,1.));
#10188=DIRECTION('',(0.,0.,1.));
#10189=DIRECTION('',(0.,-1.,0.));
#10190=DIRECTION('center_axis',(0.,0.,1.));
#10191=DIRECTION('ref_axis',(-1.,0.,0.));
#10192=DIRECTION('',(-1.,0.,0.));
#10193=DIRECTION('',(-1.,0.,0.));
#10194=DIRECTION('',(0.,-1.,0.));
#10195=DIRECTION('center_axis',(1.,0.,0.));
#10196=DIRECTION('ref_axis',(0.,0.,1.));
#10197=DIRECTION('',(0.,0.,1.));
#10198=DIRECTION('',(0.,0.,1.));
#10199=DIRECTION('',(0.,-1.,0.));
#10200=DIRECTION('center_axis',(0.,0.,-1.));
#10201=DIRECTION('ref_axis',(1.,0.,0.));
#10202=DIRECTION('',(-1.,0.,0.));
#10203=DIRECTION('',(1.,0.,0.));
#10204=DIRECTION('center_axis',(0.,1.,0.));
#10205=DIRECTION('ref_axis',(-1.,0.,0.));
#10206=DIRECTION('center_axis',(0.,-1.,0.));
#10207=DIRECTION('ref_axis',(0.,0.,-1.));
#10208=DIRECTION('center_axis',(-1.,0.,0.));
#10209=DIRECTION('ref_axis',(0.,0.,-1.));
#10210=DIRECTION('',(0.,1.,0.));
#10211=DIRECTION('',(0.,0.,1.));
#10212=DIRECTION('',(0.,-1.,0.));
#10213=DIRECTION('',(0.,0.,-1.));
#10214=DIRECTION('center_axis',(1.,0.,0.));
#10215=DIRECTION('ref_axis',(0.,0.,1.));
#10216=DIRECTION('',(0.,0.,1.));
#10217=DIRECTION('',(0.,-1.,0.));
#10218=DIRECTION('',(0.,0.,-1.));
#10219=DIRECTION('',(0.,1.,0.));
#10220=DIRECTION('center_axis',(0.,0.,1.));
#10221=DIRECTION('ref_axis',(-1.,0.,0.));
#10222=DIRECTION('',(-1.,0.,0.));
#10223=DIRECTION('',(0.,-1.,0.));
#10224=DIRECTION('',(1.,0.,0.));
#10225=DIRECTION('center_axis',(1.,0.,0.));
#10226=DIRECTION('ref_axis',(0.,0.,1.));
#10227=DIRECTION('',(0.,0.,1.));
#10228=DIRECTION('',(0.,-1.,0.));
#10229=DIRECTION('',(0.,0.,-1.));
#10230=DIRECTION('center_axis',(0.,0.,1.));
#10231=DIRECTION('ref_axis',(-1.,0.,0.));
#10232=DIRECTION('',(-1.,0.,0.));
#10233=DIRECTION('',(0.,-1.,0.));
#10234=DIRECTION('',(1.,0.,0.));
#10235=DIRECTION('center_axis',(1.,0.,0.));
#10236=DIRECTION('ref_axis',(0.,0.,1.));
#10237=DIRECTION('',(0.,0.,1.));
#10238=DIRECTION('',(0.,-1.,0.));
#10239=DIRECTION('',(0.,0.,-1.));
#10240=DIRECTION('center_axis',(0.,0.,1.));
#10241=DIRECTION('ref_axis',(-1.,0.,0.));
#10242=DIRECTION('',(-1.,0.,0.));
#10243=DIRECTION('',(1.,0.,0.));
#10244=DIRECTION('center_axis',(0.,-1.,0.));
#10245=DIRECTION('ref_axis',(0.,0.,-1.));
#10246=DIRECTION('',(-1.,0.,0.));
#10247=DIRECTION('',(0.,0.,1.));
#10248=DIRECTION('',(-1.,0.,0.));
#10249=DIRECTION('',(0.,0.,1.));
#10250=DIRECTION('',(-1.,0.,0.));
#10251=DIRECTION('center_axis',(0.,1.,0.));
#10252=DIRECTION('ref_axis',(0.,0.,1.));
#10253=DIRECTION('',(1.,0.,0.));
#10254=DIRECTION('',(0.,0.,-1.));
#10255=DIRECTION('',(1.,0.,0.));
#10256=DIRECTION('',(0.,0.,-1.));
#10257=DIRECTION('',(1.,0.,0.));
#10258=DIRECTION('center_axis',(0.,0.,1.));
#10259=DIRECTION('ref_axis',(1.,0.,0.));
#10260=DIRECTION('',(0.,1.,0.));
#10261=DIRECTION('center_axis',(1.,0.,0.));
#10262=DIRECTION('ref_axis',(0.,0.,-1.));
#10263=DIRECTION('',(0.,1.,0.));
#10264=DIRECTION('center_axis',(0.,0.,1.));
#10265=DIRECTION('ref_axis',(1.,0.,0.));
#10266=DIRECTION('',(0.,1.,0.));
#10267=DIRECTION('center_axis',(1.,0.,0.));
#10268=DIRECTION('ref_axis',(0.,0.,-1.));
#10269=DIRECTION('',(0.,1.,0.));
#10270=DIRECTION('center_axis',(0.,0.,1.));
#10271=DIRECTION('ref_axis',(1.,0.,0.));
#10272=DIRECTION('center_axis',(0.,1.,0.));
#10273=DIRECTION('ref_axis',(0.,0.,1.));
#10274=DIRECTION('',(0.,0.,-1.));
#10275=DIRECTION('',(-1.,0.,0.));
#10276=DIRECTION('',(0.,0.,-1.));
#10277=DIRECTION('',(-1.,0.,0.));
#10278=DIRECTION('',(-2.99722751304879E-15,0.,-1.));
#10279=DIRECTION('',(-1.,0.,0.));
#10280=DIRECTION('',(0.,0.,-1.));
#10281=DIRECTION('',(-1.,0.,0.));
#10282=DIRECTION('',(0.,0.,-1.));
#10283=DIRECTION('',(1.,0.,0.));
#10284=DIRECTION('',(0.,0.,-1.));
#10285=DIRECTION('',(-1.,0.,2.99722751304879E-15));
#10286=DIRECTION('',(0.,0.,1.));
#10287=DIRECTION('',(-1.,0.,0.));
#10288=DIRECTION('',(0.,0.,1.));
#10289=DIRECTION('',(1.,0.,0.));
#10290=DIRECTION('',(0.,0.,1.));
#10291=DIRECTION('',(1.,0.,0.));
#10292=DIRECTION('',(0.,0.,1.));
#10293=DIRECTION('',(1.,0.,0.));
#10294=DIRECTION('',(0.,0.,1.));
#10295=DIRECTION('',(1.,0.,0.));
#10296=DIRECTION('',(0.,0.,1.));
#10297=DIRECTION('',(1.,0.,0.));
#10298=DIRECTION('',(0.,0.,1.));
#10299=DIRECTION('',(1.,0.,0.));
#10300=DIRECTION('center_axis',(1.,0.,0.));
#10301=DIRECTION('ref_axis',(0.,0.,-1.));
#10302=DIRECTION('',(0.,0.,1.));
#10303=DIRECTION('',(0.,1.,0.));
#10304=DIRECTION('',(0.,-1.,0.));
#10305=DIRECTION('center_axis',(0.,0.,-1.));
#10306=DIRECTION('ref_axis',(-1.,0.,0.));
#10307=DIRECTION('',(1.,0.,0.));
#10308=DIRECTION('',(0.,1.,0.));
#10309=DIRECTION('center_axis',(1.,0.,0.));
#10310=DIRECTION('ref_axis',(0.,0.,-1.));
#10311=DIRECTION('',(0.,0.,1.));
#10312=DIRECTION('',(0.,1.,0.));
#10313=DIRECTION('center_axis',(0.,0.,-1.));
#10314=DIRECTION('ref_axis',(-1.,0.,0.));
#10315=DIRECTION('',(1.,0.,0.));
#10316=DIRECTION('',(0.,1.,0.));
#10317=DIRECTION('center_axis',(1.,0.,-2.99722751304879E-15));
#10318=DIRECTION('ref_axis',(-2.99722751304879E-15,0.,-1.));
#10319=DIRECTION('',(2.99722751304879E-15,0.,1.));
#10320=DIRECTION('',(0.,1.,0.));
#10321=DIRECTION('center_axis',(0.,0.,-1.));
#10322=DIRECTION('ref_axis',(-1.,0.,0.));
#10323=DIRECTION('',(1.,0.,0.));
#10324=DIRECTION('',(0.,1.,0.));
#10325=DIRECTION('center_axis',(1.,0.,0.));
#10326=DIRECTION('ref_axis',(0.,0.,-1.));
#10327=DIRECTION('',(0.,0.,1.));
#10328=DIRECTION('',(0.,1.,0.));
#10329=DIRECTION('center_axis',(0.,0.,-1.));
#10330=DIRECTION('ref_axis',(-1.,0.,0.));
#10331=DIRECTION('',(1.,0.,0.));
#10332=DIRECTION('',(0.,1.,0.));
#10333=DIRECTION('center_axis',(1.,0.,0.));
#10334=DIRECTION('ref_axis',(0.,0.,-1.));
#10335=DIRECTION('',(0.,0.,1.));
#10336=DIRECTION('',(0.,1.,0.));
#10337=DIRECTION('center_axis',(0.,0.,1.));
#10338=DIRECTION('ref_axis',(1.,0.,0.));
#10339=DIRECTION('',(-1.,0.,0.));
#10340=DIRECTION('',(0.,1.,0.));
#10341=DIRECTION('center_axis',(1.,0.,0.));
#10342=DIRECTION('ref_axis',(0.,0.,-1.));
#10343=DIRECTION('',(0.,0.,1.));
#10344=DIRECTION('',(0.,1.,0.));
#10345=DIRECTION('center_axis',(0.,-1.,0.));
#10346=DIRECTION('ref_axis',(0.,0.,-1.));
#10347=DIRECTION('',(-1.,0.,0.));
#10348=DIRECTION('',(0.,0.,-1.));
#10349=DIRECTION('',(-1.,0.,0.));
#10350=DIRECTION('',(0.,0.,-1.));
#10351=DIRECTION('',(-1.,0.,0.));
#10352=DIRECTION('',(0.,0.,-1.));
#10353=DIRECTION('',(-1.,0.,0.));
#10354=DIRECTION('',(0.,0.,-1.));
#10355=DIRECTION('',(-1.,0.,0.));
#10356=DIRECTION('',(0.,0.,-1.));
#10357=DIRECTION('',(-1.,0.,0.));
#10358=DIRECTION('',(0.,0.,-1.));
#10359=DIRECTION('',(1.,0.,0.));
#10360=DIRECTION('',(0.,0.,-1.));
#10361=DIRECTION('',(1.,0.,-2.99722751304879E-15));
#10362=DIRECTION('center_axis',(2.99722751304879E-15,0.,1.));
#10363=DIRECTION('ref_axis',(-1.,0.,2.99722751304879E-15));
#10364=DIRECTION('',(0.,-1.,0.));
#10365=DIRECTION('center_axis',(1.,0.,0.));
#10366=DIRECTION('ref_axis',(0.,0.,1.));
#10367=DIRECTION('',(0.,-1.,0.));
#10368=DIRECTION('center_axis',(0.,0.,1.));
#10369=DIRECTION('ref_axis',(-1.,0.,0.));
#10370=DIRECTION('',(0.,-1.,0.));
#10371=DIRECTION('center_axis',(1.,0.,0.));
#10372=DIRECTION('ref_axis',(0.,0.,1.));
#10373=DIRECTION('',(0.,-1.,0.));
#10374=DIRECTION('center_axis',(0.,0.,-1.));
#10375=DIRECTION('ref_axis',(1.,0.,0.));
#10376=DIRECTION('',(0.,-1.,0.));
#10377=DIRECTION('center_axis',(1.,0.,0.));
#10378=DIRECTION('ref_axis',(0.,0.,1.));
#10379=DIRECTION('',(0.,-1.,0.));
#10380=DIRECTION('center_axis',(0.,0.,-1.));
#10381=DIRECTION('ref_axis',(1.,0.,0.));
#10382=DIRECTION('',(0.,-1.,0.));
#10383=DIRECTION('center_axis',(1.,0.,0.));
#10384=DIRECTION('ref_axis',(0.,0.,1.));
#10385=DIRECTION('',(0.,-1.,0.));
#10386=DIRECTION('center_axis',(0.,0.,-1.));
#10387=DIRECTION('ref_axis',(1.,0.,0.));
#10388=DIRECTION('',(0.,-1.,0.));
#10389=DIRECTION('center_axis',(1.,0.,0.));
#10390=DIRECTION('ref_axis',(0.,0.,1.));
#10391=DIRECTION('',(0.,-1.,0.));
#10392=DIRECTION('center_axis',(0.,0.,-1.));
#10393=DIRECTION('ref_axis',(1.,0.,0.));
#10394=DIRECTION('',(0.,-1.,0.));
#10395=DIRECTION('center_axis',(1.,0.,0.));
#10396=DIRECTION('ref_axis',(0.,0.,1.));
#10397=DIRECTION('',(0.,-1.,0.));
#10398=DIRECTION('center_axis',(0.,0.,-1.));
#10399=DIRECTION('ref_axis',(1.,0.,0.));
#10400=DIRECTION('',(0.,-1.,0.));
#10401=DIRECTION('center_axis',(1.,0.,0.));
#10402=DIRECTION('ref_axis',(0.,0.,1.));
#10403=DIRECTION('',(0.,-1.,0.));
#10404=DIRECTION('center_axis',(0.,0.,-1.));
#10405=DIRECTION('ref_axis',(1.,0.,0.));
#10406=DIRECTION('center_axis',(0.,-1.,0.));
#10407=DIRECTION('ref_axis',(0.,0.,-1.));
#10408=DIRECTION('',(0.,0.,-1.));
#10409=DIRECTION('',(1.,0.,0.));
#10410=DIRECTION('',(0.,0.,1.));
#10411=DIRECTION('',(1.,0.,0.));
#10412=DIRECTION('',(0.,0.,1.));
#10413=DIRECTION('',(1.,0.,0.));
#10414=DIRECTION('',(0.,0.,1.));
#10415=DIRECTION('',(1.,0.,0.));
#10416=DIRECTION('',(0.,0.,1.));
#10417=DIRECTION('',(1.,0.,-2.99722751304879E-15));
#10418=DIRECTION('',(5.99445502609757E-15,0.,1.));
#10419=DIRECTION('',(1.,0.,0.));
#10420=DIRECTION('',(0.,0.,1.));
#10421=DIRECTION('',(1.,0.,0.));
#10422=DIRECTION('',(0.,0.,1.));
#10423=DIRECTION('',(1.,0.,0.));
#10424=DIRECTION('',(5.99445502609757E-15,0.,1.));
#10425=DIRECTION('',(1.,0.,0.));
#10426=DIRECTION('',(0.,0.,1.));
#10427=DIRECTION('',(1.,0.,0.));
#10428=DIRECTION('',(0.,0.,1.));
#10429=DIRECTION('',(-1.,0.,0.));
#10430=DIRECTION('',(0.,0.,1.));
#10431=DIRECTION('',(-1.,0.,0.));
#10432=DIRECTION('',(0.,0.,1.));
#10433=DIRECTION('',(-1.,0.,0.));
#10434=DIRECTION('',(0.,0.,1.));
#10435=DIRECTION('',(-1.,0.,0.));
#10436=DIRECTION('',(0.,0.,1.));
#10437=DIRECTION('',(-1.,0.,0.));
#10438=DIRECTION('',(0.,0.,1.));
#10439=DIRECTION('',(-1.,0.,0.));
#10440=DIRECTION('',(0.,0.,1.));
#10441=DIRECTION('',(-1.,0.,0.));
#10442=DIRECTION('',(0.,0.,1.));
#10443=DIRECTION('',(-1.,0.,0.));
#10444=DIRECTION('',(0.,0.,1.));
#10445=DIRECTION('',(-1.,0.,0.));
#10446=DIRECTION('',(0.,0.,-1.));
#10447=DIRECTION('',(1.,0.,0.));
#10448=DIRECTION('',(0.,0.,-1.));
#10449=DIRECTION('',(1.,0.,0.));
#10450=DIRECTION('',(0.,0.,-1.));
#10451=DIRECTION('',(1.,0.,0.));
#10452=DIRECTION('',(0.,0.,-1.));
#10453=DIRECTION('',(1.,0.,0.));
#10454=DIRECTION('',(0.,0.,-1.));
#10455=DIRECTION('',(1.,0.,0.));
#10456=DIRECTION('',(0.,0.,-1.));
#10457=DIRECTION('',(1.,0.,0.));
#10458=DIRECTION('',(0.,0.,-1.));
#10459=DIRECTION('',(1.,0.,0.));
#10460=DIRECTION('',(0.,0.,-1.));
#10461=DIRECTION('',(1.,0.,0.));
#10462=DIRECTION('',(0.,0.,-1.));
#10463=DIRECTION('',(-1.,0.,0.));
#10464=DIRECTION('',(0.,0.,-1.));
#10465=DIRECTION('',(-1.,0.,0.));
#10466=DIRECTION('',(0.,0.,-1.));
#10467=DIRECTION('',(-1.,0.,0.));
#10468=DIRECTION('',(0.,0.,-1.));
#10469=DIRECTION('',(-1.,0.,0.));
#10470=DIRECTION('',(0.,0.,-1.));
#10471=DIRECTION('',(-1.,0.,0.));
#10472=DIRECTION('',(0.,0.,-1.));
#10473=DIRECTION('',(-1.,0.,0.));
#10474=DIRECTION('',(0.,0.,-1.));
#10475=DIRECTION('',(-1.,0.,0.));
#10476=DIRECTION('center_axis',(0.,0.,1.));
#10477=DIRECTION('ref_axis',(1.,0.,0.));
#10478=DIRECTION('',(0.,-1.,0.));
#10479=DIRECTION('',(0.,1.,0.));
#10480=DIRECTION('',(1.,0.,0.));
#10481=DIRECTION('center_axis',(1.,0.,0.));
#10482=DIRECTION('ref_axis',(0.,0.,-1.));
#10483=DIRECTION('',(0.,1.,0.));
#10484=DIRECTION('',(0.,0.,-1.));
#10485=DIRECTION('center_axis',(0.,0.,1.));
#10486=DIRECTION('ref_axis',(1.,0.,0.));
#10487=DIRECTION('',(0.,1.,0.));
#10488=DIRECTION('',(1.,0.,0.));
#10489=DIRECTION('center_axis',(1.,0.,0.));
#10490=DIRECTION('ref_axis',(0.,0.,-1.));
#10491=DIRECTION('',(0.,1.,0.));
#10492=DIRECTION('',(0.,0.,-1.));
#10493=DIRECTION('center_axis',(0.,0.,1.));
#10494=DIRECTION('ref_axis',(1.,0.,0.));
#10495=DIRECTION('',(0.,1.,0.));
#10496=DIRECTION('',(1.,0.,0.));
#10497=DIRECTION('center_axis',(1.,0.,0.));
#10498=DIRECTION('ref_axis',(0.,0.,-1.));
#10499=DIRECTION('',(0.,1.,0.));
#10500=DIRECTION('',(0.,0.,-1.));
#10501=DIRECTION('center_axis',(0.,0.,1.));
#10502=DIRECTION('ref_axis',(1.,0.,0.));
#10503=DIRECTION('',(0.,1.,0.));
#10504=DIRECTION('',(1.,0.,0.));
#10505=DIRECTION('center_axis',(1.,0.,0.));
#10506=DIRECTION('ref_axis',(0.,0.,-1.));
#10507=DIRECTION('',(0.,1.,0.));
#10508=DIRECTION('',(0.,0.,-1.));
#10509=DIRECTION('center_axis',(0.,0.,1.));
#10510=DIRECTION('ref_axis',(1.,0.,0.));
#10511=DIRECTION('',(0.,1.,0.));
#10512=DIRECTION('',(1.,0.,0.));
#10513=DIRECTION('center_axis',(1.,0.,0.));
#10514=DIRECTION('ref_axis',(0.,0.,-1.));
#10515=DIRECTION('',(0.,1.,0.));
#10516=DIRECTION('',(0.,0.,-1.));
#10517=DIRECTION('center_axis',(0.,0.,1.));
#10518=DIRECTION('ref_axis',(1.,0.,0.));
#10519=DIRECTION('',(0.,1.,0.));
#10520=DIRECTION('',(1.,0.,0.));
#10521=DIRECTION('center_axis',(1.,0.,0.));
#10522=DIRECTION('ref_axis',(0.,0.,-1.));
#10523=DIRECTION('',(0.,1.,0.));
#10524=DIRECTION('',(0.,0.,-1.));
#10525=DIRECTION('center_axis',(0.,0.,1.));
#10526=DIRECTION('ref_axis',(1.,0.,0.));
#10527=DIRECTION('',(0.,1.,0.));
#10528=DIRECTION('',(1.,0.,0.));
#10529=DIRECTION('center_axis',(1.,0.,0.));
#10530=DIRECTION('ref_axis',(0.,0.,-1.));
#10531=DIRECTION('',(0.,1.,0.));
#10532=DIRECTION('',(0.,0.,-1.));
#10533=DIRECTION('center_axis',(0.,0.,1.));
#10534=DIRECTION('ref_axis',(1.,0.,0.));
#10535=DIRECTION('',(0.,1.,0.));
#10536=DIRECTION('',(1.,0.,0.));
#10537=DIRECTION('center_axis',(1.,0.,0.));
#10538=DIRECTION('ref_axis',(0.,0.,-1.));
#10539=DIRECTION('',(0.,1.,0.));
#10540=DIRECTION('',(0.,0.,-1.));
#10541=DIRECTION('center_axis',(0.,0.,1.));
#10542=DIRECTION('ref_axis',(1.,0.,0.));
#10543=DIRECTION('',(0.,1.,0.));
#10544=DIRECTION('',(1.,0.,0.));
#10545=DIRECTION('center_axis',(1.,0.,0.));
#10546=DIRECTION('ref_axis',(0.,0.,-1.));
#10547=DIRECTION('',(0.,1.,0.));
#10548=DIRECTION('',(0.,0.,-1.));
#10549=DIRECTION('center_axis',(0.,0.,-1.));
#10550=DIRECTION('ref_axis',(-1.,0.,0.));
#10551=DIRECTION('',(0.,1.,0.));
#10552=DIRECTION('',(-1.,0.,0.));
#10553=DIRECTION('center_axis',(1.,0.,0.));
#10554=DIRECTION('ref_axis',(0.,0.,-1.));
#10555=DIRECTION('',(0.,1.,0.));
#10556=DIRECTION('',(0.,0.,-1.));
#10557=DIRECTION('center_axis',(0.,0.,-1.));
#10558=DIRECTION('ref_axis',(-1.,0.,0.));
#10559=DIRECTION('',(0.,1.,0.));
#10560=DIRECTION('',(-1.,0.,0.));
#10561=DIRECTION('center_axis',(1.,0.,-5.99445502609757E-15));
#10562=DIRECTION('ref_axis',(-5.99445502609757E-15,0.,-1.));
#10563=DIRECTION('',(0.,1.,0.));
#10564=DIRECTION('',(-5.99445502609757E-15,0.,-1.));
#10565=DIRECTION('center_axis',(0.,0.,-1.));
#10566=DIRECTION('ref_axis',(-1.,0.,0.));
#10567=DIRECTION('',(0.,1.,0.));
#10568=DIRECTION('',(-1.,0.,0.));
#10569=DIRECTION('center_axis',(1.,0.,0.));
#10570=DIRECTION('ref_axis',(0.,0.,-1.));
#10571=DIRECTION('',(0.,1.,0.));
#10572=DIRECTION('',(0.,0.,-1.));
#10573=DIRECTION('center_axis',(0.,0.,-1.));
#10574=DIRECTION('ref_axis',(-1.,0.,0.));
#10575=DIRECTION('',(0.,1.,0.));
#10576=DIRECTION('',(-1.,0.,0.));
#10577=DIRECTION('center_axis',(1.,0.,0.));
#10578=DIRECTION('ref_axis',(0.,0.,-1.));
#10579=DIRECTION('',(0.,1.,0.));
#10580=DIRECTION('',(0.,0.,-1.));
#10581=DIRECTION('center_axis',(0.,0.,-1.));
#10582=DIRECTION('ref_axis',(-1.,0.,0.));
#10583=DIRECTION('',(0.,1.,0.));
#10584=DIRECTION('',(-1.,0.,0.));
#10585=DIRECTION('center_axis',(1.,0.,-5.99445502609757E-15));
#10586=DIRECTION('ref_axis',(-5.99445502609757E-15,0.,-1.));
#10587=DIRECTION('',(0.,1.,0.));
#10588=DIRECTION('',(-5.99445502609757E-15,0.,-1.));
#10589=DIRECTION('center_axis',(-2.99722751304879E-15,0.,-1.));
#10590=DIRECTION('ref_axis',(-1.,0.,2.99722751304879E-15));
#10591=DIRECTION('',(0.,1.,0.));
#10592=DIRECTION('',(-1.,0.,2.99722751304879E-15));
#10593=DIRECTION('center_axis',(1.,0.,0.));
#10594=DIRECTION('ref_axis',(0.,0.,-1.));
#10595=DIRECTION('',(0.,1.,0.));
#10596=DIRECTION('',(0.,0.,-1.));
#10597=DIRECTION('center_axis',(0.,0.,-1.));
#10598=DIRECTION('ref_axis',(-1.,0.,0.));
#10599=DIRECTION('',(0.,1.,0.));
#10600=DIRECTION('',(-1.,0.,0.));
#10601=DIRECTION('center_axis',(1.,0.,0.));
#10602=DIRECTION('ref_axis',(0.,0.,-1.));
#10603=DIRECTION('',(0.,1.,0.));
#10604=DIRECTION('',(0.,0.,-1.));
#10605=DIRECTION('center_axis',(0.,0.,-1.));
#10606=DIRECTION('ref_axis',(-1.,0.,0.));
#10607=DIRECTION('',(0.,1.,0.));
#10608=DIRECTION('',(-1.,0.,0.));
#10609=DIRECTION('center_axis',(1.,0.,0.));
#10610=DIRECTION('ref_axis',(0.,0.,-1.));
#10611=DIRECTION('',(0.,1.,0.));
#10612=DIRECTION('',(0.,0.,-1.));
#10613=DIRECTION('center_axis',(0.,0.,-1.));
#10614=DIRECTION('ref_axis',(-1.,0.,0.));
#10615=DIRECTION('',(0.,1.,0.));
#10616=DIRECTION('',(-1.,0.,0.));
#10617=DIRECTION('center_axis',(1.,0.,0.));
#10618=DIRECTION('ref_axis',(0.,0.,-1.));
#10619=DIRECTION('',(0.,1.,0.));
#10620=DIRECTION('',(0.,0.,-1.));
#10621=DIRECTION('center_axis',(0.,1.,0.));
#10622=DIRECTION('ref_axis',(0.,0.,1.));
#10623=DIRECTION('',(0.,0.,1.));
#10624=DIRECTION('',(1.,0.,0.));
#10625=DIRECTION('',(0.,0.,1.));
#10626=DIRECTION('',(1.,0.,0.));
#10627=DIRECTION('',(0.,0.,1.));
#10628=DIRECTION('',(1.,0.,0.));
#10629=DIRECTION('',(0.,0.,1.));
#10630=DIRECTION('',(1.,0.,0.));
#10631=DIRECTION('',(0.,0.,1.));
#10632=DIRECTION('',(1.,0.,0.));
#10633=DIRECTION('',(0.,0.,1.));
#10634=DIRECTION('',(1.,0.,0.));
#10635=DIRECTION('',(0.,0.,1.));
#10636=DIRECTION('',(1.,0.,0.));
#10637=DIRECTION('',(0.,0.,1.));
#10638=DIRECTION('',(-1.,0.,0.));
#10639=DIRECTION('',(0.,0.,1.));
#10640=DIRECTION('',(-1.,0.,0.));
#10641=DIRECTION('',(0.,0.,1.));
#10642=DIRECTION('',(-1.,0.,0.));
#10643=DIRECTION('',(0.,0.,1.));
#10644=DIRECTION('',(-1.,0.,0.));
#10645=DIRECTION('',(0.,0.,1.));
#10646=DIRECTION('',(-1.,0.,0.));
#10647=DIRECTION('',(0.,0.,1.));
#10648=DIRECTION('',(-1.,0.,0.));
#10649=DIRECTION('',(0.,0.,1.));
#10650=DIRECTION('',(-1.,0.,0.));
#10651=DIRECTION('',(0.,0.,1.));
#10652=DIRECTION('',(-1.,0.,0.));
#10653=DIRECTION('',(0.,0.,1.));
#10654=DIRECTION('',(-1.,0.,0.));
#10655=DIRECTION('center_axis',(0.,0.,-1.));
#10656=DIRECTION('ref_axis',(-1.,0.,0.));
#10657=DIRECTION('',(0.,1.,0.));
#10658=DIRECTION('center_axis',(0.,0.,-1.));
#10659=DIRECTION('ref_axis',(1.,0.,0.));
#10660=DIRECTION('',(0.,-1.,0.));
#10661=DIRECTION('',(0.,-1.,0.));
#10662=DIRECTION('center_axis',(1.,0.,0.));
#10663=DIRECTION('ref_axis',(0.,0.,1.));
#10664=DIRECTION('',(0.,-1.,0.));
#10665=DIRECTION('center_axis',(0.,0.,1.));
#10666=DIRECTION('ref_axis',(-1.,0.,0.));
#10667=DIRECTION('',(0.,-1.,0.));
#10668=DIRECTION('center_axis',(1.,0.,0.));
#10669=DIRECTION('ref_axis',(0.,0.,1.));
#10670=DIRECTION('',(0.,-1.,0.));
#10671=DIRECTION('center_axis',(0.,0.,1.));
#10672=DIRECTION('ref_axis',(-1.,0.,0.));
#10673=DIRECTION('',(0.,-1.,0.));
#10674=DIRECTION('center_axis',(1.,0.,0.));
#10675=DIRECTION('ref_axis',(0.,0.,1.));
#10676=DIRECTION('',(0.,-1.,0.));
#10677=DIRECTION('center_axis',(0.,0.,1.));
#10678=DIRECTION('ref_axis',(-1.,0.,0.));
#10679=DIRECTION('',(0.,-1.,0.));
#10680=DIRECTION('center_axis',(1.,0.,0.));
#10681=DIRECTION('ref_axis',(0.,0.,1.));
#10682=DIRECTION('',(0.,-1.,0.));
#10683=DIRECTION('center_axis',(0.,0.,1.));
#10684=DIRECTION('ref_axis',(-1.,0.,0.));
#10685=DIRECTION('',(0.,-1.,0.));
#10686=DIRECTION('center_axis',(1.,0.,0.));
#10687=DIRECTION('ref_axis',(0.,0.,1.));
#10688=DIRECTION('',(0.,-1.,0.));
#10689=DIRECTION('center_axis',(0.,0.,1.));
#10690=DIRECTION('ref_axis',(-1.,0.,0.));
#10691=DIRECTION('',(0.,-1.,0.));
#10692=DIRECTION('center_axis',(1.,0.,0.));
#10693=DIRECTION('ref_axis',(0.,0.,1.));
#10694=DIRECTION('',(0.,-1.,0.));
#10695=DIRECTION('center_axis',(0.,0.,1.));
#10696=DIRECTION('ref_axis',(-1.,0.,0.));
#10697=DIRECTION('',(0.,-1.,0.));
#10698=DIRECTION('center_axis',(1.,0.,0.));
#10699=DIRECTION('ref_axis',(0.,0.,1.));
#10700=DIRECTION('',(0.,-1.,0.));
#10701=DIRECTION('center_axis',(0.,0.,1.));
#10702=DIRECTION('ref_axis',(-1.,0.,0.));
#10703=DIRECTION('',(0.,-1.,0.));
#10704=DIRECTION('center_axis',(1.,0.,0.));
#10705=DIRECTION('ref_axis',(0.,0.,1.));
#10706=DIRECTION('',(0.,-1.,0.));
#10707=DIRECTION('center_axis',(0.,0.,1.));
#10708=DIRECTION('ref_axis',(-1.,0.,0.));
#10709=DIRECTION('',(0.,-1.,0.));
#10710=DIRECTION('center_axis',(1.,0.,0.));
#10711=DIRECTION('ref_axis',(0.,0.,1.));
#10712=DIRECTION('center_axis',(1.,0.,0.));
#10713=DIRECTION('ref_axis',(0.,0.,1.));
#10714=DIRECTION('',(0.,-1.,0.));
#10715=DIRECTION('center_axis',(0.,0.,-1.));
#10716=DIRECTION('ref_axis',(1.,0.,0.));
#10717=DIRECTION('',(0.,-1.,0.));
#10718=DIRECTION('center_axis',(1.,0.,0.));
#10719=DIRECTION('ref_axis',(0.,0.,1.));
#10720=DIRECTION('',(0.,-1.,0.));
#10721=DIRECTION('center_axis',(0.,0.,-1.));
#10722=DIRECTION('ref_axis',(1.,0.,0.));
#10723=DIRECTION('',(0.,-1.,0.));
#10724=DIRECTION('center_axis',(1.,0.,0.));
#10725=DIRECTION('ref_axis',(0.,0.,1.));
#10726=DIRECTION('',(0.,-1.,0.));
#10727=DIRECTION('center_axis',(0.,0.,-1.));
#10728=DIRECTION('ref_axis',(1.,0.,0.));
#10729=DIRECTION('',(0.,-1.,0.));
#10730=DIRECTION('center_axis',(1.,0.,0.));
#10731=DIRECTION('ref_axis',(0.,0.,1.));
#10732=DIRECTION('',(0.,-1.,0.));
#10733=DIRECTION('center_axis',(0.,0.,-1.));
#10734=DIRECTION('ref_axis',(1.,0.,0.));
#10735=DIRECTION('',(0.,-1.,0.));
#10736=DIRECTION('center_axis',(1.,0.,0.));
#10737=DIRECTION('ref_axis',(0.,0.,1.));
#10738=DIRECTION('',(0.,-1.,0.));
#10739=DIRECTION('center_axis',(0.,0.,-1.));
#10740=DIRECTION('ref_axis',(1.,0.,0.));
#10741=DIRECTION('',(0.,-1.,0.));
#10742=DIRECTION('center_axis',(1.,0.,0.));
#10743=DIRECTION('ref_axis',(0.,0.,1.));
#10744=DIRECTION('',(0.,-1.,0.));
#10745=DIRECTION('center_axis',(0.,0.,-1.));
#10746=DIRECTION('ref_axis',(1.,0.,0.));
#10747=DIRECTION('',(0.,-1.,0.));
#10748=DIRECTION('center_axis',(1.,0.,0.));
#10749=DIRECTION('ref_axis',(0.,0.,1.));
#10750=CARTESIAN_POINT('',(0.,0.,0.));
#10751=CARTESIAN_POINT('Origin',(9.98096446173065,9.01028432047175,7.65623590575869));
#10752=CARTESIAN_POINT('',(9.98096446173065,9.01028432047175,7.65623590575869));
#10753=CARTESIAN_POINT('',(9.61054779506398,9.01028432047175,7.65623590575869));
#10754=CARTESIAN_POINT('',(9.72547570242505,9.01028432047175,7.65623590575869));
#10755=CARTESIAN_POINT('',(9.98096446173065,8.21028432047175,7.65623590575869));
#10756=CARTESIAN_POINT('',(9.98096446173065,9.01028432047175,7.65623590575869));
#10757=CARTESIAN_POINT('',(9.61054779506398,8.21028432047175,7.65623590575869));
#10758=CARTESIAN_POINT('',(9.98096446173065,8.21028432047175,7.65623590575869));
#10759=CARTESIAN_POINT('',(9.61054779506398,9.01028432047175,7.65623590575869));
#10760=CARTESIAN_POINT('Origin',(9.98096446173065,9.01028432047175,8.39706923909202));
#10761=CARTESIAN_POINT('',(9.98096446173065,9.01028432047175,8.39706923909202));
#10762=CARTESIAN_POINT('',(9.98096446173065,9.01028432047175,8.94853461954601));
#10763=CARTESIAN_POINT('',(9.98096446173065,8.21028432047175,8.39706923909202));
#10764=CARTESIAN_POINT('',(9.98096446173065,9.01028432047175,8.39706923909202));
#10765=CARTESIAN_POINT('',(9.98096446173065,8.21028432047175,8.39706923909202));
#10766=CARTESIAN_POINT('Origin',(10.3513811283973,9.01028432047175,8.39706923909202));
#10767=CARTESIAN_POINT('',(10.3513811283973,9.01028432047175,8.39706923909202));
#10768=CARTESIAN_POINT('',(9.91068403575838,9.01028432047175,8.39706923909202));
#10769=CARTESIAN_POINT('',(10.3513811283973,8.21028432047175,8.39706923909202));
#10770=CARTESIAN_POINT('',(10.3513811283973,9.01028432047175,8.39706923909202));
#10771=CARTESIAN_POINT('',(10.3513811283973,8.21028432047175,8.39706923909202));
#10772=CARTESIAN_POINT('Origin',(10.3513811283973,9.01028432047175,8.76748590575869));
#10773=CARTESIAN_POINT('',(10.3513811283973,9.01028432047175,8.76748590575869));
#10774=CARTESIAN_POINT('',(10.3513811283973,9.01028432047175,9.13374295287934));
#10775=CARTESIAN_POINT('',(10.3513811283973,8.21028432047175,8.76748590575869));
#10776=CARTESIAN_POINT('',(10.3513811283973,9.01028432047175,8.76748590575869));
#10777=CARTESIAN_POINT('',(10.3513811283973,8.21028432047175,8.76748590575869));
#10778=CARTESIAN_POINT('Origin',(10.721797795064,9.01028432047175,8.76748590575869));
#10779=CARTESIAN_POINT('',(10.721797795064,9.01028432047175,8.76748590575869));
#10780=CARTESIAN_POINT('',(10.0958923690917,9.01028432047175,8.76748590575869));
#10781=CARTESIAN_POINT('',(10.721797795064,8.21028432047175,8.76748590575869));
#10782=CARTESIAN_POINT('',(10.721797795064,9.01028432047175,8.76748590575869));
#10783=CARTESIAN_POINT('',(10.721797795064,8.21028432047175,8.76748590575869));
#10784=CARTESIAN_POINT('Origin',(10.721797795064,9.01028432047175,9.13790257242535));
#10785=CARTESIAN_POINT('',(10.721797795064,9.01028432047175,9.13790257242535));
#10786=CARTESIAN_POINT('',(10.721797795064,9.01028432047175,9.31895128621268));
#10787=CARTESIAN_POINT('',(10.721797795064,8.21028432047175,9.13790257242535));
#10788=CARTESIAN_POINT('',(10.721797795064,9.01028432047175,9.13790257242535));
#10789=CARTESIAN_POINT('',(10.721797795064,8.21028432047175,9.13790257242535));
#10790=CARTESIAN_POINT('Origin',(11.833047795064,9.01028432047175,9.13790257242535));
#10791=CARTESIAN_POINT('',(11.833047795064,9.01028432047175,9.13790257242535));
#10792=CARTESIAN_POINT('',(10.6515173690917,9.01028432047175,9.13790257242535));
#10793=CARTESIAN_POINT('',(11.833047795064,8.21028432047175,9.13790257242535));
#10794=CARTESIAN_POINT('',(11.833047795064,9.01028432047175,9.13790257242535));
#10795=CARTESIAN_POINT('',(11.833047795064,8.21028432047175,9.13790257242535));
#10796=CARTESIAN_POINT('Origin',(11.833047795064,9.01028432047175,9.87873590575869));
#10797=CARTESIAN_POINT('',(11.833047795064,9.01028432047175,9.87873590575869));
#10798=CARTESIAN_POINT('',(11.833047795064,9.01028432047175,9.68936795287934));
#10799=CARTESIAN_POINT('',(11.833047795064,8.21028432047175,9.87873590575869));
#10800=CARTESIAN_POINT('',(11.833047795064,9.01028432047175,9.87873590575869));
#10801=CARTESIAN_POINT('',(11.833047795064,8.21028432047175,9.50831923909202));
#10802=CARTESIAN_POINT('Origin',(10.721797795064,9.01028432047175,9.87873590575869));
#10803=CARTESIAN_POINT('',(10.721797795064,9.01028432047175,9.87873590575869));
#10804=CARTESIAN_POINT('',(10.0958923690917,9.01028432047175,9.87873590575869));
#10805=CARTESIAN_POINT('',(10.721797795064,8.21028432047175,9.87873590575869));
#10806=CARTESIAN_POINT('',(10.721797795064,9.01028432047175,9.87873590575869));
#10807=CARTESIAN_POINT('',(10.721797795064,8.21028432047175,9.87873590575869));
#10808=CARTESIAN_POINT('Origin',(10.721797795064,9.01028432047175,10.2491525724254));
#10809=CARTESIAN_POINT('',(10.721797795064,9.01028432047175,10.2491525724254));
#10810=CARTESIAN_POINT('',(10.721797795064,9.01028432047175,9.87457628621268));
#10811=CARTESIAN_POINT('',(10.721797795064,8.21028432047175,10.2491525724254));
#10812=CARTESIAN_POINT('',(10.721797795064,9.01028432047175,10.2491525724254));
#10813=CARTESIAN_POINT('',(10.721797795064,8.21028432047175,10.2491525724254));
#10814=CARTESIAN_POINT('Origin',(10.3513811283973,9.01028432047175,10.2491525724254));
#10815=CARTESIAN_POINT('',(10.3513811283973,9.01028432047175,10.2491525724254));
#10816=CARTESIAN_POINT('',(9.91068403575838,9.01028432047175,10.2491525724254));
#10817=CARTESIAN_POINT('',(10.3513811283973,8.21028432047175,10.2491525724254));
#10818=CARTESIAN_POINT('',(10.3513811283973,9.01028432047175,10.2491525724254));
#10819=CARTESIAN_POINT('',(10.3513811283973,8.21028432047175,10.2491525724254));
#10820=CARTESIAN_POINT('Origin',(10.3513811283973,9.01028432047175,10.619569239092));
#10821=CARTESIAN_POINT('',(10.3513811283973,9.01028432047175,10.619569239092));
#10822=CARTESIAN_POINT('',(10.3513811283973,9.01028432047175,10.059784619546));
#10823=CARTESIAN_POINT('',(10.3513811283973,8.21028432047175,10.619569239092));
#10824=CARTESIAN_POINT('',(10.3513811283973,9.01028432047175,10.619569239092));
#10825=CARTESIAN_POINT('',(10.3513811283973,8.21028432047175,10.619569239092));
#10826=CARTESIAN_POINT('Origin',(9.98096446173065,9.01028432047175,10.619569239092));
#10827=CARTESIAN_POINT('',(9.98096446173065,9.01028432047175,10.619569239092));
#10828=CARTESIAN_POINT('',(9.72547570242504,9.01028432047175,10.619569239092));
#10829=CARTESIAN_POINT('',(9.98096446173065,8.21028432047175,10.619569239092));
#10830=CARTESIAN_POINT('',(9.98096446173065,9.01028432047175,10.619569239092));
#10831=CARTESIAN_POINT('',(9.98096446173065,8.21028432047175,10.619569239092));
#10832=CARTESIAN_POINT('Origin',(9.98096446173065,9.01028432047175,10.9899859057587));
#10833=CARTESIAN_POINT('',(9.98096446173065,9.01028432047175,10.9899859057587));
#10834=CARTESIAN_POINT('',(9.98096446173065,9.01028432047175,10.2449929528793));
#10835=CARTESIAN_POINT('',(9.98096446173065,8.21028432047175,10.9899859057587));
#10836=CARTESIAN_POINT('',(9.98096446173065,9.01028432047175,10.9899859057587));
#10837=CARTESIAN_POINT('',(9.98096446173065,8.21028432047175,10.9899859057587));
#10838=CARTESIAN_POINT('Origin',(9.61054779506398,9.01028432047175,10.9899859057587));
#10839=CARTESIAN_POINT('',(9.61054779506398,9.01028432047175,10.9899859057587));
#10840=CARTESIAN_POINT('',(9.54026736909171,9.01028432047175,10.9899859057587));
#10841=CARTESIAN_POINT('',(9.61054779506398,8.21028432047175,10.9899859057587));
#10842=CARTESIAN_POINT('',(9.61054779506398,9.01028432047175,10.9899859057587));
#10843=CARTESIAN_POINT('',(9.61054779506398,8.21028432047175,10.9899859057587));
#10844=CARTESIAN_POINT('Origin',(9.61054779506398,9.01028432047175,12.1012359057587));
#10845=CARTESIAN_POINT('',(9.61054779506398,9.01028432047175,12.1012359057587));
#10846=CARTESIAN_POINT('',(9.61054779506398,9.01028432047175,10.8006179528793));
#10847=CARTESIAN_POINT('',(9.61054779506398,8.21028432047175,12.1012359057587));
#10848=CARTESIAN_POINT('',(9.61054779506398,9.01028432047175,12.1012359057587));
#10849=CARTESIAN_POINT('',(9.61054779506398,8.21028432047175,11.730819239092));
#10850=CARTESIAN_POINT('Origin',(9.24013112839731,9.01028432047175,12.1012359057587));
#10851=CARTESIAN_POINT('',(9.24013112839731,9.01028432047175,12.1012359057587));
#10852=CARTESIAN_POINT('',(9.35505903575838,9.01028432047175,12.1012359057587));
#10853=CARTESIAN_POINT('',(9.24013112839731,8.21028432047175,12.1012359057587));
#10854=CARTESIAN_POINT('',(9.24013112839731,9.01028432047175,12.1012359057587));
#10855=CARTESIAN_POINT('',(9.24013112839731,8.21028432047175,12.1012359057587));
#10856=CARTESIAN_POINT('Origin',(9.24013112839731,9.01028432047175,10.9899859057587));
#10857=CARTESIAN_POINT('',(9.24013112839731,9.01028432047175,10.9899859057587));
#10858=CARTESIAN_POINT('',(9.24013112839731,9.01028432047175,10.2449929528793));
#10859=CARTESIAN_POINT('',(9.24013112839731,8.21028432047175,10.9899859057587));
#10860=CARTESIAN_POINT('',(9.24013112839731,9.01028432047175,10.9899859057587));
#10861=CARTESIAN_POINT('',(9.24013112839731,8.21028432047175,11.730819239092));
#10862=CARTESIAN_POINT('Origin',(8.86971446173065,9.01028432047175,10.9899859057587));
#10863=CARTESIAN_POINT('',(8.86971446173065,9.01028432047175,10.9899859057587));
#10864=CARTESIAN_POINT('',(9.16985070242504,9.01028432047175,10.9899859057587));
#10865=CARTESIAN_POINT('',(8.86971446173065,8.21028432047175,10.9899859057587));
#10866=CARTESIAN_POINT('',(8.86971446173065,9.01028432047175,10.9899859057587));
#10867=CARTESIAN_POINT('',(8.86971446173065,8.21028432047175,10.9899859057587));
#10868=CARTESIAN_POINT('Origin',(8.86971446173065,9.01028432047175,10.619569239092));
#10869=CARTESIAN_POINT('',(8.86971446173065,9.01028432047175,10.619569239092));
#10870=CARTESIAN_POINT('',(8.86971446173065,9.01028432047175,10.059784619546));
#10871=CARTESIAN_POINT('',(8.86971446173065,8.21028432047175,10.619569239092));
#10872=CARTESIAN_POINT('',(8.86971446173065,9.01028432047175,10.619569239092));
#10873=CARTESIAN_POINT('',(8.86971446173065,8.21028432047175,10.619569239092));
#10874=CARTESIAN_POINT('Origin',(8.49929779506398,9.01028432047175,10.619569239092));
#10875=CARTESIAN_POINT('',(8.49929779506398,9.01028432047175,10.619569239092));
#10876=CARTESIAN_POINT('',(8.98464236909171,9.01028432047175,10.619569239092));
#10877=CARTESIAN_POINT('',(8.49929779506398,8.21028432047175,10.619569239092));
#10878=CARTESIAN_POINT('',(8.49929779506398,9.01028432047175,10.619569239092));
#10879=CARTESIAN_POINT('',(8.49929779506398,8.21028432047175,10.619569239092));
#10880=CARTESIAN_POINT('Origin',(8.49929779506398,9.01028432047175,10.2491525724254));
#10881=CARTESIAN_POINT('',(8.49929779506398,9.01028432047175,10.2491525724254));
#10882=CARTESIAN_POINT('',(8.49929779506398,9.01028432047175,9.87457628621268));
#10883=CARTESIAN_POINT('',(8.49929779506398,8.21028432047175,10.2491525724254));
#10884=CARTESIAN_POINT('',(8.49929779506398,9.01028432047175,10.2491525724254));
#10885=CARTESIAN_POINT('',(8.49929779506398,8.21028432047175,10.2491525724254));
#10886=CARTESIAN_POINT('Origin',(8.12888112839731,9.01028432047175,10.2491525724254));
#10887=CARTESIAN_POINT('',(8.12888112839731,9.01028432047175,10.2491525724254));
#10888=CARTESIAN_POINT('',(8.79943403575838,9.01028432047175,10.2491525724254));
#10889=CARTESIAN_POINT('',(8.12888112839731,8.21028432047175,10.2491525724254));
#10890=CARTESIAN_POINT('',(8.12888112839731,9.01028432047175,10.2491525724254));
#10891=CARTESIAN_POINT('',(8.12888112839731,8.21028432047175,10.2491525724254));
#10892=CARTESIAN_POINT('Origin',(8.12888112839731,9.01028432047175,9.87873590575869));
#10893=CARTESIAN_POINT('',(8.12888112839731,9.01028432047175,9.87873590575869));
#10894=CARTESIAN_POINT('',(8.12888112839731,9.01028432047175,9.68936795287934));
#10895=CARTESIAN_POINT('',(8.12888112839731,8.21028432047175,9.87873590575869));
#10896=CARTESIAN_POINT('',(8.12888112839731,9.01028432047175,9.87873590575869));
#10897=CARTESIAN_POINT('',(8.12888112839731,8.21028432047175,9.87873590575869));
#10898=CARTESIAN_POINT('Origin',(7.75846446173065,9.01028432047175,9.87873590575869));
#10899=CARTESIAN_POINT('',(7.75846446173065,9.01028432047175,9.87873590575869));
#10900=CARTESIAN_POINT('',(8.61422570242504,9.01028432047175,9.87873590575869));
#10901=CARTESIAN_POINT('',(7.75846446173065,8.21028432047175,9.87873590575869));
#10902=CARTESIAN_POINT('',(7.75846446173065,9.01028432047175,9.87873590575869));
#10903=CARTESIAN_POINT('',(7.75846446173065,8.21028432047175,9.87873590575869));
#10904=CARTESIAN_POINT('Origin',(7.75846446173065,9.01028432047175,9.50831923909202));
#10905=CARTESIAN_POINT('',(7.75846446173065,9.01028432047175,9.50831923909202));
#10906=CARTESIAN_POINT('',(7.75846446173065,9.01028432047175,9.50415961954601));
#10907=CARTESIAN_POINT('',(7.75846446173065,8.21028432047175,9.50831923909202));
#10908=CARTESIAN_POINT('',(7.75846446173065,9.01028432047175,9.50831923909202));
#10909=CARTESIAN_POINT('',(7.75846446173065,8.21028432047175,9.50831923909202));
#10910=CARTESIAN_POINT('Origin',(8.12888112839731,9.01028432047175,9.50831923909202));
#10911=CARTESIAN_POINT('',(8.12888112839731,9.01028432047175,9.50831923909202));
#10912=CARTESIAN_POINT('',(8.79943403575838,9.01028432047175,9.50831923909202));
#10913=CARTESIAN_POINT('',(8.12888112839731,8.21028432047175,9.50831923909202));
#10914=CARTESIAN_POINT('',(8.12888112839731,9.01028432047175,9.50831923909202));
#10915=CARTESIAN_POINT('',(8.12888112839731,8.21028432047175,9.50831923909202));
#10916=CARTESIAN_POINT('Origin',(8.12888112839731,9.01028432047175,8.76748590575869));
#10917=CARTESIAN_POINT('',(8.12888112839731,9.01028432047175,8.76748590575869));
#10918=CARTESIAN_POINT('',(8.12888112839731,9.01028432047175,9.13374295287934));
#10919=CARTESIAN_POINT('',(8.12888112839731,8.21028432047175,8.76748590575869));
#10920=CARTESIAN_POINT('',(8.12888112839731,9.01028432047175,8.76748590575869));
#10921=CARTESIAN_POINT('',(8.12888112839731,8.21028432047175,9.13790257242535));
#10922=CARTESIAN_POINT('Origin',(8.86971446173065,9.01028432047175,8.76748590575869));
#10923=CARTESIAN_POINT('',(8.86971446173065,9.01028432047175,8.76748590575869));
#10924=CARTESIAN_POINT('',(9.16985070242504,9.01028432047175,8.76748590575869));
#10925=CARTESIAN_POINT('',(8.86971446173065,8.21028432047175,8.76748590575869));
#10926=CARTESIAN_POINT('',(8.86971446173065,9.01028432047175,8.76748590575869));
#10927=CARTESIAN_POINT('',(8.86971446173065,8.21028432047175,8.76748590575869));
#10928=CARTESIAN_POINT('Origin',(8.86971446173065,9.01028432047175,8.02665257242535));
#10929=CARTESIAN_POINT('',(8.86971446173065,9.01028432047175,8.02665257242535));
#10930=CARTESIAN_POINT('',(8.86971446173065,9.01028432047175,8.76332628621268));
#10931=CARTESIAN_POINT('',(8.86971446173065,8.21028432047175,8.02665257242535));
#10932=CARTESIAN_POINT('',(8.86971446173065,9.01028432047175,8.02665257242535));
#10933=CARTESIAN_POINT('',(8.86971446173065,8.21028432047175,8.02665257242535));
#10934=CARTESIAN_POINT('Origin',(9.24013112839731,9.01028432047175,8.02665257242535));
#10935=CARTESIAN_POINT('',(9.24013112839731,9.01028432047175,8.02665257242535));
#10936=CARTESIAN_POINT('',(9.35505903575838,9.01028432047175,8.02665257242535));
#10937=CARTESIAN_POINT('',(9.24013112839731,8.21028432047175,8.02665257242535));
#10938=CARTESIAN_POINT('',(9.24013112839731,9.01028432047175,8.02665257242535));
#10939=CARTESIAN_POINT('',(9.24013112839731,8.21028432047175,8.02665257242535));
#10940=CARTESIAN_POINT('Origin',(9.24013112839731,9.01028432047175,6.91540257242535));
#10941=CARTESIAN_POINT('',(9.24013112839731,9.01028432047175,6.91540257242535));
#10942=CARTESIAN_POINT('',(9.24013112839731,9.01028432047175,8.20770128621268));
#10943=CARTESIAN_POINT('',(9.24013112839731,8.21028432047175,6.91540257242535));
#10944=CARTESIAN_POINT('',(9.24013112839731,9.01028432047175,6.91540257242535));
#10945=CARTESIAN_POINT('',(9.24013112839731,8.21028432047175,7.28581923909202));
#10946=CARTESIAN_POINT('Origin',(9.61054779506398,9.01028432047175,6.91540257242535));
#10947=CARTESIAN_POINT('',(9.61054779506398,9.01028432047175,6.91540257242535));
#10948=CARTESIAN_POINT('',(9.54026736909171,9.01028432047175,6.91540257242535));
#10949=CARTESIAN_POINT('',(9.61054779506398,8.21028432047175,6.91540257242535));
#10950=CARTESIAN_POINT('',(9.61054779506398,9.01028432047175,6.91540257242535));
#10951=CARTESIAN_POINT('',(9.61054779506398,8.21028432047175,6.91540257242535));
#10952=CARTESIAN_POINT('Origin',(9.61054779506398,9.01028432047175,7.65623590575869));
#10953=CARTESIAN_POINT('',(9.61054779506398,9.01028432047175,8.57811795287934));
#10954=CARTESIAN_POINT('',(9.61054779506398,8.21028432047175,7.65623590575869));
#10955=CARTESIAN_POINT('Origin',(7.75846446173065,9.01028432047175,8.02665257242535));
#10956=CARTESIAN_POINT('',(7.75846446173065,9.01028432047175,8.02665257242535));
#10957=CARTESIAN_POINT('',(7.75846446173065,9.01028432047175,7.28581923909202));
#10958=CARTESIAN_POINT('',(7.75846446173065,9.01028432047175,8.76332628621268));
#10959=CARTESIAN_POINT('',(7.75846446173065,8.21028432047175,8.02665257242535));
#10960=CARTESIAN_POINT('',(7.75846446173065,9.01028432047175,8.02665257242535));
#10961=CARTESIAN_POINT('',(7.75846446173065,8.21028432047175,7.28581923909202));
#10962=CARTESIAN_POINT('',(7.75846446173065,8.21028432047175,8.02665257242535));
#10963=CARTESIAN_POINT('',(7.75846446173065,9.01028432047175,7.28581923909202));
#10964=CARTESIAN_POINT('Origin',(7.38804779506398,9.01028432047175,8.02665257242535));
#10965=CARTESIAN_POINT('',(7.38804779506398,9.01028432047175,8.02665257242535));
#10966=CARTESIAN_POINT('',(8.42901736909171,9.01028432047175,8.02665257242535));
#10967=CARTESIAN_POINT('',(7.38804779506398,8.21028432047175,8.02665257242535));
#10968=CARTESIAN_POINT('',(7.38804779506398,9.01028432047175,8.02665257242535));
#10969=CARTESIAN_POINT('',(7.38804779506398,8.21028432047175,8.02665257242535));
#10970=CARTESIAN_POINT('Origin',(7.38804779506398,9.01028432047175,8.39706923909202));
#10971=CARTESIAN_POINT('',(7.38804779506398,9.01028432047175,8.39706923909202));
#10972=CARTESIAN_POINT('',(7.38804779506398,9.01028432047175,8.94853461954601));
#10973=CARTESIAN_POINT('',(7.38804779506398,8.21028432047175,8.39706923909202));
#10974=CARTESIAN_POINT('',(7.38804779506398,9.01028432047175,8.39706923909202));
#10975=CARTESIAN_POINT('',(7.38804779506398,8.21028432047175,8.39706923909202));
#10976=CARTESIAN_POINT('Origin',(7.01763112839731,9.01028432047175,8.39706923909202));
#10977=CARTESIAN_POINT('',(7.01763112839731,9.01028432047175,8.39706923909202));
#10978=CARTESIAN_POINT('',(8.24380903575838,9.01028432047175,8.39706923909202));
#10979=CARTESIAN_POINT('',(7.01763112839731,8.21028432047175,8.39706923909202));
#10980=CARTESIAN_POINT('',(7.01763112839731,9.01028432047175,8.39706923909202));
#10981=CARTESIAN_POINT('',(7.01763112839731,8.21028432047175,8.39706923909202));
#10982=CARTESIAN_POINT('Origin',(7.01763112839731,9.01028432047175,8.76748590575869));
#10983=CARTESIAN_POINT('',(7.01763112839731,9.01028432047175,8.76748590575869));
#10984=CARTESIAN_POINT('',(7.01763112839731,9.01028432047175,9.13374295287935));
#10985=CARTESIAN_POINT('',(7.01763112839731,8.21028432047175,8.76748590575869));
#10986=CARTESIAN_POINT('',(7.01763112839731,9.01028432047175,8.76748590575869));
#10987=CARTESIAN_POINT('',(7.01763112839731,8.21028432047175,8.76748590575869));
#10988=CARTESIAN_POINT('Origin',(6.27679779506398,9.01028432047175,8.76748590575869));
#10989=CARTESIAN_POINT('',(6.27679779506398,9.01028432047175,8.76748590575869));
#10990=CARTESIAN_POINT('',(7.87339236909171,9.01028432047175,8.76748590575869));
#10991=CARTESIAN_POINT('',(6.27679779506398,8.21028432047175,8.76748590575869));
#10992=CARTESIAN_POINT('',(6.27679779506398,9.01028432047175,8.76748590575869));
#10993=CARTESIAN_POINT('',(6.64721446173065,8.21028432047175,8.76748590575869));
#10994=CARTESIAN_POINT('Origin',(6.27679779506398,9.01028432047175,9.13790257242535));
#10995=CARTESIAN_POINT('',(6.27679779506398,9.01028432047175,9.13790257242535));
#10996=CARTESIAN_POINT('',(6.27679779506398,9.01028432047175,9.31895128621268));
#10997=CARTESIAN_POINT('',(6.27679779506398,8.21028432047175,9.13790257242535));
#10998=CARTESIAN_POINT('',(6.27679779506398,9.01028432047175,9.13790257242535));
#10999=CARTESIAN_POINT('',(6.27679779506398,8.21028432047175,9.13790257242535));
#11000=CARTESIAN_POINT('Origin',(5.16554779506398,9.01028432047175,9.13790257242535));
#11001=CARTESIAN_POINT('',(5.16554779506398,9.01028432047175,9.13790257242535));
#11002=CARTESIAN_POINT('',(7.31776736909171,9.01028432047175,9.13790257242535));
#11003=CARTESIAN_POINT('',(5.16554779506398,8.21028432047175,9.13790257242535));
#11004=CARTESIAN_POINT('',(5.16554779506398,9.01028432047175,9.13790257242535));
#11005=CARTESIAN_POINT('',(5.53596446173065,8.21028432047175,9.13790257242535));
#11006=CARTESIAN_POINT('Origin',(5.16554779506398,9.01028432047175,9.50831923909202));
#11007=CARTESIAN_POINT('',(5.16554779506398,9.01028432047175,9.50831923909202));
#11008=CARTESIAN_POINT('',(5.16554779506398,9.01028432047175,9.50415961954601));
#11009=CARTESIAN_POINT('',(5.16554779506398,8.21028432047175,9.50831923909202));
#11010=CARTESIAN_POINT('',(5.16554779506398,9.01028432047175,9.50831923909202));
#11011=CARTESIAN_POINT('',(5.16554779506398,8.21028432047175,9.50831923909202));
#11012=CARTESIAN_POINT('Origin',(4.42471446173065,9.01028432047175,9.50831923909202));
#11013=CARTESIAN_POINT('',(4.42471446173065,9.01028432047175,9.50831923909202));
#11014=CARTESIAN_POINT('',(6.94735070242504,9.01028432047175,9.50831923909202));
#11015=CARTESIAN_POINT('',(4.42471446173065,8.21028432047175,9.50831923909202));
#11016=CARTESIAN_POINT('',(4.42471446173065,9.01028432047175,9.50831923909202));
#11017=CARTESIAN_POINT('',(4.42471446173065,8.21028432047175,9.50831923909202));
#11018=CARTESIAN_POINT('Origin',(4.42471446173065,9.01028432047175,9.87873590575869));
#11019=CARTESIAN_POINT('',(4.42471446173065,9.01028432047175,9.87873590575869));
#11020=CARTESIAN_POINT('',(4.42471446173065,9.01028432047175,9.68936795287934));
#11021=CARTESIAN_POINT('',(4.42471446173065,8.21028432047175,9.87873590575869));
#11022=CARTESIAN_POINT('',(4.42471446173065,9.01028432047175,9.87873590575869));
#11023=CARTESIAN_POINT('',(4.42471446173065,8.21028432047175,9.87873590575869));
#11024=CARTESIAN_POINT('Origin',(6.27679779506398,9.01028432047175,9.87873590575869));
#11025=CARTESIAN_POINT('',(6.27679779506398,9.01028432047175,9.87873590575869));
#11026=CARTESIAN_POINT('',(7.87339236909171,9.01028432047175,9.87873590575869));
#11027=CARTESIAN_POINT('',(6.27679779506398,8.21028432047175,9.87873590575869));
#11028=CARTESIAN_POINT('',(6.27679779506398,9.01028432047175,9.87873590575869));
#11029=CARTESIAN_POINT('',(6.27679779506398,8.21028432047175,9.87873590575869));
#11030=CARTESIAN_POINT('Origin',(6.27679779506398,9.01028432047175,10.2491525724254));
#11031=CARTESIAN_POINT('',(6.27679779506398,9.01028432047175,10.2491525724254));
#11032=CARTESIAN_POINT('',(6.27679779506398,9.01028432047175,9.87457628621268));
#11033=CARTESIAN_POINT('',(6.27679779506398,8.21028432047175,10.2491525724254));
#11034=CARTESIAN_POINT('',(6.27679779506398,9.01028432047175,10.2491525724254));
#11035=CARTESIAN_POINT('',(6.27679779506398,8.21028432047175,10.2491525724254));
#11036=CARTESIAN_POINT('Origin',(6.64721446173065,9.01028432047175,10.2491525724254));
#11037=CARTESIAN_POINT('',(6.64721446173065,9.01028432047175,10.2491525724254));
#11038=CARTESIAN_POINT('',(8.05860070242504,9.01028432047175,10.2491525724254));
#11039=CARTESIAN_POINT('',(6.64721446173065,8.21028432047175,10.2491525724254));
#11040=CARTESIAN_POINT('',(6.64721446173065,9.01028432047175,10.2491525724254));
#11041=CARTESIAN_POINT('',(6.64721446173065,8.21028432047175,10.2491525724254));
#11042=CARTESIAN_POINT('Origin',(6.64721446173065,9.01028432047175,10.619569239092));
#11043=CARTESIAN_POINT('',(6.64721446173065,9.01028432047175,10.619569239092));
#11044=CARTESIAN_POINT('',(6.64721446173065,9.01028432047175,10.059784619546));
#11045=CARTESIAN_POINT('',(6.64721446173065,8.21028432047175,10.619569239092));
#11046=CARTESIAN_POINT('',(6.64721446173065,9.01028432047175,10.619569239092));
#11047=CARTESIAN_POINT('',(6.64721446173065,8.21028432047175,10.619569239092));
#11048=CARTESIAN_POINT('Origin',(7.01763112839731,9.01028432047175,10.619569239092));
#11049=CARTESIAN_POINT('',(7.01763112839731,9.01028432047175,10.619569239092));
#11050=CARTESIAN_POINT('',(8.24380903575838,9.01028432047175,10.619569239092));
#11051=CARTESIAN_POINT('',(7.01763112839731,8.21028432047175,10.619569239092));
#11052=CARTESIAN_POINT('',(7.01763112839731,9.01028432047175,10.619569239092));
#11053=CARTESIAN_POINT('',(7.01763112839731,8.21028432047175,10.619569239092));
#11054=CARTESIAN_POINT('Origin',(7.01763112839731,9.01028432047175,10.9899859057587));
#11055=CARTESIAN_POINT('',(7.01763112839731,9.01028432047175,10.9899859057587));
#11056=CARTESIAN_POINT('',(7.01763112839731,9.01028432047175,10.2449929528793));
#11057=CARTESIAN_POINT('',(7.01763112839731,8.21028432047175,10.9899859057587));
#11058=CARTESIAN_POINT('',(7.01763112839731,9.01028432047175,10.9899859057587));
#11059=CARTESIAN_POINT('',(7.01763112839731,8.21028432047175,10.9899859057587));
#11060=CARTESIAN_POINT('Origin',(7.38804779506398,9.01028432047175,10.9899859057587));
#11061=CARTESIAN_POINT('',(7.38804779506398,9.01028432047175,10.9899859057587));
#11062=CARTESIAN_POINT('',(8.42901736909171,9.01028432047175,10.9899859057587));
#11063=CARTESIAN_POINT('',(7.38804779506398,8.21028432047175,10.9899859057587));
#11064=CARTESIAN_POINT('',(7.38804779506398,9.01028432047175,10.9899859057587));
#11065=CARTESIAN_POINT('',(7.38804779506398,8.21028432047175,10.9899859057587));
#11066=CARTESIAN_POINT('Origin',(7.38804779506398,9.01028432047175,11.3604025724254));
#11067=CARTESIAN_POINT('',(7.38804779506398,9.01028432047175,11.3604025724254));
#11068=CARTESIAN_POINT('',(7.38804779506398,9.01028432047175,10.4302012862127));
#11069=CARTESIAN_POINT('',(7.38804779506398,8.21028432047175,11.3604025724254));
#11070=CARTESIAN_POINT('',(7.38804779506398,9.01028432047175,11.3604025724254));
#11071=CARTESIAN_POINT('',(7.38804779506398,8.21028432047175,11.3604025724254));
#11072=CARTESIAN_POINT('Origin',(7.75846446173065,9.01028432047175,11.3604025724254));
#11073=CARTESIAN_POINT('',(7.75846446173065,9.01028432047175,11.3604025724254));
#11074=CARTESIAN_POINT('',(8.61422570242504,9.01028432047175,11.3604025724254));
#11075=CARTESIAN_POINT('',(7.75846446173065,8.21028432047175,11.3604025724254));
#11076=CARTESIAN_POINT('',(7.75846446173065,9.01028432047175,11.3604025724254));
#11077=CARTESIAN_POINT('',(7.75846446173065,8.21028432047175,11.3604025724254));
#11078=CARTESIAN_POINT('Origin',(7.75846446173065,9.01028432047175,12.1012359057587));
#11079=CARTESIAN_POINT('',(7.75846446173065,9.01028432047175,12.1012359057587));
#11080=CARTESIAN_POINT('',(7.75846446173065,9.01028432047175,10.8006179528793));
#11081=CARTESIAN_POINT('',(7.75846446173065,8.21028432047175,12.1012359057587));
#11082=CARTESIAN_POINT('',(7.75846446173065,9.01028432047175,12.1012359057587));
#11083=CARTESIAN_POINT('',(7.75846446173065,8.21028432047175,11.730819239092));
#11084=CARTESIAN_POINT('Origin',(8.12888112839731,9.01028432047175,12.1012359057587));
#11085=CARTESIAN_POINT('',(8.12888112839731,9.01028432047175,12.1012359057587));
#11086=CARTESIAN_POINT('',(8.79943403575838,9.01028432047175,12.1012359057587));
#11087=CARTESIAN_POINT('',(8.12888112839731,8.21028432047175,12.1012359057587));
#11088=CARTESIAN_POINT('',(8.12888112839731,9.01028432047175,12.1012359057587));
#11089=CARTESIAN_POINT('',(8.12888112839731,8.21028432047175,12.1012359057587));
#11090=CARTESIAN_POINT('Origin',(8.12888112839731,9.01028432047175,12.4716525724254));
#11091=CARTESIAN_POINT('',(8.12888112839731,9.01028432047175,12.4716525724254));
#11092=CARTESIAN_POINT('',(8.12888112839731,9.01028432047175,10.9858262862127));
#11093=CARTESIAN_POINT('',(8.12888112839731,8.21028432047175,12.4716525724254));
#11094=CARTESIAN_POINT('',(8.12888112839731,9.01028432047175,12.4716525724254));
#11095=CARTESIAN_POINT('',(8.12888112839731,8.21028432047175,12.4716525724254));
#11096=CARTESIAN_POINT('Origin',(8.49929779506398,9.01028432047175,12.4716525724254));
#11097=CARTESIAN_POINT('',(8.49929779506398,9.01028432047175,12.4716525724254));
#11098=CARTESIAN_POINT('',(8.98464236909171,9.01028432047175,12.4716525724254));
#11099=CARTESIAN_POINT('',(8.49929779506398,8.21028432047175,12.4716525724254));
#11100=CARTESIAN_POINT('',(8.49929779506398,9.01028432047175,12.4716525724254));
#11101=CARTESIAN_POINT('',(8.49929779506398,8.21028432047175,12.4716525724254));
#11102=CARTESIAN_POINT('Origin',(8.49929779506398,9.01028432047175,13.5829025724254));
#11103=CARTESIAN_POINT('',(8.49929779506398,9.01028432047175,13.5829025724254));
#11104=CARTESIAN_POINT('',(8.49929779506398,9.01028432047175,11.5414512862127));
#11105=CARTESIAN_POINT('',(8.49929779506398,8.21028432047175,13.5829025724254));
#11106=CARTESIAN_POINT('',(8.49929779506398,9.01028432047175,13.5829025724254));
#11107=CARTESIAN_POINT('',(8.49929779506398,8.21028432047175,12.842069239092));
#11108=CARTESIAN_POINT('Origin',(8.86971446173065,9.01028432047175,13.5829025724254));
#11109=CARTESIAN_POINT('',(8.86971446173065,9.01028432047175,13.5829025724254));
#11110=CARTESIAN_POINT('',(9.16985070242504,9.01028432047175,13.5829025724254));
#11111=CARTESIAN_POINT('',(8.86971446173065,8.21028432047175,13.5829025724254));
#11112=CARTESIAN_POINT('',(8.86971446173065,9.01028432047175,13.5829025724254));
#11113=CARTESIAN_POINT('',(8.86971446173065,8.21028432047175,13.5829025724254));
#11114=CARTESIAN_POINT('Origin',(8.86971446173065,9.01028432047175,15.8054025724254));
#11115=CARTESIAN_POINT('',(8.86971446173065,9.01028432047175,15.8054025724254));
#11116=CARTESIAN_POINT('',(8.86971446173065,9.01028432047175,12.6527012862127));
#11117=CARTESIAN_POINT('',(8.86971446173065,8.21028432047175,15.8054025724254));
#11118=CARTESIAN_POINT('',(8.86971446173065,9.01028432047175,15.8054025724254));
#11119=CARTESIAN_POINT('',(8.86971446173065,8.21028432047175,15.8054025724254));
#11120=CARTESIAN_POINT('Origin',(9.98096446173065,9.01028432047175,15.8054025724254));
#11121=CARTESIAN_POINT('',(9.98096446173065,9.01028432047175,15.8054025724254));
#11122=CARTESIAN_POINT('',(9.72547570242504,9.01028432047175,15.8054025724254));
#11123=CARTESIAN_POINT('',(9.98096446173065,8.21028432047175,15.8054025724254));
#11124=CARTESIAN_POINT('',(9.98096446173065,9.01028432047175,15.8054025724254));
#11125=CARTESIAN_POINT('',(9.98096446173065,8.21028432047175,15.8054025724254));
#11126=CARTESIAN_POINT('Origin',(9.98096446173065,9.01028432047175,14.6941525724254));
#11127=CARTESIAN_POINT('',(9.98096446173065,9.01028432047175,14.6941525724254));
#11128=CARTESIAN_POINT('',(9.98096446173065,9.01028432047175,12.0970762862127));
#11129=CARTESIAN_POINT('',(9.98096446173065,8.21028432047175,14.6941525724254));
#11130=CARTESIAN_POINT('',(9.98096446173065,9.01028432047175,14.6941525724254));
#11131=CARTESIAN_POINT('',(9.98096446173065,8.21028432047175,15.064569239092));
#11132=CARTESIAN_POINT('Origin',(10.3513811283973,9.01028432047175,14.6941525724254));
#11133=CARTESIAN_POINT('',(10.3513811283973,9.01028432047175,14.6941525724254));
#11134=CARTESIAN_POINT('',(9.91068403575838,9.01028432047175,14.6941525724254));
#11135=CARTESIAN_POINT('',(10.3513811283973,8.21028432047175,14.6941525724254));
#11136=CARTESIAN_POINT('',(10.3513811283973,9.01028432047175,14.6941525724254));
#11137=CARTESIAN_POINT('',(10.3513811283973,8.21028432047175,14.6941525724254));
#11138=CARTESIAN_POINT('Origin',(10.3513811283973,9.01028432047175,12.842069239092));
#11139=CARTESIAN_POINT('',(10.3513811283973,9.01028432047175,12.842069239092));
#11140=CARTESIAN_POINT('',(10.3513811283973,9.01028432047175,11.171034619546));
#11141=CARTESIAN_POINT('',(10.3513811283973,8.21028432047175,12.842069239092));
#11142=CARTESIAN_POINT('',(10.3513811283973,9.01028432047175,12.842069239092));
#11143=CARTESIAN_POINT('',(10.3513811283973,8.21028432047175,12.842069239092));
#11144=CARTESIAN_POINT('Origin',(10.721797795064,9.01028432047175,12.842069239092));
#11145=CARTESIAN_POINT('',(10.721797795064,9.01028432047175,12.842069239092));
#11146=CARTESIAN_POINT('',(10.0958923690917,9.01028432047175,12.842069239092));
#11147=CARTESIAN_POINT('',(10.721797795064,8.21028432047175,12.842069239092));
#11148=CARTESIAN_POINT('',(10.721797795064,9.01028432047175,12.842069239092));
#11149=CARTESIAN_POINT('',(10.721797795064,8.21028432047175,12.842069239092));
#11150=CARTESIAN_POINT('Origin',(10.721797795064,9.01028432047175,12.1012359057587));
#11151=CARTESIAN_POINT('',(10.721797795064,9.01028432047175,12.1012359057587));
#11152=CARTESIAN_POINT('',(10.721797795064,9.01028432047175,10.8006179528793));
#11153=CARTESIAN_POINT('',(10.721797795064,8.21028432047175,12.1012359057587));
#11154=CARTESIAN_POINT('',(10.721797795064,9.01028432047175,12.1012359057587));
#11155=CARTESIAN_POINT('',(10.721797795064,8.21028432047175,12.4716525724254));
#11156=CARTESIAN_POINT('Origin',(11.0922144617306,9.01028432047175,12.1012359057587));
#11157=CARTESIAN_POINT('',(11.0922144617306,9.01028432047175,12.1012359057587));
#11158=CARTESIAN_POINT('',(10.281100702425,9.01028432047175,12.1012359057587));
#11159=CARTESIAN_POINT('',(11.0922144617306,8.21028432047175,12.1012359057587));
#11160=CARTESIAN_POINT('',(11.0922144617306,9.01028432047175,12.1012359057587));
#11161=CARTESIAN_POINT('',(11.0922144617306,8.21028432047175,12.1012359057587));
#11162=CARTESIAN_POINT('Origin',(11.0922144617306,9.01028432047175,11.730819239092));
#11163=CARTESIAN_POINT('',(11.0922144617306,9.01028432047175,11.730819239092));
#11164=CARTESIAN_POINT('',(11.0922144617306,9.01028432047175,10.615409619546));
#11165=CARTESIAN_POINT('',(11.0922144617306,8.21028432047175,11.730819239092));
#11166=CARTESIAN_POINT('',(11.0922144617306,9.01028432047175,11.730819239092));
#11167=CARTESIAN_POINT('',(11.0922144617306,8.21028432047175,11.730819239092));
#11168=CARTESIAN_POINT('Origin',(11.4626311283973,9.01028432047175,11.730819239092));
#11169=CARTESIAN_POINT('',(11.4626311283973,9.01028432047175,11.730819239092));
#11170=CARTESIAN_POINT('',(10.4663090357584,9.01028432047175,11.730819239092));
#11171=CARTESIAN_POINT('',(11.4626311283973,8.21028432047175,11.730819239092));
#11172=CARTESIAN_POINT('',(11.4626311283973,9.01028432047175,11.730819239092));
#11173=CARTESIAN_POINT('',(11.4626311283973,8.21028432047175,11.730819239092));
#11174=CARTESIAN_POINT('Origin',(11.4626311283973,9.01028432047175,10.9899859057587));
#11175=CARTESIAN_POINT('',(11.4626311283973,9.01028432047175,10.9899859057587));
#11176=CARTESIAN_POINT('',(11.4626311283973,9.01028432047175,10.2449929528793));
#11177=CARTESIAN_POINT('',(11.4626311283973,8.21028432047175,10.9899859057587));
#11178=CARTESIAN_POINT('',(11.4626311283973,9.01028432047175,10.9899859057587));
#11179=CARTESIAN_POINT('',(11.4626311283973,8.21028432047175,10.9899859057587));
#11180=CARTESIAN_POINT('Origin',(12.2034644617306,9.01028432047175,10.9899859057587));
#11181=CARTESIAN_POINT('',(12.2034644617306,9.01028432047175,10.9899859057587));
#11182=CARTESIAN_POINT('',(10.836725702425,9.01028432047175,10.9899859057587));
#11183=CARTESIAN_POINT('',(12.2034644617306,8.21028432047175,10.9899859057587));
#11184=CARTESIAN_POINT('',(12.2034644617306,9.01028432047175,10.9899859057587));
#11185=CARTESIAN_POINT('',(12.2034644617306,8.21028432047175,10.9899859057587));
#11186=CARTESIAN_POINT('Origin',(12.2034644617306,9.01028432047175,10.619569239092));
#11187=CARTESIAN_POINT('',(12.2034644617306,9.01028432047175,10.619569239092));
#11188=CARTESIAN_POINT('',(12.2034644617306,9.01028432047176,10.059784619546));
#11189=CARTESIAN_POINT('',(12.2034644617306,8.21028432047175,10.619569239092));
#11190=CARTESIAN_POINT('',(12.2034644617306,9.01028432047175,10.619569239092));
#11191=CARTESIAN_POINT('',(12.2034644617306,8.21028432047175,10.619569239092));
#11192=CARTESIAN_POINT('Origin',(12.944297795064,9.01028432047175,10.619569239092));
#11193=CARTESIAN_POINT('',(12.944297795064,9.01028432047175,10.619569239092));
#11194=CARTESIAN_POINT('',(11.2071423690917,9.01028432047175,10.619569239092));
#11195=CARTESIAN_POINT('',(12.944297795064,8.21028432047175,10.619569239092));
#11196=CARTESIAN_POINT('',(12.944297795064,9.01028432047175,10.619569239092));
#11197=CARTESIAN_POINT('',(12.944297795064,8.21028432047175,10.619569239092));
#11198=CARTESIAN_POINT('Origin',(12.944297795064,9.01028432047175,10.2491525724254));
#11199=CARTESIAN_POINT('',(12.944297795064,9.01028432047175,10.2491525724254));
#11200=CARTESIAN_POINT('',(12.944297795064,9.01028432047176,9.87457628621268));
#11201=CARTESIAN_POINT('',(12.944297795064,8.21028432047175,10.2491525724254));
#11202=CARTESIAN_POINT('',(12.944297795064,9.01028432047175,10.2491525724254));
#11203=CARTESIAN_POINT('',(12.944297795064,8.21028432047175,10.2491525724254));
#11204=CARTESIAN_POINT('Origin',(14.055547795064,9.01028432047175,10.2491525724254));
#11205=CARTESIAN_POINT('',(14.055547795064,9.01028432047175,10.2491525724254));
#11206=CARTESIAN_POINT('',(11.7627673690917,9.01028432047175,10.2491525724254));
#11207=CARTESIAN_POINT('',(14.055547795064,8.21028432047175,10.2491525724254));
#11208=CARTESIAN_POINT('',(14.055547795064,9.01028432047175,10.2491525724254));
#11209=CARTESIAN_POINT('',(14.055547795064,8.21028432047175,10.2491525724254));
#11210=CARTESIAN_POINT('Origin',(14.055547795064,9.01028432047175,9.87873590575869));
#11211=CARTESIAN_POINT('',(14.055547795064,9.01028432047175,9.87873590575869));
#11212=CARTESIAN_POINT('',(14.055547795064,9.01028432047176,9.68936795287934));
#11213=CARTESIAN_POINT('',(14.055547795064,8.21028432047175,9.87873590575869));
#11214=CARTESIAN_POINT('',(14.055547795064,9.01028432047175,9.87873590575869));
#11215=CARTESIAN_POINT('',(14.055547795064,8.21028432047175,9.87873590575869));
#11216=CARTESIAN_POINT('Origin',(15.166797795064,9.01028432047175,9.87873590575869));
#11217=CARTESIAN_POINT('',(15.166797795064,9.01028432047175,9.87873590575869));
#11218=CARTESIAN_POINT('',(12.3183923690917,9.01028432047176,9.87873590575869));
#11219=CARTESIAN_POINT('',(15.166797795064,8.21028432047175,9.87873590575869));
#11220=CARTESIAN_POINT('',(15.166797795064,9.01028432047175,9.87873590575869));
#11221=CARTESIAN_POINT('',(14.7963811283973,8.21028432047175,9.87873590575869));
#11222=CARTESIAN_POINT('Origin',(15.166797795064,9.01028432047175,9.50831923909202));
#11223=CARTESIAN_POINT('',(15.166797795064,9.01028432047175,9.50831923909202));
#11224=CARTESIAN_POINT('',(15.166797795064,9.01028432047176,9.50415961954601));
#11225=CARTESIAN_POINT('',(15.166797795064,8.21028432047175,9.50831923909202));
#11226=CARTESIAN_POINT('',(15.166797795064,9.01028432047175,9.50831923909202));
#11227=CARTESIAN_POINT('',(15.166797795064,8.21028432047175,9.50831923909202));
#11228=CARTESIAN_POINT('Origin',(14.055547795064,9.01028432047175,9.50831923909202));
#11229=CARTESIAN_POINT('',(14.055547795064,9.01028432047175,9.50831923909202));
#11230=CARTESIAN_POINT('',(11.7627673690917,9.01028432047175,9.50831923909202));
#11231=CARTESIAN_POINT('',(14.055547795064,8.21028432047175,9.50831923909202));
#11232=CARTESIAN_POINT('',(14.055547795064,9.01028432047175,9.50831923909202));
#11233=CARTESIAN_POINT('',(14.4259644617306,8.21028432047175,9.50831923909202));
#11234=CARTESIAN_POINT('Origin',(14.055547795064,9.01028432047175,9.13790257242535));
#11235=CARTESIAN_POINT('',(14.055547795064,9.01028432047175,9.13790257242535));
#11236=CARTESIAN_POINT('',(14.055547795064,9.01028432047176,9.31895128621268));
#11237=CARTESIAN_POINT('',(14.055547795064,8.21028432047175,9.13790257242535));
#11238=CARTESIAN_POINT('',(14.055547795064,9.01028432047175,9.13790257242535));
#11239=CARTESIAN_POINT('',(14.055547795064,8.21028432047175,9.13790257242535));
#11240=CARTESIAN_POINT('Origin',(13.6851311283973,9.01028432047175,9.13790257242535));
#11241=CARTESIAN_POINT('',(13.6851311283973,9.01028432047175,9.13790257242535));
#11242=CARTESIAN_POINT('',(11.5775590357584,9.01028432047175,9.13790257242535));
#11243=CARTESIAN_POINT('',(13.6851311283973,8.21028432047175,9.13790257242535));
#11244=CARTESIAN_POINT('',(13.6851311283973,9.01028432047175,9.13790257242535));
#11245=CARTESIAN_POINT('',(13.6851311283973,8.21028432047175,9.13790257242535));
#11246=CARTESIAN_POINT('Origin',(13.6851311283973,9.01028432047175,8.76748590575869));
#11247=CARTESIAN_POINT('',(13.6851311283973,9.01028432047175,8.76748590575869));
#11248=CARTESIAN_POINT('',(13.6851311283973,9.01028432047176,9.13374295287933));
#11249=CARTESIAN_POINT('',(13.6851311283973,8.21028432047175,8.76748590575869));
#11250=CARTESIAN_POINT('',(13.6851311283973,9.01028432047175,8.76748590575869));
#11251=CARTESIAN_POINT('',(13.6851311283973,8.21028432047175,8.76748590575869));
#11252=CARTESIAN_POINT('Origin',(12.944297795064,9.01028432047175,8.76748590575869));
#11253=CARTESIAN_POINT('',(12.944297795064,9.01028432047175,8.76748590575869));
#11254=CARTESIAN_POINT('',(11.2071423690917,9.01028432047175,8.76748590575869));
#11255=CARTESIAN_POINT('',(12.944297795064,8.21028432047175,8.76748590575869));
#11256=CARTESIAN_POINT('',(12.944297795064,9.01028432047175,8.76748590575869));
#11257=CARTESIAN_POINT('',(12.944297795064,8.21028432047175,8.76748590575869));
#11258=CARTESIAN_POINT('Origin',(12.944297795064,9.01028432047175,8.39706923909202));
#11259=CARTESIAN_POINT('',(12.944297795064,9.01028432047175,8.39706923909202));
#11260=CARTESIAN_POINT('',(12.944297795064,9.01028432047176,8.94853461954601));
#11261=CARTESIAN_POINT('',(12.944297795064,8.21028432047175,8.39706923909202));
#11262=CARTESIAN_POINT('',(12.944297795064,9.01028432047175,8.39706923909202));
#11263=CARTESIAN_POINT('',(12.944297795064,8.21028432047175,8.39706923909202));
#11264=CARTESIAN_POINT('Origin',(11.833047795064,9.01028432047175,8.39706923909202));
#11265=CARTESIAN_POINT('',(11.833047795064,9.01028432047175,8.39706923909202));
#11266=CARTESIAN_POINT('',(10.6515173690917,9.01028432047175,8.39706923909202));
#11267=CARTESIAN_POINT('',(11.833047795064,8.21028432047175,8.39706923909202));
#11268=CARTESIAN_POINT('',(11.833047795064,9.01028432047175,8.39706923909202));
#11269=CARTESIAN_POINT('',(11.833047795064,8.21028432047175,8.39706923909202));
#11270=CARTESIAN_POINT('Origin',(11.833047795064,9.01028432047175,8.02665257242535));
#11271=CARTESIAN_POINT('',(11.833047795064,9.01028432047175,8.02665257242535));
#11272=CARTESIAN_POINT('',(11.833047795064,9.01028432047175,8.76332628621268));
#11273=CARTESIAN_POINT('',(11.833047795064,8.21028432047175,8.02665257242535));
#11274=CARTESIAN_POINT('',(11.833047795064,9.01028432047175,8.02665257242535));
#11275=CARTESIAN_POINT('',(11.833047795064,8.21028432047175,8.02665257242535));
#11276=CARTESIAN_POINT('Origin',(11.4626311283973,9.01028432047175,8.02665257242535));
#11277=CARTESIAN_POINT('',(11.4626311283973,9.01028432047175,8.02665257242535));
#11278=CARTESIAN_POINT('',(10.4663090357584,9.01028432047175,8.02665257242535));
#11279=CARTESIAN_POINT('',(11.4626311283973,8.21028432047175,8.02665257242535));
#11280=CARTESIAN_POINT('',(11.4626311283973,9.01028432047175,8.02665257242535));
#11281=CARTESIAN_POINT('',(11.4626311283973,8.21028432047175,8.02665257242535));
#11282=CARTESIAN_POINT('Origin',(11.4626311283973,9.01028432047175,7.65623590575869));
#11283=CARTESIAN_POINT('',(11.4626311283973,9.01028432047175,7.65623590575869));
#11284=CARTESIAN_POINT('',(11.4626311283973,9.01028432047175,8.57811795287934));
#11285=CARTESIAN_POINT('',(11.4626311283973,8.21028432047175,7.65623590575869));
#11286=CARTESIAN_POINT('',(11.4626311283973,9.01028432047175,7.65623590575869));
#11287=CARTESIAN_POINT('',(11.4626311283973,8.21028432047175,7.65623590575869));
#11288=CARTESIAN_POINT('Origin',(11.0922144617306,9.01028432047175,7.65623590575869));
#11289=CARTESIAN_POINT('',(11.0922144617306,9.01028432047175,7.65623590575869));
#11290=CARTESIAN_POINT('',(10.281100702425,9.01028432047175,7.65623590575869));
#11291=CARTESIAN_POINT('',(11.0922144617306,8.21028432047175,7.65623590575869));
#11292=CARTESIAN_POINT('',(11.0922144617306,9.01028432047175,7.65623590575869));
#11293=CARTESIAN_POINT('',(11.0922144617306,8.21028432047175,7.65623590575869));
#11294=CARTESIAN_POINT('Origin',(11.0922144617306,9.01028432047175,6.54498590575869));
#11295=CARTESIAN_POINT('',(11.0922144617306,9.01028432047175,6.54498590575869));
#11296=CARTESIAN_POINT('',(11.0922144617306,9.01028432047175,8.02249295287934));
#11297=CARTESIAN_POINT('',(11.0922144617306,8.21028432047175,6.54498590575869));
#11298=CARTESIAN_POINT('',(11.0922144617306,9.01028432047175,6.54498590575869));
#11299=CARTESIAN_POINT('',(11.0922144617306,8.21028432047175,7.28581923909202));
#11300=CARTESIAN_POINT('Origin',(10.721797795064,9.01028432047175,6.54498590575869));
#11301=CARTESIAN_POINT('',(10.721797795064,9.01028432047175,6.54498590575869));
#11302=CARTESIAN_POINT('',(10.0958923690917,9.01028432047175,6.54498590575869));
#11303=CARTESIAN_POINT('',(10.721797795064,8.21028432047175,6.54498590575869));
#11304=CARTESIAN_POINT('',(10.721797795064,9.01028432047175,6.54498590575869));
#11305=CARTESIAN_POINT('',(10.721797795064,8.21028432047175,6.54498590575869));
#11306=CARTESIAN_POINT('Origin',(10.721797795064,9.01028432047175,5.80415257242535));
#11307=CARTESIAN_POINT('',(10.721797795064,9.01028432047175,5.80415257242535));
#11308=CARTESIAN_POINT('',(10.721797795064,9.01028432047175,7.65207628621268));
#11309=CARTESIAN_POINT('',(10.721797795064,8.21028432047175,5.80415257242535));
#11310=CARTESIAN_POINT('',(10.721797795064,9.01028432047175,5.80415257242535));
#11311=CARTESIAN_POINT('',(10.721797795064,8.21028432047175,5.80415257242535));
#11312=CARTESIAN_POINT('Origin',(10.3513811283973,9.01028432047175,5.80415257242535));
#11313=CARTESIAN_POINT('',(10.3513811283973,9.01028432047175,5.80415257242535));
#11314=CARTESIAN_POINT('',(9.91068403575838,9.01028432047175,5.80415257242535));
#11315=CARTESIAN_POINT('',(10.3513811283973,8.21028432047175,5.80415257242535));
#11316=CARTESIAN_POINT('',(10.3513811283973,9.01028432047175,5.80415257242535));
#11317=CARTESIAN_POINT('',(10.3513811283973,8.21028432047175,5.80415257242535));
#11318=CARTESIAN_POINT('Origin',(10.3513811283973,9.01028432047175,3.58165257242535));
#11319=CARTESIAN_POINT('',(10.3513811283973,9.01028432047175,3.58165257242535));
#11320=CARTESIAN_POINT('',(10.3513811283973,9.01028432047175,6.54082628621268));
#11321=CARTESIAN_POINT('',(10.3513811283973,8.21028432047175,3.58165257242535));
#11322=CARTESIAN_POINT('',(10.3513811283973,9.01028432047175,3.58165257242535));
#11323=CARTESIAN_POINT('',(10.3513811283973,8.21028432047175,5.43373590575869));
#11324=CARTESIAN_POINT('Origin',(9.98096446173065,9.01028432047175,3.58165257242535));
#11325=CARTESIAN_POINT('',(9.98096446173065,9.01028432047175,3.58165257242535));
#11326=CARTESIAN_POINT('',(9.72547570242504,9.01028432047175,3.58165257242535));
#11327=CARTESIAN_POINT('',(9.98096446173065,8.21028432047175,3.58165257242535));
#11328=CARTESIAN_POINT('',(9.98096446173065,9.01028432047175,3.58165257242535));
#11329=CARTESIAN_POINT('',(9.98096446173065,8.21028432047175,3.58165257242535));
#11330=CARTESIAN_POINT('Origin',(9.98096446173065,9.01028432047175,3.21123590575869));
#11331=CARTESIAN_POINT('',(9.98096446173065,9.01028432047175,3.21123590575869));
#11332=CARTESIAN_POINT('',(9.98096446173065,9.01028432047175,6.35561795287934));
#11333=CARTESIAN_POINT('',(9.98096446173065,8.21028432047175,3.21123590575869));
#11334=CARTESIAN_POINT('',(9.98096446173065,9.01028432047175,3.21123590575869));
#11335=CARTESIAN_POINT('',(9.98096446173065,8.21028432047175,3.21123590575869));
#11336=CARTESIAN_POINT('Origin',(9.24013112839731,9.01028432047175,3.21123590575869));
#11337=CARTESIAN_POINT('',(9.24013112839731,9.01028432047175,3.21123590575869));
#11338=CARTESIAN_POINT('',(9.35505903575838,9.01028432047175,3.21123590575869));
#11339=CARTESIAN_POINT('',(9.24013112839731,8.21028432047175,3.21123590575869));
#11340=CARTESIAN_POINT('',(9.24013112839731,9.01028432047175,3.21123590575869));
#11341=CARTESIAN_POINT('',(9.24013112839731,8.21028432047175,3.21123590575869));
#11342=CARTESIAN_POINT('Origin',(9.24013112839731,9.01028432047175,4.32248590575869));
#11343=CARTESIAN_POINT('',(9.24013112839731,9.01028432047175,4.32248590575869));
#11344=CARTESIAN_POINT('',(9.24013112839731,9.01028432047175,6.91124295287934));
#11345=CARTESIAN_POINT('',(9.24013112839731,8.21028432047175,4.32248590575869));
#11346=CARTESIAN_POINT('',(9.24013112839731,9.01028432047175,4.32248590575869));
#11347=CARTESIAN_POINT('',(9.24013112839731,8.21028432047175,3.58165257242535));
#11348=CARTESIAN_POINT('Origin',(8.86971446173065,9.01028432047175,4.32248590575869));
#11349=CARTESIAN_POINT('',(8.86971446173065,9.01028432047175,4.32248590575869));
#11350=CARTESIAN_POINT('',(9.16985070242504,9.01028432047175,4.32248590575869));
#11351=CARTESIAN_POINT('',(8.86971446173065,8.21028432047175,4.32248590575869));
#11352=CARTESIAN_POINT('',(8.86971446173065,9.01028432047175,4.32248590575869));
#11353=CARTESIAN_POINT('',(8.86971446173065,8.21028432047175,4.32248590575869));
#11354=CARTESIAN_POINT('Origin',(8.86971446173065,9.01028432047175,5.80415257242535));
#11355=CARTESIAN_POINT('',(8.86971446173065,9.01028432047175,5.80415257242535));
#11356=CARTESIAN_POINT('',(8.86971446173065,9.01028432047175,7.65207628621268));
#11357=CARTESIAN_POINT('',(8.86971446173065,8.21028432047175,5.80415257242535));
#11358=CARTESIAN_POINT('',(8.86971446173065,9.01028432047175,5.80415257242535));
#11359=CARTESIAN_POINT('',(8.86971446173065,8.21028432047175,5.80415257242535));
#11360=CARTESIAN_POINT('Origin',(8.49929779506398,9.01028432047175,5.80415257242535));
#11361=CARTESIAN_POINT('',(8.49929779506398,9.01028432047175,5.80415257242535));
#11362=CARTESIAN_POINT('',(8.98464236909171,9.01028432047175,5.80415257242535));
#11363=CARTESIAN_POINT('',(8.49929779506398,8.21028432047175,5.80415257242535));
#11364=CARTESIAN_POINT('',(8.49929779506398,9.01028432047175,5.80415257242535));
#11365=CARTESIAN_POINT('',(8.49929779506398,8.21028432047175,5.80415257242535));
#11366=CARTESIAN_POINT('Origin',(8.49929779506398,9.01028432047175,6.91540257242535));
#11367=CARTESIAN_POINT('',(8.49929779506398,9.01028432047175,6.91540257242535));
#11368=CARTESIAN_POINT('',(8.49929779506398,9.01028432047175,8.20770128621268));
#11369=CARTESIAN_POINT('',(8.49929779506398,8.21028432047175,6.91540257242535));
#11370=CARTESIAN_POINT('',(8.49929779506398,9.01028432047175,6.91540257242535));
#11371=CARTESIAN_POINT('',(8.49929779506398,8.21028432047175,6.17456923909202));
#11372=CARTESIAN_POINT('Origin',(8.12888112839731,9.01028432047175,6.91540257242535));
#11373=CARTESIAN_POINT('',(8.12888112839731,9.01028432047175,6.91540257242535));
#11374=CARTESIAN_POINT('',(8.79943403575838,9.01028432047175,6.91540257242535));
#11375=CARTESIAN_POINT('',(8.12888112839731,8.21028432047175,6.91540257242535));
#11376=CARTESIAN_POINT('',(8.12888112839731,9.01028432047175,6.91540257242535));
#11377=CARTESIAN_POINT('',(8.12888112839731,8.21028432047175,6.91540257242535));
#11378=CARTESIAN_POINT('Origin',(8.12888112839731,9.01028432047175,7.28581923909202));
#11379=CARTESIAN_POINT('',(8.12888112839731,9.01028432047175,7.28581923909202));
#11380=CARTESIAN_POINT('',(8.12888112839731,9.01028432047175,8.39290961954601));
#11381=CARTESIAN_POINT('',(8.12888112839731,8.21028432047175,7.28581923909202));
#11382=CARTESIAN_POINT('',(8.12888112839731,9.01028432047175,7.28581923909202));
#11383=CARTESIAN_POINT('',(8.12888112839731,8.21028432047175,7.28581923909202));
#11384=CARTESIAN_POINT('Origin',(7.75846446173065,9.01028432047175,7.28581923909202));
#11385=CARTESIAN_POINT('',(8.61422570242504,9.01028432047175,7.28581923909202));
#11386=CARTESIAN_POINT('',(7.75846446173065,8.21028432047175,7.28581923909202));
#11387=CARTESIAN_POINT('Origin',(8.31408946173065,8.21028432047175,7.47102757242535));
#11388=CARTESIAN_POINT('Origin',(9.46998694311944,9.01028432047175,9.5));
#11389=CARTESIAN_POINT('',(16.1678153555142,9.01028432047176,15.51449745923));
#11390=CARTESIAN_POINT('',(15.484484415702,9.01028432047175,16.1978283991832));
#11391=CARTESIAN_POINT('Ctrl Pts',(16.1678153555142,9.01028432047176,15.51449745923));
#11392=CARTESIAN_POINT('Ctrl Pts',(16.1678153555449,9.01028432047176,15.670413479658));
#11393=CARTESIAN_POINT('Ctrl Pts',(16.0448928388554,9.01028432047176,16.0290790945458));
#11394=CARTESIAN_POINT('Ctrl Pts',(15.692372442923,9.01028432047176,16.1978283991392));
#11395=CARTESIAN_POINT('Ctrl Pts',(15.484484415702,9.01028432047176,16.1978283991832));
#11396=CARTESIAN_POINT('',(16.1678153547655,9.01028432047176,3.48550254890842));
#11397=CARTESIAN_POINT('',(16.1678153570116,9.01028432047176,13.25));
#11398=CARTESIAN_POINT('',(15.4844844141342,9.01028432047175,2.80217161041749));
#11399=CARTESIAN_POINT('Ctrl Pts',(15.4844844141037,9.01028432047175,2.80217160817136));
#11400=CARTESIAN_POINT('Ctrl Pts',(15.6404004346003,9.01028432047176,2.80217160818867));
#11401=CARTESIAN_POINT('Ctrl Pts',(15.9991209183587,9.01028432047175,2.92502922534934));
#11402=CARTESIAN_POINT('Ctrl Pts',(16.1678153548269,9.01028432047176,3.27761452158389));
#11403=CARTESIAN_POINT('Ctrl Pts',(16.1678153547655,9.01028432047176,3.48550254890842));
#11404=CARTESIAN_POINT('',(3.45548951269132,9.01028432047175,2.80217161191491));
#11405=CARTESIAN_POINT('',(13.2199869431194,9.01028432047175,2.80217161041749));
#11406=CARTESIAN_POINT('',(2.77215856974338,9.01028432047175,3.4855025562898));
#11407=CARTESIAN_POINT('Ctrl Pts',(2.77215856824596,9.01028432047175,3.48550255631013));
#11408=CARTESIAN_POINT('Ctrl Pts',(2.77215856825748,9.01028432047176,3.32958653552752));
#11409=CARTESIAN_POINT('Ctrl Pts',(2.89489949530162,9.01028432047175,2.97076739539101));
#11410=CARTESIAN_POINT('Ctrl Pts',(3.24760148498412,9.01028432047175,2.80217161187396));
#11411=CARTESIAN_POINT('Ctrl Pts',(3.45548951269132,9.01028432047175,2.80217161191491));
#11412=CARTESIAN_POINT('',(2.77215856749726,9.01028432047175,15.5144974519191));
#11413=CARTESIAN_POINT('',(2.77215856974338,9.01028432047175,5.75));
#11414=CARTESIAN_POINT('',(3.45548951112344,9.01028432047175,16.1978283976857));
#11415=CARTESIAN_POINT('Ctrl Pts',(3.45548951112344,9.01028432047175,16.1978283954396));
#11416=CARTESIAN_POINT('Ctrl Pts',(3.29957349041513,9.01028432047175,16.1978283954626));
#11417=CARTESIAN_POINT('Ctrl Pts',(2.94085300526965,9.01028432047176,16.0749707774995));
#11418=CARTESIAN_POINT('Ctrl Pts',(2.77215856756322,9.01028432047175,15.7223854795072));
#11419=CARTESIAN_POINT('Ctrl Pts',(2.77215856749726,9.01028432047175,15.5144974519191));
#11420=CARTESIAN_POINT('',(5.71998694311944,9.01028432047175,16.1978283976857));
#11421=CARTESIAN_POINT('Origin',(18.8318920532859,-0.0432876213028377,13.2500000186265));
#11422=CARTESIAN_POINT('',(18.9493524810033,0.103140436922569,17.3198473603198));
#11423=CARTESIAN_POINT('',(18.7144316255685,-0.189715679528244,17.3198473603198));
#11424=CARTESIAN_POINT('',(18.9493524810033,0.103140436922569,17.3198473603198));
#11425=CARTESIAN_POINT('',(18.7144316255685,-0.189715679528244,1.68015273185158));
#11426=CARTESIAN_POINT('',(18.7144316255685,-0.189715679528244,13.2500000186265));
#11427=CARTESIAN_POINT('',(18.9493524810033,0.10314043692257,1.68015273185158));
#11428=CARTESIAN_POINT('',(18.7144316255685,-0.189715679528244,1.68015273185158));
#11429=CARTESIAN_POINT('',(18.9493524810033,0.103140436922569,13.2500000186265));
#11430=CARTESIAN_POINT('Ctrl Pts',(18.9481912451572,0.102879967612348,1.61507359661488));
#11431=CARTESIAN_POINT('Ctrl Pts',(18.9351949163174,0.0999377444079156,
1.25085522350409));
#11432=CARTESIAN_POINT('Ctrl Pts',(18.6333878101977,0.0935145569463913,
0.438494267062865));
#11433=CARTESIAN_POINT('Ctrl Pts',(17.8405381187017,0.0989570022990766,
0.039124415430208));
#11434=CARTESIAN_POINT('Ctrl Pts',(17.3549136216747,0.102879967147356,0.0217959747120802));
#11435=CARTESIAN_POINT('Ctrl Pts',(18.8702713701427,0.00534808523215149,
1.61507359659186));
#11436=CARTESIAN_POINT('Ctrl Pts',(18.861607150947,0.00338660309586309,
1.26783518965078));
#11437=CARTESIAN_POINT('Ctrl Pts',(18.5787174138458,-0.000895521878486458,
0.48918641884667));
#11438=CARTESIAN_POINT('Ctrl Pts',(17.8178981640008,0.00273277502330369,
0.111268142895149));
#11439=CARTESIAN_POINT('Ctrl Pts',(17.3549136216516,0.00534808492215639,
0.0997158490419249));
#11440=CARTESIAN_POINT('Ctrl Pts',(18.7923514951282,-0.0921837971480452,
1.61507359656884));
#11441=CARTESIAN_POINT('Ctrl Pts',(18.7880193855766,-0.0931645382161894,
1.28481515579747));
#11442=CARTESIAN_POINT('Ctrl Pts',(18.5240470174938,-0.0953056007033642,
0.539878570630475));
#11443=CARTESIAN_POINT('Ctrl Pts',(17.7952582092999,-0.0934914522524692,
0.18341187036009));
#11444=CARTESIAN_POINT('Ctrl Pts',(17.3549136216286,-0.0921837973030429,
0.17763572337177));
#11445=CARTESIAN_POINT('Ctrl Pts',(18.7144316201137,-0.189715679528242,
1.61507359654582));
#11446=CARTESIAN_POINT('Ctrl Pts',(18.7144316202062,-0.189715679528242,
1.30179512194415));
#11447=CARTESIAN_POINT('Ctrl Pts',(18.4693766211418,-0.189715679528242,
0.59057072241428));
#11448=CARTESIAN_POINT('Ctrl Pts',(17.772618254599,-0.189715679528242,0.255555597825031));
#11449=CARTESIAN_POINT('Ctrl Pts',(17.3549136216056,-0.189715679528242,
0.255555597701614));
#11450=CARTESIAN_POINT('',(17.3549136216056,-0.189715679528243,0.255555597701614));
#11451=CARTESIAN_POINT('',(17.3549136216747,0.102879967147355,0.0217959747120788));
#11452=CARTESIAN_POINT('',(17.3549136216056,-0.189715679528243,0.255555597701614));
#11453=CARTESIAN_POINT('',(18.9481912451572,0.102879967612344,1.61507359661488));
#11454=CARTESIAN_POINT('Ctrl Pts',(17.3549136216747,0.102879967147356,0.0217959747120802));
#11455=CARTESIAN_POINT('Ctrl Pts',(17.8405381187017,0.0989570022990766,
0.039124415430208));
#11456=CARTESIAN_POINT('Ctrl Pts',(18.6333878101977,0.0935145569463913,
0.438494267062865));
#11457=CARTESIAN_POINT('Ctrl Pts',(18.9351949163174,0.0999377444079156,
1.25085522350409));
#11458=CARTESIAN_POINT('Ctrl Pts',(18.9481912451572,0.102879967612348,1.61507359661488));
#11459=CARTESIAN_POINT('',(18.7144316201137,-0.189715679528244,1.61507359654582));
#11460=CARTESIAN_POINT('',(18.9481912451572,0.102879967612344,1.61507359661488));
#11461=CARTESIAN_POINT('Ctrl Pts',(18.7144316201137,-0.189715679528242,
1.61507359654582));
#11462=CARTESIAN_POINT('Ctrl Pts',(18.7144316202062,-0.189715679528242,
1.30179512194415));
#11463=CARTESIAN_POINT('Ctrl Pts',(18.4693766211418,-0.189715679528242,
0.59057072241428));
#11464=CARTESIAN_POINT('Ctrl Pts',(17.772618254599,-0.189715679528242,0.255555597825031));
#11465=CARTESIAN_POINT('Ctrl Pts',(17.3549136216056,-0.189715679528242,
0.255555597701614));
#11466=CARTESIAN_POINT('Ctrl Pts',(18.9493524810033,0.103140436922571,1.68015273185158));
#11467=CARTESIAN_POINT('Ctrl Pts',(18.9493524810033,0.103140436922571,1.65845968674966));
#11468=CARTESIAN_POINT('Ctrl Pts',(18.9489653138596,0.103055206869938,1.63676664164774));
#11469=CARTESIAN_POINT('Ctrl Pts',(18.9481912454253,0.102879966438132,1.61507359654582));
#11470=CARTESIAN_POINT('Ctrl Pts',(18.8710455291917,0.00552173143896656,
1.68015273185158));
#11471=CARTESIAN_POINT('Ctrl Pts',(18.8710455291917,0.00552173143896656,
1.65845968674966));
#11472=CARTESIAN_POINT('Ctrl Pts',(18.8707874177626,0.00546491140387832,
1.63676664164774));
#11473=CARTESIAN_POINT('Ctrl Pts',(18.8702713721397,0.00534808444934063,
1.61507359654582));
#11474=CARTESIAN_POINT('Ctrl Pts',(18.7927385773801,-0.0920969740446377,
1.68015273185158));
#11475=CARTESIAN_POINT('Ctrl Pts',(18.7927385773801,-0.0920969740446377,
1.65845968674966));
#11476=CARTESIAN_POINT('Ctrl Pts',(18.7926095216656,-0.0921253840621818,
1.63676664164774));
#11477=CARTESIAN_POINT('Ctrl Pts',(18.7923514988541,-0.0921837975394506,
1.61507359654582));
#11478=CARTESIAN_POINT('Ctrl Pts',(18.7144316255685,-0.189715679528242,
1.68015273185158));
#11479=CARTESIAN_POINT('Ctrl Pts',(18.7144316255685,-0.189715679528242,
1.65845968674966));
#11480=CARTESIAN_POINT('Ctrl Pts',(18.7144316255685,-0.189715679528242,
1.63676664164774));
#11481=CARTESIAN_POINT('Ctrl Pts',(18.7144316255685,-0.189715679528242,
1.61507359654582));
#11482=CARTESIAN_POINT('Ctrl Pts',(18.9481912454253,0.102879966438132,1.61507359654582));
#11483=CARTESIAN_POINT('Ctrl Pts',(18.9489653138596,0.103055206869938,1.63676664164774));
#11484=CARTESIAN_POINT('Ctrl Pts',(18.9493524810033,0.103140436922571,1.65845968674966));
#11485=CARTESIAN_POINT('Ctrl Pts',(18.9493524810033,0.103140436922571,1.68015273185158));
#11486=CARTESIAN_POINT('Ctrl Pts',(18.7144316255685,-0.189715679528242,
1.68015273185158));
#11487=CARTESIAN_POINT('Ctrl Pts',(18.7144316255685,-0.189715679528242,
1.65845968674966));
#11488=CARTESIAN_POINT('Ctrl Pts',(18.7144316255685,-0.189715679528242,
1.63676664164774));
#11489=CARTESIAN_POINT('Ctrl Pts',(18.7144316255685,-0.189715679528242,
1.61507359654582));
#11490=CARTESIAN_POINT('Origin',(13.2199870362517,-0.0432876203402144,0.138095171107316));
#11491=CARTESIAN_POINT('',(17.2898344764444,0.103140438847821,0.0206347390581474));
#11492=CARTESIAN_POINT('',(17.2898344764444,-0.189715679528243,0.255555603156484));
#11493=CARTESIAN_POINT('',(17.2898344764444,0.103140438847821,0.0206347390581474));
#11494=CARTESIAN_POINT('',(1.65013987065136,-0.189715679528246,0.255555603156484));
#11495=CARTESIAN_POINT('',(13.2199870362517,-0.189715679528245,0.255555603156484));
#11496=CARTESIAN_POINT('',(1.65013987065136,0.103140438847816,0.0206347390581474));
#11497=CARTESIAN_POINT('',(1.65013987065136,-0.189715679528246,0.255555603156484));
#11498=CARTESIAN_POINT('',(13.2199870362517,0.103140438847816,0.0206347390581474));
#11499=CARTESIAN_POINT('Ctrl Pts',(17.3549136216056,0.102879968321572,0.021795974980221));
#11500=CARTESIAN_POINT('Ctrl Pts',(17.3332205732185,0.103055208782173,0.021021906316543));
#11501=CARTESIAN_POINT('Ctrl Pts',(17.3115275248315,0.103140438847815,0.0206347390581454));
#11502=CARTESIAN_POINT('Ctrl Pts',(17.2898344764444,0.103140438847815,0.0206347390581454));
#11503=CARTESIAN_POINT('Ctrl Pts',(17.3549136216056,0.00534808570496724,
0.0997158510389758));
#11504=CARTESIAN_POINT('Ctrl Pts',(17.3332205732185,0.00546491267870142,
0.0991998052631905));
#11505=CARTESIAN_POINT('Ctrl Pts',(17.3115275248315,0.00552173272246274,
0.0989416937575921));
#11506=CARTESIAN_POINT('Ctrl Pts',(17.2898344764444,0.00552173272246274,
0.0989416937575921));
#11507=CARTESIAN_POINT('Ctrl Pts',(17.3549136216056,-0.0921837969116375,
0.177635727097731));
#11508=CARTESIAN_POINT('Ctrl Pts',(17.3332205732185,-0.0921253834247704,
0.177377704209838));
#11509=CARTESIAN_POINT('Ctrl Pts',(17.3115275248315,-0.0920969734028898,
0.177248648457039));
#11510=CARTESIAN_POINT('Ctrl Pts',(17.2898344764444,-0.0920969734028898,
0.177248648457039));
#11511=CARTESIAN_POINT('Ctrl Pts',(17.3549136216056,-0.189715679528242,
0.255555603156485));
#11512=CARTESIAN_POINT('Ctrl Pts',(17.3332205732185,-0.189715679528242,
0.255555603156485));
#11513=CARTESIAN_POINT('Ctrl Pts',(17.3115275248315,-0.189715679528242,
0.255555603156485));
#11514=CARTESIAN_POINT('Ctrl Pts',(17.2898344764444,-0.189715679528242,
0.255555603156485));
#11515=CARTESIAN_POINT('Ctrl Pts',(17.2898344764444,0.103140438847815,0.0206347390581454));
#11516=CARTESIAN_POINT('Ctrl Pts',(17.3115275248315,0.103140438847815,0.0206347390581454));
#11517=CARTESIAN_POINT('Ctrl Pts',(17.3332205732185,0.103055208782173,0.021021906316543));
#11518=CARTESIAN_POINT('Ctrl Pts',(17.3549136216056,0.102879968321572,0.021795974980221));
#11519=CARTESIAN_POINT('Ctrl Pts',(17.3549136216056,-0.189715679528242,
0.255555603156485));
#11520=CARTESIAN_POINT('Ctrl Pts',(17.3332205732185,-0.189715679528242,
0.255555603156485));
#11521=CARTESIAN_POINT('Ctrl Pts',(17.3115275248315,-0.189715679528242,
0.255555603156485));
#11522=CARTESIAN_POINT('Ctrl Pts',(17.2898344764444,-0.189715679528242,
0.255555603156485));
#11523=CARTESIAN_POINT('Ctrl Pts',(1.58506074096875,0.102879969223546,0.021795974632613));
#11524=CARTESIAN_POINT('Ctrl Pts',(1.22084236567151,0.0999377465578111,
0.0347923025966428));
#11525=CARTESIAN_POINT('Ctrl Pts',(0.408040603427375,0.0934781233473126,
0.336145536453553));
#11526=CARTESIAN_POINT('Ctrl Pts',(0.00911154104735616,0.0989570049754371,
1.12944911430894));
#11527=CARTESIAN_POINT('Ctrl Pts',(-0.00821689774808315,0.102879968913552,
1.61507361440257));
#11528=CARTESIAN_POINT('Ctrl Pts',(1.5850607409534,0.00534808630628212,
0.0997158520194308));
#11529=CARTESIAN_POINT('Ctrl Pts',(1.23782233244894,0.00338660452912546,
0.108380070641548));
#11530=CARTESIAN_POINT('Ctrl Pts',(0.458724525425651,-0.000919810944540221,
0.390797490809865));
#11531=CARTESIAN_POINT('Ctrl Pts',(0.0812552717400211,0.0027327768075427,
1.1520890699046));
#11532=CARTESIAN_POINT('Ctrl Pts',(0.0697029791823025,0.00534808609961919,
1.61507361441792));
#11533=CARTESIAN_POINT('Ctrl Pts',(1.58506074093805,-0.0921837966109818,
0.177635729406249));
#11534=CARTESIAN_POINT('Ctrl Pts',(1.25480229922637,-0.0931645374995602,
0.181967838686453));
#11535=CARTESIAN_POINT('Ctrl Pts',(0.509408447423927,-0.0953177452363931,
0.445449445166178));
#11536=CARTESIAN_POINT('Ctrl Pts',(0.153399002432686,-0.0934914513603517,
1.17472902550026));
#11537=CARTESIAN_POINT('Ctrl Pts',(0.147622856112688,-0.0921837967143134,
1.61507361443327));
#11538=CARTESIAN_POINT('Ctrl Pts',(1.5850607409227,-0.189715679528246,0.255555606793066));
#11539=CARTESIAN_POINT('Ctrl Pts',(1.2717822660038,-0.189715679528246,0.255555606731358));
#11540=CARTESIAN_POINT('Ctrl Pts',(0.560092369422202,-0.189715679528246,
0.500101399522491));
#11541=CARTESIAN_POINT('Ctrl Pts',(0.225542733125351,-0.189715679528246,
1.19736898109592));
#11542=CARTESIAN_POINT('Ctrl Pts',(0.225542733043074,-0.189715679528246,
1.61507361444862));
#11543=CARTESIAN_POINT('',(0.225542733043074,-0.189715679528246,1.61507361444862));
#11544=CARTESIAN_POINT('',(-0.00821689774808454,0.10287996891355,1.61507361440257));
#11545=CARTESIAN_POINT('',(0.225542733043074,-0.189715679528246,1.61507361444862));
#11546=CARTESIAN_POINT('',(1.58506074096875,0.102879969223546,0.0217959746326124));
#11547=CARTESIAN_POINT('Ctrl Pts',(-0.00821689774808315,0.102879968913552,
1.61507361440257));
#11548=CARTESIAN_POINT('Ctrl Pts',(0.00911154104735616,0.0989570049754371,
1.12944911430894));
#11549=CARTESIAN_POINT('Ctrl Pts',(0.408040603427375,0.0934781233473126,
0.336145536453553));
#11550=CARTESIAN_POINT('Ctrl Pts',(1.22084236567151,0.0999377465578111,
0.0347923025966428));
#11551=CARTESIAN_POINT('Ctrl Pts',(1.58506074096875,0.102879969223546,0.021795974632613));
#11552=CARTESIAN_POINT('',(1.5850607409227,-0.189715679528246,0.255555606793068));
#11553=CARTESIAN_POINT('',(1.58506074096875,0.102879969223546,0.0217959746326124));
#11554=CARTESIAN_POINT('Ctrl Pts',(1.5850607409227,-0.189715679528246,0.255555606793066));
#11555=CARTESIAN_POINT('Ctrl Pts',(1.2717822660038,-0.189715679528246,0.255555606731358));
#11556=CARTESIAN_POINT('Ctrl Pts',(0.560092369422202,-0.189715679528246,
0.500101399522491));
#11557=CARTESIAN_POINT('Ctrl Pts',(0.225542733125351,-0.189715679528246,
1.19736898109592));
#11558=CARTESIAN_POINT('Ctrl Pts',(0.225542733043074,-0.189715679528246,
1.61507361444862));
#11559=CARTESIAN_POINT('Ctrl Pts',(1.65013987065136,0.103140438847813,0.0206347390581474));
#11560=CARTESIAN_POINT('Ctrl Pts',(1.62844682740847,0.103140438847813,0.0206347390581474));
#11561=CARTESIAN_POINT('Ctrl Pts',(1.60675378416559,0.103055208820447,0.0210219061409989));
#11562=CARTESIAN_POINT('Ctrl Pts',(1.5850607409227,0.102879968440732,0.0217959744538515));
#11563=CARTESIAN_POINT('Ctrl Pts',(1.65013987065136,0.0055217327224601,
0.0989416937575934));
#11564=CARTESIAN_POINT('Ctrl Pts',(1.62844682740847,0.0055217327224601,
0.0989416937575934));
#11565=CARTESIAN_POINT('Ctrl Pts',(1.60675378416559,0.00546491270421589,
0.0991998051461611));
#11566=CARTESIAN_POINT('Ctrl Pts',(1.5850607409227,0.00534808578440625,
0.0997158506880628));
#11567=CARTESIAN_POINT('Ctrl Pts',(1.65013987065136,-0.0920969734028928,
0.177248648457039));
#11568=CARTESIAN_POINT('Ctrl Pts',(1.62844682740847,-0.0920969734028928,
0.177248648457039));
#11569=CARTESIAN_POINT('Ctrl Pts',(1.60675378416559,-0.0921253834120149,
0.177377704151323));
#11570=CARTESIAN_POINT('Ctrl Pts',(1.5850607409227,-0.0921837968719197,
0.177635726922274));
#11571=CARTESIAN_POINT('Ctrl Pts',(1.65013987065136,-0.189715679528246,
0.255555603156485));
#11572=CARTESIAN_POINT('Ctrl Pts',(1.62844682740847,-0.189715679528246,
0.255555603156485));
#11573=CARTESIAN_POINT('Ctrl Pts',(1.60675378416559,-0.189715679528246,
0.255555603156485));
#11574=CARTESIAN_POINT('Ctrl Pts',(1.5850607409227,-0.189715679528246,0.255555603156485));
#11575=CARTESIAN_POINT('Ctrl Pts',(1.5850607409227,0.102879968440732,0.0217959744538515));
#11576=CARTESIAN_POINT('Ctrl Pts',(1.60675378416559,0.103055208820447,0.0210219061409989));
#11577=CARTESIAN_POINT('Ctrl Pts',(1.62844682740847,0.103140438847813,0.0206347390581474));
#11578=CARTESIAN_POINT('Ctrl Pts',(1.65013987065136,0.103140438847813,0.0206347390581474));
#11579=CARTESIAN_POINT('Ctrl Pts',(1.65013987065136,-0.189715679528246,
0.255555603156485));
#11580=CARTESIAN_POINT('Ctrl Pts',(1.62844682740847,-0.189715679528246,
0.255555603156485));
#11581=CARTESIAN_POINT('Ctrl Pts',(1.60675378416559,-0.189715679528246,
0.255555603156485));
#11582=CARTESIAN_POINT('Ctrl Pts',(1.5850607409227,-0.189715679528246,0.255555603156485));
#11583=CARTESIAN_POINT('Origin',(0.108082301742613,-0.0432876196984666,
5.75000001862645));
#11584=CARTESIAN_POINT('',(-0.00937813319442982,0.103140440131313,1.68015275074754));
#11585=CARTESIAN_POINT('',(0.225542736679655,-0.189715679528246,1.68015275074754));
#11586=CARTESIAN_POINT('',(-0.00937813319442982,0.103140440131313,1.68015275074754));
#11587=CARTESIAN_POINT('',(0.225542736679655,-0.189715679528246,17.3198473414238));
#11588=CARTESIAN_POINT('',(0.225542736679655,-0.189715679528246,5.75000001862645));
#11589=CARTESIAN_POINT('',(-0.00937813319442982,0.103140440131313,17.3198473414238));
#11590=CARTESIAN_POINT('',(0.225542736679655,-0.189715679528246,17.3198473414238));
#11591=CARTESIAN_POINT('',(-0.00937813319442926,0.103140440131313,5.75000001862645));
#11592=CARTESIAN_POINT('Ctrl Pts',(-0.00821689756932281,0.102879969696363,
1.61507361444862));
#11593=CARTESIAN_POINT('Ctrl Pts',(-0.00899096603510462,0.103055210095274,
1.63676665988159));
#11594=CARTESIAN_POINT('Ctrl Pts',(-0.00937813319443064,0.103140440131313,
1.65845970531456));
#11595=CARTESIAN_POINT('Ctrl Pts',(-0.00937813319443065,0.103140440131313,
1.68015275074754));
#11596=CARTESIAN_POINT('Ctrl Pts',(0.0697029805136697,0.00534808662149357,
1.61507361444862));
#11597=CARTESIAN_POINT('Ctrl Pts',(0.0691869348698152,0.00546491355410085,
1.63676665988159));
#11598=CARTESIAN_POINT('Ctrl Pts',(0.0689288234302645,0.00552173357812664,
1.65845970531456));
#11599=CARTESIAN_POINT('Ctrl Pts',(0.0689288234302645,0.00552173357812664,
1.68015275074754));
#11600=CARTESIAN_POINT('Ctrl Pts',(0.147622858596662,-0.0921837964533762,
1.61507361444862));
#11601=CARTESIAN_POINT('Ctrl Pts',(0.147364835774735,-0.0921253829870726,
1.63676665988159));
#11602=CARTESIAN_POINT('Ctrl Pts',(0.14723578005496,-0.0920969729750597,
1.65845970531456));
#11603=CARTESIAN_POINT('Ctrl Pts',(0.14723578005496,-0.0920969729750597,
1.68015275074754));
#11604=CARTESIAN_POINT('Ctrl Pts',(0.225542736679655,-0.189715679528246,
1.61507361444862));
#11605=CARTESIAN_POINT('Ctrl Pts',(0.225542736679655,-0.189715679528246,
1.63676665988159));
#11606=CARTESIAN_POINT('Ctrl Pts',(0.225542736679655,-0.189715679528246,
1.65845970531456));
#11607=CARTESIAN_POINT('Ctrl Pts',(0.225542736679655,-0.189715679528246,
1.68015275074754));
#11608=CARTESIAN_POINT('Ctrl Pts',(-0.00937813319443065,0.103140440131313,
1.68015275074754));
#11609=CARTESIAN_POINT('Ctrl Pts',(-0.00937813319443064,0.103140440131313,
1.65845970531456));
#11610=CARTESIAN_POINT('Ctrl Pts',(-0.00899096603510462,0.103055210095274,
1.63676665988159));
#11611=CARTESIAN_POINT('Ctrl Pts',(-0.00821689756932281,0.102879969696363,
1.61507361444862));
#11612=CARTESIAN_POINT('Ctrl Pts',(0.225542736679655,-0.189715679528246,
1.61507361444862));
#11613=CARTESIAN_POINT('Ctrl Pts',(0.225542736679655,-0.189715679528246,
1.63676665988159));
#11614=CARTESIAN_POINT('Ctrl Pts',(0.225542736679655,-0.189715679528246,
1.65845970531456));
#11615=CARTESIAN_POINT('Ctrl Pts',(0.225542736679655,-0.189715679528246,
1.68015275074754));
#11616=CARTESIAN_POINT('Ctrl Pts',(-0.00821689773218809,0.102879968498313,
17.3849264808783));
#11617=CARTESIAN_POINT('Ctrl Pts',(0.00911154174980199,0.0989570043014048,
17.8705509802981));
#11618=CARTESIAN_POINT('Ctrl Pts',(0.408481397396897,0.0935145598178759,
18.6634006815262));
#11619=CARTESIAN_POINT('Ctrl Pts',(1.22084236250586,0.0999377462473989,
18.9652077896888));
#11620=CARTESIAN_POINT('Ctrl Pts',(1.58506073741121,0.102879968963303,18.9782041176014));
#11621=CARTESIAN_POINT('Ctrl Pts',(0.0697029785868029,0.00534808582279321,
17.3849264808553));
#11622=CARTESIAN_POINT('Ctrl Pts',(0.081255271615935,0.00273277635818789,
17.8479110249039));
#11623=CARTESIAN_POINT('Ctrl Pts',(0.459173551188485,-0.000895519964164714,
18.60873028295));
#11624=CARTESIAN_POINT('Ctrl Pts',(1.23782232917251,0.00338660432218403,
18.8916200220202));
#11625=CARTESIAN_POINT('Ctrl Pts',(1.58506073738819,0.00534808613278683,
18.9002842405978));
#11626=CARTESIAN_POINT('Ctrl Pts',(0.147622854905794,-0.0921837968527264,
17.3849264808323));
#11627=CARTESIAN_POINT('Ctrl Pts',(0.153399001482068,-0.0934914515850291,
17.8252710695098));
#11628=CARTESIAN_POINT('Ctrl Pts',(0.509865704980073,-0.0953055997462053,
18.5540598843739));
#11629=CARTESIAN_POINT('Ctrl Pts',(1.25480229583916,-0.0931645376030309,
18.8180322543516));
#11630=CARTESIAN_POINT('Ctrl Pts',(1.58506073736517,-0.0921837966977294,
18.8223643635942));
#11631=CARTESIAN_POINT('Ctrl Pts',(0.225542731224785,-0.189715679528246,
17.3849264808093));
#11632=CARTESIAN_POINT('Ctrl Pts',(0.225542731348201,-0.189715679528246,
17.8026311141156));
#11633=CARTESIAN_POINT('Ctrl Pts',(0.560557858771661,-0.189715679528246,
18.4993894857977));
#11634=CARTESIAN_POINT('Ctrl Pts',(1.27178226250581,-0.189715679528246,
18.7444444866831));
#11635=CARTESIAN_POINT('Ctrl Pts',(1.58506073734215,-0.189715679528246,
18.7444444865905));
#11636=CARTESIAN_POINT('',(1.58506073734215,-0.189715679528246,18.7444444865905));
#11637=CARTESIAN_POINT('',(1.58506073741121,0.102879968963301,18.9782041176014));
#11638=CARTESIAN_POINT('',(1.58506073734215,-0.189715679528246,18.7444444865905));
#11639=CARTESIAN_POINT('',(-0.00821689773218837,0.102879968498313,17.3849264808783));
#11640=CARTESIAN_POINT('Ctrl Pts',(1.58506073741121,0.102879968963303,18.9782041176014));
#11641=CARTESIAN_POINT('Ctrl Pts',(1.22084236250586,0.0999377462473989,
18.9652077896888));
#11642=CARTESIAN_POINT('Ctrl Pts',(0.408481397396897,0.0935145598178759,
18.6634006815262));
#11643=CARTESIAN_POINT('Ctrl Pts',(0.00911154174980199,0.0989570043014048,
17.8705509802981));
#11644=CARTESIAN_POINT('Ctrl Pts',(-0.00821689773218809,0.102879968498313,
17.3849264808783));
#11645=CARTESIAN_POINT('',(0.225542731224785,-0.189715679528246,17.3849264808093));
#11646=CARTESIAN_POINT('',(-0.00821689773218837,0.102879968498313,17.3849264808783));
#11647=CARTESIAN_POINT('Ctrl Pts',(0.225542731224785,-0.189715679528246,
17.3849264808093));
#11648=CARTESIAN_POINT('Ctrl Pts',(0.225542731348201,-0.189715679528246,
17.8026311141156));
#11649=CARTESIAN_POINT('Ctrl Pts',(0.560557858771661,-0.189715679528246,
18.4993894857977));
#11650=CARTESIAN_POINT('Ctrl Pts',(1.27178226250581,-0.189715679528246,
18.7444444866831));
#11651=CARTESIAN_POINT('Ctrl Pts',(1.58506073734215,-0.189715679528246,
18.7444444865905));
#11652=CARTESIAN_POINT('Ctrl Pts',(-0.00937813319442898,0.103140440131313,
17.3198473414238));
#11653=CARTESIAN_POINT('Ctrl Pts',(-0.00937813319442899,0.103140440131313,
17.3415403878857));
#11654=CARTESIAN_POINT('Ctrl Pts',(-0.0089909659999945,0.103055210087617,
17.3632334343475));
#11655=CARTESIAN_POINT('Ctrl Pts',(-0.00821689746404758,0.102879969672529,
17.3849264808093));
#11656=CARTESIAN_POINT('Ctrl Pts',(0.0689288234302656,0.00552173357812664,
17.3198473414238));
#11657=CARTESIAN_POINT('Ctrl Pts',(0.0689288234302656,0.00552173357812664,
17.3415403878857));
#11658=CARTESIAN_POINT('Ctrl Pts',(0.0691869348932219,0.00546491354899626,
17.3632334343475));
#11659=CARTESIAN_POINT('Ctrl Pts',(0.0697029805838532,0.00534808660560406,
17.3849264808093));
#11660=CARTESIAN_POINT('Ctrl Pts',(0.14723578005496,-0.0920969729750597,
17.3198473414238));
#11661=CARTESIAN_POINT('Ctrl Pts',(0.14723578005496,-0.0920969729750597,
17.3415403878857));
#11662=CARTESIAN_POINT('Ctrl Pts',(0.147364835786438,-0.0921253829896249,
17.3632334343475));
#11663=CARTESIAN_POINT('Ctrl Pts',(0.147622858631754,-0.092183796461321,
17.3849264808093));
#11664=CARTESIAN_POINT('Ctrl Pts',(0.225542736679655,-0.189715679528246,
17.3198473414238));
#11665=CARTESIAN_POINT('Ctrl Pts',(0.225542736679655,-0.189715679528246,
17.3415403878857));
#11666=CARTESIAN_POINT('Ctrl Pts',(0.225542736679655,-0.189715679528246,
17.3632334343475));
#11667=CARTESIAN_POINT('Ctrl Pts',(0.225542736679655,-0.189715679528246,
17.3849264808093));
#11668=CARTESIAN_POINT('Ctrl Pts',(-0.00821689746404758,0.102879969672529,
17.3849264808093));
#11669=CARTESIAN_POINT('Ctrl Pts',(-0.0089909659999945,0.103055210087617,
17.3632334343475));
#11670=CARTESIAN_POINT('Ctrl Pts',(-0.00937813319442899,0.103140440131313,
17.3415403878857));
#11671=CARTESIAN_POINT('Ctrl Pts',(-0.00937813319442898,0.103140440131313,
17.3198473414238));
#11672=CARTESIAN_POINT('Ctrl Pts',(0.225542736679655,-0.189715679528246,
17.3198473414238));
#11673=CARTESIAN_POINT('Ctrl Pts',(0.225542736679655,-0.189715679528246,
17.3415403878857));
#11674=CARTESIAN_POINT('Ctrl Pts',(0.225542736679655,-0.189715679528246,
17.3632334343475));
#11675=CARTESIAN_POINT('Ctrl Pts',(0.225542736679655,-0.189715679528246,
17.3849264808093));
#11676=CARTESIAN_POINT('Origin',(5.7199870362517,-0.0432876206610888,18.8619049226506));
#11677=CARTESIAN_POINT('',(1.65013986687217,0.103140438206066,18.9793653532558));
#11678=CARTESIAN_POINT('',(1.65013986687217,-0.189715679528246,18.7444444920454));
#11679=CARTESIAN_POINT('',(1.65013986687217,0.103140438206066,18.9793653532558));
#11680=CARTESIAN_POINT('',(17.2898344802236,-0.189715679528243,18.7444444920454));
#11681=CARTESIAN_POINT('',(5.7199870362517,-0.189715679528245,18.7444444920454));
#11682=CARTESIAN_POINT('',(17.2898344802236,0.10314043820607,18.9793653532558));
#11683=CARTESIAN_POINT('',(17.2898344802236,-0.189715679528243,18.7444444920454));
#11684=CARTESIAN_POINT('',(5.7199870362517,0.103140438206066,18.9793653532558));
#11685=CARTESIAN_POINT('Ctrl Pts',(1.58506073734215,0.102879967789087,18.9782041178696));
#11686=CARTESIAN_POINT('Ctrl Pts',(1.60675378051882,0.10305520817538,18.9789781861761));
#11687=CARTESIAN_POINT('Ctrl Pts',(1.62844682369549,0.103140438206064,18.9793653532558));
#11688=CARTESIAN_POINT('Ctrl Pts',(1.65013986687217,0.103140438206064,18.9793653532558));
#11689=CARTESIAN_POINT('Ctrl Pts',(1.58506073734215,0.00534808534997598,
18.9002842425948));
#11690=CARTESIAN_POINT('Ctrl Pts',(1.60675378051882,0.00546491227417169,
18.9008002881325));
#11691=CARTESIAN_POINT('Ctrl Pts',(1.62844682369549,0.0055217322946275,
18.901058399519));
#11692=CARTESIAN_POINT('Ctrl Pts',(1.65013986687217,0.0055217322946275,
18.901058399519));
#11693=CARTESIAN_POINT('Ctrl Pts',(1.58506073734215,-0.0921837970891349,
18.8223643673201));
#11694=CARTESIAN_POINT('Ctrl Pts',(1.60675378051882,-0.092125383627037,
18.822622390089));
#11695=CARTESIAN_POINT('Ctrl Pts',(1.62844682369549,-0.0920969736168091,
18.8227514457822));
#11696=CARTESIAN_POINT('Ctrl Pts',(1.65013986687217,-0.0920969736168091,
18.8227514457822));
#11697=CARTESIAN_POINT('Ctrl Pts',(1.58506073734215,-0.189715679528246,
18.7444444920454));
#11698=CARTESIAN_POINT('Ctrl Pts',(1.60675378051882,-0.189715679528246,
18.7444444920454));
#11699=CARTESIAN_POINT('Ctrl Pts',(1.62844682369549,-0.189715679528246,
18.7444444920454));
#11700=CARTESIAN_POINT('Ctrl Pts',(1.65013986687217,-0.189715679528246,
18.7444444920454));
#11701=CARTESIAN_POINT('Ctrl Pts',(1.65013986687217,0.103140438206064,18.9793653532558));
#11702=CARTESIAN_POINT('Ctrl Pts',(1.62844682369549,0.103140438206064,18.9793653532558));
#11703=CARTESIAN_POINT('Ctrl Pts',(1.60675378051882,0.10305520817538,18.9789781861761));
#11704=CARTESIAN_POINT('Ctrl Pts',(1.58506073734215,0.102879967789087,18.9782041178696));
#11705=CARTESIAN_POINT('Ctrl Pts',(1.58506073734215,-0.189715679528246,
18.7444444920454));
#11706=CARTESIAN_POINT('Ctrl Pts',(1.60675378051882,-0.189715679528246,
18.7444444920454));
#11707=CARTESIAN_POINT('Ctrl Pts',(1.62844682369549,-0.189715679528246,
18.7444444920454));
#11708=CARTESIAN_POINT('Ctrl Pts',(1.65013986687217,-0.189715679528246,
18.7444444920454));
#11709=CARTESIAN_POINT('Ctrl Pts',(17.3549136252322,0.102879966887113,18.978204117522));
#11710=CARTESIAN_POINT('Ctrl Pts',(17.7191319976106,0.0999377432007342,
18.9652077870347));
#11711=CARTESIAN_POINT('Ctrl Pts',(18.5313214227963,0.0935287348970512,
18.6632240677907));
#11712=CARTESIAN_POINT('Ctrl Pts',(18.9308628060017,0.0989570026657395,
17.8705509954732));
#11713=CARTESIAN_POINT('Ctrl Pts',(18.9481912451413,0.102879967197109,17.384926498666));
#11714=CARTESIAN_POINT('Ctrl Pts',(17.3549136252168,0.00534808474866109,
18.9002842435753));
#11715=CARTESIAN_POINT('Ctrl Pts',(17.7021520316899,0.00338660229107545,
18.8916200232299));
#11716=CARTESIAN_POINT('Ctrl Pts',(18.4806260687097,-0.000886069911379823,
18.6085464942222));
#11717=CARTESIAN_POINT('Ctrl Pts',(18.8587190780059,0.00273277526774568,
17.8479110408048));
#11718=CARTESIAN_POINT('Ctrl Pts',(18.8702713707382,0.00534808495532552,
17.3849264986814));
#11719=CARTESIAN_POINT('Ctrl Pts',(17.3549136252015,-0.0921837973897906,
18.8223643696286));
#11720=CARTESIAN_POINT('Ctrl Pts',(17.6851720657693,-0.0931645386185834,
18.8180322594251));
#11721=CARTESIAN_POINT('Ctrl Pts',(18.4299307146232,-0.0953008747198109,
18.5538689206537));
#11722=CARTESIAN_POINT('Ctrl Pts',(18.7865753500101,-0.0934914521302481,
17.8252710861364));
#11723=CARTESIAN_POINT('Ctrl Pts',(18.7923514963351,-0.0921837972864582,
17.3849264986967));
#11724=CARTESIAN_POINT('Ctrl Pts',(17.3549136251862,-0.189715679528242,
18.744444495682));
#11725=CARTESIAN_POINT('Ctrl Pts',(17.6681920998487,-0.189715679528242,
18.7444444956203));
#11726=CARTESIAN_POINT('Ctrl Pts',(18.3792353605366,-0.189715679528242,
18.4991913470852));
#11727=CARTESIAN_POINT('Ctrl Pts',(18.7144316220142,-0.189715679528242,
17.8026311314679));
#11728=CARTESIAN_POINT('Ctrl Pts',(18.714431621932,-0.189715679528242,17.3849264987121));
#11729=CARTESIAN_POINT('',(18.714431621932,-0.189715679528244,17.3849264987121));
#11730=CARTESIAN_POINT('',(18.9481912451413,0.102879967197105,17.384926498666));
#11731=CARTESIAN_POINT('',(18.714431621932,-0.189715679528244,17.3849264987121));
#11732=CARTESIAN_POINT('',(17.3549136252322,0.102879966887114,18.978204117522));
#11733=CARTESIAN_POINT('Ctrl Pts',(18.9481912451413,0.102879967197109,17.384926498666));
#11734=CARTESIAN_POINT('Ctrl Pts',(18.9308628060017,0.0989570026657395,
17.8705509954732));
#11735=CARTESIAN_POINT('Ctrl Pts',(18.5313214227963,0.0935287348970512,
18.6632240677907));
#11736=CARTESIAN_POINT('Ctrl Pts',(17.7191319976106,0.0999377432007342,
18.9652077870347));
#11737=CARTESIAN_POINT('Ctrl Pts',(17.3549136252322,0.102879966887113,18.978204117522));
#11738=CARTESIAN_POINT('',(17.3549136251862,-0.189715679528243,18.744444495682));
#11739=CARTESIAN_POINT('',(17.3549136252322,0.102879966887114,18.978204117522));
#11740=CARTESIAN_POINT('Ctrl Pts',(17.3549136251862,-0.189715679528242,
18.744444495682));
#11741=CARTESIAN_POINT('Ctrl Pts',(17.6681920998487,-0.189715679528242,
18.7444444956203));
#11742=CARTESIAN_POINT('Ctrl Pts',(18.3792353605366,-0.189715679528242,
18.4991913470852));
#11743=CARTESIAN_POINT('Ctrl Pts',(18.7144316220142,-0.189715679528242,
17.8026311314679));
#11744=CARTESIAN_POINT('Ctrl Pts',(18.714431621932,-0.189715679528242,17.3849264987121));
#11745=CARTESIAN_POINT('Ctrl Pts',(17.2898344802236,0.103140438206066,18.9793653532558));
#11746=CARTESIAN_POINT('Ctrl Pts',(17.3115275285445,0.103140438206066,18.9793653532558));
#11747=CARTESIAN_POINT('Ctrl Pts',(17.3332205768653,0.103055208137107,18.9789781860006));
#11748=CARTESIAN_POINT('Ctrl Pts',(17.3549136251862,0.102879967669927,18.9782041173432));
#11749=CARTESIAN_POINT('Ctrl Pts',(17.2898344802236,0.00552173229463014,
18.901058399519));
#11750=CARTESIAN_POINT('Ctrl Pts',(17.3115275285445,0.00552173229463015,
18.901058399519));
#11751=CARTESIAN_POINT('Ctrl Pts',(17.3332205768653,0.00546491224865724,
18.9008002880155));
#11752=CARTESIAN_POINT('Ctrl Pts',(17.3549136251862,0.00534808527053697,
18.9002842422439));
#11753=CARTESIAN_POINT('Ctrl Pts',(17.2898344802236,-0.092096973616806,
18.8227514457822));
#11754=CARTESIAN_POINT('Ctrl Pts',(17.3115275285445,-0.092096973616806,
18.8227514457822));
#11755=CARTESIAN_POINT('Ctrl Pts',(17.3332205768653,-0.0921253836397925,
18.8226223900304));
#11756=CARTESIAN_POINT('Ctrl Pts',(17.3549136251862,-0.0921837971288526,
18.8223643671447));
#11757=CARTESIAN_POINT('Ctrl Pts',(17.2898344802236,-0.189715679528242,
18.7444444920454));
#11758=CARTESIAN_POINT('Ctrl Pts',(17.3115275285445,-0.189715679528242,
18.7444444920454));
#11759=CARTESIAN_POINT('Ctrl Pts',(17.3332205768653,-0.189715679528242,
18.7444444920454));
#11760=CARTESIAN_POINT('Ctrl Pts',(17.3549136251862,-0.189715679528242,
18.7444444920454));
#11761=CARTESIAN_POINT('Ctrl Pts',(17.3549136251862,0.102879967669927,18.9782041173432));
#11762=CARTESIAN_POINT('Ctrl Pts',(17.3332205768653,0.103055208137107,18.9789781860006));
#11763=CARTESIAN_POINT('Ctrl Pts',(17.3115275285445,0.103140438206066,18.9793653532558));
#11764=CARTESIAN_POINT('Ctrl Pts',(17.2898344802236,0.103140438206066,18.9793653532558));
#11765=CARTESIAN_POINT('Ctrl Pts',(17.2898344802236,-0.189715679528242,
18.7444444920454));
#11766=CARTESIAN_POINT('Ctrl Pts',(17.3115275285445,-0.189715679528242,
18.7444444920454));
#11767=CARTESIAN_POINT('Ctrl Pts',(17.3332205768653,-0.189715679528242,
18.7444444920454));
#11768=CARTESIAN_POINT('Ctrl Pts',(17.3549136251862,-0.189715679528242,
18.7444444920454));
#11769=CARTESIAN_POINT('Ctrl Pts',(18.94819124532,0.102879966414295,17.3849264987121));
#11770=CARTESIAN_POINT('Ctrl Pts',(18.9489653138245,0.103055206862279,17.3632334525813));
#11771=CARTESIAN_POINT('Ctrl Pts',(18.9493524810033,0.103140436922571,17.3415404064506));
#11772=CARTESIAN_POINT('Ctrl Pts',(18.9493524810033,0.103140436922571,17.3198473603198));
#11773=CARTESIAN_POINT('Ctrl Pts',(18.8702713720695,0.00534808443344964,
17.3849264987121));
#11774=CARTESIAN_POINT('Ctrl Pts',(18.8707874177392,0.00546491139877223,
17.3632334525813));
#11775=CARTESIAN_POINT('Ctrl Pts',(18.8710455291917,0.00552173143896656,
17.3415404064506));
#11776=CARTESIAN_POINT('Ctrl Pts',(18.8710455291917,0.00552173143896656,
17.3198473603198));
#11777=CARTESIAN_POINT('Ctrl Pts',(18.792351498819,-0.0921837975473962,
17.3849264987121));
#11778=CARTESIAN_POINT('Ctrl Pts',(18.7926095216539,-0.0921253840647349,
17.3632334525813));
#11779=CARTESIAN_POINT('Ctrl Pts',(18.7927385773801,-0.0920969740446377,
17.3415404064506));
#11780=CARTESIAN_POINT('Ctrl Pts',(18.7927385773801,-0.0920969740446377,
17.3198473603198));
#11781=CARTESIAN_POINT('Ctrl Pts',(18.7144316255685,-0.189715679528242,
17.3849264987121));
#11782=CARTESIAN_POINT('Ctrl Pts',(18.7144316255685,-0.189715679528242,
17.3632334525813));
#11783=CARTESIAN_POINT('Ctrl Pts',(18.7144316255685,-0.189715679528242,
17.3415404064506));
#11784=CARTESIAN_POINT('Ctrl Pts',(18.7144316255685,-0.189715679528242,
17.3198473603198));
#11785=CARTESIAN_POINT('Ctrl Pts',(18.9493524810033,0.103140436922571,17.3198473603198));
#11786=CARTESIAN_POINT('Ctrl Pts',(18.9493524810033,0.103140436922571,17.3415404064506));
#11787=CARTESIAN_POINT('Ctrl Pts',(18.9489653138245,0.103055206862279,17.3632334525813));
#11788=CARTESIAN_POINT('Ctrl Pts',(18.94819124532,0.102879966414295,17.3849264987121));
#11789=CARTESIAN_POINT('Ctrl Pts',(18.7144316255685,-0.189715679528242,
17.3849264987121));
#11790=CARTESIAN_POINT('Ctrl Pts',(18.7144316255685,-0.189715679528242,
17.3632334525813));
#11791=CARTESIAN_POINT('Ctrl Pts',(18.7144316255685,-0.189715679528242,
17.3415404064506));
#11792=CARTESIAN_POINT('Ctrl Pts',(18.7144316255685,-0.189715679528242,
17.3198473603198));
#11793=CARTESIAN_POINT('Origin',(1.96998694311944,9.01028432047175,2.));
#11794=CARTESIAN_POINT('',(1.79597150410582,8.22721475374916,15.5144974519191));
#11795=CARTESIAN_POINT('',(2.23248049339143,10.1915054342079,15.0779884016539));
#11796=CARTESIAN_POINT('',(1.79597150421152,8.22721475422481,3.4855025562898));
#11797=CARTESIAN_POINT('',(1.79597150421152,8.22721475422481,5.75));
#11798=CARTESIAN_POINT('',(2.23248045087395,10.1915052428793,3.9220115436053));
#11799=CARTESIAN_POINT('Origin',(3.8919985047956,9.82272369682775,15.0779884016539));
#11800=CARTESIAN_POINT('',(3.45548951112344,8.22721478310353,17.1740154568001));
#11801=CARTESIAN_POINT('',(3.8919985047956,10.1915054833018,16.7375064021483));
#11802=CARTESIAN_POINT('Ctrl Pts',(1.79597150195756,8.22721475418956,15.5144974516307));
#11803=CARTESIAN_POINT('Ctrl Pts',(1.80931904662213,8.28727871228327,16.0060208319979));
#11804=CARTESIAN_POINT('Ctrl Pts',(2.05017235644181,8.31763905256618,16.4885761377427));
#11805=CARTESIAN_POINT('Ctrl Pts',(2.43291671812098,8.30839868845394,16.7977568782089));
#11806=CARTESIAN_POINT('Ctrl Pts',(2.71997498928408,8.30146841537209,17.0296424334807));
#11807=CARTESIAN_POINT('Ctrl Pts',(3.08684697706476,8.27226274608278,17.1640047958483));
#11808=CARTESIAN_POINT('Ctrl Pts',(3.4554895108967,8.2272147831794,17.1740154545371));
#11809=CARTESIAN_POINT('Origin',(1.96998694311944,9.01028432047175,17.));
#11810=CARTESIAN_POINT('',(15.484484415702,8.22721478278643,17.1740154568706));
#11811=CARTESIAN_POINT('',(15.0479753117931,10.1915055217029,16.7375063936148));
#11812=CARTESIAN_POINT('',(5.71998694311944,8.22721478310353,17.1740154568001));
#11813=CARTESIAN_POINT('Origin',(15.0479753117931,9.82272373522887,15.0779883931203));
#11814=CARTESIAN_POINT('',(17.1440024117772,8.22721480267312,15.51449745923));
#11815=CARTESIAN_POINT('',(16.7074933050144,10.1915055544321,15.0779883931203));
#11816=CARTESIAN_POINT('Ctrl Pts',(15.4844844155097,8.22721478308003,17.1740154583027));
#11817=CARTESIAN_POINT('Ctrl Pts',(15.9760077918454,8.28727874554257,17.1606679107945));
#11818=CARTESIAN_POINT('Ctrl Pts',(16.4584774221729,8.31761931263899,16.9197428528444));
#11819=CARTESIAN_POINT('Ctrl Pts',(16.7676703999911,8.30838177036947,16.5370087442632));
#11820=CARTESIAN_POINT('Ctrl Pts',(16.9995651332741,8.30145361366974,16.2499581629271));
#11821=CARTESIAN_POINT('Ctrl Pts',(17.1339917495883,8.27226277046708,15.8831399906663));
#11822=CARTESIAN_POINT('Ctrl Pts',(17.1440024103398,8.22721480240301,15.5144974594223));
#11823=CARTESIAN_POINT('Origin',(9.46998712938396,-0.189715679528244,9.5000000372529));
#11824=CARTESIAN_POINT('',(3.29881133975762,-0.189715679528247,1.49946449259474));
#11825=CARTESIAN_POINT('',(15.6411629871349,-0.189715679528243,1.49946449259474));
#11826=CARTESIAN_POINT('',(13.2199870362517,-0.189715679528245,1.49946449259474));
#11827=CARTESIAN_POINT('',(3.23373221012702,-0.189715679528247,1.49946449580349));
#11828=CARTESIAN_POINT('Ctrl Pts',(3.23373221005484,-0.189715679528245,
1.49946449259474));
#11829=CARTESIAN_POINT('Ctrl Pts',(3.2554252532891,-0.189715679528245,1.49946449259474));
#11830=CARTESIAN_POINT('Ctrl Pts',(3.27711829652336,-0.189715679528245,
1.49946449259474));
#11831=CARTESIAN_POINT('Ctrl Pts',(3.29881133975762,-0.189715679528245,
1.49946449259474));
#11832=CARTESIAN_POINT('',(1.46945161482787,-0.189715679528246,3.26374509068245));
#11833=CARTESIAN_POINT('Ctrl Pts',(1.46945161482787,-0.189715679528246,
3.26374509068245));
#11834=CARTESIAN_POINT('Ctrl Pts',(1.46945161490656,-0.189715679528246,
2.86426461353852));
#11835=CARTESIAN_POINT('Ctrl Pts',(1.78518844045621,-0.189715679528246,
1.9349373012781));
#11836=CARTESIAN_POINT('Ctrl Pts',(2.701091573986,-0.189715679528245,1.49946449569857));
#11837=CARTESIAN_POINT('Ctrl Pts',(3.23373221012702,-0.189715679528245,
1.49946449580349));
#11838=CARTESIAN_POINT('',(1.46945161803662,-0.189715679528246,3.32882422707942));
#11839=CARTESIAN_POINT('Ctrl Pts',(1.46945161803662,-0.189715679528246,
3.32882422707942));
#11840=CARTESIAN_POINT('Ctrl Pts',(1.46945161803662,-0.189715679528246,
3.30713118163782));
#11841=CARTESIAN_POINT('Ctrl Pts',(1.46945161803662,-0.189715679528246,
3.28543813619622));
#11842=CARTESIAN_POINT('Ctrl Pts',(1.46945161803662,-0.189715679528246,
3.26374509075462));
#11843=CARTESIAN_POINT('',(1.46945161803662,-0.189715679528246,15.6711758610513));
#11844=CARTESIAN_POINT('',(1.46945161803662,-0.189715679528246,5.75000001862645));
#11845=CARTESIAN_POINT('',(1.4694516132235,-0.189715679528246,15.7362550005838));
#11846=CARTESIAN_POINT('Ctrl Pts',(1.46945161803662,-0.189715679528246,
15.7362550004756));
#11847=CARTESIAN_POINT('Ctrl Pts',(1.46945161803662,-0.189715679528246,
15.7145619540008));
#11848=CARTESIAN_POINT('Ctrl Pts',(1.46945161803662,-0.189715679528246,
15.6928689075261));
#11849=CARTESIAN_POINT('Ctrl Pts',(1.46945161803662,-0.189715679528246,
15.6711758610513));
#11850=CARTESIAN_POINT('',(3.23373220702332,-0.189715679528247,17.5005355937534));
#11851=CARTESIAN_POINT('Ctrl Pts',(3.23373220702332,-0.189715679528245,
17.5005355937534));
#11852=CARTESIAN_POINT('Ctrl Pts',(2.83425173013558,-0.189715679528245,
17.5005355938714));
#11853=CARTESIAN_POINT('Ctrl Pts',(1.90537321783682,-0.189715679528246,
17.184236753815));
#11854=CARTESIAN_POINT('Ctrl Pts',(1.46945161338087,-0.189715679528246,
16.2688956365105));
#11855=CARTESIAN_POINT('Ctrl Pts',(1.4694516132235,-0.189715679528246,15.7362550005838));
#11856=CARTESIAN_POINT('',(3.29881133640626,-0.189715679528247,17.5005355985665));
#11857=CARTESIAN_POINT('Ctrl Pts',(3.29881133640626,-0.189715679528245,
17.5005355985665));
#11858=CARTESIAN_POINT('Ctrl Pts',(3.27711829324253,-0.189715679528245,
17.5005355985665));
#11859=CARTESIAN_POINT('Ctrl Pts',(3.25542525007879,-0.189715679528245,
17.5005355985665));
#11860=CARTESIAN_POINT('Ctrl Pts',(3.23373220691506,-0.189715679528245,
17.5005355985665));
#11861=CARTESIAN_POINT('',(15.6411629904863,-0.189715679528243,17.5005355985665));
#11862=CARTESIAN_POINT('',(5.7199870362517,-0.189715679528245,17.5005355985665));
#11863=CARTESIAN_POINT('',(15.7062421355469,-0.189715679528243,17.5005356017752));
#11864=CARTESIAN_POINT('Ctrl Pts',(15.7062421354747,-0.189715679528243,
17.5005355985665));
#11865=CARTESIAN_POINT('Ctrl Pts',(15.6845490871452,-0.189715679528243,
17.5005355985665));
#11866=CARTESIAN_POINT('Ctrl Pts',(15.6628560388158,-0.189715679528243,
17.5005355985665));
#11867=CARTESIAN_POINT('Ctrl Pts',(15.6411629904863,-0.189715679528243,
17.5005355985665));
#11868=CARTESIAN_POINT('',(17.4705227207996,-0.189715679528243,15.7362550161023));
#11869=CARTESIAN_POINT('Ctrl Pts',(17.4705227207996,-0.189715679528242,
15.7362550161023));
#11870=CARTESIAN_POINT('Ctrl Pts',(17.4705227208783,-0.189715679528242,
16.1357354919572));
#11871=CARTESIAN_POINT('Ctrl Pts',(17.153979798672,-0.189715679528242,17.0644190859875));
#11872=CARTESIAN_POINT('Ctrl Pts',(16.2388827700709,-0.189715679528242,
17.5005356016703));
#11873=CARTESIAN_POINT('Ctrl Pts',(15.7062421355469,-0.189715679528243,
17.5005356017752));
#11874=CARTESIAN_POINT('',(17.4705227240084,-0.189715679528243,15.6711758778081));
#11875=CARTESIAN_POINT('Ctrl Pts',(17.4705227240084,-0.189715679528242,
15.6711758778081));
#11876=CARTESIAN_POINT('Ctrl Pts',(17.4705227240084,-0.189715679528242,
15.6928689239302));
#11877=CARTESIAN_POINT('Ctrl Pts',(17.4705227240084,-0.189715679528242,
15.7145619700524));
#11878=CARTESIAN_POINT('Ctrl Pts',(17.4705227240084,-0.189715679528242,
15.7362550161745));
#11879=CARTESIAN_POINT('',(17.4705227240084,-0.189715679528243,3.32882421032263));
#11880=CARTESIAN_POINT('',(17.4705227240084,-0.189715679528243,13.2500000186265));
#11881=CARTESIAN_POINT('',(17.4705227191952,-0.189715679528243,3.26374507516394));
#11882=CARTESIAN_POINT('Ctrl Pts',(17.4705227240083,-0.189715679528242,
3.26374507505568));
#11883=CARTESIAN_POINT('Ctrl Pts',(17.4705227240083,-0.189715679528242,
3.28543812014467));
#11884=CARTESIAN_POINT('Ctrl Pts',(17.4705227240083,-0.189715679528242,
3.30713116523365));
#11885=CARTESIAN_POINT('Ctrl Pts',(17.4705227240083,-0.189715679528242,
3.32882421032263));
#11886=CARTESIAN_POINT('',(15.7062421324432,-0.189715679528243,1.49946448778162));
#11887=CARTESIAN_POINT('Ctrl Pts',(15.7062421324432,-0.189715679528243,
1.49946448778162));
#11888=CARTESIAN_POINT('Ctrl Pts',(16.1057226085542,-0.189715679528242,
1.49946448789965));
#11889=CARTESIAN_POINT('Ctrl Pts',(17.0346011179549,-0.189715679528242,
1.81576332622822));
#11890=CARTESIAN_POINT('Ctrl Pts',(17.4705227193526,-0.189715679528242,
2.73110444042553));
#11891=CARTESIAN_POINT('Ctrl Pts',(17.4705227191952,-0.189715679528242,
3.26374507516394));
#11892=CARTESIAN_POINT('Ctrl Pts',(15.6411629871349,-0.189715679528243,
1.49946449259474));
#11893=CARTESIAN_POINT('Ctrl Pts',(15.6628560355349,-0.189715679528243,
1.49946449259474));
#11894=CARTESIAN_POINT('Ctrl Pts',(15.6845490839349,-0.189715679528243,
1.49946449259474));
#11895=CARTESIAN_POINT('Ctrl Pts',(15.7062421323349,-0.189715679528243,
1.49946449259474));
#11896=CARTESIAN_POINT('Ctrl Pts',(1.83584686284497,0.102844862993722,3.26374509075462));
#11897=CARTESIAN_POINT('Ctrl Pts',(1.84877406067292,0.0999110958685515,
2.94410790072249));
#11898=CARTESIAN_POINT('Ctrl Pts',(2.11506533961189,0.0935128953181747,
2.23389277651282));
#11899=CARTESIAN_POINT('Ctrl Pts',(2.8075492899266,0.0989331739686961,1.88309600548861));
#11900=CARTESIAN_POINT('Ctrl Pts',(3.23373221005485,0.102844863126095,1.86585974323729));
#11901=CARTESIAN_POINT('Ctrl Pts',(1.71371511350593,0.00532468215306593,
3.26374509073056));
#11902=CARTESIAN_POINT('Ctrl Pts',(1.72233324541747,0.0033688374029524,
2.91749347166117));
#11903=CARTESIAN_POINT('Ctrl Pts',(2.00510637322667,-0.000896629630632091,
2.13424095143458));
#11904=CARTESIAN_POINT('Ctrl Pts',(2.77206338461307,0.00271688946971558,
1.7552188355586));
#11905=CARTESIAN_POINT('Ctrl Pts',(3.2337322100789,0.00532468224131472,
1.74372799409269));
#11906=CARTESIAN_POINT('Ctrl Pts',(1.5915833641669,-0.0921954986875899,
3.26374509070651));
#11907=CARTESIAN_POINT('Ctrl Pts',(1.59589243016201,-0.0931734210626467,
2.89087904259984));
#11908=CARTESIAN_POINT('Ctrl Pts',(1.89514740684144,-0.0953061545794389,
2.03458912635634));
#11909=CARTESIAN_POINT('Ctrl Pts',(2.73657747929954,-0.093499395029265,
1.62734166562858));
#11910=CARTESIAN_POINT('Ctrl Pts',(3.23373221010296,-0.0921954986434653,
1.62159624494809));
#11911=CARTESIAN_POINT('Ctrl Pts',(1.46945161482787,-0.189715679528246,
3.26374509068245));
#11912=CARTESIAN_POINT('Ctrl Pts',(1.46945161490656,-0.189715679528246,
2.86426461353852));
#11913=CARTESIAN_POINT('Ctrl Pts',(1.78518844045621,-0.189715679528246,
1.9349373012781));
#11914=CARTESIAN_POINT('Ctrl Pts',(2.701091573986,-0.189715679528245,1.49946449569857));
#11915=CARTESIAN_POINT('Ctrl Pts',(3.23373221012702,-0.189715679528245,
1.49946449580349));
#11916=CARTESIAN_POINT('',(3.23373221005485,0.102844863126096,1.86585974323729));
#11917=CARTESIAN_POINT('',(3.23373221012702,-0.189715679528247,1.49946449580349));
#11918=CARTESIAN_POINT('',(1.83584686284497,0.102844862993722,3.26374509075462));
#11919=CARTESIAN_POINT('Ctrl Pts',(3.23373221005485,0.102844863126095,1.86585974323729));
#11920=CARTESIAN_POINT('Ctrl Pts',(2.8075492899266,0.0989331739686961,1.88309600548861));
#11921=CARTESIAN_POINT('Ctrl Pts',(2.11506533961189,0.0935128953181747,
2.23389277651282));
#11922=CARTESIAN_POINT('Ctrl Pts',(1.84877406067292,0.0999110958685515,
2.94410790072249));
#11923=CARTESIAN_POINT('Ctrl Pts',(1.83584686284497,0.102844862993722,3.26374509075462));
#11924=CARTESIAN_POINT('',(1.83584686284497,0.102844862993722,3.26374509075462));
#11925=CARTESIAN_POINT('Origin',(1.65199118309958,-0.0432876196984666,5.75000001862645));
#11926=CARTESIAN_POINT('',(1.83453074816254,0.103140440131313,3.32882422707942));
#11927=CARTESIAN_POINT('',(1.46945161803662,-0.189715679528246,3.32882422707942));
#11928=CARTESIAN_POINT('',(1.83453074816254,0.103140440131314,15.6711758610513));
#11929=CARTESIAN_POINT('',(1.83453074816254,0.103140440131313,5.75000001862645));
#11930=CARTESIAN_POINT('',(1.83453074816254,0.103140440131314,15.6711758610513));
#11931=CARTESIAN_POINT('Ctrl Pts',(1.46945161803662,-0.189715679528246,
3.26374509075462));
#11932=CARTESIAN_POINT('Ctrl Pts',(1.46945161803662,-0.189715679528246,
3.28543813619622));
#11933=CARTESIAN_POINT('Ctrl Pts',(1.46945161803662,-0.189715679528246,
3.30713118163782));
#11934=CARTESIAN_POINT('Ctrl Pts',(1.46945161803662,-0.189715679528246,
3.32882422707942));
#11935=CARTESIAN_POINT('Ctrl Pts',(1.5915833663595,-0.0921954984569781,
3.26374509075462));
#11936=CARTESIAN_POINT('Ctrl Pts',(1.59129091990256,-0.0921291291033564,
3.28543813619622));
#11937=CARTESIAN_POINT('Ctrl Pts',(1.59114466141193,-0.0920969729750595,
3.30713118163782));
#11938=CARTESIAN_POINT('Ctrl Pts',(1.59114466141193,-0.0920969729750595,
3.32882422707942));
#11939=CARTESIAN_POINT('Ctrl Pts',(1.71371511468237,0.00532468261428958,
3.26374509075462));
#11940=CARTESIAN_POINT('Ctrl Pts',(1.71313022176851,0.00545742132153307,
3.28543813619622));
#11941=CARTESIAN_POINT('Ctrl Pts',(1.71283770478723,0.00552173357812673,
3.30713118163782));
#11942=CARTESIAN_POINT('Ctrl Pts',(1.71283770478723,0.00552173357812673,
3.32882422707942));
#11943=CARTESIAN_POINT('Ctrl Pts',(1.83584686300525,0.102844863685557,3.26374509075462));
#11944=CARTESIAN_POINT('Ctrl Pts',(1.83496952363445,0.103043971746422,3.28543813619622));
#11945=CARTESIAN_POINT('Ctrl Pts',(1.83453074816254,0.103140440131313,3.30713118163782));
#11946=CARTESIAN_POINT('Ctrl Pts',(1.83453074816254,0.103140440131313,3.32882422707942));
#11947=CARTESIAN_POINT('Ctrl Pts',(1.83584686300525,0.102844863685557,3.26374509075462));
#11948=CARTESIAN_POINT('Ctrl Pts',(1.83496952363445,0.103043971746422,3.28543813619622));
#11949=CARTESIAN_POINT('Ctrl Pts',(1.83453074816254,0.103140440131313,3.30713118163782));
#11950=CARTESIAN_POINT('Ctrl Pts',(1.83453074816254,0.103140440131313,3.32882422707942));
#11951=CARTESIAN_POINT('Ctrl Pts',(3.23373220691506,0.102844862819168,17.1341403449671));
#11952=CARTESIAN_POINT('Ctrl Pts',(2.91409501723616,0.0999110958938305,
17.1212131483346));
#11953=CARTESIAN_POINT('Ctrl Pts',(2.20416186897033,0.0935401527483439,
16.8546384977026));
#11954=CARTESIAN_POINT('Ctrl Pts',(1.85308312734035,0.098933172872581,16.1624379199193));
#11955=CARTESIAN_POINT('Ctrl Pts',(1.83584686288466,0.102844862620607,15.7362550004756));
#11956=CARTESIAN_POINT('Ctrl Pts',(3.23373220695115,0.00532468203669692,
17.2562720945625));
#11957=CARTESIAN_POINT('Ctrl Pts',(2.88748058820263,0.00336883741980516,
17.2476539635135));
#11958=CARTESIAN_POINT('Ctrl Pts',(2.10456565192583,-0.000878458010519308,
16.9645045830734));
#11959=CARTESIAN_POINT('Ctrl Pts',(1.72520595602053,0.00271688873897208,
16.1979238254497));
#11960=CARTESIAN_POINT('Ctrl Pts',(1.71371511299761,0.00532468190432268,
15.7362550005116));
#11961=CARTESIAN_POINT('Ctrl Pts',(3.23373220698723,-0.0921954987457742,
17.3784038441579));
#11962=CARTESIAN_POINT('Ctrl Pts',(2.86086615916911,-0.0931734210542202,
17.3740947786925));
#11963=CARTESIAN_POINT('Ctrl Pts',(2.00496943488133,-0.0952970687693825,
17.0743706684442));
#11964=CARTESIAN_POINT('Ctrl Pts',(1.5973287847007,-0.0934993953946369,
16.2334097309801));
#11965=CARTESIAN_POINT('Ctrl Pts',(1.59158336311055,-0.0921954988119615,
15.7362550005477));
#11966=CARTESIAN_POINT('Ctrl Pts',(3.23373220702332,-0.189715679528245,
17.5005355937534));
#11967=CARTESIAN_POINT('Ctrl Pts',(2.83425173013558,-0.189715679528245,
17.5005355938714));
#11968=CARTESIAN_POINT('Ctrl Pts',(1.90537321783682,-0.189715679528246,
17.184236753815));
#11969=CARTESIAN_POINT('Ctrl Pts',(1.46945161338087,-0.189715679528246,
16.2688956365105));
#11970=CARTESIAN_POINT('Ctrl Pts',(1.4694516132235,-0.189715679528246,15.7362550005838));
#11971=CARTESIAN_POINT('',(1.83584686288467,0.102844862620608,15.7362550004756));
#11972=CARTESIAN_POINT('',(1.4694516132235,-0.189715679528246,15.7362550005838));
#11973=CARTESIAN_POINT('',(3.23373220691506,0.102844862819169,17.1341403449671));
#11974=CARTESIAN_POINT('Ctrl Pts',(1.83584686288466,0.102844862620607,15.7362550004756));
#11975=CARTESIAN_POINT('Ctrl Pts',(1.85308312734035,0.098933172872581,16.1624379199193));
#11976=CARTESIAN_POINT('Ctrl Pts',(2.20416186897033,0.0935401527483439,
16.8546384977026));
#11977=CARTESIAN_POINT('Ctrl Pts',(2.91409501723616,0.0999110958938305,
17.1212131483346));
#11978=CARTESIAN_POINT('Ctrl Pts',(3.23373220691506,0.102844862819168,17.1341403449671));
#11979=CARTESIAN_POINT('',(3.23373220691506,0.102844862819169,17.1341403449671));
#11980=CARTESIAN_POINT('Ctrl Pts',(1.46945161803662,-0.189715679528246,
15.6711758610513));
#11981=CARTESIAN_POINT('Ctrl Pts',(1.46945161803662,-0.189715679528246,
15.6928689075261));
#11982=CARTESIAN_POINT('Ctrl Pts',(1.46945161803662,-0.189715679528246,
15.7145619540008));
#11983=CARTESIAN_POINT('Ctrl Pts',(1.46945161803662,-0.189715679528246,
15.7362550004756));
#11984=CARTESIAN_POINT('Ctrl Pts',(1.59114466141193,-0.0920969729750595,
15.6711758610513));
#11985=CARTESIAN_POINT('Ctrl Pts',(1.59114466141193,-0.0920969729750595,
15.6928689075261));
#11986=CARTESIAN_POINT('Ctrl Pts',(1.59129091991588,-0.0921291291062537,
15.7145619540008));
#11987=CARTESIAN_POINT('Ctrl Pts',(1.59158336639944,-0.0921954984660442,
15.7362550004756));
#11988=CARTESIAN_POINT('Ctrl Pts',(1.71283770478723,0.00552173357812673,
15.6711758610513));
#11989=CARTESIAN_POINT('Ctrl Pts',(1.71283770478723,0.00552173357812673,
15.6928689075261));
#11990=CARTESIAN_POINT('Ctrl Pts',(1.71313022179515,0.00545742131573838,
15.7145619540008));
#11991=CARTESIAN_POINT('Ctrl Pts',(1.71371511476227,0.00532468259615742,
15.7362550004756));
#11992=CARTESIAN_POINT('Ctrl Pts',(1.83453074816254,0.103140440131313,15.6711758610513));
#11993=CARTESIAN_POINT('Ctrl Pts',(1.83453074816254,0.103140440131313,15.6928689075261));
#11994=CARTESIAN_POINT('Ctrl Pts',(1.83496952367441,0.10304397173773,15.7145619540008));
#11995=CARTESIAN_POINT('Ctrl Pts',(1.83584686312509,0.102844863658359,15.7362550004756));
#11996=CARTESIAN_POINT('Ctrl Pts',(1.83453074816254,0.103140440131313,15.6711758610513));
#11997=CARTESIAN_POINT('Ctrl Pts',(1.83453074816254,0.103140440131313,15.6928689075261));
#11998=CARTESIAN_POINT('Ctrl Pts',(1.83496952367441,0.10304397173773,15.7145619540008));
#11999=CARTESIAN_POINT('Ctrl Pts',(1.83584686312509,0.102844863658359,15.7362550004756));
#12000=CARTESIAN_POINT('Origin',(5.7199870362517,-0.0432876206610899,17.3179960291717));
#12001=CARTESIAN_POINT('',(3.29881133640626,0.103140438206064,17.1354564597769));
#12002=CARTESIAN_POINT('',(3.29881133640626,-0.189715679528247,17.5005355985665));
#12003=CARTESIAN_POINT('',(15.6411629904863,0.103140438206067,17.1354564597769));
#12004=CARTESIAN_POINT('',(5.7199870362517,0.103140438206065,17.1354564597769));
#12005=CARTESIAN_POINT('',(15.6411629904863,0.103140438206067,17.1354564597769));
#12006=CARTESIAN_POINT('Ctrl Pts',(3.23373220691506,-0.189715679528245,
17.5005355985665));
#12007=CARTESIAN_POINT('Ctrl Pts',(3.25542525007879,-0.189715679528245,
17.5005355985665));
#12008=CARTESIAN_POINT('Ctrl Pts',(3.27711829324253,-0.189715679528245,
17.5005355985665));
#12009=CARTESIAN_POINT('Ctrl Pts',(3.29881133640626,-0.189715679528245,
17.5005355985665));
#12010=CARTESIAN_POINT('Ctrl Pts',(3.23373220691506,-0.0921954990916909,
17.3784038474468));
#12011=CARTESIAN_POINT('Ctrl Pts',(3.25542525007879,-0.0921291297430364,
17.378696293843));
#12012=CARTESIAN_POINT('Ctrl Pts',(3.27711829324253,-0.0920969736168092,
17.3788425523033));
#12013=CARTESIAN_POINT('Ctrl Pts',(3.29881133640626,-0.0920969736168092,
17.3788425523033));
#12014=CARTESIAN_POINT('Ctrl Pts',(3.23373220691506,0.00532468134486366,
17.2562720963272));
#12015=CARTESIAN_POINT('Ctrl Pts',(3.25542525007879,0.00545742004217262,
17.2568569891196));
#12016=CARTESIAN_POINT('Ctrl Pts',(3.27711829324253,0.00552173229462689,
17.2571495060401));
#12017=CARTESIAN_POINT('Ctrl Pts',(3.29881133640626,0.0055217322946269,
17.2571495060401));
#12018=CARTESIAN_POINT('Ctrl Pts',(3.23373220691506,0.102844861781418,17.1341403452076));
#12019=CARTESIAN_POINT('Ctrl Pts',(3.25542525007879,0.103043969827382,17.1350176843961));
#12020=CARTESIAN_POINT('Ctrl Pts',(3.27711829324253,0.103140438206063,17.1354564597769));
#12021=CARTESIAN_POINT('Ctrl Pts',(3.29881133640626,0.103140438206063,17.1354564597769));
#12022=CARTESIAN_POINT('Ctrl Pts',(3.23373220691506,0.102844861781418,17.1341403452076));
#12023=CARTESIAN_POINT('Ctrl Pts',(3.25542525007879,0.103043969827382,17.1350176843961));
#12024=CARTESIAN_POINT('Ctrl Pts',(3.27711829324253,0.103140438206063,17.1354564597769));
#12025=CARTESIAN_POINT('Ctrl Pts',(3.29881133640626,0.103140438206063,17.1354564597769));
#12026=CARTESIAN_POINT('Ctrl Pts',(17.1041274643763,0.102844861085974,15.7362550161745));
#12027=CARTESIAN_POINT('Ctrl Pts',(17.0912002663142,0.0999110934885119,
16.0558922036709));
#12028=CARTESIAN_POINT('Ctrl Pts',(16.8245025501954,0.0935519873499968,
16.7657028789477));
#12029=CARTESIAN_POINT('Ctrl Pts',(16.1324250520512,0.0989331704808199,
17.1169040791665));
#12030=CARTESIAN_POINT('Ctrl Pts',(15.7062421354747,0.102844860953598,17.1341403447686));
#12031=CARTESIAN_POINT('Ctrl Pts',(17.2262592165174,0.00532468088123558,
15.7362550161504));
#12032=CARTESIAN_POINT('Ctrl Pts',(17.2176410845022,0.00336883581626058,
16.0825066330997));
#12033=CARTESIAN_POINT('Ctrl Pts',(16.9343282996876,-0.000870568276082863,
16.8652749479609));
#12034=CARTESIAN_POINT('Ctrl Pts',(16.1679109580578,0.00271688714446577,
17.2447812533344));
#12035=CARTESIAN_POINT('Ctrl Pts',(15.7062421354988,0.00532468079298456,
17.2562720971042));
#12036=CARTESIAN_POINT('Ctrl Pts',(17.3483909686585,-0.0921954993235033,
15.7362550161264));
#12037=CARTESIAN_POINT('Ctrl Pts',(17.3440819026903,-0.0931734218559908,
16.1091210625284));
#12038=CARTESIAN_POINT('Ctrl Pts',(17.0441540491798,-0.0952931239021626,
16.9648470169742));
#12039=CARTESIAN_POINT('Ctrl Pts',(16.2033968640644,-0.0934993961918884,
17.3726584275024));
#12040=CARTESIAN_POINT('Ctrl Pts',(15.7062421355228,-0.092195499367629,
17.3784038494397));
#12041=CARTESIAN_POINT('Ctrl Pts',(17.4705227207996,-0.189715679528242,
15.7362550161023));
#12042=CARTESIAN_POINT('Ctrl Pts',(17.4705227208783,-0.189715679528242,
16.1357354919572));
#12043=CARTESIAN_POINT('Ctrl Pts',(17.153979798672,-0.189715679528242,17.0644190859875));
#12044=CARTESIAN_POINT('Ctrl Pts',(16.2388827700709,-0.189715679528242,
17.5005356016703));
#12045=CARTESIAN_POINT('Ctrl Pts',(15.7062421355469,-0.189715679528243,
17.5005356017752));
#12046=CARTESIAN_POINT('',(15.7062421354747,0.102844860953599,17.1341403447686));
#12047=CARTESIAN_POINT('',(15.7062421355469,-0.189715679528243,17.5005356017752));
#12048=CARTESIAN_POINT('',(17.1041274643763,0.102844861085976,15.7362550161745));
#12049=CARTESIAN_POINT('Ctrl Pts',(15.7062421354747,0.102844860953598,17.1341403447686));
#12050=CARTESIAN_POINT('Ctrl Pts',(16.1324250520512,0.0989331704808199,
17.1169040791665));
#12051=CARTESIAN_POINT('Ctrl Pts',(16.8245025501954,0.0935519873499968,
16.7657028789477));
#12052=CARTESIAN_POINT('Ctrl Pts',(17.0912002663142,0.0999110934885119,
16.0558922036709));
#12053=CARTESIAN_POINT('Ctrl Pts',(17.1041274643763,0.102844861085974,15.7362550161745));
#12054=CARTESIAN_POINT('',(17.1041274643763,0.102844861085976,15.7362550161745));
#12055=CARTESIAN_POINT('Ctrl Pts',(15.6411629904863,-0.189715679528243,
17.5005355985665));
#12056=CARTESIAN_POINT('Ctrl Pts',(15.6628560388158,-0.189715679528243,
17.5005355985665));
#12057=CARTESIAN_POINT('Ctrl Pts',(15.6845490871452,-0.189715679528243,
17.5005355985665));
#12058=CARTESIAN_POINT('Ctrl Pts',(15.7062421354747,-0.189715679528243,
17.5005355985665));
#12059=CARTESIAN_POINT('Ctrl Pts',(15.6411629904863,-0.0920969736168063,
17.3788425523033));
#12060=CARTESIAN_POINT('Ctrl Pts',(15.6628560388158,-0.0920969736168063,
17.3788425523033));
#12061=CARTESIAN_POINT('Ctrl Pts',(15.6845490871452,-0.0921291297575198,
17.3786962937764));
#12062=CARTESIAN_POINT('Ctrl Pts',(15.7062421354747,-0.0921954991370179,
17.3784038472471));
#12063=CARTESIAN_POINT('Ctrl Pts',(15.6411629904863,0.00552173229463002,
17.2571495060401));
#12064=CARTESIAN_POINT('Ctrl Pts',(15.6628560388158,0.00552173229463002,
17.2571495060401));
#12065=CARTESIAN_POINT('Ctrl Pts',(15.6845490871452,0.00545742001320302,
17.2568569889864));
#12066=CARTESIAN_POINT('Ctrl Pts',(15.7062421354747,0.00532468125420673,
17.2562720959277));
#12067=CARTESIAN_POINT('Ctrl Pts',(15.6411629904863,0.103140438206066,17.1354564597769));
#12068=CARTESIAN_POINT('Ctrl Pts',(15.6628560388158,0.103140438206066,17.1354564597769));
#12069=CARTESIAN_POINT('Ctrl Pts',(15.6845490871452,0.103043969783926,17.1350176841963));
#12070=CARTESIAN_POINT('Ctrl Pts',(15.7062421354747,0.102844861645431,17.1341403446083));
#12071=CARTESIAN_POINT('Ctrl Pts',(15.6411629904863,0.103140438206066,17.1354564597769));
#12072=CARTESIAN_POINT('Ctrl Pts',(15.6628560388158,0.103140438206066,17.1354564597769));
#12073=CARTESIAN_POINT('Ctrl Pts',(15.6845490871452,0.103043969783926,17.1350176841963));
#12074=CARTESIAN_POINT('Ctrl Pts',(15.7062421354747,0.102844861645431,17.1341403446083));
#12075=CARTESIAN_POINT('Origin',(17.2879831517257,-0.0432876213028377,13.2500000186265));
#12076=CARTESIAN_POINT('',(17.1054435794431,0.10314043692257,15.6711758778081));
#12077=CARTESIAN_POINT('',(17.4705227240084,-0.189715679528243,15.6711758778081));
#12078=CARTESIAN_POINT('',(17.1054435794431,0.103140436922567,3.32882421032263));
#12079=CARTESIAN_POINT('',(17.1054435794431,0.103140436922569,13.2500000186265));
#12080=CARTESIAN_POINT('',(17.1054435794431,0.103140436922567,3.32882421032263));
#12081=CARTESIAN_POINT('Ctrl Pts',(17.4705227240084,-0.189715679528242,
15.7362550161745));
#12082=CARTESIAN_POINT('Ctrl Pts',(17.4705227240084,-0.189715679528242,
15.7145619700524));
#12083=CARTESIAN_POINT('Ctrl Pts',(17.4705227240084,-0.189715679528242,
15.6928689239302));
#12084=CARTESIAN_POINT('Ctrl Pts',(17.4705227240084,-0.189715679528242,
15.6711758778081));
#12085=CARTESIAN_POINT('Ctrl Pts',(17.3483909708511,-0.0921954995541148,
15.7362550161745));
#12086=CARTESIAN_POINT('Ctrl Pts',(17.3486834173222,-0.0921291301820406,
15.7145619700524));
#12087=CARTESIAN_POINT('Ctrl Pts',(17.3488296758199,-0.0920969740446382,
15.6928689239302));
#12088=CARTESIAN_POINT('Ctrl Pts',(17.3488296758199,-0.0920969740446382,
15.6711758778081));
#12089=CARTESIAN_POINT('Ctrl Pts',(17.2262592176938,0.00532468042001267,
15.7362550161745));
#12090=CARTESIAN_POINT('Ctrl Pts',(17.226844110636,0.00545741916416095,
15.7145619700524));
#12091=CARTESIAN_POINT('Ctrl Pts',(17.2271366276315,0.00552173143896573,
15.6928689239302));
#12092=CARTESIAN_POINT('Ctrl Pts',(17.2271366276315,0.00552173143896573,
15.6711758778081));
#12093=CARTESIAN_POINT('Ctrl Pts',(17.1041274645366,0.10284486039414,15.7362550161745));
#12094=CARTESIAN_POINT('Ctrl Pts',(17.1050048039498,0.103043968510363,15.7145619700524));
#12095=CARTESIAN_POINT('Ctrl Pts',(17.1054435794431,0.10314043692257,15.6928689239302));
#12096=CARTESIAN_POINT('Ctrl Pts',(17.1054435794431,0.10314043692257,15.6711758778081));
#12097=CARTESIAN_POINT('Ctrl Pts',(17.1041274645366,0.10284486039414,15.7362550161745));
#12098=CARTESIAN_POINT('Ctrl Pts',(17.1050048039498,0.103043968510363,15.7145619700524));
#12099=CARTESIAN_POINT('Ctrl Pts',(17.1054435794431,0.10314043692257,15.6928689239302));
#12100=CARTESIAN_POINT('Ctrl Pts',(17.1054435794431,0.10314043692257,15.6711758778081));
#12101=CARTESIAN_POINT('Ctrl Pts',(15.7062421323349,0.102844861260527,1.86585974343579));
#12102=CARTESIAN_POINT('Ctrl Pts',(16.0258793201846,0.0999110934632319,
1.87878694269331));
#12103=CARTESIAN_POINT('Ctrl Pts',(16.7358124588608,0.0935401496902303,
2.14536158869672));
#12104=CARTESIAN_POINT('Ctrl Pts',(17.0868912010182,0.0989331715769373,
2.83756215779471));
#12105=CARTESIAN_POINT('Ctrl Pts',(17.104127464416,0.102844861459088,3.26374507505568));
#12106=CARTESIAN_POINT('Ctrl Pts',(15.706242132371,0.00532468099760385,
1.74372799155107));
#12107=CARTESIAN_POINT('Ctrl Pts',(16.0524937496411,0.00336883579940711,
1.75234612442876));
#12108=CARTESIAN_POINT('Ctrl Pts',(16.8354086785588,-0.000878460049260529,
2.03549550120722));
#12109=CARTESIAN_POINT('Ctrl Pts',(17.2147683737964,0.00271688787521083,
2.80207625200499));
#12110=CARTESIAN_POINT('Ctrl Pts',(17.2262592160091,0.00532468112997809,
3.26374507509177));
#12111=CARTESIAN_POINT('Ctrl Pts',(15.7062421324071,-0.0921954992653194,
1.62159623966634));
#12112=CARTESIAN_POINT('Ctrl Pts',(16.0791081790977,-0.0931734218644177,
1.6259053061642));
#12113=CARTESIAN_POINT('Ctrl Pts',(16.9350048982569,-0.0952970697887514,
1.92562941371772));
#12114=CARTESIAN_POINT('Ctrl Pts',(17.3426455465745,-0.0934993958265157,
2.76659034621526));
#12115=CARTESIAN_POINT('Ctrl Pts',(17.3483909676022,-0.0921954991991321,
3.26374507512786));
#12116=CARTESIAN_POINT('Ctrl Pts',(15.7062421324432,-0.189715679528243,
1.49946448778162));
#12117=CARTESIAN_POINT('Ctrl Pts',(16.1057226085542,-0.189715679528242,
1.49946448789965));
#12118=CARTESIAN_POINT('Ctrl Pts',(17.0346011179549,-0.189715679528242,
1.81576332622822));
#12119=CARTESIAN_POINT('Ctrl Pts',(17.4705227193526,-0.189715679528242,
2.73110444042553));
#12120=CARTESIAN_POINT('Ctrl Pts',(17.4705227191952,-0.189715679528242,
3.26374507516394));
#12121=CARTESIAN_POINT('',(17.104127464416,0.102844861459088,3.26374507505568));
#12122=CARTESIAN_POINT('',(17.4705227191952,-0.189715679528243,3.26374507516394));
#12123=CARTESIAN_POINT('',(15.7062421323349,0.102844861260527,1.86585974343579));
#12124=CARTESIAN_POINT('Ctrl Pts',(17.104127464416,0.102844861459088,3.26374507505568));
#12125=CARTESIAN_POINT('Ctrl Pts',(17.0868912010182,0.0989331715769373,
2.83756215779471));
#12126=CARTESIAN_POINT('Ctrl Pts',(16.7358124588608,0.0935401496902303,
2.14536158869672));
#12127=CARTESIAN_POINT('Ctrl Pts',(16.0258793201846,0.0999110934632319,
1.87878694269331));
#12128=CARTESIAN_POINT('Ctrl Pts',(15.7062421323349,0.102844861260527,1.86585974343579));
#12129=CARTESIAN_POINT('',(15.7062421323349,0.102844861260527,1.86585974343579));
#12130=CARTESIAN_POINT('Ctrl Pts',(17.4705227240083,-0.189715679528242,
3.32882421032263));
#12131=CARTESIAN_POINT('Ctrl Pts',(17.4705227240083,-0.189715679528242,
3.30713116523365));
#12132=CARTESIAN_POINT('Ctrl Pts',(17.4705227240083,-0.189715679528242,
3.28543812014467));
#12133=CARTESIAN_POINT('Ctrl Pts',(17.4705227240083,-0.189715679528242,
3.26374507505568));
#12134=CARTESIAN_POINT('Ctrl Pts',(17.3488296758199,-0.0920969740446379,
3.32882421032263));
#12135=CARTESIAN_POINT('Ctrl Pts',(17.3488296758199,-0.0920969740446379,
3.30713116523365));
#12136=CARTESIAN_POINT('Ctrl Pts',(17.3486834173355,-0.0921291301791433,
3.28543812014467));
#12137=CARTESIAN_POINT('Ctrl Pts',(17.348390970891,-0.0921954995450487,
3.26374507505568));
#12138=CARTESIAN_POINT('Ctrl Pts',(17.2271366276315,0.00552173143896648,
3.32882421032263));
#12139=CARTESIAN_POINT('Ctrl Pts',(17.2271366276315,0.00552173143896647,
3.30713116523365));
#12140=CARTESIAN_POINT('Ctrl Pts',(17.2268441106626,0.00545741916995563,
3.28543812014467));
#12141=CARTESIAN_POINT('Ctrl Pts',(17.2262592177737,0.00532468043814483,
3.26374507505568));
#12142=CARTESIAN_POINT('Ctrl Pts',(17.1054435794431,0.103140436922571,3.32882421032263));
#12143=CARTESIAN_POINT('Ctrl Pts',(17.1054435794431,0.103140436922571,3.30713116523365));
#12144=CARTESIAN_POINT('Ctrl Pts',(17.1050048039898,0.103043968519055,3.28543812014467));
#12145=CARTESIAN_POINT('Ctrl Pts',(17.1041274646564,0.102844860421338,3.26374507505568));
#12146=CARTESIAN_POINT('Ctrl Pts',(17.1054435794431,0.103140436922571,3.32882421032263));
#12147=CARTESIAN_POINT('Ctrl Pts',(17.1054435794431,0.103140436922571,3.30713116523365));
#12148=CARTESIAN_POINT('Ctrl Pts',(17.1050048039898,0.103043968519055,3.28543812014467));
#12149=CARTESIAN_POINT('Ctrl Pts',(17.1041274646564,0.102844860421338,3.26374507505568));
#12150=CARTESIAN_POINT('Origin',(13.2199870362517,-0.0432876203402144,1.68200406054557));
#12151=CARTESIAN_POINT('',(15.6411629871349,0.103140438847817,1.8645436284964));
#12152=CARTESIAN_POINT('',(15.6411629871349,-0.189715679528243,1.49946449259474));
#12153=CARTESIAN_POINT('',(3.29881133975762,0.103140438847813,1.8645436284964));
#12154=CARTESIAN_POINT('',(13.2199870362517,0.103140438847815,1.8645436284964));
#12155=CARTESIAN_POINT('',(3.29881133975762,0.103140438847813,1.8645436284964));
#12156=CARTESIAN_POINT('Ctrl Pts',(15.7062421323349,-0.189715679528243,
1.49946449259474));
#12157=CARTESIAN_POINT('Ctrl Pts',(15.6845490839349,-0.189715679528243,
1.49946449259474));
#12158=CARTESIAN_POINT('Ctrl Pts',(15.6628560355349,-0.189715679528243,
1.49946449259474));
#12159=CARTESIAN_POINT('Ctrl Pts',(15.6411629871349,-0.189715679528243,
1.49946449259474));
#12160=CARTESIAN_POINT('Ctrl Pts',(15.7062421323349,-0.0921954989194028,
1.62159624295523));
#12161=CARTESIAN_POINT('Ctrl Pts',(15.6845490839349,-0.0921291295423614,
1.62130379642342));
#12162=CARTESIAN_POINT('Ctrl Pts',(15.6628560355349,-0.0920969734028893,
1.62115753789529));
#12163=CARTESIAN_POINT('Ctrl Pts',(15.6411629871349,-0.0920969734028893,
1.62115753789529));
#12164=CARTESIAN_POINT('Ctrl Pts',(15.7062421323349,0.00532468168943711,
1.74372799331573));
#12165=CARTESIAN_POINT('Ctrl Pts',(15.6845490839349,0.00545742044351993,
1.74314310025209));
#12166=CARTESIAN_POINT('Ctrl Pts',(15.6628560355349,0.00552173272246409,
1.74285058319585));
#12167=CARTESIAN_POINT('Ctrl Pts',(15.6411629871349,0.00552173272246409,
1.74285058319585));
#12168=CARTESIAN_POINT('Ctrl Pts',(15.7062421323349,0.102844862298277,1.86585974367622));
#12169=CARTESIAN_POINT('Ctrl Pts',(15.6845490839349,0.103043970429401,1.86498240408077));
#12170=CARTESIAN_POINT('Ctrl Pts',(15.6628560355349,0.103140438847817,1.8645436284964));
#12171=CARTESIAN_POINT('Ctrl Pts',(15.6411629871349,0.103140438847817,1.8645436284964));
#12172=CARTESIAN_POINT('Ctrl Pts',(15.7062421323349,0.102844862298277,1.86585974367622));
#12173=CARTESIAN_POINT('Ctrl Pts',(15.6845490839349,0.103043970429401,1.86498240408077));
#12174=CARTESIAN_POINT('Ctrl Pts',(15.6628560355349,0.103140438847817,1.8645436284964));
#12175=CARTESIAN_POINT('Ctrl Pts',(15.6411629871349,0.103140438847817,1.8645436284964));
#12176=CARTESIAN_POINT('Ctrl Pts',(3.29881133975762,-0.189715679528245,
1.49946449259474));
#12177=CARTESIAN_POINT('Ctrl Pts',(3.27711829652336,-0.189715679528245,
1.49946449259474));
#12178=CARTESIAN_POINT('Ctrl Pts',(3.2554252532891,-0.189715679528245,1.49946449259474));
#12179=CARTESIAN_POINT('Ctrl Pts',(3.23373221005484,-0.189715679528245,
1.49946449259474));
#12180=CARTESIAN_POINT('Ctrl Pts',(3.29881133975762,-0.0920969734028926,
1.6211575378953));
#12181=CARTESIAN_POINT('Ctrl Pts',(3.27711829652336,-0.0920969734028926,
1.6211575378953));
#12182=CARTESIAN_POINT('Ctrl Pts',(3.2554252532891,-0.0921291295278783,
1.62130379635681));
#12183=CARTESIAN_POINT('Ctrl Pts',(3.23373221005484,-0.092195498874076,
1.6215962427555));
#12184=CARTESIAN_POINT('Ctrl Pts',(3.29881133975762,0.00552173272246022,
1.74285058319585));
#12185=CARTESIAN_POINT('Ctrl Pts',(3.27711829652336,0.00552173272246021,
1.74285058319585));
#12186=CARTESIAN_POINT('Ctrl Pts',(3.2554252532891,0.00545742047248878,
1.74314310011888));
#12187=CARTESIAN_POINT('Ctrl Pts',(3.23373221005484,0.00532468178009329,
1.74372799291625));
#12188=CARTESIAN_POINT('Ctrl Pts',(3.29881133975762,0.103140438847813,1.8645436284964));
#12189=CARTESIAN_POINT('Ctrl Pts',(3.27711829652336,0.103140438847813,1.8645436284964));
#12190=CARTESIAN_POINT('Ctrl Pts',(3.2554252532891,0.103043970472856,1.86498240388095));
#12191=CARTESIAN_POINT('Ctrl Pts',(3.23373221005484,0.102844862434263,1.86585974307701));
#12192=CARTESIAN_POINT('Ctrl Pts',(3.29881133975762,0.103140438847813,1.8645436284964));
#12193=CARTESIAN_POINT('Ctrl Pts',(3.27711829652336,0.103140438847813,1.8645436284964));
#12194=CARTESIAN_POINT('Ctrl Pts',(3.2554252532891,0.103043970472856,1.86498240388095));
#12195=CARTESIAN_POINT('Ctrl Pts',(3.23373221005484,0.102844862434263,1.86585974307701));
#12196=CARTESIAN_POINT('Origin',(5.38370009403026,9.15974524577503,13.5862868222258));
#12197=CARTESIAN_POINT('',(3.41389587104254,7.21028432047175,14.0918105175365));
#12198=CARTESIAN_POINT('',(3.91941949573247,9.4851408964046,13.5862868222258));
#12199=CARTESIAN_POINT('',(4.87817645971409,7.21028432047175,15.5560911158343));
#12200=CARTESIAN_POINT('Origin',(4.95048660550667,7.21028432047175,14.0195003712686));
#12201=CARTESIAN_POINT('',(5.38370009403026,9.48514093972269,15.0505674108973));
#12202=CARTESIAN_POINT('Origin',(3.7271236610768,8.61980953971626,2.));
#12203=CARTESIAN_POINT('',(3.41389587104254,7.21028432047175,4.90818949704928));
#12204=CARTESIAN_POINT('',(3.91941945619,9.48514071846347,5.4137131292773));
#12205=CARTESIAN_POINT('',(3.41389587104254,7.21028432047175,5.75));
#12206=CARTESIAN_POINT('Origin',(5.38370005448779,9.1597450678339,5.4137131292773));
#12207=CARTESIAN_POINT('',(4.87817646292284,7.21028432047175,3.44390889875148));
#12208=CARTESIAN_POINT('',(5.38370005448779,9.4851407473422,3.949432537397));
#12209=CARTESIAN_POINT('Origin',(4.95048660550667,7.21028432047175,4.98049963995003));
#12210=CARTESIAN_POINT('Origin',(16.9699869431194,8.61980950506179,3.75713671025636));
#12211=CARTESIAN_POINT('',(14.0617974962451,7.21028432047176,3.44390889875148));
#12212=CARTESIAN_POINT('',(13.5562737933202,9.48514071880563,3.94943253105554));
#12213=CARTESIAN_POINT('',(13.2199869431194,7.21028432047175,3.44390889875148));
#12214=CARTESIAN_POINT('Origin',(8.55498697958396,2.01028432047175,9.83250000729291));
#12215=CARTESIAN_POINT('',(8.35498697958396,1.81028432047175,12.0250000072929));
#12216=CARTESIAN_POINT('',(8.35498697958396,1.81028432047175,10.6150000072929));
#12217=CARTESIAN_POINT('',(8.35498697958396,1.81028432047175,9.83250000729291));
#12218=CARTESIAN_POINT('',(8.75498697958396,2.21028432047175,10.2150000072929));
#12219=CARTESIAN_POINT('',(8.35498697958396,1.81028432047175,10.6150000072929));
#12220=CARTESIAN_POINT('',(8.75498697958396,2.21028432047175,11.6250000072929));
#12221=CARTESIAN_POINT('',(8.75498697958396,2.21028432047175,9.83250000729291));
#12222=CARTESIAN_POINT('',(8.35498697958396,1.81028432047175,12.0250000072929));
#12223=CARTESIAN_POINT('Origin',(7.14498697958396,2.01028432047175,9.1675000072929));
#12224=CARTESIAN_POINT('',(6.94498697958396,1.81028432047175,10.6150000072929));
#12225=CARTESIAN_POINT('',(6.94498697958396,1.81028432047175,8.3850000072929));
#12226=CARTESIAN_POINT('',(6.94498697958396,1.81028432047175,9.1675000072929));
#12227=CARTESIAN_POINT('',(7.34498697958396,2.21028432047175,8.7850000072929));
#12228=CARTESIAN_POINT('',(6.94498697958396,1.81028432047175,8.3850000072929));
#12229=CARTESIAN_POINT('',(7.34498697958396,2.21028432047175,10.2150000072929));
#12230=CARTESIAN_POINT('',(7.34498697958396,2.21028432047175,9.1675000072929));
#12231=CARTESIAN_POINT('',(7.34498697958396,2.21028432047175,10.2150000072929));
#12232=CARTESIAN_POINT('Origin',(8.43248697958396,2.01028432047175,10.4150000072929));
#12233=CARTESIAN_POINT('',(10.184986979584,2.21028432047175,10.2150000072929));
#12234=CARTESIAN_POINT('',(11.594986979584,2.21028432047175,10.2150000072929));
#12235=CARTESIAN_POINT('',(8.43248697958396,2.21028432047175,10.2150000072929));
#12236=CARTESIAN_POINT('',(11.994986979584,1.81028432047175,10.6150000072929));
#12237=CARTESIAN_POINT('',(11.594986979584,2.21028432047175,10.2150000072929));
#12238=CARTESIAN_POINT('',(10.584986979584,1.81028432047175,10.6150000072929));
#12239=CARTESIAN_POINT('',(8.43248697958396,1.81028432047175,10.6150000072929));
#12240=CARTESIAN_POINT('',(10.584986979584,1.81028432047175,10.6150000072929));
#12241=CARTESIAN_POINT('Origin',(8.55498697958396,2.01028432047175,9.83250000729291));
#12242=CARTESIAN_POINT('',(8.35498697958396,1.81028432047175,8.3850000072929));
#12243=CARTESIAN_POINT('',(8.35498697958396,1.81028432047175,6.9750000072929));
#12244=CARTESIAN_POINT('',(8.35498697958396,1.81028432047175,9.83250000729291));
#12245=CARTESIAN_POINT('',(8.75498697958396,2.21028432047175,7.3750000072929));
#12246=CARTESIAN_POINT('',(8.35498697958396,1.81028432047175,6.9750000072929));
#12247=CARTESIAN_POINT('',(8.75498697958396,2.21028432047175,8.7850000072929));
#12248=CARTESIAN_POINT('',(8.75498697958396,2.21028432047175,9.83250000729291));
#12249=CARTESIAN_POINT('',(8.75498697958396,2.21028432047175,8.7850000072929));
#12250=CARTESIAN_POINT('Origin',(9.80248697958396,2.01028432047175,7.1750000072929));
#12251=CARTESIAN_POINT('',(10.584986979584,1.81028432047175,6.9750000072929));
#12252=CARTESIAN_POINT('',(9.80248697958396,1.81028432047175,6.9750000072929));
#12253=CARTESIAN_POINT('',(10.184986979584,2.21028432047175,7.3750000072929));
#12254=CARTESIAN_POINT('',(10.584986979584,1.81028432047175,6.9750000072929));
#12255=CARTESIAN_POINT('',(9.80248697958396,2.21028432047175,7.3750000072929));
#12256=CARTESIAN_POINT('Origin',(10.507486979584,2.01028432047175,8.5850000072929));
#12257=CARTESIAN_POINT('',(11.594986979584,2.21028432047175,8.7850000072929));
#12258=CARTESIAN_POINT('',(10.184986979584,2.21028432047175,8.7850000072929));
#12259=CARTESIAN_POINT('',(10.507486979584,2.21028432047175,8.7850000072929));
#12260=CARTESIAN_POINT('',(10.584986979584,1.81028432047175,8.3850000072929));
#12261=CARTESIAN_POINT('',(10.184986979584,2.21028432047175,8.7850000072929));
#12262=CARTESIAN_POINT('',(11.994986979584,1.81028432047175,8.3850000072929));
#12263=CARTESIAN_POINT('',(10.507486979584,1.81028432047175,8.3850000072929));
#12264=CARTESIAN_POINT('',(11.994986979584,1.81028432047175,8.3850000072929));
#12265=CARTESIAN_POINT('Origin',(10.384986979584,2.01028432047175,9.1675000072929));
#12266=CARTESIAN_POINT('',(10.584986979584,1.81028432047175,9.1675000072929));
#12267=CARTESIAN_POINT('',(10.184986979584,2.21028432047175,9.1675000072929));
#12268=CARTESIAN_POINT('Origin',(11.794986979584,2.01028432047175,9.83250000729291));
#12269=CARTESIAN_POINT('',(11.594986979584,2.21028432047175,9.83250000729291));
#12270=CARTESIAN_POINT('',(11.994986979584,1.81028432047175,9.83250000729291));
#12271=CARTESIAN_POINT('Origin',(10.507486979584,2.01028432047175,8.5850000072929));
#12272=CARTESIAN_POINT('',(10.507486979584,1.81028432047175,8.3850000072929));
#12273=CARTESIAN_POINT('',(10.507486979584,2.21028432047175,8.7850000072929));
#12274=CARTESIAN_POINT('Origin',(10.384986979584,2.01028432047175,9.1675000072929));
#12275=CARTESIAN_POINT('',(10.184986979584,2.21028432047175,11.6250000072929));
#12276=CARTESIAN_POINT('',(10.184986979584,2.21028432047175,9.1675000072929));
#12277=CARTESIAN_POINT('',(10.584986979584,1.81028432047175,12.0250000072929));
#12278=CARTESIAN_POINT('',(10.584986979584,1.81028432047175,9.1675000072929));
#12279=CARTESIAN_POINT('',(10.584986979584,1.81028432047175,12.0250000072929));
#12280=CARTESIAN_POINT('Origin',(9.13748697958396,2.01028432047175,11.8250000072929));
#12281=CARTESIAN_POINT('',(9.13748697958396,2.21028432047175,11.6250000072929));
#12282=CARTESIAN_POINT('',(9.13748697958396,1.81028432047175,12.0250000072929));
#12283=CARTESIAN_POINT('Origin',(8.43248697958396,2.01028432047175,10.4150000072929));
#12284=CARTESIAN_POINT('',(8.43248697958396,1.81028432047175,10.6150000072929));
#12285=CARTESIAN_POINT('',(8.43248697958396,2.21028432047175,10.2150000072929));
#12286=CARTESIAN_POINT('Origin',(7.34498697958396,1.81028432047175,8.8350000072929));
#12287=CARTESIAN_POINT('',(7.34498697958396,5.81028432047175,8.7850000072929));
#12288=CARTESIAN_POINT('',(7.34498697958396,1.81028432047175,8.7850000072929));
#12289=CARTESIAN_POINT('',(7.34498697958396,5.81028432047175,10.2150000072929));
#12290=CARTESIAN_POINT('',(7.34498697958396,5.81028432047175,9.1675000072929));
#12291=CARTESIAN_POINT('',(7.34498697958396,1.81028432047175,10.2150000072929));
#12292=CARTESIAN_POINT('Origin',(11.544986979584,1.81028432047175,8.7850000072929));
#12293=CARTESIAN_POINT('',(8.75498697958396,5.81028432047176,8.7850000072929));
#12294=CARTESIAN_POINT('',(8.75498697958396,1.81028432047175,8.7850000072929));
#12295=CARTESIAN_POINT('',(10.507486979584,5.81028432047176,8.7850000072929));
#12296=CARTESIAN_POINT('Origin',(8.75498697958396,1.81028432047175,10.1650000072929));
#12297=CARTESIAN_POINT('',(8.75498697958396,5.81028432047176,7.3750000072929));
#12298=CARTESIAN_POINT('',(8.75498697958396,1.81028432047175,7.3750000072929));
#12299=CARTESIAN_POINT('',(8.75498697958396,5.81028432047176,9.83250000729291));
#12300=CARTESIAN_POINT('Origin',(10.134986979584,1.81028432047175,7.3750000072929));
#12301=CARTESIAN_POINT('',(10.184986979584,5.81028432047176,7.3750000072929));
#12302=CARTESIAN_POINT('',(10.184986979584,1.81028432047175,7.3750000072929));
#12303=CARTESIAN_POINT('',(9.80248697958395,5.81028432047176,7.3750000072929));
#12304=CARTESIAN_POINT('Origin',(10.184986979584,1.81028432047175,8.8350000072929));
#12305=CARTESIAN_POINT('',(10.184986979584,5.81028432047176,8.7850000072929));
#12306=CARTESIAN_POINT('',(10.184986979584,1.81028432047175,8.7850000072929));
#12307=CARTESIAN_POINT('',(10.184986979584,5.81028432047176,9.1675000072929));
#12308=CARTESIAN_POINT('Origin',(11.544986979584,1.81028432047175,8.7850000072929));
#12309=CARTESIAN_POINT('',(11.594986979584,5.81028432047176,8.7850000072929));
#12310=CARTESIAN_POINT('',(11.594986979584,1.81028432047175,8.7850000072929));
#12311=CARTESIAN_POINT('',(10.507486979584,5.81028432047176,8.7850000072929));
#12312=CARTESIAN_POINT('Origin',(9.46998697958396,1.81028432047175,9.5000000072929));
#12313=CARTESIAN_POINT('',(6.81998697958396,1.81028432047175,10.4500000072929));
#12314=CARTESIAN_POINT('',(6.81998697958396,1.81028432047175,8.55000000729291));
#12315=CARTESIAN_POINT('',(6.81998697958396,1.81028432047175,6.85000000729291));
#12316=CARTESIAN_POINT('',(8.51998697958396,1.81028432047175,6.85000000729291));
#12317=CARTESIAN_POINT('Origin',(8.51998697958396,1.81028432047175,8.55000000729291));
#12318=CARTESIAN_POINT('',(10.419986979584,1.81028432047175,6.85000000729291));
#12319=CARTESIAN_POINT('',(12.119986979584,1.81028432047175,6.85000000729291));
#12320=CARTESIAN_POINT('',(12.119986979584,1.81028432047175,8.55000000729291));
#12321=CARTESIAN_POINT('Origin',(10.419986979584,1.81028432047175,8.55000000729291));
#12322=CARTESIAN_POINT('',(12.119986979584,1.81028432047175,10.4500000072929));
#12323=CARTESIAN_POINT('',(12.119986979584,1.81028432047175,12.1500000072929));
#12324=CARTESIAN_POINT('',(10.419986979584,1.81028432047175,12.1500000072929));
#12325=CARTESIAN_POINT('Origin',(10.419986979584,1.81028432047175,10.4500000072929));
#12326=CARTESIAN_POINT('',(8.51998697958396,1.81028432047175,12.1500000072929));
#12327=CARTESIAN_POINT('',(6.81998697958396,1.81028432047175,12.1500000072929));
#12328=CARTESIAN_POINT('Origin',(8.51998697958396,1.81028432047175,10.4500000072929));
#12329=CARTESIAN_POINT('Origin',(11.594986979584,1.81028432047175,10.1650000072929));
#12330=CARTESIAN_POINT('',(11.594986979584,5.81028432047176,10.2150000072929));
#12331=CARTESIAN_POINT('',(11.594986979584,1.81028432047175,10.2150000072929));
#12332=CARTESIAN_POINT('',(11.594986979584,5.81028432047176,9.83250000729291));
#12333=CARTESIAN_POINT('Origin',(7.39498697958396,1.81028432047175,10.2150000072929));
#12334=CARTESIAN_POINT('',(8.75498697958396,5.81028432047176,10.2150000072929));
#12335=CARTESIAN_POINT('',(8.43248697958395,5.81028432047176,10.2150000072929));
#12336=CARTESIAN_POINT('',(8.75498697958396,1.81028432047175,10.2150000072929));
#12337=CARTESIAN_POINT('Ctrl Pts',(16.1678153555142,9.01028432047176,15.51449745923));
#12338=CARTESIAN_POINT('Ctrl Pts',(16.1678153555449,9.01028432047176,15.670413479658));
#12339=CARTESIAN_POINT('Ctrl Pts',(16.0448928388371,9.01028432047176,16.0290790945993));
#12340=CARTESIAN_POINT('Ctrl Pts',(15.692372442818,9.01028432047176,16.1978283991895));
#12341=CARTESIAN_POINT('Ctrl Pts',(15.4844844155394,9.01028432047176,16.1978283991832));
#12342=CARTESIAN_POINT('Ctrl Pts',(16.3931699148923,9.01028432047176,15.5144974591857));
#12343=CARTESIAN_POINT('Ctrl Pts',(16.3854395537595,9.01012589390733,15.7195693510891));
#12344=CARTESIAN_POINT('Ctrl Pts',(16.2131115225772,9.01016277777756,16.1841036962583));
#12345=CARTESIAN_POINT('Ctrl Pts',(15.7579136057129,9.01007308502634,16.4128758128145));
#12346=CARTESIAN_POINT('Ctrl Pts',(15.4844844155325,9.01028432047176,16.4231829618562));
#12347=CARTESIAN_POINT('Ctrl Pts',(16.8428885107446,8.85184137250587,15.5144974590971));
#12348=CARTESIAN_POINT('Ctrl Pts',(16.8200698342668,8.86314956377043,15.8174181263315));
#12349=CARTESIAN_POINT('Ctrl Pts',(16.5491977009636,8.8790711604141,16.4935947654994));
#12350=CARTESIAN_POINT('Ctrl Pts',(15.888378641297,8.86691895749183,16.8424766597968));
#12351=CARTESIAN_POINT('Ctrl Pts',(15.4844844155189,8.85184136769023,16.8729015642225));
#12352=CARTESIAN_POINT('Ctrl Pts',(17.0951161371896,8.44720300596915,15.5144974590474));
#12353=CARTESIAN_POINT('Ctrl Pts',(17.0764547112009,8.48246378168873,15.8727201886472));
#12354=CARTESIAN_POINT('Ctrl Pts',(16.7631604934883,8.5344457812269,16.6885105807352));
#12355=CARTESIAN_POINT('Ctrl Pts',(15.9621147238973,8.494217362647,17.1002472861353));
#12356=CARTESIAN_POINT('Ctrl Pts',(15.4844844155112,8.44720299085274,17.1251291887817));
#12357=CARTESIAN_POINT('Ctrl Pts',(17.1440024103503,8.22721480235602,15.5144974590378));
#12358=CARTESIAN_POINT('Ctrl Pts',(17.1339917496825,8.27226277044342,15.8831399904112));
#12359=CARTESIAN_POINT('Ctrl Pts',(16.8203296449222,8.34037473795135,16.7390490593836));
#12360=CARTESIAN_POINT('Ctrl Pts',(15.9760077918469,8.28727874552494,17.1606679108));
#12361=CARTESIAN_POINT('Ctrl Pts',(15.4844844155097,8.22721478305654,17.174015458308));
#12362=CARTESIAN_POINT('Origin',(16.1678153555142,8.01028432047176,15.51449745923));
#12363=CARTESIAN_POINT('Origin',(15.484484415702,8.01028432047176,16.1978283991832));
#12364=CARTESIAN_POINT('Origin',(5.71998694311944,8.01028432047175,16.1978283976857));
#12365=CARTESIAN_POINT('Origin',(3.45548951112344,8.01028432047175,16.1978283976857));
#12366=CARTESIAN_POINT('Ctrl Pts',(3.45548951112344,9.01028432047175,16.1978283954396));
#12367=CARTESIAN_POINT('Ctrl Pts',(3.29957349041513,9.01028432047175,16.1978283954626));
#12368=CARTESIAN_POINT('Ctrl Pts',(2.94085300518946,9.01028432047176,16.074970777472));
#12369=CARTESIAN_POINT('Ctrl Pts',(2.77215856748779,9.01028432047175,15.7223854793495));
#12370=CARTESIAN_POINT('Ctrl Pts',(2.77215856749726,9.01028432047175,15.5144974516752));
#12371=CARTESIAN_POINT('Ctrl Pts',(3.45548951115673,9.01028432047175,16.4231829580995));
#12372=CARTESIAN_POINT('Ctrl Pts',(3.25041761793737,9.01012589391911,16.415452597874));
#12373=CARTESIAN_POINT('Ctrl Pts',(2.78582655267281,9.01021541436014,16.2431948420888));
#12374=CARTESIAN_POINT('Ctrl Pts',(2.55711114811522,9.01007308502891,15.7879266440913));
#12375=CARTESIAN_POINT('Ctrl Pts',(2.54680399988962,9.01028432047175,15.5144974516649));
#12376=CARTESIAN_POINT('Ctrl Pts',(3.45548951122318,8.85189629368498,16.8729456204973));
#12377=CARTESIAN_POINT('Ctrl Pts',(3.15256884063916,8.86320448379466,16.8501269467351));
#12378=CARTESIAN_POINT('Ctrl Pts',(2.47629707354011,8.8790961593921,16.5793094495403));
#12379=CARTESIAN_POINT('Ctrl Pts',(2.12746622968349,8.86697387544669,15.9183916832958));
#12380=CARTESIAN_POINT('Ctrl Pts',(2.09704132770606,8.85189628645788,15.5144974516444));
#12381=CARTESIAN_POINT('Ctrl Pts',(3.45548951126043,8.44720299091347,17.1251291850063));
#12382=CARTESIAN_POINT('Ctrl Pts',(3.09726677834055,8.48246376277075,17.1064677617593));
#12383=CARTESIAN_POINT('Ctrl Pts',(2.28139105916435,8.53447763207968,16.7932973064486));
#12384=CARTESIAN_POINT('Ctrl Pts',(1.86973966562005,8.49421733695119,15.9921277655774));
#12385=CARTESIAN_POINT('Ctrl Pts',(1.8448577660332,8.44720296821494,15.5144974516329));
#12386=CARTESIAN_POINT('Ctrl Pts',(3.45548951126765,8.22721478313407,17.1740154545472));
#12387=CARTESIAN_POINT('Ctrl Pts',(3.08684697731087,8.27226274605815,17.1640047959395));
#12388=CARTESIAN_POINT('Ctrl Pts',(2.23081233880403,8.34040930776344,16.850492617057));
#12389=CARTESIAN_POINT('Ctrl Pts',(1.80931904661394,8.28727871225683,16.0060208320001));
#12390=CARTESIAN_POINT('Ctrl Pts',(1.79597150194973,8.22721475415431,15.5144974516307));
#12391=CARTESIAN_POINT('Origin',(2.77215856749726,8.01028432047175,15.5144974519191));
#12392=CARTESIAN_POINT('Origin',(2.77215856974338,8.01028432047175,5.75));
#12393=CARTESIAN_POINT('Origin',(2.77215856974338,8.01028432047175,3.4855025562898));
#12394=CARTESIAN_POINT('Ctrl Pts',(2.77215856824597,9.01028432047175,3.48550255639439));
#12395=CARTESIAN_POINT('Ctrl Pts',(2.77215856823853,9.01028432047175,3.32958653558293));
#12396=CARTESIAN_POINT('Ctrl Pts',(2.89489949527438,9.01028432047175,2.97076739540402));
#12397=CARTESIAN_POINT('Ctrl Pts',(3.24760148498412,9.01028432047175,2.80217161187396));
#12398=CARTESIAN_POINT('Ctrl Pts',(3.45548951269132,9.01028432047175,2.80217161191491));
#12399=CARTESIAN_POINT('Ctrl Pts',(2.54680400064173,9.01028432047175,3.48550255640514));
#12400=CARTESIAN_POINT('Ctrl Pts',(2.55453436150425,9.0101258938959,3.28043066196107));
#12401=CARTESIAN_POINT('Ctrl Pts',(2.72666576442947,9.01031005598336,2.81573762022904));
#12402=CARTESIAN_POINT('Ctrl Pts',(3.18206032111983,9.01007308506348,2.5871241945628));
#12403=CARTESIAN_POINT('Ctrl Pts',(3.45548951273571,9.01028432047175,2.57681704760632));
#12404=CARTESIAN_POINT('Ctrl Pts',(2.09695331392703,8.85200600679566,3.4855025564266));
#12405=CARTESIAN_POINT('Ctrl Pts',(2.11977198950552,8.86331419808911,3.18258188242727));
#12406=CARTESIAN_POINT('Ctrl Pts',(2.39049625238958,8.87913835911631,2.50613167256927));
#12407=CARTESIAN_POINT('Ctrl Pts',(3.05159528362497,8.86708359854635,2.15739126573829));
#12408=CARTESIAN_POINT('Ctrl Pts',(3.45548951282432,8.85200601160425,2.12696636741582));
#12409=CARTESIAN_POINT('Ctrl Pts',(1.84485776679008,8.44720296823054,3.48550255643863));
#12410=CARTESIAN_POINT('Ctrl Pts',(1.86351919074075,8.48246374338556,3.1272798206411));
#12411=CARTESIAN_POINT('Ctrl Pts',(2.17646713289394,8.53453494062527,2.3112506964421));
#12412=CARTESIAN_POINT('Ctrl Pts',(2.9778592007309,8.49421734605408,1.89975271566448));
#12413=CARTESIAN_POINT('Ctrl Pts',(3.45548951287398,8.44720298334975,1.87487081838369));
#12414=CARTESIAN_POINT('Ctrl Pts',(1.79597150270286,8.22721475417422,3.48550255644096));
#12415=CARTESIAN_POINT('Ctrl Pts',(1.80598216080458,8.27226272096638,3.11686002080922));
#12416=CARTESIAN_POINT('Ctrl Pts',(2.11922477971053,8.34047151758889,2.26059961618188));
#12417=CARTESIAN_POINT('Ctrl Pts',(2.96396613321406,8.28727872418055,1.8393320948545));
#12418=CARTESIAN_POINT('Ctrl Pts',(3.45548951288361,8.22721477347729,1.82598455066137));
#12419=CARTESIAN_POINT('',(3.45548951269132,8.22721477379439,1.82598454923442));
#12420=CARTESIAN_POINT('Origin',(3.45548951269132,8.01028432047175,2.80217161191491));
#12421=CARTESIAN_POINT('Ctrl Pts',(3.45548951249904,8.22721477352428,1.82598455067181));
#12422=CARTESIAN_POINT('Ctrl Pts',(2.96396613296227,8.28727872420088,1.83933209498106));
#12423=CARTESIAN_POINT('Ctrl Pts',(2.48125678827562,8.31767460613384,2.08005639285823));
#12424=CARTESIAN_POINT('Ctrl Pts',(2.17209805071429,8.30842915256783,2.46281918316573));
#12425=CARTESIAN_POINT('Ctrl Pts',(1.94022899748281,8.30149506239151,2.74989127597122));
#12426=CARTESIAN_POINT('Ctrl Pts',(1.80598216080998,8.27226272098548,3.11686002081033));
#12427=CARTESIAN_POINT('Ctrl Pts',(1.79597150270808,8.22721475419772,3.48550255644096));
#12428=CARTESIAN_POINT('Origin',(13.2199869431194,8.01028432047175,2.80217161041749));
#12429=CARTESIAN_POINT('',(15.4844844141342,8.22721477347729,1.82598454916395));
#12430=CARTESIAN_POINT('Origin',(15.4844844141342,8.01028432047176,2.80217161041749));
#12431=CARTESIAN_POINT('',(13.2199869431194,8.22721477347729,1.82598454916395));
#12432=CARTESIAN_POINT('Ctrl Pts',(15.4844844139773,9.01028432047176,2.80217160817137));
#12433=CARTESIAN_POINT('Ctrl Pts',(15.6404004345172,9.01028432047176,2.80217160816021));
#12434=CARTESIAN_POINT('Ctrl Pts',(15.9991209183391,9.01028432047175,2.9250292253085));
#12435=CARTESIAN_POINT('Ctrl Pts',(16.1678153548269,9.01028432047176,3.27761452158389));
#12436=CARTESIAN_POINT('Ctrl Pts',(16.1678153547655,9.01028432047176,3.48550254890842));
#12437=CARTESIAN_POINT('Ctrl Pts',(15.4844844139611,9.01028432047176,2.57681704384983));
#12438=CARTESIAN_POINT('Ctrl Pts',(15.6895563071007,9.01012589388412,2.5845474056251));
#12439=CARTESIAN_POINT('Ctrl Pts',(16.1541473689591,9.01021541434355,2.75680516540688));
#12440=CARTESIAN_POINT('Ctrl Pts',(16.3828627664002,9.01007308506086,3.2120733595866));
#12441=CARTESIAN_POINT('Ctrl Pts',(16.3931699141436,9.01028432047176,3.485502548975));
#12442=CARTESIAN_POINT('Ctrl Pts',(15.484484413929,8.85189629125782,2.12705437816552));
#12443=CARTESIAN_POINT('Ctrl Pts',(15.7874050845952,8.86320448370648,2.14987305646805));
#12444=CARTESIAN_POINT('Ctrl Pts',(16.4636768443246,8.87909616531432,2.42069056728621));
#12445=CARTESIAN_POINT('Ctrl Pts',(16.8125076693205,8.86697388623645,3.0816083257525));
#12446=CARTESIAN_POINT('Ctrl Pts',(16.8429325700506,8.85189629847865,3.48550254910789));
#12447=CARTESIAN_POINT('Ctrl Pts',(15.4844844139109,8.44720298329033,1.87487081460901));
#12448=CARTESIAN_POINT('Ctrl Pts',(15.8427071464084,8.4824637623087,1.89353224131117));
#12449=CARTESIAN_POINT('Ctrl Pts',(16.6585828590753,8.53447765139594,2.20670270924014));
#12450=CARTESIAN_POINT('Ctrl Pts',(17.0702342361515,8.49421737174008,3.00787224256617));
#12451=CARTESIAN_POINT('Ctrl Pts',(17.0951161364408,8.44720300596915,3.4855025491824));
#12452=CARTESIAN_POINT('Ctrl Pts',(15.4844844139074,8.22721477340142,1.82598454690097));
#12453=CARTESIAN_POINT('Ctrl Pts',(15.8531269469769,8.27226274535832,1.83599520707271));
#12454=CARTESIAN_POINT('Ctrl Pts',(16.7091615810425,8.34040933309692,2.14950739435638));
#12455=CARTESIAN_POINT('Ctrl Pts',(17.1306548626196,8.28727875743579,2.99397917352998));
#12456=CARTESIAN_POINT('Ctrl Pts',(17.1440024096015,8.22721480235602,3.48550254919684));
#12457=CARTESIAN_POINT('',(17.144002411742,8.22721480283167,3.48550254890842));
#12458=CARTESIAN_POINT('Origin',(16.1678153547655,8.01028432047176,3.48550254890842));
#12459=CARTESIAN_POINT('Ctrl Pts',(17.1440024095859,8.22721480242651,3.48550254861999));
#12460=CARTESIAN_POINT('Ctrl Pts',(17.1306548624297,8.28727875746625,2.99397917315243));
#12461=CARTESIAN_POINT('Ctrl Pts',(16.8898015587077,8.31763908639351,2.51142387102615));
#12462=CARTESIAN_POINT('Ctrl Pts',(16.5070572012255,8.30839870893645,2.20224312938179));
#12463=CARTESIAN_POINT('Ctrl Pts',(16.2199989330016,8.30146842584095,1.97035757305781));
#12464=CARTESIAN_POINT('Ctrl Pts',(15.8531269469753,8.27226274538696,1.83599520708081));
#12465=CARTESIAN_POINT('Ctrl Pts',(15.4844844139074,8.22721477343667,1.8259845469088));
#12466=CARTESIAN_POINT('Origin',(16.1678153570116,8.01028432047176,13.25));
#12467=CARTESIAN_POINT('',(17.1440024118477,8.22721480235602,13.25));
#12468=CARTESIAN_POINT('Origin',(16.9699869431194,9.01028432047176,2.));
#12469=CARTESIAN_POINT('',(3.89199846227812,10.1915052756085,2.26249353947429));
#12470=CARTESIAN_POINT('',(15.0479753543106,10.1915053140096,2.26249354800787));
#12471=CARTESIAN_POINT('Origin',(15.0479753543106,9.82272354390021,3.92201155213888));
#12472=CARTESIAN_POINT('',(16.7074933475319,10.1915053631035,3.92201155213888));
#12473=CARTESIAN_POINT('Origin',(16.9699869431194,9.01028432047176,17.));
#12474=CARTESIAN_POINT('Origin',(9.46998694311944,9.01028432047175,9.5));
#12475=CARTESIAN_POINT('Origin',(3.89199846227812,9.82272350549909,3.9220115436053));
#12476=CARTESIAN_POINT('Origin',(10.419986979584,7.21028432047175,10.4500000072929));
#12477=CARTESIAN_POINT('',(12.119986979584,7.21028432047175,10.4500000072929));
#12478=CARTESIAN_POINT('',(12.119986979584,7.21028432047175,10.4500000072929));
#12479=CARTESIAN_POINT('',(10.419986979584,7.21028432047175,12.1500000072929));
#12480=CARTESIAN_POINT('Origin',(10.419986979584,7.21028432047175,10.4500000072929));
#12481=CARTESIAN_POINT('',(10.419986979584,7.21028432047175,12.1500000072929));
#12482=CARTESIAN_POINT('Origin',(12.119986979584,7.21028432047175,12.1500000072929));
#12483=CARTESIAN_POINT('',(8.51998697958395,7.21028432047175,12.1500000072929));
#12484=CARTESIAN_POINT('',(10.7949869613517,7.21028432047175,12.1500000072929));
#12485=CARTESIAN_POINT('',(8.51998697958395,7.21028432047175,12.1500000072929));
#12486=CARTESIAN_POINT('Origin',(8.51998697958395,7.21028432047175,10.4500000072929));
#12487=CARTESIAN_POINT('',(6.81998697958395,7.21028432047175,10.4500000072929));
#12488=CARTESIAN_POINT('Origin',(8.51998697958395,7.21028432047175,10.4500000072929));
#12489=CARTESIAN_POINT('',(6.81998697958395,7.21028432047175,10.4500000072929));
#12490=CARTESIAN_POINT('Origin',(10.419986979584,7.21028432047175,8.55000000729291));
#12491=CARTESIAN_POINT('',(10.419986979584,7.21028432047175,6.85000000729291));
#12492=CARTESIAN_POINT('',(10.419986979584,7.21028432047175,6.85000000729291));
#12493=CARTESIAN_POINT('',(12.119986979584,7.21028432047175,8.55000000729291));
#12494=CARTESIAN_POINT('Origin',(10.419986979584,7.21028432047175,8.55000000729291));
#12495=CARTESIAN_POINT('',(12.119986979584,7.21028432047175,8.55000000729291));
#12496=CARTESIAN_POINT('Origin',(6.81998697958395,7.21028432047175,6.85000000729291));
#12497=CARTESIAN_POINT('',(8.51998697958395,7.21028432047175,6.85000000729291));
#12498=CARTESIAN_POINT('',(8.51998697958395,7.21028432047175,6.85000000729291));
#12499=CARTESIAN_POINT('',(8.1449869613517,7.21028432047175,6.85000000729291));
#12500=CARTESIAN_POINT('Origin',(8.51998697958395,7.21028432047175,8.55000000729291));
#12501=CARTESIAN_POINT('',(6.81998697958395,7.21028432047175,8.55000000729291));
#12502=CARTESIAN_POINT('',(6.81998697958395,7.21028432047175,8.55000000729291));
#12503=CARTESIAN_POINT('Origin',(8.51998697958395,7.21028432047175,8.55000000729291));
#12504=CARTESIAN_POINT('Origin',(1.96998694311944,8.61980948773455,15.2428632935941));
#12505=CARTESIAN_POINT('',(14.0617974994538,7.21028432047176,15.5560911158343));
#12506=CARTESIAN_POINT('',(5.71998694311944,7.21028432047175,15.5560911158343));
#12507=CARTESIAN_POINT('',(13.5562737537777,9.48514091118613,15.0505674172388));
#12508=CARTESIAN_POINT('Origin',(13.5562737933202,9.15974503929733,5.41371312293584));
#12509=CARTESIAN_POINT('',(15.5260780881254,7.21028432047176,4.90818948100554));
#12510=CARTESIAN_POINT('',(15.0205543755742,9.48514076212373,5.41371312293584));
#12511=CARTESIAN_POINT('Origin',(13.9894873368252,7.21028432047176,4.98049963995003));
#12512=CARTESIAN_POINT('Origin',(9.46998694311944,7.21028432047175,9.5));
#12513=CARTESIAN_POINT('',(15.5260780881254,7.21028432047176,14.0918105335803));
#12514=CARTESIAN_POINT('',(15.5260780881254,7.21028432047176,13.25));
#12515=CARTESIAN_POINT('Origin',(13.9894873368252,7.21028432047176,14.0195003712686));
#12516=CARTESIAN_POINT('',(12.119986979584,7.21028432047175,8.17500000364645));
#12517=CARTESIAN_POINT('',(6.81998697958395,7.21028432047175,10.8250000036465));
#12518=CARTESIAN_POINT('Origin',(15.2128502444146,8.61980945308009,17.));
#12519=CARTESIAN_POINT('',(15.0205543360318,9.48514094006485,13.5862868285672));
#12520=CARTESIAN_POINT('Origin',(13.5562737537777,9.15974521723846,13.5862868285672));
#12521=CARTESIAN_POINT('Origin',(7.39498697958396,1.81028432047175,10.2150000072929));
#12522=CARTESIAN_POINT('',(10.184986979584,5.81028432047176,10.2150000072929));
#12523=CARTESIAN_POINT('',(10.184986979584,1.81028432047175,10.2150000072929));
#12524=CARTESIAN_POINT('',(8.43248697958395,5.81028432047176,10.2150000072929));
#12525=CARTESIAN_POINT('Origin',(10.184986979584,1.81028432047175,8.8350000072929));
#12526=CARTESIAN_POINT('',(10.184986979584,5.81028432047176,11.6250000072929));
#12527=CARTESIAN_POINT('',(10.184986979584,1.81028432047175,11.6250000072929));
#12528=CARTESIAN_POINT('',(10.184986979584,5.81028432047176,9.1675000072929));
#12529=CARTESIAN_POINT('Origin',(8.80498697958396,1.81028432047175,11.6250000072929));
#12530=CARTESIAN_POINT('',(8.75498697958396,5.81028432047176,11.6250000072929));
#12531=CARTESIAN_POINT('',(8.75498697958396,1.81028432047175,11.6250000072929));
#12532=CARTESIAN_POINT('',(9.13748697958395,5.81028432047176,11.6250000072929));
#12533=CARTESIAN_POINT('Origin',(8.75498697958396,1.81028432047175,10.1650000072929));
#12534=CARTESIAN_POINT('',(8.75498697958396,5.81028432047176,9.83250000729291));
#12535=CARTESIAN_POINT('Origin',(9.46998697958396,5.81028432047176,9.5000000072929));
#12536=CARTESIAN_POINT('Origin',(12.119986979584,7.21028432047175,6.85000000729291));
#12537=CARTESIAN_POINT('Origin',(6.81998697958395,7.21028432047175,12.1500000072929));
#12538=CARTESIAN_POINT('Origin',(9.61054779506398,9.01028432047175,7.65623590575869));
#12539=CARTESIAN_POINT('',(9.61054779506398,9.01028432047175,6.54498590575869));
#12540=CARTESIAN_POINT('',(9.61054779506398,9.01028432047175,7.65623590575869));
#12541=CARTESIAN_POINT('',(9.61054779506398,9.01028432047175,7.65623590575869));
#12542=CARTESIAN_POINT('',(9.61054779506398,8.21028432047175,6.54498590575869));
#12543=CARTESIAN_POINT('',(9.61054779506398,9.01028432047175,6.54498590575869));
#12544=CARTESIAN_POINT('',(9.61054779506398,8.21028432047175,7.65623590575869));
#12545=CARTESIAN_POINT('',(9.61054779506398,8.21028432047175,7.65623590575869));
#12546=CARTESIAN_POINT('',(9.61054779506398,9.01028432047175,7.65623590575869));
#12547=CARTESIAN_POINT('Origin',(9.98096446173065,9.01028432047175,7.65623590575869));
#12548=CARTESIAN_POINT('',(9.98096446173065,9.01028432047175,7.65623590575869));
#12549=CARTESIAN_POINT('',(9.98096446173065,9.01028432047175,7.65623590575869));
#12550=CARTESIAN_POINT('',(9.98096446173065,8.21028432047175,7.65623590575869));
#12551=CARTESIAN_POINT('',(9.98096446173065,8.21028432047175,7.65623590575869));
#12552=CARTESIAN_POINT('',(9.98096446173065,9.01028432047175,7.65623590575869));
#12553=CARTESIAN_POINT('Origin',(9.98096446173065,9.01028432047175,8.39706923909202));
#12554=CARTESIAN_POINT('',(9.98096446173065,9.01028432047175,8.39706923909202));
#12555=CARTESIAN_POINT('',(9.98096446173065,9.01028432047175,8.39706923909202));
#12556=CARTESIAN_POINT('',(9.98096446173065,8.21028432047175,8.39706923909202));
#12557=CARTESIAN_POINT('',(9.98096446173065,8.21028432047175,8.39706923909202));
#12558=CARTESIAN_POINT('',(9.98096446173065,9.01028432047175,8.39706923909202));
#12559=CARTESIAN_POINT('Origin',(10.3513811283973,9.01028432047175,8.39706923909202));
#12560=CARTESIAN_POINT('',(10.3513811283973,9.01028432047175,8.39706923909202));
#12561=CARTESIAN_POINT('',(10.3513811283973,9.01028432047175,8.39706923909202));
#12562=CARTESIAN_POINT('',(10.3513811283973,8.21028432047175,8.39706923909202));
#12563=CARTESIAN_POINT('',(10.3513811283973,8.21028432047175,8.39706923909202));
#12564=CARTESIAN_POINT('',(10.3513811283973,9.01028432047175,8.39706923909202));
#12565=CARTESIAN_POINT('Origin',(10.3513811283973,9.01028432047175,8.76748590575869));
#12566=CARTESIAN_POINT('',(10.3513811283973,9.01028432047175,8.76748590575869));
#12567=CARTESIAN_POINT('',(10.3513811283973,9.01028432047175,8.76748590575869));
#12568=CARTESIAN_POINT('',(10.3513811283973,8.21028432047175,8.76748590575869));
#12569=CARTESIAN_POINT('',(10.3513811283973,8.21028432047175,8.76748590575869));
#12570=CARTESIAN_POINT('',(10.3513811283973,9.01028432047175,8.76748590575869));
#12571=CARTESIAN_POINT('Origin',(10.721797795064,9.01028432047175,8.76748590575869));
#12572=CARTESIAN_POINT('',(10.721797795064,9.01028432047175,8.76748590575869));
#12573=CARTESIAN_POINT('',(10.721797795064,9.01028432047175,8.76748590575869));
#12574=CARTESIAN_POINT('',(10.721797795064,8.21028432047175,8.76748590575869));
#12575=CARTESIAN_POINT('',(10.721797795064,8.21028432047175,8.76748590575869));
#12576=CARTESIAN_POINT('',(10.721797795064,9.01028432047175,8.76748590575869));
#12577=CARTESIAN_POINT('Origin',(10.721797795064,9.01028432047175,9.13790257242535));
#12578=CARTESIAN_POINT('',(10.721797795064,9.01028432047175,9.13790257242535));
#12579=CARTESIAN_POINT('',(10.721797795064,9.01028432047175,9.13790257242535));
#12580=CARTESIAN_POINT('',(10.721797795064,8.21028432047175,9.13790257242535));
#12581=CARTESIAN_POINT('',(10.721797795064,8.21028432047175,9.13790257242535));
#12582=CARTESIAN_POINT('',(10.721797795064,9.01028432047175,9.13790257242535));
#12583=CARTESIAN_POINT('Origin',(11.833047795064,9.01028432047175,9.13790257242535));
#12584=CARTESIAN_POINT('',(11.833047795064,9.01028432047175,9.13790257242535));
#12585=CARTESIAN_POINT('',(11.833047795064,9.01028432047175,9.13790257242535));
#12586=CARTESIAN_POINT('',(11.833047795064,8.21028432047175,9.13790257242535));
#12587=CARTESIAN_POINT('',(11.833047795064,8.21028432047175,9.13790257242535));
#12588=CARTESIAN_POINT('',(11.833047795064,9.01028432047175,9.13790257242535));
#12589=CARTESIAN_POINT('Origin',(11.833047795064,9.01028432047175,9.87873590575869));
#12590=CARTESIAN_POINT('',(11.833047795064,9.01028432047175,9.87873590575869));
#12591=CARTESIAN_POINT('',(11.833047795064,9.01028432047175,9.87873590575869));
#12592=CARTESIAN_POINT('',(11.833047795064,8.21028432047175,9.87873590575869));
#12593=CARTESIAN_POINT('',(11.833047795064,8.21028432047175,9.87873590575869));
#12594=CARTESIAN_POINT('',(11.833047795064,9.01028432047175,9.87873590575869));
#12595=CARTESIAN_POINT('Origin',(10.721797795064,9.01028432047175,9.87873590575869));
#12596=CARTESIAN_POINT('',(10.721797795064,9.01028432047175,9.87873590575869));
#12597=CARTESIAN_POINT('',(10.721797795064,9.01028432047175,9.87873590575869));
#12598=CARTESIAN_POINT('',(10.721797795064,8.21028432047175,9.87873590575869));
#12599=CARTESIAN_POINT('',(10.721797795064,8.21028432047175,9.87873590575869));
#12600=CARTESIAN_POINT('',(10.721797795064,9.01028432047175,9.87873590575869));
#12601=CARTESIAN_POINT('Origin',(10.721797795064,9.01028432047175,10.2491525724254));
#12602=CARTESIAN_POINT('',(10.721797795064,9.01028432047175,10.2491525724254));
#12603=CARTESIAN_POINT('',(10.721797795064,9.01028432047175,10.2491525724254));
#12604=CARTESIAN_POINT('',(10.721797795064,8.21028432047175,10.2491525724254));
#12605=CARTESIAN_POINT('',(10.721797795064,8.21028432047175,10.2491525724254));
#12606=CARTESIAN_POINT('',(10.721797795064,9.01028432047175,10.2491525724254));
#12607=CARTESIAN_POINT('Origin',(10.3513811283973,9.01028432047175,10.2491525724254));
#12608=CARTESIAN_POINT('',(10.3513811283973,9.01028432047175,10.2491525724254));
#12609=CARTESIAN_POINT('',(10.3513811283973,9.01028432047175,10.2491525724254));
#12610=CARTESIAN_POINT('',(10.3513811283973,8.21028432047175,10.2491525724254));
#12611=CARTESIAN_POINT('',(10.3513811283973,8.21028432047175,10.2491525724254));
#12612=CARTESIAN_POINT('',(10.3513811283973,9.01028432047175,10.2491525724254));
#12613=CARTESIAN_POINT('Origin',(10.3513811283973,9.01028432047175,10.619569239092));
#12614=CARTESIAN_POINT('',(10.3513811283973,9.01028432047175,10.619569239092));
#12615=CARTESIAN_POINT('',(10.3513811283973,9.01028432047175,10.619569239092));
#12616=CARTESIAN_POINT('',(10.3513811283973,8.21028432047175,10.619569239092));
#12617=CARTESIAN_POINT('',(10.3513811283973,8.21028432047175,10.619569239092));
#12618=CARTESIAN_POINT('',(10.3513811283973,9.01028432047175,10.619569239092));
#12619=CARTESIAN_POINT('Origin',(9.98096446173065,9.01028432047175,10.619569239092));
#12620=CARTESIAN_POINT('',(9.98096446173065,9.01028432047175,10.619569239092));
#12621=CARTESIAN_POINT('',(9.98096446173065,9.01028432047175,10.619569239092));
#12622=CARTESIAN_POINT('',(9.98096446173065,8.21028432047175,10.619569239092));
#12623=CARTESIAN_POINT('',(9.98096446173065,8.21028432047175,10.619569239092));
#12624=CARTESIAN_POINT('',(9.98096446173065,9.01028432047175,10.619569239092));
#12625=CARTESIAN_POINT('Origin',(9.98096446173065,9.01028432047175,10.9899859057587));
#12626=CARTESIAN_POINT('',(9.98096446173065,9.01028432047175,10.9899859057587));
#12627=CARTESIAN_POINT('',(9.98096446173065,9.01028432047175,10.9899859057587));
#12628=CARTESIAN_POINT('',(9.98096446173065,8.21028432047175,10.9899859057587));
#12629=CARTESIAN_POINT('',(9.98096446173065,8.21028432047175,10.9899859057587));
#12630=CARTESIAN_POINT('',(9.98096446173065,9.01028432047175,10.9899859057587));
#12631=CARTESIAN_POINT('Origin',(9.61054779506398,9.01028432047175,10.9899859057587));
#12632=CARTESIAN_POINT('',(9.61054779506398,9.01028432047175,10.9899859057587));
#12633=CARTESIAN_POINT('',(9.61054779506398,9.01028432047175,10.9899859057587));
#12634=CARTESIAN_POINT('',(9.61054779506398,8.21028432047175,10.9899859057587));
#12635=CARTESIAN_POINT('',(9.61054779506398,8.21028432047175,10.9899859057587));
#12636=CARTESIAN_POINT('',(9.61054779506398,9.01028432047175,10.9899859057587));
#12637=CARTESIAN_POINT('Origin',(9.61054779506398,9.01028432047175,12.1012359057587));
#12638=CARTESIAN_POINT('',(9.61054779506398,9.01028432047175,12.1012359057587));
#12639=CARTESIAN_POINT('',(9.61054779506398,9.01028432047175,12.1012359057587));
#12640=CARTESIAN_POINT('',(9.61054779506398,8.21028432047175,12.1012359057587));
#12641=CARTESIAN_POINT('',(9.61054779506398,8.21028432047175,12.1012359057587));
#12642=CARTESIAN_POINT('',(9.61054779506398,9.01028432047175,12.1012359057587));
#12643=CARTESIAN_POINT('Origin',(9.24013112839731,9.01028432047175,12.1012359057587));
#12644=CARTESIAN_POINT('',(9.24013112839731,9.01028432047175,12.1012359057587));
#12645=CARTESIAN_POINT('',(9.24013112839731,9.01028432047175,12.1012359057587));
#12646=CARTESIAN_POINT('',(9.24013112839731,8.21028432047175,12.1012359057587));
#12647=CARTESIAN_POINT('',(9.24013112839731,8.21028432047175,12.1012359057587));
#12648=CARTESIAN_POINT('',(9.24013112839731,9.01028432047175,12.1012359057587));
#12649=CARTESIAN_POINT('Origin',(9.24013112839731,9.01028432047175,12.4716525724254));
#12650=CARTESIAN_POINT('',(9.24013112839731,9.01028432047175,12.4716525724254));
#12651=CARTESIAN_POINT('',(9.24013112839731,9.01028432047175,12.1012359057587));
#12652=CARTESIAN_POINT('',(9.24013112839731,8.21028432047175,12.4716525724254));
#12653=CARTESIAN_POINT('',(9.24013112839731,8.21028432047175,12.1012359057587));
#12654=CARTESIAN_POINT('',(9.24013112839731,9.01028432047175,12.4716525724254));
#12655=CARTESIAN_POINT('Origin',(8.86971446173065,9.01028432047175,12.4716525724254));
#12656=CARTESIAN_POINT('',(8.86971446173065,9.01028432047175,12.4716525724254));
#12657=CARTESIAN_POINT('',(9.24013112839731,9.01028432047175,12.4716525724254));
#12658=CARTESIAN_POINT('',(8.86971446173065,8.21028432047175,12.4716525724254));
#12659=CARTESIAN_POINT('',(9.24013112839731,8.21028432047175,12.4716525724254));
#12660=CARTESIAN_POINT('',(8.86971446173065,9.01028432047175,12.4716525724254));
#12661=CARTESIAN_POINT('Origin',(8.86971446173065,9.01028432047175,12.1012359057587));
#12662=CARTESIAN_POINT('',(8.86971446173065,9.01028432047175,12.1012359057587));
#12663=CARTESIAN_POINT('',(8.86971446173065,9.01028432047175,12.1012359057587));
#12664=CARTESIAN_POINT('',(8.86971446173065,8.21028432047175,12.1012359057587));
#12665=CARTESIAN_POINT('',(8.86971446173065,8.21028432047175,12.1012359057587));
#12666=CARTESIAN_POINT('',(8.86971446173065,9.01028432047175,12.1012359057587));
#12667=CARTESIAN_POINT('Origin',(8.49929779506398,9.01028432047175,12.1012359057587));
#12668=CARTESIAN_POINT('',(8.49929779506398,9.01028432047175,12.1012359057587));
#12669=CARTESIAN_POINT('',(8.86971446173065,9.01028432047175,12.1012359057587));
#12670=CARTESIAN_POINT('',(8.49929779506398,8.21028432047175,12.1012359057587));
#12671=CARTESIAN_POINT('',(8.86971446173065,8.21028432047175,12.1012359057587));
#12672=CARTESIAN_POINT('',(8.49929779506398,9.01028432047175,12.1012359057587));
#12673=CARTESIAN_POINT('Origin',(8.49929779506398,9.01028432047175,10.9899859057587));
#12674=CARTESIAN_POINT('',(8.49929779506398,9.01028432047175,10.9899859057587));
#12675=CARTESIAN_POINT('',(8.49929779506398,9.01028432047175,10.9899859057587));
#12676=CARTESIAN_POINT('',(8.49929779506398,8.21028432047175,10.9899859057587));
#12677=CARTESIAN_POINT('',(8.49929779506398,8.21028432047175,10.9899859057587));
#12678=CARTESIAN_POINT('',(8.49929779506398,9.01028432047175,10.9899859057587));
#12679=CARTESIAN_POINT('Origin',(8.12888112839731,9.01028432047175,10.9899859057587));
#12680=CARTESIAN_POINT('',(8.12888112839731,9.01028432047175,10.9899859057587));
#12681=CARTESIAN_POINT('',(8.49929779506398,9.01028432047175,10.9899859057587));
#12682=CARTESIAN_POINT('',(8.12888112839731,8.21028432047175,10.9899859057587));
#12683=CARTESIAN_POINT('',(8.49929779506398,8.21028432047175,10.9899859057587));
#12684=CARTESIAN_POINT('',(8.12888112839731,9.01028432047175,10.9899859057587));
#12685=CARTESIAN_POINT('Origin',(8.12888112839731,9.01028432047175,10.619569239092));
#12686=CARTESIAN_POINT('',(8.12888112839731,9.01028432047175,10.619569239092));
#12687=CARTESIAN_POINT('',(8.12888112839731,9.01028432047175,10.619569239092));
#12688=CARTESIAN_POINT('',(8.12888112839731,8.21028432047175,10.619569239092));
#12689=CARTESIAN_POINT('',(8.12888112839731,8.21028432047175,10.619569239092));
#12690=CARTESIAN_POINT('',(8.12888112839731,9.01028432047175,10.619569239092));
#12691=CARTESIAN_POINT('Origin',(7.75846446173065,9.01028432047175,10.619569239092));
#12692=CARTESIAN_POINT('',(7.75846446173065,9.01028432047175,10.619569239092));
#12693=CARTESIAN_POINT('',(8.12888112839731,9.01028432047175,10.619569239092));
#12694=CARTESIAN_POINT('',(7.75846446173065,8.21028432047175,10.619569239092));
#12695=CARTESIAN_POINT('',(8.12888112839731,8.21028432047175,10.619569239092));
#12696=CARTESIAN_POINT('',(7.75846446173065,9.01028432047175,10.619569239092));
#12697=CARTESIAN_POINT('Origin',(7.75846446173065,9.01028432047175,10.2491525724254));
#12698=CARTESIAN_POINT('',(7.75846446173065,9.01028432047175,10.2491525724254));
#12699=CARTESIAN_POINT('',(7.75846446173065,9.01028432047175,10.2491525724254));
#12700=CARTESIAN_POINT('',(7.75846446173065,8.21028432047175,10.2491525724254));
#12701=CARTESIAN_POINT('',(7.75846446173065,8.21028432047175,10.2491525724254));
#12702=CARTESIAN_POINT('',(7.75846446173065,9.01028432047175,10.2491525724254));
#12703=CARTESIAN_POINT('Origin',(7.38804779506398,9.01028432047175,10.2491525724254));
#12704=CARTESIAN_POINT('',(7.38804779506398,9.01028432047175,10.2491525724254));
#12705=CARTESIAN_POINT('',(7.75846446173065,9.01028432047175,10.2491525724254));
#12706=CARTESIAN_POINT('',(7.38804779506398,8.21028432047175,10.2491525724254));
#12707=CARTESIAN_POINT('',(7.75846446173065,8.21028432047175,10.2491525724254));
#12708=CARTESIAN_POINT('',(7.38804779506398,9.01028432047175,10.2491525724254));
#12709=CARTESIAN_POINT('Origin',(7.38804779506398,9.01028432047175,9.87873590575869));
#12710=CARTESIAN_POINT('',(7.38804779506398,9.01028432047175,9.87873590575869));
#12711=CARTESIAN_POINT('',(7.38804779506398,9.01028432047175,9.87873590575869));
#12712=CARTESIAN_POINT('',(7.38804779506398,8.21028432047175,9.87873590575869));
#12713=CARTESIAN_POINT('',(7.38804779506398,8.21028432047175,9.87873590575869));
#12714=CARTESIAN_POINT('',(7.38804779506398,9.01028432047175,9.87873590575869));
#12715=CARTESIAN_POINT('Origin',(6.64721446173065,9.01028432047175,9.87873590575869));
#12716=CARTESIAN_POINT('',(6.64721446173065,9.01028432047175,9.87873590575869));
#12717=CARTESIAN_POINT('',(7.01763112839731,9.01028432047175,9.87873590575869));
#12718=CARTESIAN_POINT('',(6.64721446173065,8.21028432047175,9.87873590575869));
#12719=CARTESIAN_POINT('',(7.01763112839731,8.21028432047175,9.87873590575869));
#12720=CARTESIAN_POINT('',(6.64721446173065,9.01028432047175,9.87873590575869));
#12721=CARTESIAN_POINT('Origin',(6.64721446173065,9.01028432047175,9.13790257242535));
#12722=CARTESIAN_POINT('',(6.64721446173065,9.01028432047175,9.13790257242535));
#12723=CARTESIAN_POINT('',(6.64721446173065,9.01028432047175,9.13790257242535));
#12724=CARTESIAN_POINT('',(6.64721446173065,8.21028432047175,9.13790257242535));
#12725=CARTESIAN_POINT('',(6.64721446173065,8.21028432047175,9.13790257242535));
#12726=CARTESIAN_POINT('',(6.64721446173065,9.01028432047175,9.13790257242535));
#12727=CARTESIAN_POINT('Origin',(7.75846446173065,9.01028432047175,9.13790257242535));
#12728=CARTESIAN_POINT('',(7.75846446173065,9.01028432047175,9.13790257242535));
#12729=CARTESIAN_POINT('',(7.75846446173065,9.01028432047175,9.13790257242535));
#12730=CARTESIAN_POINT('',(7.75846446173065,8.21028432047175,9.13790257242535));
#12731=CARTESIAN_POINT('',(7.75846446173065,8.21028432047175,9.13790257242535));
#12732=CARTESIAN_POINT('',(7.75846446173065,9.01028432047175,9.13790257242535));
#12733=CARTESIAN_POINT('Origin',(7.75846446173065,9.01028432047175,8.76748590575869));
#12734=CARTESIAN_POINT('',(7.75846446173065,9.01028432047175,8.76748590575869));
#12735=CARTESIAN_POINT('',(7.75846446173065,9.01028432047175,8.76748590575869));
#12736=CARTESIAN_POINT('',(7.75846446173065,8.21028432047175,8.76748590575869));
#12737=CARTESIAN_POINT('',(7.75846446173065,8.21028432047175,8.76748590575869));
#12738=CARTESIAN_POINT('',(7.75846446173065,9.01028432047175,8.76748590575869));
#12739=CARTESIAN_POINT('Origin',(8.12888112839731,9.01028432047175,8.76748590575869));
#12740=CARTESIAN_POINT('',(8.12888112839731,9.01028432047175,8.76748590575869));
#12741=CARTESIAN_POINT('',(8.12888112839731,9.01028432047175,8.76748590575869));
#12742=CARTESIAN_POINT('',(8.12888112839731,8.21028432047175,8.76748590575869));
#12743=CARTESIAN_POINT('',(8.12888112839731,8.21028432047175,8.76748590575869));
#12744=CARTESIAN_POINT('',(8.12888112839731,9.01028432047175,8.76748590575869));
#12745=CARTESIAN_POINT('Origin',(8.12888112839731,9.01028432047175,8.39706923909202));
#12746=CARTESIAN_POINT('',(8.12888112839731,9.01028432047175,8.39706923909202));
#12747=CARTESIAN_POINT('',(8.12888112839731,9.01028432047175,8.39706923909202));
#12748=CARTESIAN_POINT('',(8.12888112839731,8.21028432047175,8.39706923909202));
#12749=CARTESIAN_POINT('',(8.12888112839731,8.21028432047175,8.39706923909202));
#12750=CARTESIAN_POINT('',(8.12888112839731,9.01028432047175,8.39706923909202));
#12751=CARTESIAN_POINT('Origin',(8.49929779506398,9.01028432047175,8.39706923909202));
#12752=CARTESIAN_POINT('',(8.49929779506398,9.01028432047175,8.39706923909202));
#12753=CARTESIAN_POINT('',(8.49929779506398,9.01028432047175,8.39706923909202));
#12754=CARTESIAN_POINT('',(8.49929779506398,8.21028432047175,8.39706923909202));
#12755=CARTESIAN_POINT('',(8.49929779506398,8.21028432047175,8.39706923909202));
#12756=CARTESIAN_POINT('',(8.49929779506398,9.01028432047175,8.39706923909202));
#12757=CARTESIAN_POINT('Origin',(8.49929779506398,9.01028432047175,7.65623590575869));
#12758=CARTESIAN_POINT('',(8.49929779506398,9.01028432047175,7.65623590575869));
#12759=CARTESIAN_POINT('',(8.49929779506398,9.01028432047175,7.65623590575869));
#12760=CARTESIAN_POINT('',(8.49929779506398,8.21028432047175,7.65623590575869));
#12761=CARTESIAN_POINT('',(8.49929779506398,8.21028432047175,7.65623590575869));
#12762=CARTESIAN_POINT('',(8.49929779506398,9.01028432047175,7.65623590575869));
#12763=CARTESIAN_POINT('Origin',(8.86971446173065,9.01028432047175,7.65623590575869));
#12764=CARTESIAN_POINT('',(8.86971446173065,9.01028432047175,7.65623590575869));
#12765=CARTESIAN_POINT('',(8.86971446173065,9.01028432047175,7.65623590575869));
#12766=CARTESIAN_POINT('',(8.86971446173065,8.21028432047175,7.65623590575869));
#12767=CARTESIAN_POINT('',(8.86971446173065,8.21028432047175,7.65623590575869));
#12768=CARTESIAN_POINT('',(8.86971446173065,9.01028432047175,7.65623590575869));
#12769=CARTESIAN_POINT('Origin',(8.86971446173065,9.01028432047175,6.54498590575869));
#12770=CARTESIAN_POINT('',(8.86971446173065,9.01028432047175,6.54498590575869));
#12771=CARTESIAN_POINT('',(8.86971446173065,9.01028432047175,6.54498590575869));
#12772=CARTESIAN_POINT('',(8.86971446173065,8.21028432047175,6.54498590575869));
#12773=CARTESIAN_POINT('',(8.86971446173065,8.21028432047175,6.54498590575869));
#12774=CARTESIAN_POINT('',(8.86971446173065,9.01028432047175,6.54498590575869));
#12775=CARTESIAN_POINT('Origin',(9.61054779506398,9.01028432047175,6.54498590575869));
#12776=CARTESIAN_POINT('',(9.61054779506398,9.01028432047175,6.54498590575869));
#12777=CARTESIAN_POINT('',(9.61054779506398,8.21028432047175,6.54498590575869));
#12778=CARTESIAN_POINT('Origin',(12.944297795064,9.01028432047175,9.13790257242535));
#12779=CARTESIAN_POINT('',(12.944297795064,9.01028432047175,9.13790257242535));
#12780=CARTESIAN_POINT('',(12.944297795064,9.01028432047175,9.50831923909202));
#12781=CARTESIAN_POINT('',(12.944297795064,9.01028432047175,9.13790257242535));
#12782=CARTESIAN_POINT('',(12.944297795064,8.21028432047175,9.50831923909202));
#12783=CARTESIAN_POINT('',(12.944297795064,9.01028432047175,9.50831923909202));
#12784=CARTESIAN_POINT('',(12.944297795064,8.21028432047175,9.13790257242535));
#12785=CARTESIAN_POINT('',(12.944297795064,8.21028432047175,9.13790257242535));
#12786=CARTESIAN_POINT('',(12.944297795064,9.01028432047175,9.13790257242535));
#12787=CARTESIAN_POINT('Origin',(12.2034644617306,9.01028432047175,9.13790257242535));
#12788=CARTESIAN_POINT('',(12.2034644617306,9.01028432047175,9.13790257242535));
#12789=CARTESIAN_POINT('',(12.944297795064,9.01028432047175,9.13790257242535));
#12790=CARTESIAN_POINT('',(12.2034644617306,8.21028432047175,9.13790257242535));
#12791=CARTESIAN_POINT('',(12.944297795064,8.21028432047175,9.13790257242535));
#12792=CARTESIAN_POINT('',(12.2034644617306,9.01028432047175,9.13790257242535));
#12793=CARTESIAN_POINT('Origin',(12.2034644617306,9.01028432047175,8.76748590575869));
#12794=CARTESIAN_POINT('',(12.2034644617306,9.01028432047175,8.76748590575869));
#12795=CARTESIAN_POINT('',(12.2034644617306,9.01028432047175,8.76748590575869));
#12796=CARTESIAN_POINT('',(12.2034644617306,8.21028432047175,8.76748590575869));
#12797=CARTESIAN_POINT('',(12.2034644617306,8.21028432047175,8.76748590575869));
#12798=CARTESIAN_POINT('',(12.2034644617306,9.01028432047175,8.76748590575869));
#12799=CARTESIAN_POINT('Origin',(11.0922144617306,9.01028432047175,8.76748590575869));
#12800=CARTESIAN_POINT('',(11.0922144617306,9.01028432047175,8.76748590575869));
#12801=CARTESIAN_POINT('',(12.2034644617306,9.01028432047175,8.76748590575869));
#12802=CARTESIAN_POINT('',(11.0922144617306,8.21028432047175,8.76748590575869));
#12803=CARTESIAN_POINT('',(12.2034644617306,8.21028432047175,8.76748590575869));
#12804=CARTESIAN_POINT('',(11.0922144617306,9.01028432047175,8.76748590575869));
#12805=CARTESIAN_POINT('Origin',(11.0922144617306,9.01028432047175,8.02665257242535));
#12806=CARTESIAN_POINT('',(11.0922144617306,9.01028432047175,8.02665257242535));
#12807=CARTESIAN_POINT('',(11.0922144617306,9.01028432047175,8.39706923909202));
#12808=CARTESIAN_POINT('',(11.0922144617306,8.21028432047175,8.02665257242535));
#12809=CARTESIAN_POINT('',(11.0922144617306,8.21028432047175,8.39706923909202));
#12810=CARTESIAN_POINT('',(11.0922144617306,9.01028432047175,8.02665257242535));
#12811=CARTESIAN_POINT('Origin',(10.721797795064,9.01028432047175,8.02665257242535));
#12812=CARTESIAN_POINT('',(10.721797795064,9.01028432047175,8.02665257242535));
#12813=CARTESIAN_POINT('',(11.0922144617306,9.01028432047175,8.02665257242535));
#12814=CARTESIAN_POINT('',(10.721797795064,8.21028432047175,8.02665257242535));
#12815=CARTESIAN_POINT('',(11.0922144617306,8.21028432047175,8.02665257242535));
#12816=CARTESIAN_POINT('',(10.721797795064,9.01028432047175,8.02665257242535));
#12817=CARTESIAN_POINT('Origin',(10.721797795064,9.01028432047175,7.65623590575869));
#12818=CARTESIAN_POINT('',(10.721797795064,9.01028432047175,7.65623590575869));
#12819=CARTESIAN_POINT('',(10.721797795064,9.01028432047175,7.65623590575869));
#12820=CARTESIAN_POINT('',(10.721797795064,8.21028432047175,7.65623590575869));
#12821=CARTESIAN_POINT('',(10.721797795064,8.21028432047175,7.65623590575869));
#12822=CARTESIAN_POINT('',(10.721797795064,9.01028432047175,7.65623590575869));
#12823=CARTESIAN_POINT('Origin',(10.3513811283973,9.01028432047175,7.65623590575869));
#12824=CARTESIAN_POINT('',(10.3513811283973,9.01028432047175,7.65623590575869));
#12825=CARTESIAN_POINT('',(10.721797795064,9.01028432047175,7.65623590575869));
#12826=CARTESIAN_POINT('',(10.3513811283973,8.21028432047175,7.65623590575869));
#12827=CARTESIAN_POINT('',(10.721797795064,8.21028432047175,7.65623590575869));
#12828=CARTESIAN_POINT('',(10.3513811283973,9.01028432047175,7.65623590575869));
#12829=CARTESIAN_POINT('Origin',(10.3513811283973,9.01028432047175,6.54498590575869));
#12830=CARTESIAN_POINT('',(10.3513811283973,9.01028432047175,6.54498590575869));
#12831=CARTESIAN_POINT('',(10.3513811283973,9.01028432047175,7.28581923909202));
#12832=CARTESIAN_POINT('',(10.3513811283973,8.21028432047175,6.54498590575869));
#12833=CARTESIAN_POINT('',(10.3513811283973,8.21028432047175,7.28581923909202));
#12834=CARTESIAN_POINT('',(10.3513811283973,9.01028432047175,6.54498590575869));
#12835=CARTESIAN_POINT('Origin',(9.98096446173065,9.01028432047175,6.54498590575869));
#12836=CARTESIAN_POINT('',(9.98096446173065,9.01028432047175,6.54498590575869));
#12837=CARTESIAN_POINT('',(10.3513811283973,9.01028432047175,6.54498590575869));
#12838=CARTESIAN_POINT('',(9.98096446173065,8.21028432047175,6.54498590575869));
#12839=CARTESIAN_POINT('',(10.3513811283973,8.21028432047175,6.54498590575869));
#12840=CARTESIAN_POINT('',(9.98096446173065,9.01028432047175,6.54498590575869));
#12841=CARTESIAN_POINT('Origin',(9.98096446173065,9.01028432047175,5.80415257242535));
#12842=CARTESIAN_POINT('',(9.98096446173065,9.01028432047175,5.80415257242535));
#12843=CARTESIAN_POINT('',(9.98096446173065,9.01028432047175,6.17456923909202));
#12844=CARTESIAN_POINT('',(9.98096446173065,8.21028432047175,5.80415257242535));
#12845=CARTESIAN_POINT('',(9.98096446173065,8.21028432047175,6.17456923909202));
#12846=CARTESIAN_POINT('',(9.98096446173065,9.01028432047175,5.80415257242535));
#12847=CARTESIAN_POINT('Origin',(9.61054779506398,9.01028432047175,5.80415257242535));
#12848=CARTESIAN_POINT('',(9.61054779506398,9.01028432047175,5.80415257242535));
#12849=CARTESIAN_POINT('',(9.98096446173065,9.01028432047175,5.80415257242535));
#12850=CARTESIAN_POINT('',(9.61054779506398,8.21028432047175,5.80415257242535));
#12851=CARTESIAN_POINT('',(9.98096446173065,8.21028432047175,5.80415257242535));
#12852=CARTESIAN_POINT('',(9.61054779506398,9.01028432047175,5.80415257242535));
#12853=CARTESIAN_POINT('Origin',(9.61054779506398,9.01028432047175,3.21123590575869));
#12854=CARTESIAN_POINT('',(9.61054779506398,9.01028432047175,3.21123590575869));
#12855=CARTESIAN_POINT('',(9.61054779506398,9.01028432047175,5.43373590575869));
#12856=CARTESIAN_POINT('',(9.61054779506398,8.21028432047175,3.21123590575869));
#12857=CARTESIAN_POINT('',(9.61054779506398,8.21028432047175,5.43373590575869));
#12858=CARTESIAN_POINT('',(9.61054779506398,9.01028432047175,3.21123590575869));
#12859=CARTESIAN_POINT('Origin',(9.24013112839731,9.01028432047175,3.21123590575869));
#12860=CARTESIAN_POINT('',(9.24013112839731,9.01028432047175,3.21123590575869));
#12861=CARTESIAN_POINT('',(9.24013112839731,9.01028432047175,3.21123590575869));
#12862=CARTESIAN_POINT('',(9.24013112839731,8.21028432047175,3.21123590575869));
#12863=CARTESIAN_POINT('',(9.24013112839731,8.21028432047175,3.21123590575869));
#12864=CARTESIAN_POINT('',(9.24013112839731,9.01028432047175,3.21123590575869));
#12865=CARTESIAN_POINT('Origin',(9.24013112839731,9.01028432047175,4.32248590575869));
#12866=CARTESIAN_POINT('',(9.24013112839731,9.01028432047175,4.32248590575869));
#12867=CARTESIAN_POINT('',(9.24013112839731,9.01028432047175,3.58165257242535));
#12868=CARTESIAN_POINT('',(9.24013112839731,8.21028432047175,4.32248590575869));
#12869=CARTESIAN_POINT('',(9.24013112839731,8.21028432047175,3.58165257242535));
#12870=CARTESIAN_POINT('',(9.24013112839731,9.01028432047175,4.32248590575869));
#12871=CARTESIAN_POINT('Origin',(8.86971446173065,9.01028432047175,4.32248590575869));
#12872=CARTESIAN_POINT('',(8.86971446173065,9.01028432047175,4.32248590575869));
#12873=CARTESIAN_POINT('',(8.86971446173065,9.01028432047175,4.32248590575869));
#12874=CARTESIAN_POINT('',(8.86971446173065,8.21028432047175,4.32248590575869));
#12875=CARTESIAN_POINT('',(8.86971446173065,8.21028432047175,4.32248590575869));
#12876=CARTESIAN_POINT('',(8.86971446173065,9.01028432047175,4.32248590575869));
#12877=CARTESIAN_POINT('Origin',(8.86971446173065,9.01028432047175,5.80415257242535));
#12878=CARTESIAN_POINT('',(8.86971446173065,9.01028432047175,5.80415257242535));
#12879=CARTESIAN_POINT('',(8.86971446173065,9.01028432047175,4.69290257242535));
#12880=CARTESIAN_POINT('',(8.86971446173065,8.21028432047175,5.80415257242535));
#12881=CARTESIAN_POINT('',(8.86971446173065,8.21028432047175,4.69290257242535));
#12882=CARTESIAN_POINT('',(8.86971446173065,9.01028432047175,5.80415257242535));
#12883=CARTESIAN_POINT('Origin',(8.49929779506398,9.01028432047175,5.80415257242535));
#12884=CARTESIAN_POINT('',(8.49929779506398,9.01028432047175,5.80415257242535));
#12885=CARTESIAN_POINT('',(8.49929779506398,9.01028432047175,5.80415257242535));
#12886=CARTESIAN_POINT('',(8.49929779506398,8.21028432047175,5.80415257242535));
#12887=CARTESIAN_POINT('',(8.49929779506398,8.21028432047175,5.80415257242535));
#12888=CARTESIAN_POINT('',(8.49929779506398,9.01028432047175,5.80415257242535));
#12889=CARTESIAN_POINT('Origin',(8.49929779506398,9.01028432047175,6.91540257242535));
#12890=CARTESIAN_POINT('',(8.49929779506398,9.01028432047175,6.91540257242535));
#12891=CARTESIAN_POINT('',(8.49929779506398,9.01028432047175,6.17456923909202));
#12892=CARTESIAN_POINT('',(8.49929779506398,8.21028432047175,6.91540257242535));
#12893=CARTESIAN_POINT('',(8.49929779506398,8.21028432047175,6.17456923909202));
#12894=CARTESIAN_POINT('',(8.49929779506398,9.01028432047175,6.91540257242535));
#12895=CARTESIAN_POINT('Origin',(8.12888112839731,9.01028432047175,6.91540257242535));
#12896=CARTESIAN_POINT('',(8.12888112839731,9.01028432047175,6.91540257242535));
#12897=CARTESIAN_POINT('',(8.12888112839731,9.01028432047175,6.91540257242535));
#12898=CARTESIAN_POINT('',(8.12888112839731,8.21028432047175,6.91540257242535));
#12899=CARTESIAN_POINT('',(8.12888112839731,8.21028432047175,6.91540257242535));
#12900=CARTESIAN_POINT('',(8.12888112839731,9.01028432047175,6.91540257242535));
#12901=CARTESIAN_POINT('Origin',(8.12888112839731,9.01028432047175,7.28581923909202));
#12902=CARTESIAN_POINT('',(8.12888112839731,9.01028432047175,7.28581923909202));
#12903=CARTESIAN_POINT('',(8.12888112839731,9.01028432047175,7.28581923909202));
#12904=CARTESIAN_POINT('',(8.12888112839731,8.21028432047175,7.28581923909202));
#12905=CARTESIAN_POINT('',(8.12888112839731,8.21028432047175,7.28581923909202));
#12906=CARTESIAN_POINT('',(8.12888112839731,9.01028432047175,7.28581923909202));
#12907=CARTESIAN_POINT('Origin',(7.75846446173065,9.01028432047175,7.28581923909202));
#12908=CARTESIAN_POINT('',(7.75846446173065,9.01028432047175,7.28581923909202));
#12909=CARTESIAN_POINT('',(7.75846446173065,9.01028432047175,7.28581923909202));
#12910=CARTESIAN_POINT('',(7.75846446173065,8.21028432047175,7.28581923909202));
#12911=CARTESIAN_POINT('',(7.75846446173065,8.21028432047175,7.28581923909202));
#12912=CARTESIAN_POINT('',(7.75846446173065,9.01028432047175,7.28581923909202));
#12913=CARTESIAN_POINT('Origin',(7.75846446173065,9.01028432047175,8.02665257242535));
#12914=CARTESIAN_POINT('',(7.75846446173065,9.01028432047175,8.02665257242535));
#12915=CARTESIAN_POINT('',(7.75846446173065,9.01028432047175,7.65623590575869));
#12916=CARTESIAN_POINT('',(7.75846446173065,8.21028432047175,8.02665257242535));
#12917=CARTESIAN_POINT('',(7.75846446173065,8.21028432047175,7.65623590575869));
#12918=CARTESIAN_POINT('',(7.75846446173065,9.01028432047175,8.02665257242535));
#12919=CARTESIAN_POINT('Origin',(7.38804779506398,9.01028432047175,8.02665257242535));
#12920=CARTESIAN_POINT('',(7.38804779506398,9.01028432047175,8.02665257242535));
#12921=CARTESIAN_POINT('',(7.38804779506398,9.01028432047175,8.02665257242535));
#12922=CARTESIAN_POINT('',(7.38804779506398,8.21028432047175,8.02665257242535));
#12923=CARTESIAN_POINT('',(7.38804779506398,8.21028432047175,8.02665257242535));
#12924=CARTESIAN_POINT('',(7.38804779506398,9.01028432047175,8.02665257242535));
#12925=CARTESIAN_POINT('Origin',(7.38804779506398,9.01028432047175,8.39706923909202));
#12926=CARTESIAN_POINT('',(7.38804779506398,9.01028432047175,8.39706923909202));
#12927=CARTESIAN_POINT('',(7.38804779506398,9.01028432047175,8.39706923909202));
#12928=CARTESIAN_POINT('',(7.38804779506398,8.21028432047175,8.39706923909202));
#12929=CARTESIAN_POINT('',(7.38804779506398,8.21028432047175,8.39706923909202));
#12930=CARTESIAN_POINT('',(7.38804779506398,9.01028432047175,8.39706923909202));
#12931=CARTESIAN_POINT('Origin',(7.01763112839731,9.01028432047175,8.39706923909202));
#12932=CARTESIAN_POINT('',(7.01763112839731,9.01028432047175,8.39706923909202));
#12933=CARTESIAN_POINT('',(7.01763112839731,9.01028432047175,8.39706923909202));
#12934=CARTESIAN_POINT('',(7.01763112839731,8.21028432047175,8.39706923909202));
#12935=CARTESIAN_POINT('',(7.01763112839731,8.21028432047175,8.39706923909202));
#12936=CARTESIAN_POINT('',(7.01763112839731,9.01028432047175,8.39706923909202));
#12937=CARTESIAN_POINT('Origin',(7.01763112839731,9.01028432047175,8.76748590575869));
#12938=CARTESIAN_POINT('',(7.01763112839731,9.01028432047175,8.76748590575869));
#12939=CARTESIAN_POINT('',(7.01763112839731,9.01028432047175,8.76748590575869));
#12940=CARTESIAN_POINT('',(7.01763112839731,8.21028432047175,8.76748590575869));
#12941=CARTESIAN_POINT('',(7.01763112839731,8.21028432047175,8.76748590575869));
#12942=CARTESIAN_POINT('',(7.01763112839731,9.01028432047175,8.76748590575869));
#12943=CARTESIAN_POINT('Origin',(6.27679779506398,9.01028432047175,8.76748590575869));
#12944=CARTESIAN_POINT('',(6.27679779506398,9.01028432047175,8.76748590575869));
#12945=CARTESIAN_POINT('',(6.64721446173065,9.01028432047175,8.76748590575869));
#12946=CARTESIAN_POINT('',(6.27679779506398,8.21028432047175,8.76748590575869));
#12947=CARTESIAN_POINT('',(6.64721446173065,8.21028432047175,8.76748590575869));
#12948=CARTESIAN_POINT('',(6.27679779506398,9.01028432047175,8.76748590575869));
#12949=CARTESIAN_POINT('Origin',(6.27679779506398,9.01028432047175,9.13790257242535));
#12950=CARTESIAN_POINT('',(6.27679779506398,9.01028432047175,9.13790257242535));
#12951=CARTESIAN_POINT('',(6.27679779506398,9.01028432047175,9.13790257242535));
#12952=CARTESIAN_POINT('',(6.27679779506398,8.21028432047175,9.13790257242535));
#12953=CARTESIAN_POINT('',(6.27679779506398,8.21028432047175,9.13790257242535));
#12954=CARTESIAN_POINT('',(6.27679779506398,9.01028432047175,9.13790257242535));
#12955=CARTESIAN_POINT('Origin',(5.16554779506398,9.01028432047175,9.13790257242535));
#12956=CARTESIAN_POINT('',(5.16554779506398,9.01028432047175,9.13790257242535));
#12957=CARTESIAN_POINT('',(5.90638112839731,9.01028432047175,9.13790257242535));
#12958=CARTESIAN_POINT('',(5.16554779506398,8.21028432047175,9.13790257242535));
#12959=CARTESIAN_POINT('',(5.90638112839731,8.21028432047175,9.13790257242535));
#12960=CARTESIAN_POINT('',(5.16554779506398,9.01028432047175,9.13790257242535));
#12961=CARTESIAN_POINT('Origin',(5.16554779506398,9.01028432047175,9.50831923909202));
#12962=CARTESIAN_POINT('',(5.16554779506398,9.01028432047175,9.50831923909202));
#12963=CARTESIAN_POINT('',(5.16554779506398,9.01028432047175,9.50831923909202));
#12964=CARTESIAN_POINT('',(5.16554779506398,8.21028432047175,9.50831923909202));
#12965=CARTESIAN_POINT('',(5.16554779506398,8.21028432047175,9.50831923909202));
#12966=CARTESIAN_POINT('',(5.16554779506398,9.01028432047175,9.50831923909202));
#12967=CARTESIAN_POINT('Origin',(4.42471446173065,9.01028432047175,9.50831923909202));
#12968=CARTESIAN_POINT('',(4.42471446173065,9.01028432047175,9.50831923909202));
#12969=CARTESIAN_POINT('',(4.79513112839731,9.01028432047175,9.50831923909202));
#12970=CARTESIAN_POINT('',(4.42471446173065,8.21028432047175,9.50831923909202));
#12971=CARTESIAN_POINT('',(4.79513112839731,8.21028432047175,9.50831923909202));
#12972=CARTESIAN_POINT('',(4.42471446173065,9.01028432047175,9.50831923909202));
#12973=CARTESIAN_POINT('Origin',(4.42471446173065,9.01028432047175,9.87873590575869));
#12974=CARTESIAN_POINT('',(4.42471446173065,9.01028432047175,9.87873590575869));
#12975=CARTESIAN_POINT('',(4.42471446173065,9.01028432047175,9.87873590575869));
#12976=CARTESIAN_POINT('',(4.42471446173065,8.21028432047175,9.87873590575869));
#12977=CARTESIAN_POINT('',(4.42471446173065,8.21028432047175,9.87873590575869));
#12978=CARTESIAN_POINT('',(4.42471446173065,9.01028432047175,9.87873590575869));
#12979=CARTESIAN_POINT('Origin',(6.27679779506398,9.01028432047175,9.87873590575869));
#12980=CARTESIAN_POINT('',(6.27679779506398,9.01028432047175,9.87873590575869));
#12981=CARTESIAN_POINT('',(4.79513112839731,9.01028432047175,9.87873590575869));
#12982=CARTESIAN_POINT('',(6.27679779506398,8.21028432047175,9.87873590575869));
#12983=CARTESIAN_POINT('',(4.79513112839731,8.21028432047175,9.87873590575869));
#12984=CARTESIAN_POINT('',(6.27679779506398,9.01028432047175,9.87873590575869));
#12985=CARTESIAN_POINT('Origin',(6.27679779506398,9.01028432047175,10.2491525724254));
#12986=CARTESIAN_POINT('',(6.27679779506398,9.01028432047175,10.2491525724254));
#12987=CARTESIAN_POINT('',(6.27679779506398,9.01028432047175,10.2491525724254));
#12988=CARTESIAN_POINT('',(6.27679779506398,8.21028432047175,10.2491525724254));
#12989=CARTESIAN_POINT('',(6.27679779506398,8.21028432047175,10.2491525724254));
#12990=CARTESIAN_POINT('',(6.27679779506398,9.01028432047175,10.2491525724254));
#12991=CARTESIAN_POINT('Origin',(6.64721446173065,9.01028432047175,10.2491525724254));
#12992=CARTESIAN_POINT('',(6.64721446173065,9.01028432047175,10.2491525724254));
#12993=CARTESIAN_POINT('',(6.64721446173065,9.01028432047175,10.2491525724254));
#12994=CARTESIAN_POINT('',(6.64721446173065,8.21028432047175,10.2491525724254));
#12995=CARTESIAN_POINT('',(6.64721446173065,8.21028432047175,10.2491525724254));
#12996=CARTESIAN_POINT('',(6.64721446173065,9.01028432047175,10.2491525724254));
#12997=CARTESIAN_POINT('Origin',(6.64721446173065,9.01028432047175,10.619569239092));
#12998=CARTESIAN_POINT('',(6.64721446173065,9.01028432047175,10.619569239092));
#12999=CARTESIAN_POINT('',(6.64721446173065,9.01028432047175,10.619569239092));
#13000=CARTESIAN_POINT('',(6.64721446173065,8.21028432047175,10.619569239092));
#13001=CARTESIAN_POINT('',(6.64721446173065,8.21028432047175,10.619569239092));
#13002=CARTESIAN_POINT('',(6.64721446173065,9.01028432047175,10.619569239092));
#13003=CARTESIAN_POINT('Origin',(7.01763112839731,9.01028432047175,10.619569239092));
#13004=CARTESIAN_POINT('',(7.01763112839731,9.01028432047175,10.619569239092));
#13005=CARTESIAN_POINT('',(7.01763112839731,9.01028432047175,10.619569239092));
#13006=CARTESIAN_POINT('',(7.01763112839731,8.21028432047175,10.619569239092));
#13007=CARTESIAN_POINT('',(7.01763112839731,8.21028432047175,10.619569239092));
#13008=CARTESIAN_POINT('',(7.01763112839731,9.01028432047175,10.619569239092));
#13009=CARTESIAN_POINT('Origin',(7.01763112839731,9.01028432047175,10.9899859057587));
#13010=CARTESIAN_POINT('',(7.01763112839731,9.01028432047175,10.9899859057587));
#13011=CARTESIAN_POINT('',(7.01763112839731,9.01028432047175,10.9899859057587));
#13012=CARTESIAN_POINT('',(7.01763112839731,8.21028432047175,10.9899859057587));
#13013=CARTESIAN_POINT('',(7.01763112839731,8.21028432047175,10.9899859057587));
#13014=CARTESIAN_POINT('',(7.01763112839731,9.01028432047175,10.9899859057587));
#13015=CARTESIAN_POINT('Origin',(7.38804779506398,9.01028432047175,10.9899859057587));
#13016=CARTESIAN_POINT('',(7.38804779506398,9.01028432047175,10.9899859057587));
#13017=CARTESIAN_POINT('',(7.38804779506398,9.01028432047175,10.9899859057587));
#13018=CARTESIAN_POINT('',(7.38804779506398,8.21028432047175,10.9899859057587));
#13019=CARTESIAN_POINT('',(7.38804779506398,8.21028432047175,10.9899859057587));
#13020=CARTESIAN_POINT('',(7.38804779506398,9.01028432047175,10.9899859057587));
#13021=CARTESIAN_POINT('Origin',(7.38804779506398,9.01028432047175,11.3604025724254));
#13022=CARTESIAN_POINT('',(7.38804779506398,9.01028432047175,11.3604025724254));
#13023=CARTESIAN_POINT('',(7.38804779506398,9.01028432047175,11.3604025724254));
#13024=CARTESIAN_POINT('',(7.38804779506398,8.21028432047175,11.3604025724254));
#13025=CARTESIAN_POINT('',(7.38804779506398,8.21028432047175,11.3604025724254));
#13026=CARTESIAN_POINT('',(7.38804779506398,9.01028432047175,11.3604025724254));
#13027=CARTESIAN_POINT('Origin',(7.75846446173065,9.01028432047175,11.3604025724254));
#13028=CARTESIAN_POINT('',(7.75846446173065,9.01028432047175,11.3604025724254));
#13029=CARTESIAN_POINT('',(7.75846446173065,9.01028432047175,11.3604025724254));
#13030=CARTESIAN_POINT('',(7.75846446173065,8.21028432047175,11.3604025724254));
#13031=CARTESIAN_POINT('',(7.75846446173065,8.21028432047175,11.3604025724254));
#13032=CARTESIAN_POINT('',(7.75846446173065,9.01028432047175,11.3604025724254));
#13033=CARTESIAN_POINT('Origin',(7.75846446173065,9.01028432047175,12.1012359057587));
#13034=CARTESIAN_POINT('',(7.75846446173065,9.01028432047175,12.1012359057587));
#13035=CARTESIAN_POINT('',(7.75846446173065,9.01028432047175,11.730819239092));
#13036=CARTESIAN_POINT('',(7.75846446173065,8.21028432047175,12.1012359057587));
#13037=CARTESIAN_POINT('',(7.75846446173065,8.21028432047175,11.730819239092));
#13038=CARTESIAN_POINT('',(7.75846446173065,9.01028432047175,12.1012359057587));
#13039=CARTESIAN_POINT('Origin',(8.12888112839731,9.01028432047175,12.1012359057587));
#13040=CARTESIAN_POINT('',(8.12888112839731,9.01028432047175,12.1012359057587));
#13041=CARTESIAN_POINT('',(8.12888112839731,9.01028432047175,12.1012359057587));
#13042=CARTESIAN_POINT('',(8.12888112839731,8.21028432047175,12.1012359057587));
#13043=CARTESIAN_POINT('',(8.12888112839731,8.21028432047175,12.1012359057587));
#13044=CARTESIAN_POINT('',(8.12888112839731,9.01028432047175,12.1012359057587));
#13045=CARTESIAN_POINT('Origin',(8.12888112839731,9.01028432047175,12.4716525724254));
#13046=CARTESIAN_POINT('',(8.12888112839731,9.01028432047175,12.4716525724254));
#13047=CARTESIAN_POINT('',(8.12888112839731,9.01028432047175,12.4716525724254));
#13048=CARTESIAN_POINT('',(8.12888112839731,8.21028432047175,12.4716525724254));
#13049=CARTESIAN_POINT('',(8.12888112839731,8.21028432047175,12.4716525724254));
#13050=CARTESIAN_POINT('',(8.12888112839731,9.01028432047175,12.4716525724254));
#13051=CARTESIAN_POINT('Origin',(8.49929779506398,9.01028432047175,12.4716525724254));
#13052=CARTESIAN_POINT('',(8.49929779506398,9.01028432047175,12.4716525724254));
#13053=CARTESIAN_POINT('',(8.49929779506398,9.01028432047175,12.4716525724254));
#13054=CARTESIAN_POINT('',(8.49929779506398,8.21028432047175,12.4716525724254));
#13055=CARTESIAN_POINT('',(8.49929779506398,8.21028432047175,12.4716525724254));
#13056=CARTESIAN_POINT('',(8.49929779506398,9.01028432047175,12.4716525724254));
#13057=CARTESIAN_POINT('Origin',(8.49929779506398,9.01028432047175,13.5829025724254));
#13058=CARTESIAN_POINT('',(8.49929779506398,9.01028432047175,13.5829025724254));
#13059=CARTESIAN_POINT('',(8.49929779506398,9.01028432047175,12.842069239092));
#13060=CARTESIAN_POINT('',(8.49929779506398,8.21028432047175,13.5829025724254));
#13061=CARTESIAN_POINT('',(8.49929779506398,8.21028432047175,12.842069239092));
#13062=CARTESIAN_POINT('',(8.49929779506398,9.01028432047175,13.5829025724254));
#13063=CARTESIAN_POINT('Origin',(8.86971446173065,9.01028432047175,13.5829025724254));
#13064=CARTESIAN_POINT('',(8.86971446173065,9.01028432047175,13.5829025724254));
#13065=CARTESIAN_POINT('',(8.86971446173065,9.01028432047175,13.5829025724254));
#13066=CARTESIAN_POINT('',(8.86971446173065,8.21028432047175,13.5829025724254));
#13067=CARTESIAN_POINT('',(8.86971446173065,8.21028432047175,13.5829025724254));
#13068=CARTESIAN_POINT('',(8.86971446173065,9.01028432047175,13.5829025724254));
#13069=CARTESIAN_POINT('Origin',(8.86971446173065,9.01028432047175,15.8054025724254));
#13070=CARTESIAN_POINT('',(8.86971446173065,9.01028432047175,15.8054025724254));
#13071=CARTESIAN_POINT('',(8.86971446173065,9.01028432047175,13.953319239092));
#13072=CARTESIAN_POINT('',(8.86971446173065,8.21028432047175,15.8054025724254));
#13073=CARTESIAN_POINT('',(8.86971446173065,8.21028432047175,13.953319239092));
#13074=CARTESIAN_POINT('',(8.86971446173065,9.01028432047175,15.8054025724254));
#13075=CARTESIAN_POINT('Origin',(9.24013112839731,9.01028432047175,15.8054025724254));
#13076=CARTESIAN_POINT('',(9.24013112839731,9.01028432047175,15.8054025724254));
#13077=CARTESIAN_POINT('',(9.24013112839731,9.01028432047175,15.8054025724254));
#13078=CARTESIAN_POINT('',(9.24013112839731,8.21028432047175,15.8054025724254));
#13079=CARTESIAN_POINT('',(9.24013112839731,8.21028432047175,15.8054025724254));
#13080=CARTESIAN_POINT('',(9.24013112839731,9.01028432047175,15.8054025724254));
#13081=CARTESIAN_POINT('Origin',(9.24013112839731,9.01028432047175,14.6941525724254));
#13082=CARTESIAN_POINT('',(9.24013112839731,9.01028432047175,14.6941525724254));
#13083=CARTESIAN_POINT('',(9.24013112839731,9.01028432047175,15.4349859057587));
#13084=CARTESIAN_POINT('',(9.24013112839731,8.21028432047175,14.6941525724254));
#13085=CARTESIAN_POINT('',(9.24013112839731,8.21028432047175,15.4349859057587));
#13086=CARTESIAN_POINT('',(9.24013112839731,9.01028432047175,14.6941525724254));
#13087=CARTESIAN_POINT('Origin',(9.61054779506398,9.01028432047175,14.6941525724254));
#13088=CARTESIAN_POINT('',(9.61054779506398,9.01028432047175,14.6941525724254));
#13089=CARTESIAN_POINT('',(9.61054779506398,9.01028432047175,14.6941525724254));
#13090=CARTESIAN_POINT('',(9.61054779506398,8.21028432047175,14.6941525724254));
#13091=CARTESIAN_POINT('',(9.61054779506398,8.21028432047175,14.6941525724254));
#13092=CARTESIAN_POINT('',(9.61054779506398,9.01028432047175,14.6941525724254));
#13093=CARTESIAN_POINT('Origin',(9.61054779506398,9.01028432047175,12.842069239092));
#13094=CARTESIAN_POINT('',(9.61054779506398,9.01028432047175,12.842069239092));
#13095=CARTESIAN_POINT('',(9.61054779506398,9.01028432047175,14.3237359057587));
#13096=CARTESIAN_POINT('',(9.61054779506398,8.21028432047175,12.842069239092));
#13097=CARTESIAN_POINT('',(9.61054779506398,8.21028432047175,14.3237359057587));
#13098=CARTESIAN_POINT('',(9.61054779506398,9.01028432047175,12.842069239092));
#13099=CARTESIAN_POINT('Origin',(9.98096446173065,9.01028432047175,12.842069239092));
#13100=CARTESIAN_POINT('',(9.98096446173065,9.01028432047175,12.842069239092));
#13101=CARTESIAN_POINT('',(9.98096446173065,9.01028432047175,12.842069239092));
#13102=CARTESIAN_POINT('',(9.98096446173065,8.21028432047175,12.842069239092));
#13103=CARTESIAN_POINT('',(9.98096446173065,8.21028432047175,12.842069239092));
#13104=CARTESIAN_POINT('',(9.98096446173065,9.01028432047175,12.842069239092));
#13105=CARTESIAN_POINT('Origin',(9.98096446173065,9.01028432047175,12.1012359057587));
#13106=CARTESIAN_POINT('',(9.98096446173065,9.01028432047175,12.1012359057587));
#13107=CARTESIAN_POINT('',(9.98096446173065,9.01028432047175,12.4716525724254));
#13108=CARTESIAN_POINT('',(9.98096446173065,8.21028432047175,12.1012359057587));
#13109=CARTESIAN_POINT('',(9.98096446173065,8.21028432047175,12.4716525724254));
#13110=CARTESIAN_POINT('',(9.98096446173065,9.01028432047175,12.1012359057587));
#13111=CARTESIAN_POINT('Origin',(10.3513811283973,9.01028432047175,12.1012359057587));
#13112=CARTESIAN_POINT('',(10.3513811283973,9.01028432047175,12.1012359057587));
#13113=CARTESIAN_POINT('',(10.3513811283973,9.01028432047175,12.1012359057587));
#13114=CARTESIAN_POINT('',(10.3513811283973,8.21028432047175,12.1012359057587));
#13115=CARTESIAN_POINT('',(10.3513811283973,8.21028432047175,12.1012359057587));
#13116=CARTESIAN_POINT('',(10.3513811283973,9.01028432047175,12.1012359057587));
#13117=CARTESIAN_POINT('Origin',(10.3513811283973,9.01028432047175,11.730819239092));
#13118=CARTESIAN_POINT('',(10.3513811283973,9.01028432047175,11.730819239092));
#13119=CARTESIAN_POINT('',(10.3513811283973,9.01028432047175,11.730819239092));
#13120=CARTESIAN_POINT('',(10.3513811283973,8.21028432047175,11.730819239092));
#13121=CARTESIAN_POINT('',(10.3513811283973,8.21028432047175,11.730819239092));
#13122=CARTESIAN_POINT('',(10.3513811283973,9.01028432047175,11.730819239092));
#13123=CARTESIAN_POINT('Origin',(10.721797795064,9.01028432047175,11.730819239092));
#13124=CARTESIAN_POINT('',(10.721797795064,9.01028432047175,11.730819239092));
#13125=CARTESIAN_POINT('',(10.721797795064,9.01028432047175,11.730819239092));
#13126=CARTESIAN_POINT('',(10.721797795064,8.21028432047175,11.730819239092));
#13127=CARTESIAN_POINT('',(10.721797795064,8.21028432047175,11.730819239092));
#13128=CARTESIAN_POINT('',(10.721797795064,9.01028432047175,11.730819239092));
#13129=CARTESIAN_POINT('Origin',(10.721797795064,9.01028432047175,10.9899859057587));
#13130=CARTESIAN_POINT('',(10.721797795064,9.01028432047175,10.9899859057587));
#13131=CARTESIAN_POINT('',(10.721797795064,9.01028432047175,11.3604025724254));
#13132=CARTESIAN_POINT('',(10.721797795064,8.21028432047175,10.9899859057587));
#13133=CARTESIAN_POINT('',(10.721797795064,8.21028432047175,11.3604025724254));
#13134=CARTESIAN_POINT('',(10.721797795064,9.01028432047175,10.9899859057587));
#13135=CARTESIAN_POINT('Origin',(11.0922144617306,9.01028432047175,10.9899859057587));
#13136=CARTESIAN_POINT('',(11.0922144617306,9.01028432047175,10.9899859057587));
#13137=CARTESIAN_POINT('',(11.0922144617306,9.01028432047175,10.9899859057587));
#13138=CARTESIAN_POINT('',(11.0922144617306,8.21028432047175,10.9899859057587));
#13139=CARTESIAN_POINT('',(11.0922144617306,8.21028432047175,10.9899859057587));
#13140=CARTESIAN_POINT('',(11.0922144617306,9.01028432047175,10.9899859057587));
#13141=CARTESIAN_POINT('Origin',(11.0922144617306,9.01028432047175,10.619569239092));
#13142=CARTESIAN_POINT('',(11.0922144617306,9.01028432047175,10.619569239092));
#13143=CARTESIAN_POINT('',(11.0922144617306,9.01028432047175,10.619569239092));
#13144=CARTESIAN_POINT('',(11.0922144617306,8.21028432047175,10.619569239092));
#13145=CARTESIAN_POINT('',(11.0922144617306,8.21028432047175,10.619569239092));
#13146=CARTESIAN_POINT('',(11.0922144617306,9.01028432047175,10.619569239092));
#13147=CARTESIAN_POINT('Origin',(11.833047795064,9.01028432047175,10.619569239092));
#13148=CARTESIAN_POINT('',(11.833047795064,9.01028432047175,10.619569239092));
#13149=CARTESIAN_POINT('',(11.4626311283973,9.01028432047175,10.619569239092));
#13150=CARTESIAN_POINT('',(11.833047795064,8.21028432047175,10.619569239092));
#13151=CARTESIAN_POINT('',(11.4626311283973,8.21028432047175,10.619569239092));
#13152=CARTESIAN_POINT('',(11.833047795064,9.01028432047175,10.619569239092));
#13153=CARTESIAN_POINT('Origin',(11.833047795064,9.01028432047175,10.2491525724254));
#13154=CARTESIAN_POINT('',(11.833047795064,9.01028432047175,10.2491525724254));
#13155=CARTESIAN_POINT('',(11.833047795064,9.01028432047175,10.2491525724254));
#13156=CARTESIAN_POINT('',(11.833047795064,8.21028432047175,10.2491525724254));
#13157=CARTESIAN_POINT('',(11.833047795064,8.21028432047175,10.2491525724254));
#13158=CARTESIAN_POINT('',(11.833047795064,9.01028432047175,10.2491525724254));
#13159=CARTESIAN_POINT('Origin',(12.5738811283973,9.01028432047175,10.2491525724254));
#13160=CARTESIAN_POINT('',(12.5738811283973,9.01028432047175,10.2491525724254));
#13161=CARTESIAN_POINT('',(12.2034644617306,9.01028432047175,10.2491525724254));
#13162=CARTESIAN_POINT('',(12.5738811283973,8.21028432047175,10.2491525724254));
#13163=CARTESIAN_POINT('',(12.2034644617306,8.21028432047175,10.2491525724254));
#13164=CARTESIAN_POINT('',(12.5738811283973,9.01028432047175,10.2491525724254));
#13165=CARTESIAN_POINT('Origin',(12.5738811283973,9.01028432047175,9.87873590575869));
#13166=CARTESIAN_POINT('',(12.5738811283973,9.01028432047175,9.87873590575869));
#13167=CARTESIAN_POINT('',(12.5738811283973,9.01028432047175,9.87873590575869));
#13168=CARTESIAN_POINT('',(12.5738811283973,8.21028432047175,9.87873590575869));
#13169=CARTESIAN_POINT('',(12.5738811283973,8.21028432047175,9.87873590575869));
#13170=CARTESIAN_POINT('',(12.5738811283973,9.01028432047175,9.87873590575869));
#13171=CARTESIAN_POINT('Origin',(13.6851311283973,9.01028432047175,9.87873590575869));
#13172=CARTESIAN_POINT('',(13.6851311283973,9.01028432047175,9.87873590575869));
#13173=CARTESIAN_POINT('',(12.944297795064,9.01028432047175,9.87873590575869));
#13174=CARTESIAN_POINT('',(13.6851311283973,8.21028432047175,9.87873590575869));
#13175=CARTESIAN_POINT('',(12.944297795064,8.21028432047175,9.87873590575869));
#13176=CARTESIAN_POINT('',(13.6851311283973,9.01028432047175,9.87873590575869));
#13177=CARTESIAN_POINT('Origin',(13.6851311283973,9.01028432047175,9.50831923909202));
#13178=CARTESIAN_POINT('',(13.6851311283973,9.01028432047175,9.50831923909202));
#13179=CARTESIAN_POINT('',(13.6851311283973,9.01028432047175,9.50831923909202));
#13180=CARTESIAN_POINT('',(13.6851311283973,8.21028432047175,9.50831923909202));
#13181=CARTESIAN_POINT('',(13.6851311283973,8.21028432047175,9.50831923909202));
#13182=CARTESIAN_POINT('',(13.6851311283973,9.01028432047175,9.50831923909202));
#13183=CARTESIAN_POINT('Origin',(12.944297795064,9.01028432047175,9.50831923909202));
#13184=CARTESIAN_POINT('',(13.6851311283973,9.01028432047175,9.50831923909202));
#13185=CARTESIAN_POINT('',(13.6851311283973,8.21028432047175,9.50831923909202));
#13186=CARTESIAN_POINT('Origin',(9.05492279506398,9.01028432047175,9.50831923909202));
#13187=CARTESIAN_POINT('Origin',(9.05492279506398,8.21028432047175,9.50831923909202));
#13188=CARTESIAN_POINT('Origin',(9.61054779506398,9.01028432047175,7.65623590575869));
#13189=CARTESIAN_POINT('',(9.61054779506398,8.21028432047175,6.91540257242535));
#13190=CARTESIAN_POINT('',(9.61054779506398,9.01028432047175,6.91540257242535));
#13191=CARTESIAN_POINT('',(9.61054779506398,8.21028432047175,6.91540257242535));
#13192=CARTESIAN_POINT('',(9.61054779506398,8.21028432047175,6.54498590575869));
#13193=CARTESIAN_POINT('',(9.61054779506398,8.21028432047175,7.56363173909202));
#13194=CARTESIAN_POINT('',(9.61054779506398,9.01028432047175,6.54498590575869));
#13195=CARTESIAN_POINT('',(9.61054779506398,9.01028432047175,6.54498590575869));
#13196=CARTESIAN_POINT('',(9.61054779506398,9.01028432047175,7.56363173909202));
#13197=CARTESIAN_POINT('Origin',(8.12888112839731,9.01028432047175,8.39706923909202));
#13198=CARTESIAN_POINT('',(8.12888112839731,9.01028432047175,8.39706923909202));
#13199=CARTESIAN_POINT('',(8.12888112839731,9.01028432047175,8.76748590575869));
#13200=CARTESIAN_POINT('',(8.12888112839731,9.01028432047175,7.93404840575869));
#13201=CARTESIAN_POINT('',(8.12888112839731,8.21028432047175,8.39706923909202));
#13202=CARTESIAN_POINT('',(8.12888112839731,9.01028432047175,8.39706923909202));
#13203=CARTESIAN_POINT('',(8.12888112839731,8.21028432047175,8.76748590575869));
#13204=CARTESIAN_POINT('',(8.12888112839731,8.21028432047175,7.93404840575869));
#13205=CARTESIAN_POINT('',(8.12888112839731,8.21028432047175,8.76748590575869));
#13206=CARTESIAN_POINT('Origin',(8.49929779506398,9.01028432047175,8.39706923909202));
#13207=CARTESIAN_POINT('',(8.49929779506398,9.01028432047175,8.39706923909202));
#13208=CARTESIAN_POINT('',(8.40669362839731,9.01028432047175,8.39706923909202));
#13209=CARTESIAN_POINT('',(8.49929779506398,8.21028432047175,8.39706923909202));
#13210=CARTESIAN_POINT('',(8.49929779506398,9.01028432047175,8.39706923909202));
#13211=CARTESIAN_POINT('',(8.40669362839731,8.21028432047175,8.39706923909202));
#13212=CARTESIAN_POINT('Origin',(8.49929779506398,9.01028432047175,7.65623590575869));
#13213=CARTESIAN_POINT('',(8.49929779506398,9.01028432047175,7.65623590575869));
#13214=CARTESIAN_POINT('',(8.49929779506398,9.01028432047175,7.56363173909202));
#13215=CARTESIAN_POINT('',(8.49929779506398,8.21028432047175,7.65623590575869));
#13216=CARTESIAN_POINT('',(8.49929779506398,9.01028432047175,7.65623590575869));
#13217=CARTESIAN_POINT('',(8.49929779506398,8.21028432047175,7.56363173909202));
#13218=CARTESIAN_POINT('Origin',(8.86971446173065,9.01028432047175,7.65623590575869));
#13219=CARTESIAN_POINT('',(8.86971446173065,9.01028432047175,7.65623590575869));
#13220=CARTESIAN_POINT('',(8.59190196173065,9.01028432047175,7.65623590575869));
#13221=CARTESIAN_POINT('',(8.86971446173065,8.21028432047175,7.65623590575869));
#13222=CARTESIAN_POINT('',(8.86971446173065,9.01028432047175,7.65623590575869));
#13223=CARTESIAN_POINT('',(8.59190196173065,8.21028432047175,7.65623590575869));
#13224=CARTESIAN_POINT('Origin',(8.86971446173065,9.01028432047175,6.54498590575869));
#13225=CARTESIAN_POINT('',(8.86971446173065,9.01028432047175,6.54498590575869));
#13226=CARTESIAN_POINT('',(8.86971446173065,9.01028432047175,7.00800673909202));
#13227=CARTESIAN_POINT('',(8.86971446173065,8.21028432047175,6.54498590575869));
#13228=CARTESIAN_POINT('',(8.86971446173065,9.01028432047175,6.54498590575869));
#13229=CARTESIAN_POINT('',(8.86971446173065,8.21028432047175,7.00800673909202));
#13230=CARTESIAN_POINT('Origin',(9.61054779506398,9.01028432047175,6.54498590575869));
#13231=CARTESIAN_POINT('',(8.96231862839731,9.01028432047175,6.54498590575869));
#13232=CARTESIAN_POINT('',(8.96231862839731,8.21028432047175,6.54498590575869));
#13233=CARTESIAN_POINT('Origin',(8.31408946173065,8.21028432047175,7.47102757242535));
#13234=CARTESIAN_POINT('',(9.24013112839731,8.21028432047175,6.91540257242535));
#13235=CARTESIAN_POINT('',(9.61054779506398,8.21028432047175,6.91540257242535));
#13236=CARTESIAN_POINT('',(9.24013112839731,8.21028432047175,8.02665257242535));
#13237=CARTESIAN_POINT('',(9.24013112839731,8.21028432047175,7.28581923909202));
#13238=CARTESIAN_POINT('',(8.86971446173065,8.21028432047175,8.02665257242535));
#13239=CARTESIAN_POINT('',(9.24013112839731,8.21028432047175,8.02665257242535));
#13240=CARTESIAN_POINT('',(8.86971446173065,8.21028432047175,8.76748590575869));
#13241=CARTESIAN_POINT('',(8.86971446173065,8.21028432047175,8.02665257242535));
#13242=CARTESIAN_POINT('',(8.86971446173065,8.21028432047175,8.76748590575869));
#13243=CARTESIAN_POINT('Origin',(8.31408946173065,9.01028432047175,7.47102757242535));
#13244=CARTESIAN_POINT('',(8.86971446173065,9.01028432047175,8.76748590575869));
#13245=CARTESIAN_POINT('',(8.86971446173065,9.01028432047175,8.76748590575869));
#13246=CARTESIAN_POINT('',(8.86971446173065,9.01028432047175,8.02665257242535));
#13247=CARTESIAN_POINT('',(8.86971446173065,9.01028432047175,8.02665257242535));
#13248=CARTESIAN_POINT('',(9.24013112839731,9.01028432047175,8.02665257242535));
#13249=CARTESIAN_POINT('',(9.24013112839731,9.01028432047175,8.02665257242535));
#13250=CARTESIAN_POINT('',(9.24013112839731,9.01028432047175,6.91540257242535));
#13251=CARTESIAN_POINT('',(9.24013112839731,9.01028432047175,7.28581923909202));
#13252=CARTESIAN_POINT('',(9.61054779506398,9.01028432047175,6.91540257242535));
#13253=CARTESIAN_POINT('Origin',(9.24013112839731,8.21028432047175,6.91540257242535));
#13254=CARTESIAN_POINT('',(9.24013112839731,8.21028432047175,6.91540257242535));
#13255=CARTESIAN_POINT('Origin',(9.24013112839731,8.21028432047175,8.02665257242535));
#13256=CARTESIAN_POINT('',(9.24013112839731,8.21028432047175,8.02665257242535));
#13257=CARTESIAN_POINT('Origin',(8.86971446173065,8.21028432047175,8.02665257242535));
#13258=CARTESIAN_POINT('',(8.86971446173065,8.21028432047175,8.02665257242535));
#13259=CARTESIAN_POINT('Origin',(8.86971446173065,8.21028432047175,8.76748590575869));
#13260=CARTESIAN_POINT('',(8.86971446173065,8.21028432047175,8.76748590575869));
#13261=CARTESIAN_POINT('Origin',(8.12888112839731,8.21028432047175,8.76748590575869));
#13262=CARTESIAN_POINT('Origin',(8.31408946173065,9.01028432047175,7.47102757242535));
#13263=CARTESIAN_POINT('',(9.24013112839731,9.01028432047175,12.4716525724254));
#13264=CARTESIAN_POINT('',(9.24013112839731,9.01028432047175,10.9899859057587));
#13265=CARTESIAN_POINT('',(9.24013112839731,9.01028432047175,9.97134007242535));
#13266=CARTESIAN_POINT('',(8.86971446173065,9.01028432047175,10.9899859057587));
#13267=CARTESIAN_POINT('',(8.86971446173065,9.01028432047175,10.9899859057587));
#13268=CARTESIAN_POINT('',(8.86971446173065,9.01028432047175,10.619569239092));
#13269=CARTESIAN_POINT('',(8.86971446173065,9.01028432047175,10.619569239092));
#13270=CARTESIAN_POINT('',(8.49929779506398,9.01028432047175,10.619569239092));
#13271=CARTESIAN_POINT('',(8.49929779506398,9.01028432047175,10.619569239092));
#13272=CARTESIAN_POINT('',(8.49929779506398,9.01028432047175,10.2491525724254));
#13273=CARTESIAN_POINT('',(8.49929779506398,9.01028432047175,10.2491525724254));
#13274=CARTESIAN_POINT('',(8.12888112839731,9.01028432047175,10.2491525724254));
#13275=CARTESIAN_POINT('',(8.12888112839731,9.01028432047175,10.2491525724254));
#13276=CARTESIAN_POINT('',(8.12888112839731,9.01028432047175,9.87873590575869));
#13277=CARTESIAN_POINT('',(8.12888112839731,9.01028432047175,9.87873590575869));
#13278=CARTESIAN_POINT('',(7.75846446173065,9.01028432047175,9.87873590575869));
#13279=CARTESIAN_POINT('',(7.75846446173065,9.01028432047175,9.87873590575869));
#13280=CARTESIAN_POINT('',(7.75846446173065,9.01028432047175,9.50831923909202));
#13281=CARTESIAN_POINT('',(7.75846446173065,9.01028432047175,9.50831923909202));
#13282=CARTESIAN_POINT('',(8.12888112839731,9.01028432047175,9.50831923909202));
#13283=CARTESIAN_POINT('',(8.12888112839731,9.01028432047175,9.50831923909202));
#13284=CARTESIAN_POINT('',(8.12888112839731,9.01028432047175,8.76748590575869));
#13285=CARTESIAN_POINT('',(8.12888112839731,9.01028432047175,9.13790257242535));
#13286=CARTESIAN_POINT('',(7.75846446173065,9.01028432047175,8.76748590575869));
#13287=CARTESIAN_POINT('',(8.22148529506398,9.01028432047175,8.76748590575869));
#13288=CARTESIAN_POINT('',(7.75846446173065,9.01028432047175,9.13790257242535));
#13289=CARTESIAN_POINT('',(7.75846446173064,9.01028432047175,8.11925673909202));
#13290=CARTESIAN_POINT('',(6.64721446173065,9.01028432047175,9.13790257242535));
#13291=CARTESIAN_POINT('',(8.03627696173065,9.01028432047175,9.13790257242535));
#13292=CARTESIAN_POINT('',(6.64721446173065,9.01028432047175,9.87873590575869));
#13293=CARTESIAN_POINT('',(6.64721446173065,9.01028432047175,8.30446507242535));
#13294=CARTESIAN_POINT('',(7.38804779506398,9.01028432047175,9.87873590575869));
#13295=CARTESIAN_POINT('',(7.48065196173065,9.01028432047175,9.87873590575869));
#13296=CARTESIAN_POINT('',(7.38804779506398,9.01028432047175,10.2491525724254));
#13297=CARTESIAN_POINT('',(7.38804779506398,9.01028432047175,8.67488173909202));
#13298=CARTESIAN_POINT('',(7.75846446173065,9.01028432047175,10.2491525724254));
#13299=CARTESIAN_POINT('',(7.85106862839731,9.01028432047175,10.2491525724254));
#13300=CARTESIAN_POINT('',(7.75846446173065,9.01028432047175,10.619569239092));
#13301=CARTESIAN_POINT('',(7.75846446173064,9.01028432047175,8.86009007242535));
#13302=CARTESIAN_POINT('',(8.12888112839731,9.01028432047175,10.619569239092));
#13303=CARTESIAN_POINT('',(8.03627696173065,9.01028432047175,10.619569239092));
#13304=CARTESIAN_POINT('',(8.12888112839731,9.01028432047175,10.9899859057587));
#13305=CARTESIAN_POINT('',(8.12888112839731,9.01028432047175,9.04529840575869));
#13306=CARTESIAN_POINT('',(8.49929779506398,9.01028432047175,10.9899859057587));
#13307=CARTESIAN_POINT('',(8.22148529506398,9.01028432047175,10.9899859057587));
#13308=CARTESIAN_POINT('',(8.49929779506398,9.01028432047175,12.1012359057587));
#13309=CARTESIAN_POINT('',(8.49929779506398,9.01028432047175,9.23050673909202));
#13310=CARTESIAN_POINT('',(8.86971446173065,9.01028432047175,12.1012359057587));
#13311=CARTESIAN_POINT('',(8.40669362839731,9.01028432047175,12.1012359057587));
#13312=CARTESIAN_POINT('',(8.86971446173065,9.01028432047175,12.4716525724254));
#13313=CARTESIAN_POINT('',(8.86971446173065,9.01028432047175,9.78613173909202));
#13314=CARTESIAN_POINT('',(8.59190196173065,9.01028432047175,12.4716525724254));
#13315=CARTESIAN_POINT('Origin',(9.24013112839731,8.21028432047175,12.1012359057587));
#13316=CARTESIAN_POINT('',(9.24013112839731,8.21028432047175,10.9899859057587));
#13317=CARTESIAN_POINT('',(9.24013112839731,8.21028432047175,12.4716525724254));
#13318=CARTESIAN_POINT('',(9.24013112839731,8.21028432047175,9.97134007242535));
#13319=CARTESIAN_POINT('',(9.24013112839731,8.21028432047175,10.9899859057587));
#13320=CARTESIAN_POINT('',(9.24013112839731,9.01028432047175,12.4716525724254));
#13321=CARTESIAN_POINT('Origin',(9.24013112839731,8.21028432047175,10.9899859057587));
#13322=CARTESIAN_POINT('',(8.86971446173065,8.21028432047175,10.9899859057587));
#13323=CARTESIAN_POINT('',(8.86971446173065,8.21028432047175,10.9899859057587));
#13324=CARTESIAN_POINT('',(8.86971446173065,8.21028432047175,10.9899859057587));
#13325=CARTESIAN_POINT('Origin',(8.86971446173065,8.21028432047175,10.9899859057587));
#13326=CARTESIAN_POINT('',(8.86971446173065,8.21028432047175,10.619569239092));
#13327=CARTESIAN_POINT('',(8.86971446173065,8.21028432047175,10.619569239092));
#13328=CARTESIAN_POINT('',(8.86971446173065,8.21028432047175,10.619569239092));
#13329=CARTESIAN_POINT('Origin',(8.86971446173065,8.21028432047175,10.619569239092));
#13330=CARTESIAN_POINT('',(8.49929779506398,8.21028432047175,10.619569239092));
#13331=CARTESIAN_POINT('',(8.49929779506398,8.21028432047175,10.619569239092));
#13332=CARTESIAN_POINT('',(8.49929779506398,8.21028432047175,10.619569239092));
#13333=CARTESIAN_POINT('Origin',(8.49929779506398,8.21028432047175,10.619569239092));
#13334=CARTESIAN_POINT('',(8.49929779506398,8.21028432047175,10.2491525724254));
#13335=CARTESIAN_POINT('',(8.49929779506398,8.21028432047175,10.2491525724254));
#13336=CARTESIAN_POINT('',(8.49929779506398,8.21028432047175,10.2491525724254));
#13337=CARTESIAN_POINT('Origin',(8.49929779506398,8.21028432047175,10.2491525724254));
#13338=CARTESIAN_POINT('',(8.12888112839731,8.21028432047175,10.2491525724254));
#13339=CARTESIAN_POINT('',(8.12888112839731,8.21028432047175,10.2491525724254));
#13340=CARTESIAN_POINT('',(8.12888112839731,8.21028432047175,10.2491525724254));
#13341=CARTESIAN_POINT('Origin',(8.12888112839731,8.21028432047175,10.2491525724254));
#13342=CARTESIAN_POINT('',(8.12888112839731,8.21028432047175,9.87873590575869));
#13343=CARTESIAN_POINT('',(8.12888112839731,8.21028432047175,9.87873590575869));
#13344=CARTESIAN_POINT('',(8.12888112839731,8.21028432047175,9.87873590575869));
#13345=CARTESIAN_POINT('Origin',(8.12888112839731,8.21028432047175,9.87873590575869));
#13346=CARTESIAN_POINT('',(7.75846446173065,8.21028432047175,9.87873590575869));
#13347=CARTESIAN_POINT('',(7.75846446173065,8.21028432047175,9.87873590575869));
#13348=CARTESIAN_POINT('',(7.75846446173065,8.21028432047175,9.87873590575869));
#13349=CARTESIAN_POINT('Origin',(7.75846446173065,8.21028432047175,9.87873590575869));
#13350=CARTESIAN_POINT('',(7.75846446173065,8.21028432047175,9.50831923909202));
#13351=CARTESIAN_POINT('',(7.75846446173065,8.21028432047175,9.50831923909202));
#13352=CARTESIAN_POINT('',(7.75846446173065,8.21028432047175,9.50831923909202));
#13353=CARTESIAN_POINT('Origin',(7.75846446173065,8.21028432047175,9.50831923909202));
#13354=CARTESIAN_POINT('',(8.12888112839731,8.21028432047175,9.50831923909202));
#13355=CARTESIAN_POINT('',(8.12888112839731,8.21028432047175,9.50831923909202));
#13356=CARTESIAN_POINT('',(8.12888112839731,8.21028432047175,9.50831923909202));
#13357=CARTESIAN_POINT('Origin',(8.12888112839731,8.21028432047175,9.50831923909202));
#13358=CARTESIAN_POINT('',(8.12888112839731,8.21028432047175,8.76748590575869));
#13359=CARTESIAN_POINT('',(8.12888112839731,8.21028432047175,9.13790257242535));
#13360=CARTESIAN_POINT('',(8.12888112839731,8.21028432047175,8.76748590575869));
#13361=CARTESIAN_POINT('Origin',(8.31408946173065,8.21028432047175,7.47102757242535));
#13362=CARTESIAN_POINT('',(8.86971446173065,8.21028432047175,12.4716525724254));
#13363=CARTESIAN_POINT('',(8.59190196173065,8.21028432047175,12.4716525724254));
#13364=CARTESIAN_POINT('',(8.86971446173065,8.21028432047175,12.1012359057587));
#13365=CARTESIAN_POINT('',(8.86971446173065,8.21028432047175,9.78613173909202));
#13366=CARTESIAN_POINT('',(8.49929779506398,8.21028432047175,12.1012359057587));
#13367=CARTESIAN_POINT('',(8.40669362839731,8.21028432047175,12.1012359057587));
#13368=CARTESIAN_POINT('',(8.49929779506398,8.21028432047175,10.9899859057587));
#13369=CARTESIAN_POINT('',(8.49929779506398,8.21028432047175,9.23050673909202));
#13370=CARTESIAN_POINT('',(8.12888112839731,8.21028432047175,10.9899859057587));
#13371=CARTESIAN_POINT('',(8.22148529506398,8.21028432047175,10.9899859057587));
#13372=CARTESIAN_POINT('',(8.12888112839731,8.21028432047175,10.619569239092));
#13373=CARTESIAN_POINT('',(8.12888112839731,8.21028432047175,9.04529840575869));
#13374=CARTESIAN_POINT('',(7.75846446173065,8.21028432047175,10.619569239092));
#13375=CARTESIAN_POINT('',(8.03627696173065,8.21028432047175,10.619569239092));
#13376=CARTESIAN_POINT('',(7.75846446173065,8.21028432047175,10.2491525724254));
#13377=CARTESIAN_POINT('',(7.75846446173064,8.21028432047175,8.86009007242535));
#13378=CARTESIAN_POINT('',(7.38804779506398,8.21028432047175,10.2491525724254));
#13379=CARTESIAN_POINT('',(7.85106862839731,8.21028432047175,10.2491525724254));
#13380=CARTESIAN_POINT('',(7.38804779506398,8.21028432047175,9.87873590575869));
#13381=CARTESIAN_POINT('',(7.38804779506398,8.21028432047175,8.67488173909202));
#13382=CARTESIAN_POINT('',(6.64721446173065,8.21028432047175,9.87873590575869));
#13383=CARTESIAN_POINT('',(7.48065196173065,8.21028432047175,9.87873590575869));
#13384=CARTESIAN_POINT('',(6.64721446173065,8.21028432047175,9.13790257242535));
#13385=CARTESIAN_POINT('',(6.64721446173065,8.21028432047175,8.30446507242535));
#13386=CARTESIAN_POINT('',(7.75846446173065,8.21028432047175,9.13790257242535));
#13387=CARTESIAN_POINT('',(8.03627696173065,8.21028432047175,9.13790257242535));
#13388=CARTESIAN_POINT('',(7.75846446173065,8.21028432047175,8.76748590575869));
#13389=CARTESIAN_POINT('',(7.75846446173064,8.21028432047175,8.11925673909202));
#13390=CARTESIAN_POINT('',(8.22148529506398,8.21028432047175,8.76748590575869));
#13391=CARTESIAN_POINT('Origin',(8.12888112839731,9.01028432047175,8.76748590575869));
#13392=CARTESIAN_POINT('',(7.75846446173065,9.01028432047175,8.76748590575869));
#13393=CARTESIAN_POINT('Origin',(7.75846446173065,9.01028432047175,8.76748590575869));
#13394=CARTESIAN_POINT('',(7.75846446173065,9.01028432047175,9.13790257242535));
#13395=CARTESIAN_POINT('Origin',(7.75846446173065,9.01028432047175,9.13790257242535));
#13396=CARTESIAN_POINT('',(6.64721446173065,9.01028432047175,9.13790257242535));
#13397=CARTESIAN_POINT('Origin',(6.64721446173065,9.01028432047175,9.13790257242535));
#13398=CARTESIAN_POINT('',(6.64721446173065,9.01028432047175,9.87873590575869));
#13399=CARTESIAN_POINT('Origin',(6.64721446173065,9.01028432047175,9.87873590575869));
#13400=CARTESIAN_POINT('',(7.38804779506398,9.01028432047175,9.87873590575869));
#13401=CARTESIAN_POINT('Origin',(7.38804779506398,9.01028432047175,9.87873590575869));
#13402=CARTESIAN_POINT('',(7.38804779506398,9.01028432047175,10.2491525724254));
#13403=CARTESIAN_POINT('Origin',(7.38804779506398,9.01028432047175,10.2491525724254));
#13404=CARTESIAN_POINT('',(7.75846446173065,9.01028432047175,10.2491525724254));
#13405=CARTESIAN_POINT('Origin',(7.75846446173065,9.01028432047175,10.2491525724254));
#13406=CARTESIAN_POINT('',(7.75846446173065,9.01028432047175,10.619569239092));
#13407=CARTESIAN_POINT('Origin',(7.75846446173065,9.01028432047175,10.619569239092));
#13408=CARTESIAN_POINT('',(8.12888112839731,9.01028432047175,10.619569239092));
#13409=CARTESIAN_POINT('Origin',(8.12888112839731,9.01028432047175,10.619569239092));
#13410=CARTESIAN_POINT('',(8.12888112839731,9.01028432047175,10.9899859057587));
#13411=CARTESIAN_POINT('Origin',(8.12888112839731,9.01028432047175,10.9899859057587));
#13412=CARTESIAN_POINT('',(8.49929779506398,9.01028432047175,10.9899859057587));
#13413=CARTESIAN_POINT('Origin',(8.49929779506398,9.01028432047175,10.9899859057587));
#13414=CARTESIAN_POINT('',(8.49929779506398,9.01028432047175,12.1012359057587));
#13415=CARTESIAN_POINT('Origin',(8.49929779506398,9.01028432047175,12.1012359057587));
#13416=CARTESIAN_POINT('',(8.86971446173065,9.01028432047175,12.1012359057587));
#13417=CARTESIAN_POINT('Origin',(8.86971446173065,9.01028432047175,12.1012359057587));
#13418=CARTESIAN_POINT('',(8.86971446173065,9.01028432047175,12.4716525724254));
#13419=CARTESIAN_POINT('Origin',(8.86971446173065,9.01028432047175,12.4716525724254));
#13420=CARTESIAN_POINT('Origin',(8.31408946173065,8.21028432047175,7.47102757242535));
#13421=CARTESIAN_POINT('',(9.61054779506398,8.21028432047175,5.80415257242535));
#13422=CARTESIAN_POINT('',(9.61054779506398,8.21028432047175,3.21123590575869));
#13423=CARTESIAN_POINT('',(9.61054779506398,8.21028432047175,5.34113173909202));
#13424=CARTESIAN_POINT('',(9.98096446173065,8.21028432047175,3.21123590575869));
#13425=CARTESIAN_POINT('',(9.24013112839731,8.21028432047175,3.21123590575869));
#13426=CARTESIAN_POINT('',(9.98096446173065,8.21028432047175,3.58165257242535));
#13427=CARTESIAN_POINT('',(9.98096446173065,8.21028432047175,3.21123590575869));
#13428=CARTESIAN_POINT('',(10.3513811283973,8.21028432047175,3.58165257242535));
#13429=CARTESIAN_POINT('',(9.98096446173065,8.21028432047175,3.58165257242535));
#13430=CARTESIAN_POINT('',(10.3513811283973,8.21028432047175,5.80415257242535));
#13431=CARTESIAN_POINT('',(10.3513811283973,8.21028432047175,5.43373590575869));
#13432=CARTESIAN_POINT('',(10.721797795064,8.21028432047175,5.80415257242535));
#13433=CARTESIAN_POINT('',(10.3513811283973,8.21028432047175,5.80415257242535));
#13434=CARTESIAN_POINT('',(10.721797795064,8.21028432047175,6.54498590575869));
#13435=CARTESIAN_POINT('',(10.721797795064,8.21028432047175,5.80415257242535));
#13436=CARTESIAN_POINT('',(11.0922144617306,8.21028432047175,6.54498590575869));
#13437=CARTESIAN_POINT('',(10.721797795064,8.21028432047175,6.54498590575869));
#13438=CARTESIAN_POINT('',(11.0922144617306,8.21028432047175,7.65623590575869));
#13439=CARTESIAN_POINT('',(11.0922144617306,8.21028432047175,7.28581923909202));
#13440=CARTESIAN_POINT('',(11.4626311283973,8.21028432047175,7.65623590575869));
#13441=CARTESIAN_POINT('',(11.0922144617306,8.21028432047175,7.65623590575869));
#13442=CARTESIAN_POINT('',(11.4626311283973,8.21028432047175,8.02665257242535));
#13443=CARTESIAN_POINT('',(11.4626311283973,8.21028432047175,7.65623590575869));
#13444=CARTESIAN_POINT('',(11.833047795064,8.21028432047175,8.02665257242535));
#13445=CARTESIAN_POINT('',(11.4626311283973,8.21028432047175,8.02665257242535));
#13446=CARTESIAN_POINT('',(11.833047795064,8.21028432047175,8.39706923909202));
#13447=CARTESIAN_POINT('',(11.833047795064,8.21028432047175,8.02665257242535));
#13448=CARTESIAN_POINT('',(12.944297795064,8.21028432047175,8.39706923909202));
#13449=CARTESIAN_POINT('',(11.833047795064,8.21028432047175,8.39706923909202));
#13450=CARTESIAN_POINT('',(12.944297795064,8.21028432047175,8.76748590575869));
#13451=CARTESIAN_POINT('',(12.944297795064,8.21028432047175,8.39706923909202));
#13452=CARTESIAN_POINT('',(13.6851311283973,8.21028432047175,8.76748590575869));
#13453=CARTESIAN_POINT('',(12.944297795064,8.21028432047175,8.76748590575869));
#13454=CARTESIAN_POINT('',(13.6851311283973,8.21028432047175,9.13790257242535));
#13455=CARTESIAN_POINT('',(13.6851311283973,8.21028432047175,8.76748590575869));
#13456=CARTESIAN_POINT('',(14.055547795064,8.21028432047175,9.13790257242535));
#13457=CARTESIAN_POINT('',(13.6851311283973,8.21028432047175,9.13790257242535));
#13458=CARTESIAN_POINT('',(14.055547795064,8.21028432047175,9.50831923909202));
#13459=CARTESIAN_POINT('',(14.055547795064,8.21028432047175,9.13790257242535));
#13460=CARTESIAN_POINT('',(15.166797795064,8.21028432047175,9.50831923909202));
#13461=CARTESIAN_POINT('',(14.4259644617306,8.21028432047175,9.50831923909202));
#13462=CARTESIAN_POINT('',(15.166797795064,8.21028432047175,9.87873590575869));
#13463=CARTESIAN_POINT('',(15.166797795064,8.21028432047175,9.50831923909202));
#13464=CARTESIAN_POINT('',(14.055547795064,8.21028432047175,9.87873590575869));
#13465=CARTESIAN_POINT('',(14.7963811283973,8.21028432047175,9.87873590575869));
#13466=CARTESIAN_POINT('',(14.055547795064,8.21028432047175,10.2491525724254));
#13467=CARTESIAN_POINT('',(14.055547795064,8.21028432047175,9.87873590575869));
#13468=CARTESIAN_POINT('',(12.944297795064,8.21028432047175,10.2491525724254));
#13469=CARTESIAN_POINT('',(14.055547795064,8.21028432047175,10.2491525724254));
#13470=CARTESIAN_POINT('',(12.944297795064,8.21028432047175,10.619569239092));
#13471=CARTESIAN_POINT('',(12.944297795064,8.21028432047175,10.2491525724254));
#13472=CARTESIAN_POINT('',(12.2034644617306,8.21028432047175,10.619569239092));
#13473=CARTESIAN_POINT('',(12.944297795064,8.21028432047175,10.619569239092));
#13474=CARTESIAN_POINT('',(12.2034644617306,8.21028432047175,10.9899859057587));
#13475=CARTESIAN_POINT('',(12.2034644617306,8.21028432047175,10.619569239092));
#13476=CARTESIAN_POINT('',(11.4626311283973,8.21028432047175,10.9899859057587));
#13477=CARTESIAN_POINT('',(12.2034644617306,8.21028432047175,10.9899859057587));
#13478=CARTESIAN_POINT('',(11.4626311283973,8.21028432047175,11.730819239092));
#13479=CARTESIAN_POINT('',(11.4626311283973,8.21028432047175,10.9899859057587));
#13480=CARTESIAN_POINT('',(11.0922144617306,8.21028432047175,11.730819239092));
#13481=CARTESIAN_POINT('',(11.4626311283973,8.21028432047175,11.730819239092));
#13482=CARTESIAN_POINT('',(11.0922144617306,8.21028432047175,12.1012359057587));
#13483=CARTESIAN_POINT('',(11.0922144617306,8.21028432047175,11.730819239092));
#13484=CARTESIAN_POINT('',(10.721797795064,8.21028432047175,12.1012359057587));
#13485=CARTESIAN_POINT('',(11.0922144617306,8.21028432047175,12.1012359057587));
#13486=CARTESIAN_POINT('',(10.721797795064,8.21028432047175,12.842069239092));
#13487=CARTESIAN_POINT('',(10.721797795064,8.21028432047175,12.4716525724254));
#13488=CARTESIAN_POINT('',(10.3513811283973,8.21028432047175,12.842069239092));
#13489=CARTESIAN_POINT('',(10.721797795064,8.21028432047175,12.842069239092));
#13490=CARTESIAN_POINT('',(10.3513811283973,8.21028432047175,14.6941525724254));
#13491=CARTESIAN_POINT('',(10.3513811283973,8.21028432047175,12.842069239092));
#13492=CARTESIAN_POINT('',(9.98096446173065,8.21028432047175,14.6941525724254));
#13493=CARTESIAN_POINT('',(10.3513811283973,8.21028432047175,14.6941525724254));
#13494=CARTESIAN_POINT('',(9.98096446173065,8.21028432047175,15.8054025724254));
#13495=CARTESIAN_POINT('',(9.98096446173065,8.21028432047175,15.064569239092));
#13496=CARTESIAN_POINT('',(9.24013112839731,8.21028432047175,15.8054025724254));
#13497=CARTESIAN_POINT('',(9.98096446173065,8.21028432047175,15.8054025724254));
#13498=CARTESIAN_POINT('',(9.24013112839731,8.21028432047175,14.6941525724254));
#13499=CARTESIAN_POINT('',(9.24013112839731,8.21028432047175,11.0825900724254));
#13500=CARTESIAN_POINT('',(9.61054779506398,8.21028432047175,14.6941525724254));
#13501=CARTESIAN_POINT('',(8.96231862839731,8.21028432047175,14.6941525724254));
#13502=CARTESIAN_POINT('',(9.61054779506398,8.21028432047175,12.842069239092));
#13503=CARTESIAN_POINT('',(9.61054779506398,8.21028432047175,10.1565484057587));
#13504=CARTESIAN_POINT('',(9.98096446173065,8.21028432047175,12.842069239092));
#13505=CARTESIAN_POINT('',(9.14752696173065,8.21028432047175,12.842069239092));
#13506=CARTESIAN_POINT('',(9.98096446173065,8.21028432047175,12.1012359057587));
#13507=CARTESIAN_POINT('',(9.98096446173065,8.21028432047175,9.78613173909202));
#13508=CARTESIAN_POINT('',(10.3513811283973,8.21028432047175,12.1012359057587));
#13509=CARTESIAN_POINT('',(9.33273529506398,8.21028432047175,12.1012359057587));
#13510=CARTESIAN_POINT('',(10.3513811283973,8.21028432047175,11.730819239092));
#13511=CARTESIAN_POINT('',(10.3513811283973,8.21028432047175,9.60092340575869));
#13512=CARTESIAN_POINT('',(10.721797795064,8.21028432047175,11.730819239092));
#13513=CARTESIAN_POINT('',(9.51794362839731,8.21028432047175,11.730819239092));
#13514=CARTESIAN_POINT('',(10.721797795064,8.21028432047175,10.9899859057587));
#13515=CARTESIAN_POINT('',(10.721797795064,8.21028432047175,9.23050673909202));
#13516=CARTESIAN_POINT('',(11.0922144617306,8.21028432047175,10.9899859057587));
#13517=CARTESIAN_POINT('',(9.70315196173065,8.21028432047175,10.9899859057587));
#13518=CARTESIAN_POINT('',(11.0922144617306,8.21028432047175,10.619569239092));
#13519=CARTESIAN_POINT('',(11.0922144617306,8.21028432047175,9.04529840575869));
#13520=CARTESIAN_POINT('',(11.833047795064,8.21028432047175,10.619569239092));
#13521=CARTESIAN_POINT('',(10.0735686283973,8.21028432047175,10.619569239092));
#13522=CARTESIAN_POINT('',(11.833047795064,8.21028432047175,10.2491525724254));
#13523=CARTESIAN_POINT('',(11.833047795064,8.21028432047175,8.86009007242535));
#13524=CARTESIAN_POINT('',(12.5738811283973,8.21028432047175,10.2491525724254));
#13525=CARTESIAN_POINT('',(10.443985295064,8.21028432047175,10.2491525724254));
#13526=CARTESIAN_POINT('',(12.5738811283973,8.21028432047175,9.87873590575869));
#13527=CARTESIAN_POINT('',(12.5738811283973,8.21028432047175,8.67488173909202));
#13528=CARTESIAN_POINT('',(13.6851311283973,8.21028432047175,9.87873590575869));
#13529=CARTESIAN_POINT('',(10.999610295064,8.21028432047175,9.87873590575869));
#13530=CARTESIAN_POINT('',(13.6851311283973,8.21028432047175,9.50831923909202));
#13531=CARTESIAN_POINT('',(13.6851311283973,8.21028432047175,8.48967340575869));
#13532=CARTESIAN_POINT('',(12.944297795064,8.21028432047175,9.50831923909202));
#13533=CARTESIAN_POINT('',(10.6291936283973,8.21028432047175,9.50831923909202));
#13534=CARTESIAN_POINT('',(12.944297795064,8.21028432047175,9.13790257242535));
#13535=CARTESIAN_POINT('',(12.944297795064,8.21028432047175,8.30446507242535));
#13536=CARTESIAN_POINT('',(12.2034644617306,8.21028432047175,9.13790257242535));
#13537=CARTESIAN_POINT('',(10.2587769617306,8.21028432047175,9.13790257242535));
#13538=CARTESIAN_POINT('',(12.2034644617306,8.21028432047175,8.76748590575869));
#13539=CARTESIAN_POINT('',(12.2034644617306,8.21028432047175,8.11925673909202));
#13540=CARTESIAN_POINT('',(11.0922144617306,8.21028432047175,8.76748590575869));
#13541=CARTESIAN_POINT('',(9.70315196173065,8.21028432047175,8.76748590575869));
#13542=CARTESIAN_POINT('',(11.0922144617306,8.21028432047175,8.02665257242535));
#13543=CARTESIAN_POINT('',(11.0922144617306,8.21028432047175,7.74884007242535));
#13544=CARTESIAN_POINT('',(10.721797795064,8.21028432047175,8.02665257242535));
#13545=CARTESIAN_POINT('',(9.51794362839731,8.21028432047175,8.02665257242536));
#13546=CARTESIAN_POINT('',(10.721797795064,8.21028432047175,7.65623590575869));
#13547=CARTESIAN_POINT('',(10.721797795064,8.21028432047175,7.56363173909202));
#13548=CARTESIAN_POINT('',(10.3513811283973,8.21028432047175,7.65623590575869));
#13549=CARTESIAN_POINT('',(9.33273529506398,8.21028432047175,7.65623590575869));
#13550=CARTESIAN_POINT('',(10.3513811283973,8.21028432047175,6.54498590575869));
#13551=CARTESIAN_POINT('',(10.3513811283973,8.21028432047175,7.00800673909202));
#13552=CARTESIAN_POINT('',(9.98096446173065,8.21028432047175,6.54498590575869));
#13553=CARTESIAN_POINT('',(9.14752696173065,8.21028432047175,6.54498590575869));
#13554=CARTESIAN_POINT('',(9.98096446173065,8.21028432047175,5.80415257242535));
#13555=CARTESIAN_POINT('',(9.98096446173065,8.21028432047175,6.63759007242535));
#13556=CARTESIAN_POINT('',(8.96231862839731,8.21028432047175,5.80415257242535));
#13557=CARTESIAN_POINT('Origin',(8.86971446173065,8.21028432047175,15.8054025724254));
#13558=CARTESIAN_POINT('',(9.24013112839731,9.01028432047175,15.8054025724254));
#13559=CARTESIAN_POINT('',(9.24013112839731,8.61028432047176,15.8054025724254));
#13560=CARTESIAN_POINT('',(9.98096446173065,9.01028432047175,15.8054025724254));
#13561=CARTESIAN_POINT('',(9.98096446173065,8.21028432047175,15.8054025724254));
#13562=CARTESIAN_POINT('',(9.98096446173065,9.01028432047175,15.8054025724254));
#13563=CARTESIAN_POINT('Origin',(9.98096446173065,8.21028432047175,15.8054025724254));
#13564=CARTESIAN_POINT('',(9.98096446173065,9.01028432047175,14.6941525724254));
#13565=CARTESIAN_POINT('',(9.98096446173065,8.21028432047175,14.6941525724254));
#13566=CARTESIAN_POINT('',(9.98096446173065,9.01028432047175,15.064569239092));
#13567=CARTESIAN_POINT('Origin',(9.98096446173065,8.21028432047175,14.6941525724254));
#13568=CARTESIAN_POINT('',(10.3513811283973,9.01028432047175,14.6941525724254));
#13569=CARTESIAN_POINT('',(10.3513811283973,8.21028432047175,14.6941525724254));
#13570=CARTESIAN_POINT('',(10.3513811283973,9.01028432047175,14.6941525724254));
#13571=CARTESIAN_POINT('Origin',(10.3513811283973,8.21028432047175,14.6941525724254));
#13572=CARTESIAN_POINT('',(10.3513811283973,9.01028432047175,12.842069239092));
#13573=CARTESIAN_POINT('',(10.3513811283973,8.21028432047175,12.842069239092));
#13574=CARTESIAN_POINT('',(10.3513811283973,9.01028432047175,12.842069239092));
#13575=CARTESIAN_POINT('Origin',(10.3513811283973,8.21028432047175,12.842069239092));
#13576=CARTESIAN_POINT('',(10.721797795064,9.01028432047175,12.842069239092));
#13577=CARTESIAN_POINT('',(10.721797795064,8.21028432047175,12.842069239092));
#13578=CARTESIAN_POINT('',(10.721797795064,9.01028432047175,12.842069239092));
#13579=CARTESIAN_POINT('Origin',(10.721797795064,8.21028432047175,12.842069239092));
#13580=CARTESIAN_POINT('',(10.721797795064,9.01028432047175,12.1012359057587));
#13581=CARTESIAN_POINT('',(10.721797795064,8.21028432047175,12.1012359057587));
#13582=CARTESIAN_POINT('',(10.721797795064,9.01028432047175,12.4716525724254));
#13583=CARTESIAN_POINT('Origin',(10.721797795064,8.21028432047175,12.1012359057587));
#13584=CARTESIAN_POINT('',(11.0922144617306,9.01028432047175,12.1012359057587));
#13585=CARTESIAN_POINT('',(11.0922144617306,8.21028432047175,12.1012359057587));
#13586=CARTESIAN_POINT('',(11.0922144617306,9.01028432047175,12.1012359057587));
#13587=CARTESIAN_POINT('Origin',(11.0922144617306,8.21028432047175,12.1012359057587));
#13588=CARTESIAN_POINT('',(11.0922144617306,9.01028432047175,11.730819239092));
#13589=CARTESIAN_POINT('',(11.0922144617306,8.21028432047175,11.730819239092));
#13590=CARTESIAN_POINT('',(11.0922144617306,9.01028432047175,11.730819239092));
#13591=CARTESIAN_POINT('Origin',(11.0922144617306,8.21028432047175,11.730819239092));
#13592=CARTESIAN_POINT('',(11.4626311283973,9.01028432047175,11.730819239092));
#13593=CARTESIAN_POINT('',(11.4626311283973,8.21028432047175,11.730819239092));
#13594=CARTESIAN_POINT('',(11.4626311283973,9.01028432047175,11.730819239092));
#13595=CARTESIAN_POINT('Origin',(11.4626311283973,8.21028432047175,11.730819239092));
#13596=CARTESIAN_POINT('',(11.4626311283973,9.01028432047175,10.9899859057587));
#13597=CARTESIAN_POINT('',(11.4626311283973,8.21028432047175,10.9899859057587));
#13598=CARTESIAN_POINT('',(11.4626311283973,9.01028432047175,10.9899859057587));
#13599=CARTESIAN_POINT('Origin',(11.4626311283973,8.21028432047175,10.9899859057587));
#13600=CARTESIAN_POINT('',(12.2034644617306,9.01028432047175,10.9899859057587));
#13601=CARTESIAN_POINT('',(12.2034644617306,8.21028432047175,10.9899859057587));
#13602=CARTESIAN_POINT('',(12.2034644617306,9.01028432047175,10.9899859057587));
#13603=CARTESIAN_POINT('Origin',(12.2034644617306,8.21028432047175,10.9899859057587));
#13604=CARTESIAN_POINT('',(12.2034644617306,9.01028432047175,10.619569239092));
#13605=CARTESIAN_POINT('',(12.2034644617306,8.21028432047175,10.619569239092));
#13606=CARTESIAN_POINT('',(12.2034644617306,9.01028432047175,10.619569239092));
#13607=CARTESIAN_POINT('Origin',(12.2034644617306,8.21028432047175,10.619569239092));
#13608=CARTESIAN_POINT('',(12.944297795064,9.01028432047175,10.619569239092));
#13609=CARTESIAN_POINT('',(12.944297795064,8.21028432047175,10.619569239092));
#13610=CARTESIAN_POINT('',(12.944297795064,9.01028432047175,10.619569239092));
#13611=CARTESIAN_POINT('Origin',(12.944297795064,8.21028432047175,10.619569239092));
#13612=CARTESIAN_POINT('',(12.944297795064,9.01028432047175,10.2491525724254));
#13613=CARTESIAN_POINT('',(12.944297795064,8.21028432047175,10.2491525724254));
#13614=CARTESIAN_POINT('',(12.944297795064,9.01028432047175,10.2491525724254));
#13615=CARTESIAN_POINT('Origin',(12.944297795064,8.21028432047175,10.2491525724254));
#13616=CARTESIAN_POINT('',(14.055547795064,9.01028432047175,10.2491525724254));
#13617=CARTESIAN_POINT('',(14.055547795064,8.21028432047175,10.2491525724254));
#13618=CARTESIAN_POINT('',(14.055547795064,9.01028432047175,10.2491525724254));
#13619=CARTESIAN_POINT('Origin',(14.055547795064,8.21028432047175,10.2491525724254));
#13620=CARTESIAN_POINT('',(14.055547795064,9.01028432047175,9.87873590575869));
#13621=CARTESIAN_POINT('',(14.055547795064,8.21028432047175,9.87873590575869));
#13622=CARTESIAN_POINT('',(14.055547795064,9.01028432047175,9.87873590575869));
#13623=CARTESIAN_POINT('Origin',(14.055547795064,8.21028432047175,9.87873590575869));
#13624=CARTESIAN_POINT('',(15.166797795064,9.01028432047175,9.87873590575869));
#13625=CARTESIAN_POINT('',(15.166797795064,8.21028432047175,9.87873590575869));
#13626=CARTESIAN_POINT('',(14.7963811283973,9.01028432047175,9.87873590575869));
#13627=CARTESIAN_POINT('Origin',(15.166797795064,8.21028432047175,9.87873590575869));
#13628=CARTESIAN_POINT('',(15.166797795064,9.01028432047175,9.50831923909202));
#13629=CARTESIAN_POINT('',(15.166797795064,8.21028432047175,9.50831923909202));
#13630=CARTESIAN_POINT('',(15.166797795064,9.01028432047175,9.50831923909202));
#13631=CARTESIAN_POINT('Origin',(15.166797795064,8.21028432047175,9.50831923909202));
#13632=CARTESIAN_POINT('',(14.055547795064,9.01028432047175,9.50831923909202));
#13633=CARTESIAN_POINT('',(14.055547795064,8.21028432047175,9.50831923909202));
#13634=CARTESIAN_POINT('',(14.4259644617306,9.01028432047175,9.50831923909202));
#13635=CARTESIAN_POINT('Origin',(14.055547795064,8.21028432047175,9.50831923909202));
#13636=CARTESIAN_POINT('',(14.055547795064,9.01028432047175,9.13790257242535));
#13637=CARTESIAN_POINT('',(14.055547795064,8.21028432047175,9.13790257242535));
#13638=CARTESIAN_POINT('',(14.055547795064,9.01028432047175,9.13790257242535));
#13639=CARTESIAN_POINT('Origin',(14.055547795064,8.21028432047175,9.13790257242535));
#13640=CARTESIAN_POINT('',(13.6851311283973,9.01028432047175,9.13790257242535));
#13641=CARTESIAN_POINT('',(13.6851311283973,8.21028432047175,9.13790257242535));
#13642=CARTESIAN_POINT('',(13.6851311283973,9.01028432047175,9.13790257242535));
#13643=CARTESIAN_POINT('Origin',(13.6851311283973,8.21028432047175,9.13790257242535));
#13644=CARTESIAN_POINT('',(13.6851311283973,9.01028432047175,8.76748590575869));
#13645=CARTESIAN_POINT('',(13.6851311283973,8.21028432047175,8.76748590575869));
#13646=CARTESIAN_POINT('',(13.6851311283973,9.01028432047175,8.76748590575869));
#13647=CARTESIAN_POINT('Origin',(13.6851311283973,8.21028432047175,8.76748590575869));
#13648=CARTESIAN_POINT('',(12.944297795064,9.01028432047175,8.76748590575869));
#13649=CARTESIAN_POINT('',(12.944297795064,8.21028432047175,8.76748590575869));
#13650=CARTESIAN_POINT('',(12.944297795064,9.01028432047175,8.76748590575869));
#13651=CARTESIAN_POINT('Origin',(12.944297795064,8.21028432047175,8.76748590575869));
#13652=CARTESIAN_POINT('',(12.944297795064,9.01028432047175,8.39706923909202));
#13653=CARTESIAN_POINT('',(12.944297795064,8.21028432047175,8.39706923909202));
#13654=CARTESIAN_POINT('',(12.944297795064,9.01028432047175,8.39706923909202));
#13655=CARTESIAN_POINT('Origin',(12.944297795064,8.21028432047175,8.39706923909202));
#13656=CARTESIAN_POINT('',(11.833047795064,9.01028432047175,8.39706923909202));
#13657=CARTESIAN_POINT('',(11.833047795064,8.21028432047175,8.39706923909202));
#13658=CARTESIAN_POINT('',(11.833047795064,9.01028432047175,8.39706923909202));
#13659=CARTESIAN_POINT('Origin',(11.833047795064,8.21028432047175,8.39706923909202));
#13660=CARTESIAN_POINT('',(11.833047795064,9.01028432047175,8.02665257242535));
#13661=CARTESIAN_POINT('',(11.833047795064,8.21028432047175,8.02665257242535));
#13662=CARTESIAN_POINT('',(11.833047795064,9.01028432047175,8.02665257242535));
#13663=CARTESIAN_POINT('Origin',(11.833047795064,8.21028432047175,8.02665257242535));
#13664=CARTESIAN_POINT('',(11.4626311283973,9.01028432047175,8.02665257242535));
#13665=CARTESIAN_POINT('',(11.4626311283973,8.21028432047175,8.02665257242535));
#13666=CARTESIAN_POINT('',(11.4626311283973,9.01028432047175,8.02665257242535));
#13667=CARTESIAN_POINT('Origin',(11.4626311283973,8.21028432047175,8.02665257242535));
#13668=CARTESIAN_POINT('',(11.4626311283973,9.01028432047175,7.65623590575869));
#13669=CARTESIAN_POINT('',(11.4626311283973,8.21028432047175,7.65623590575869));
#13670=CARTESIAN_POINT('',(11.4626311283973,9.01028432047175,7.65623590575869));
#13671=CARTESIAN_POINT('Origin',(11.4626311283973,8.21028432047175,7.65623590575869));
#13672=CARTESIAN_POINT('',(11.0922144617306,9.01028432047175,7.65623590575869));
#13673=CARTESIAN_POINT('',(11.0922144617306,8.21028432047175,7.65623590575869));
#13674=CARTESIAN_POINT('',(11.0922144617306,9.01028432047175,7.65623590575869));
#13675=CARTESIAN_POINT('Origin',(11.0922144617306,8.21028432047175,7.65623590575869));
#13676=CARTESIAN_POINT('',(11.0922144617306,9.01028432047175,6.54498590575869));
#13677=CARTESIAN_POINT('',(11.0922144617306,8.21028432047175,6.54498590575869));
#13678=CARTESIAN_POINT('',(11.0922144617306,9.01028432047175,7.28581923909202));
#13679=CARTESIAN_POINT('Origin',(11.0922144617306,8.21028432047175,6.54498590575869));
#13680=CARTESIAN_POINT('',(10.721797795064,9.01028432047175,6.54498590575869));
#13681=CARTESIAN_POINT('',(10.721797795064,8.21028432047175,6.54498590575869));
#13682=CARTESIAN_POINT('',(10.721797795064,9.01028432047175,6.54498590575869));
#13683=CARTESIAN_POINT('Origin',(10.721797795064,8.21028432047175,6.54498590575869));
#13684=CARTESIAN_POINT('',(10.721797795064,9.01028432047175,5.80415257242535));
#13685=CARTESIAN_POINT('',(10.721797795064,8.21028432047175,5.80415257242535));
#13686=CARTESIAN_POINT('',(10.721797795064,9.01028432047175,5.80415257242535));
#13687=CARTESIAN_POINT('Origin',(10.721797795064,8.21028432047175,5.80415257242535));
#13688=CARTESIAN_POINT('',(10.3513811283973,9.01028432047175,5.80415257242535));
#13689=CARTESIAN_POINT('',(10.3513811283973,8.21028432047175,5.80415257242535));
#13690=CARTESIAN_POINT('',(10.3513811283973,9.01028432047175,5.80415257242535));
#13691=CARTESIAN_POINT('Origin',(10.3513811283973,8.21028432047175,5.80415257242535));
#13692=CARTESIAN_POINT('',(10.3513811283973,9.01028432047175,3.58165257242535));
#13693=CARTESIAN_POINT('',(10.3513811283973,8.21028432047175,3.58165257242535));
#13694=CARTESIAN_POINT('',(10.3513811283973,9.01028432047175,5.43373590575869));
#13695=CARTESIAN_POINT('Origin',(10.3513811283973,8.21028432047175,3.58165257242535));
#13696=CARTESIAN_POINT('',(9.98096446173065,9.01028432047175,3.58165257242535));
#13697=CARTESIAN_POINT('',(9.98096446173065,8.21028432047175,3.58165257242535));
#13698=CARTESIAN_POINT('',(9.98096446173065,9.01028432047175,3.58165257242535));
#13699=CARTESIAN_POINT('Origin',(9.98096446173065,8.21028432047175,3.58165257242535));
#13700=CARTESIAN_POINT('',(9.98096446173065,9.01028432047175,3.21123590575869));
#13701=CARTESIAN_POINT('',(9.98096446173065,8.21028432047175,3.21123590575869));
#13702=CARTESIAN_POINT('',(9.98096446173065,9.01028432047175,3.21123590575869));
#13703=CARTESIAN_POINT('Origin',(8.31408946173065,9.01028432047175,7.47102757242535));
#13704=CARTESIAN_POINT('',(9.61054779506398,9.01028432047175,3.21123590575869));
#13705=CARTESIAN_POINT('',(9.61054779506398,9.01028432047175,5.80415257242535));
#13706=CARTESIAN_POINT('',(9.61054779506398,9.01028432047175,5.34113173909202));
#13707=CARTESIAN_POINT('',(9.98096446173065,9.01028432047175,5.80415257242535));
#13708=CARTESIAN_POINT('',(8.96231862839731,9.01028432047175,5.80415257242535));
#13709=CARTESIAN_POINT('',(9.98096446173065,9.01028432047175,6.54498590575869));
#13710=CARTESIAN_POINT('',(9.98096446173065,9.01028432047175,6.63759007242535));
#13711=CARTESIAN_POINT('',(10.3513811283973,9.01028432047175,6.54498590575869));
#13712=CARTESIAN_POINT('',(9.14752696173065,9.01028432047175,6.54498590575869));
#13713=CARTESIAN_POINT('',(10.3513811283973,9.01028432047175,7.65623590575869));
#13714=CARTESIAN_POINT('',(10.3513811283973,9.01028432047175,7.00800673909202));
#13715=CARTESIAN_POINT('',(10.721797795064,9.01028432047175,7.65623590575869));
#13716=CARTESIAN_POINT('',(9.33273529506398,9.01028432047175,7.65623590575869));
#13717=CARTESIAN_POINT('',(10.721797795064,9.01028432047175,8.02665257242535));
#13718=CARTESIAN_POINT('',(10.721797795064,9.01028432047175,7.56363173909202));
#13719=CARTESIAN_POINT('',(11.0922144617306,9.01028432047175,8.02665257242535));
#13720=CARTESIAN_POINT('',(9.51794362839731,9.01028432047175,8.02665257242536));
#13721=CARTESIAN_POINT('',(11.0922144617306,9.01028432047175,8.76748590575869));
#13722=CARTESIAN_POINT('',(11.0922144617306,9.01028432047175,7.74884007242535));
#13723=CARTESIAN_POINT('',(12.2034644617306,9.01028432047175,8.76748590575869));
#13724=CARTESIAN_POINT('',(9.70315196173065,9.01028432047175,8.76748590575869));
#13725=CARTESIAN_POINT('',(12.2034644617306,9.01028432047175,9.13790257242535));
#13726=CARTESIAN_POINT('',(12.2034644617306,9.01028432047175,8.11925673909202));
#13727=CARTESIAN_POINT('',(12.944297795064,9.01028432047175,9.13790257242535));
#13728=CARTESIAN_POINT('',(10.2587769617306,9.01028432047175,9.13790257242535));
#13729=CARTESIAN_POINT('',(12.944297795064,9.01028432047175,9.50831923909202));
#13730=CARTESIAN_POINT('',(12.944297795064,9.01028432047175,8.30446507242535));
#13731=CARTESIAN_POINT('',(13.6851311283973,9.01028432047175,9.50831923909202));
#13732=CARTESIAN_POINT('',(10.6291936283973,9.01028432047175,9.50831923909202));
#13733=CARTESIAN_POINT('',(13.6851311283973,9.01028432047175,9.87873590575869));
#13734=CARTESIAN_POINT('',(13.6851311283973,9.01028432047175,8.48967340575869));
#13735=CARTESIAN_POINT('',(12.5738811283973,9.01028432047175,9.87873590575869));
#13736=CARTESIAN_POINT('',(10.999610295064,9.01028432047175,9.87873590575869));
#13737=CARTESIAN_POINT('',(12.5738811283973,9.01028432047175,10.2491525724254));
#13738=CARTESIAN_POINT('',(12.5738811283973,9.01028432047175,8.67488173909202));
#13739=CARTESIAN_POINT('',(11.833047795064,9.01028432047175,10.2491525724254));
#13740=CARTESIAN_POINT('',(10.443985295064,9.01028432047175,10.2491525724254));
#13741=CARTESIAN_POINT('',(11.833047795064,9.01028432047175,10.619569239092));
#13742=CARTESIAN_POINT('',(11.833047795064,9.01028432047175,8.86009007242535));
#13743=CARTESIAN_POINT('',(11.0922144617306,9.01028432047175,10.619569239092));
#13744=CARTESIAN_POINT('',(10.0735686283973,9.01028432047175,10.619569239092));
#13745=CARTESIAN_POINT('',(11.0922144617306,9.01028432047175,10.9899859057587));
#13746=CARTESIAN_POINT('',(11.0922144617306,9.01028432047175,9.04529840575869));
#13747=CARTESIAN_POINT('',(10.721797795064,9.01028432047175,10.9899859057587));
#13748=CARTESIAN_POINT('',(9.70315196173065,9.01028432047175,10.9899859057587));
#13749=CARTESIAN_POINT('',(10.721797795064,9.01028432047175,11.730819239092));
#13750=CARTESIAN_POINT('',(10.721797795064,9.01028432047175,9.23050673909202));
#13751=CARTESIAN_POINT('',(10.3513811283973,9.01028432047175,11.730819239092));
#13752=CARTESIAN_POINT('',(9.51794362839731,9.01028432047175,11.730819239092));
#13753=CARTESIAN_POINT('',(10.3513811283973,9.01028432047175,12.1012359057587));
#13754=CARTESIAN_POINT('',(10.3513811283973,9.01028432047175,9.60092340575869));
#13755=CARTESIAN_POINT('',(9.98096446173065,9.01028432047175,12.1012359057587));
#13756=CARTESIAN_POINT('',(9.33273529506398,9.01028432047175,12.1012359057587));
#13757=CARTESIAN_POINT('',(9.98096446173065,9.01028432047175,12.842069239092));
#13758=CARTESIAN_POINT('',(9.98096446173065,9.01028432047175,9.78613173909202));
#13759=CARTESIAN_POINT('',(9.61054779506398,9.01028432047175,12.842069239092));
#13760=CARTESIAN_POINT('',(9.14752696173065,9.01028432047175,12.842069239092));
#13761=CARTESIAN_POINT('',(9.61054779506398,9.01028432047175,14.6941525724254));
#13762=CARTESIAN_POINT('',(9.61054779506398,9.01028432047175,10.1565484057587));
#13763=CARTESIAN_POINT('',(9.24013112839731,9.01028432047175,14.6941525724254));
#13764=CARTESIAN_POINT('',(8.96231862839731,9.01028432047175,14.6941525724254));
#13765=CARTESIAN_POINT('',(9.24013112839731,9.01028432047175,11.0825900724254));
#13766=CARTESIAN_POINT('',(9.24013112839731,9.01028432047175,3.21123590575869));
#13767=CARTESIAN_POINT('Origin',(9.98096446173065,8.21028432047175,3.21123590575869));
#13768=CARTESIAN_POINT('',(9.61054779506398,8.61028432047176,3.21123590575869));
#13769=CARTESIAN_POINT('Origin',(12.944297795064,9.01028432047175,9.50831923909202));
#13770=CARTESIAN_POINT('',(12.944297795064,9.01028432047175,9.50831923909202));
#13771=CARTESIAN_POINT('',(13.6851311283973,9.01028432047175,9.50831923909202));
#13772=CARTESIAN_POINT('Origin',(13.6851311283973,9.01028432047175,9.50831923909202));
#13773=CARTESIAN_POINT('',(13.6851311283973,9.01028432047175,9.87873590575869));
#13774=CARTESIAN_POINT('Origin',(13.6851311283973,9.01028432047175,9.87873590575869));
#13775=CARTESIAN_POINT('',(12.5738811283973,9.01028432047175,9.87873590575869));
#13776=CARTESIAN_POINT('Origin',(12.5738811283973,9.01028432047175,9.87873590575869));
#13777=CARTESIAN_POINT('',(12.5738811283973,9.01028432047175,10.2491525724254));
#13778=CARTESIAN_POINT('Origin',(12.5738811283973,9.01028432047175,10.2491525724254));
#13779=CARTESIAN_POINT('',(11.833047795064,9.01028432047175,10.2491525724254));
#13780=CARTESIAN_POINT('Origin',(11.833047795064,9.01028432047175,10.2491525724254));
#13781=CARTESIAN_POINT('',(11.833047795064,9.01028432047175,10.619569239092));
#13782=CARTESIAN_POINT('Origin',(11.833047795064,9.01028432047175,10.619569239092));
#13783=CARTESIAN_POINT('',(11.0922144617306,9.01028432047175,10.619569239092));
#13784=CARTESIAN_POINT('Origin',(11.0922144617306,9.01028432047175,10.619569239092));
#13785=CARTESIAN_POINT('',(11.0922144617306,9.01028432047175,10.9899859057587));
#13786=CARTESIAN_POINT('Origin',(11.0922144617306,9.01028432047175,10.9899859057587));
#13787=CARTESIAN_POINT('',(10.721797795064,9.01028432047175,10.9899859057587));
#13788=CARTESIAN_POINT('Origin',(10.721797795064,9.01028432047175,10.9899859057587));
#13789=CARTESIAN_POINT('',(10.721797795064,9.01028432047175,11.730819239092));
#13790=CARTESIAN_POINT('Origin',(10.721797795064,9.01028432047175,11.730819239092));
#13791=CARTESIAN_POINT('',(10.3513811283973,9.01028432047175,11.730819239092));
#13792=CARTESIAN_POINT('Origin',(10.3513811283973,9.01028432047175,11.730819239092));
#13793=CARTESIAN_POINT('',(10.3513811283973,9.01028432047175,12.1012359057587));
#13794=CARTESIAN_POINT('Origin',(10.3513811283973,9.01028432047175,12.1012359057587));
#13795=CARTESIAN_POINT('',(9.98096446173065,9.01028432047175,12.1012359057587));
#13796=CARTESIAN_POINT('Origin',(9.98096446173065,9.01028432047175,12.1012359057587));
#13797=CARTESIAN_POINT('',(9.98096446173065,9.01028432047175,12.842069239092));
#13798=CARTESIAN_POINT('Origin',(9.98096446173065,9.01028432047175,12.842069239092));
#13799=CARTESIAN_POINT('',(9.61054779506398,9.01028432047175,12.842069239092));
#13800=CARTESIAN_POINT('Origin',(9.61054779506398,9.01028432047175,12.842069239092));
#13801=CARTESIAN_POINT('',(9.61054779506398,9.01028432047175,14.6941525724254));
#13802=CARTESIAN_POINT('Origin',(9.61054779506398,9.01028432047175,14.6941525724254));
#13803=CARTESIAN_POINT('',(9.24013112839731,9.01028432047175,14.6941525724254));
#13804=CARTESIAN_POINT('Origin',(9.24013112839731,9.01028432047175,14.6941525724254));
#13805=CARTESIAN_POINT('Origin',(9.61054779506398,9.01028432047175,3.21123590575869));
#13806=CARTESIAN_POINT('',(9.61054779506398,9.01028432047175,5.80415257242535));
#13807=CARTESIAN_POINT('Origin',(9.61054779506398,9.01028432047175,5.80415257242535));
#13808=CARTESIAN_POINT('',(9.98096446173065,9.01028432047175,5.80415257242535));
#13809=CARTESIAN_POINT('Origin',(9.98096446173065,9.01028432047175,5.80415257242535));
#13810=CARTESIAN_POINT('',(9.98096446173065,9.01028432047175,6.54498590575869));
#13811=CARTESIAN_POINT('Origin',(9.98096446173065,9.01028432047175,6.54498590575869));
#13812=CARTESIAN_POINT('',(10.3513811283973,9.01028432047175,6.54498590575869));
#13813=CARTESIAN_POINT('Origin',(10.3513811283973,9.01028432047175,6.54498590575869));
#13814=CARTESIAN_POINT('',(10.3513811283973,9.01028432047175,7.65623590575869));
#13815=CARTESIAN_POINT('Origin',(10.3513811283973,9.01028432047175,7.65623590575869));
#13816=CARTESIAN_POINT('',(10.721797795064,9.01028432047175,7.65623590575869));
#13817=CARTESIAN_POINT('Origin',(10.721797795064,9.01028432047175,7.65623590575869));
#13818=CARTESIAN_POINT('',(10.721797795064,9.01028432047175,8.02665257242535));
#13819=CARTESIAN_POINT('Origin',(10.721797795064,9.01028432047175,8.02665257242535));
#13820=CARTESIAN_POINT('',(11.0922144617306,9.01028432047175,8.02665257242535));
#13821=CARTESIAN_POINT('Origin',(11.0922144617306,9.01028432047175,8.02665257242535));
#13822=CARTESIAN_POINT('',(11.0922144617306,9.01028432047175,8.76748590575869));
#13823=CARTESIAN_POINT('Origin',(11.0922144617306,9.01028432047175,8.76748590575869));
#13824=CARTESIAN_POINT('',(12.2034644617306,9.01028432047175,8.76748590575869));
#13825=CARTESIAN_POINT('Origin',(12.2034644617306,9.01028432047175,8.76748590575869));
#13826=CARTESIAN_POINT('',(12.2034644617306,9.01028432047175,9.13790257242535));
#13827=CARTESIAN_POINT('Origin',(12.2034644617306,9.01028432047175,9.13790257242535));
#13828=CARTESIAN_POINT('',(12.944297795064,9.01028432047175,9.13790257242535));
#13829=CARTESIAN_POINT('Origin',(12.944297795064,9.01028432047175,9.13790257242535));
#13830=UNCERTAINTY_MEASURE_WITH_UNIT(LENGTH_MEASURE(0.01),#13834,
'DISTANCE_ACCURACY_VALUE',
'Maximum model space distance between geometric entities at asserted c
onnectivities');
#13831=UNCERTAINTY_MEASURE_WITH_UNIT(LENGTH_MEASURE(0.01),#13834,
'DISTANCE_ACCURACY_VALUE',
'Maximum model space distance between geometric entities at asserted c
onnectivities');
#13832=(
GEOMETRIC_REPRESENTATION_CONTEXT(3)
GLOBAL_UNCERTAINTY_ASSIGNED_CONTEXT((#13830))
GLOBAL_UNIT_ASSIGNED_CONTEXT((#13834,#13836,#13837))
REPRESENTATION_CONTEXT('','3D')
);
#13833=(
GEOMETRIC_REPRESENTATION_CONTEXT(3)
GLOBAL_UNCERTAINTY_ASSIGNED_CONTEXT((#13831))
GLOBAL_UNIT_ASSIGNED_CONTEXT((#13834,#13836,#13837))
REPRESENTATION_CONTEXT('','3D')
);
#13834=(
LENGTH_UNIT()
NAMED_UNIT(*)
SI_UNIT(.MILLI.,.METRE.)
);
#13835=(
LENGTH_UNIT()
NAMED_UNIT(*)
SI_UNIT($,.METRE.)
);
#13836=(
NAMED_UNIT(*)
PLANE_ANGLE_UNIT()
SI_UNIT($,.RADIAN.)
);
#13837=(
NAMED_UNIT(*)
SI_UNIT($,.STERADIAN.)
SOLID_ANGLE_UNIT()
);
#13838=SHAPE_DEFINITION_REPRESENTATION(#13839,#13840);
#13839=PRODUCT_DEFINITION_SHAPE('',$,#13842);
#13840=SHAPE_REPRESENTATION('',(#8390),#13832);
#13841=PRODUCT_DEFINITION_CONTEXT('part definition',#13846,'design');
#13842=PRODUCT_DEFINITION('thocky_f3d_modded','thocky_f3d_modded v5',#13843,
#13841);
#13843=PRODUCT_DEFINITION_FORMATION('',$,#13848);
#13844=PRODUCT_RELATED_PRODUCT_CATEGORY('thocky_f3d_modded v5',
'thocky_f3d_modded v5',(#13848));
#13845=APPLICATION_PROTOCOL_DEFINITION('international standard',
'ap242_managed_model_based_3d_engineering',2011,#13846);
#13846=APPLICATION_CONTEXT('Managed model based 3d engineering');
#13847=PRODUCT_CONTEXT('part definition',#13846,'mechanical');
#13848=PRODUCT('thocky_f3d_modded','thocky_f3d_modded v5',$,(#13847));
#13849=PRESENTATION_STYLE_ASSIGNMENT((#13853));
#13850=PRESENTATION_STYLE_ASSIGNMENT((#13854));
#13851=PRESENTATION_STYLE_ASSIGNMENT((#13855));
#13852=PRESENTATION_STYLE_ASSIGNMENT((#13856));
#13853=SURFACE_STYLE_USAGE(.BOTH.,#13857);
#13854=SURFACE_STYLE_USAGE(.BOTH.,#13858);
#13855=SURFACE_STYLE_USAGE(.BOTH.,#13859);
#13856=SURFACE_STYLE_USAGE(.BOTH.,#13860);
#13857=SURFACE_SIDE_STYLE('',(#13861));
#13858=SURFACE_SIDE_STYLE('',(#13862));
#13859=SURFACE_SIDE_STYLE('',(#13863));
#13860=SURFACE_SIDE_STYLE('',(#13864));
#13861=SURFACE_STYLE_FILL_AREA(#13865);
#13862=SURFACE_STYLE_FILL_AREA(#13866);
#13863=SURFACE_STYLE_FILL_AREA(#13867);
#13864=SURFACE_STYLE_FILL_AREA(#13868);
#13865=FILL_AREA_STYLE('Steel - Satin',(#13869));
#13866=FILL_AREA_STYLE('Plastic - Glossy (White)',(#13870));
#13867=FILL_AREA_STYLE('Plastic - Matte (Red)',(#13871));
#13868=FILL_AREA_STYLE('Plastic - Matte (Blue)',(#13872));
#13869=FILL_AREA_STYLE_COLOUR('Steel - Satin',#13873);
#13870=FILL_AREA_STYLE_COLOUR('Plastic - Glossy (White)',#13874);
#13871=FILL_AREA_STYLE_COLOUR('Plastic - Matte (Red)',#13875);
#13872=FILL_AREA_STYLE_COLOUR('Plastic - Matte (Blue)',#13876);
#13873=COLOUR_RGB('Steel - Satin',0.627450980392157,0.627450980392157,0.627450980392157);
#13874=COLOUR_RGB('Plastic - Glossy (White)',0.964705882352941,0.964705882352941,
0.952941176470588);
#13875=COLOUR_RGB('Plastic - Matte (Red)',0.768627450980392,0.207843137254902,
0.152941176470588);
#13876=COLOUR_RGB('Plastic - Matte (Blue)',0.188235294117647,0.231372549019608,
0.588235294117647);
ENDSEC;
END-ISO-10303-21;
